variant,scenario,run,seed,success,length,time,firstSolutionTime,tPre,tOpt,nodes,turnSum,minClear,escapes,sideFlips,fallback
APF-only,一般,1,20261904,1,229.358752665851,0.0021292,0.0017451,0.0021292,0,NaN,16.5135672987644,0.40276509044968,1,5,0
Informed-RRT*,一般,1,20261904,1,209.438897898426,0.1307663,0.0106144,0,0.1307663,1364,1.94974773402325,0.753712160304161,1,5,0
w/o ellipse seeding,一般,1,20261904,1,209.4343729733,0.1320488,0.0087147,0.0018551,0.1301937,1359,2.23347080399968,0.544001929371507,1,5,0
w/o path-bias sampling,一般,1,20261904,1,209.55152140927,0.1180347,0.0019652,0.0019652,0.1160695,1299,1.9945050619236,0.362253334558613,1,5,0
w/o dynamic rewiring,一般,1,20261904,1,209.202080300557,0.1219331,0.0020127,0.0020127,0.1199204,1363,1.58840781532158,0.197470980718783,1,5,0
w/o seed shortcutting,一般,1,20261904,1,210.231693464367,0.094805,0.0015992,0.0015992,0.0932058,1363,3.37475597648199,0.154044754873201,1,5,0
AB-IRRT* (full),一般,1,20261904,1,210.231693464367,0.0897705,0.0019147,0.0019147,0.0878558,1363,3.37475597648199,0.154044754873201,1,5,0
APF-only,一般,2,20261905,1,229.358752665851,0.0016759,0.0014719,0.0016759,0,NaN,16.5135672987644,0.40276509044968,1,5,0
Informed-RRT*,一般,2,20261905,1,210.088614131583,0.1120918,0.0057642,0,0.1120918,1357,2.31387421179401,0.820113820530436,1,5,0
w/o ellipse seeding,一般,2,20261905,1,208.82323513785,0.1124882,0.0067061,0.0019411,0.1105471,1342,1.56746575000551,0.0179439622336091,1,5,0
w/o path-bias sampling,一般,2,20261905,1,209.160804748603,0.1166244,0.0016029,0.0016029,0.1150215,1328,2.13711984186278,0.0986658286420887,1,5,0
w/o dynamic rewiring,一般,2,20261905,1,208.671789624217,0.1091338,0.0015614,0.0015614,0.1075724,1324,1.00768519996317,0.0305456162470392,1,5,0
w/o seed shortcutting,一般,2,20261905,1,208.835016590696,0.0775546,0.0018763,0.0018763,0.0756783,1332,1.86083634908058,0.00940078806596034,1,5,0
AB-IRRT* (full),一般,2,20261905,1,208.835016590696,0.0755587,0.001349,0.001349,0.0742097,1332,1.86083634908058,0.00940078806596034,1,5,0
APF-only,一般,3,20261906,1,229.358752665851,0.0018153,0.0016199,0.0018153,0,NaN,16.5135672987644,0.40276509044968,1,5,0
Informed-RRT*,一般,3,20261906,1,210.929027011041,0.1024296,0.0069046,0,0.1024296,1359,2.79534907331811,0.229317820048971,1,5,0
w/o ellipse seeding,一般,3,20261906,1,209.986418623189,0.1098152,0.004584,0.0014314,0.1083838,1370,1.8659607097162,0.0617306695164361,1,5,0
w/o path-bias sampling,一般,3,20261906,1,210.754814630383,0.0927571,0.0018192,0.0018192,0.0909379,1344,2.88058383098008,0.126104269217347,1,5,0
w/o dynamic rewiring,一般,3,20261906,1,209.634935872128,0.1087525,0.0023405,0.0023405,0.106412,1365,1.63519431415182,0.167009036706929,1,5,0
w/o seed shortcutting,一般,3,20261906,1,209.326739449219,0.0813879,0.0013028,0.0013028,0.0800851,1366,3.169527715195,0.122460987583599,1,5,0
AB-IRRT* (full),一般,3,20261906,1,209.326739449219,0.0704493,0.0013074,0.0013074,0.0691419,1366,3.169527715195,0.122460987583599,1,5,0
APF-only,一般,4,20261907,1,229.358752665851,0.0013329,0.0011738,0.0013329,0,NaN,16.5135672987644,0.40276509044968,1,5,0
Informed-RRT*,一般,4,20261907,1,210.389811723207,0.0956294,0.003423,0,0.0956294,1309,2.91735202281341,0.521772164089613,1,5,0
w/o ellipse seeding,一般,4,20261907,1,209.127602591389,0.0925017,0.003812,0.0013383,0.0911634,1294,1.86865575986346,0.00485641805920523,1,5,0
w/o path-bias sampling,一般,4,20261907,1,209.90592406835,0.0918272,0.0018756,0.0018756,0.0899516,1205,2.33708152683967,0.167932546337049,1,5,0
w/o dynamic rewiring,一般,4,20261907,1,208.861063542097,0.08801,0.0013057,0.0013057,0.0867043,1283,1.36530435262265,0.0454602772643113,1,5,0
w/o seed shortcutting,一般,4,20261907,1,209.327786550659,0.0714112,0.0013325,0.0013325,0.0700787,1286,2.59722370425178,0.0551110736781445,1,5,0
AB-IRRT* (full),一般,4,20261907,1,209.327786550659,0.0718357,0.0014992,0.0014992,0.0703365,1286,2.59722370425178,0.0551110736781445,1,5,0
APF-only,一般,5,20261908,1,229.358752665851,0.0016275,0.0013659,0.0016275,0,NaN,16.5135672987644,0.40276509044968,1,5,0
Informed-RRT*,一般,5,20261908,1,210.492508663174,0.1111534,0.0041907,0,0.1111534,1305,2.74486244854016,0.911017636185283,1,5,0
w/o ellipse seeding,一般,5,20261908,1,209.583850312693,0.0931747,0.0057137,0.0012576,0.0919171,1333,2.29144470284303,0.160043037016493,1,5,0
w/o path-bias sampling,一般,5,20261908,1,210.101201329135,0.0919544,0.0013233,0.0013233,0.0906311,1262,3.610745139589,0.170090803024618,1,5,0
w/o dynamic rewiring,一般,5,20261908,1,208.948291921145,0.0942735,0.0015536,0.0015536,0.0927199,1294,1.44582256691663,0.0844231314130628,1,5,0
w/o seed shortcutting,一般,5,20261908,1,209.910799184985,0.0880592,0.001644,0.001644,0.0864152,1304,3.04246490104294,0.194620500261856,1,5,0
AB-IRRT* (full),一般,5,20261908,1,209.910799184985,0.0671908,0.0017996,0.0017996,0.0653912,1304,3.04246490104294,0.194620500261856,1,5,0
APF-only,一般,6,20261909,1,229.358752665851,0.0011935,0.0011346,0.0011935,0,NaN,16.5135672987644,0.40276509044968,1,5,0
Informed-RRT*,一般,6,20261909,1,209.811722537896,0.0954461,0.0083851,0,0.0954461,1348,2.81626935380591,0.230011804795172,1,5,0
w/o ellipse seeding,一般,6,20261909,1,208.98251845249,0.1016403,0.0050315,0.0016809,0.0999594,1350,1.52866921941159,0.238467720186586,1,5,0
w/o path-bias sampling,一般,6,20261909,1,209.51088975179,0.0988795,0.0016332,0.0016332,0.0972463,1311,2.58170423061459,0.131707692140678,1,5,0
w/o dynamic rewiring,一般,6,20261909,1,208.80536914493,0.101949,0.0016232,0.0016232,0.1003258,1347,1.57239027842935,0.0913198534300665,1,5,0
w/o seed shortcutting,一般,6,20261909,1,209.574045598957,0.0810226,0.0024557,0.0024557,0.0785669,1349,3.43863063023653,0.197796512564427,1,5,0
AB-IRRT* (full),一般,6,20261909,1,209.574045598957,0.0786774,0.001607,0.001607,0.0770704,1349,3.43863063023653,0.197796512564427,1,5,0
APF-only,一般,7,20261910,1,229.358752665851,0.0014329,0.0013497,0.0014329,0,NaN,16.5135672987644,0.40276509044968,1,5,0
Informed-RRT*,一般,7,20261910,1,211.268330154456,0.0915246,0.004265,0,0.0915246,1357,3.06687870484923,0.0653366019406292,1,5,0
w/o ellipse seeding,一般,7,20261910,1,210.030765006563,0.0834598,0.0040848,0.001507,0.0819528,1361,3.33362704853188,0.352566868845712,1,5,0
w/o path-bias sampling,一般,7,20261910,1,210.113679873622,0.0926676,0.0012177,0.0012177,0.0914499,1319,1.84833736028998,0.38119430709618,1,5,0
w/o dynamic rewiring,一般,7,20261910,1,209.838573130926,0.0926815,0.0012113,0.0012113,0.0914702,1348,2.54816417886671,0.324763709772276,1,5,0
w/o seed shortcutting,一般,7,20261910,1,209.602259730911,0.06394,0.0014388,0.0014388,0.0625012,1349,1.47462324047775,0.458289934233003,1,5,0
AB-IRRT* (full),一般,7,20261910,1,209.602259730911,0.06479,0.0012335,0.0012335,0.0635565,1349,1.47462324047775,0.458289934233003,1,5,0
APF-only,一般,8,20261911,1,229.358752665851,0.0014988,0.0014043,0.0014988,0,NaN,16.5135672987644,0.40276509044968,1,5,0
Informed-RRT*,一般,8,20261911,1,209.485820298919,0.0975812,0.0084054,0,0.0975812,1387,2.30529867219434,0.161182357390831,1,5,0
w/o ellipse seeding,一般,8,20261911,1,209.053766587672,0.0863484,0.0037297,0.0013676,0.0849808,1375,1.45799797523295,0.595544709809459,1,5,0
w/o path-bias sampling,一般,8,20261911,1,209.012815631166,0.0892083,0.001154,0.001154,0.0880543,1362,1.60817601737508,0.0941781651795495,1,5,0
w/o dynamic rewiring,一般,8,20261911,1,208.764573735422,0.1025343,0.001171,0.001171,0.1013633,1349,1.57680041106237,0.0642576581269783,1,5,0
w/o seed shortcutting,一般,8,20261911,1,209.004297236076,0.0756998,0.0015796,0.0015796,0.0741202,1360,2.8949630544648,0.111174253677646,1,5,0
AB-IRRT* (full),一般,8,20261911,1,209.004297236076,0.0743746,0.0015015,0.0015015,0.0728731,1360,2.8949630544648,0.111174253677646,1,5,0
APF-only,一般,9,20261912,1,229.358752665851,0.0016027,0.0015259,0.0016027,0,NaN,16.5135672987644,0.40276509044968,1,5,0
Informed-RRT*,一般,9,20261912,1,210.174299237633,0.1050212,0.0077748,0,0.1050212,1376,2.25035017272601,0.264695723040713,1,5,0
w/o ellipse seeding,一般,9,20261912,1,209.159144865104,0.099927,0.0034005,0.0011745,0.0987525,1369,2.2408662838158,0.13647493839467,1,5,0
w/o path-bias sampling,一般,9,20261912,1,210.275233024531,0.0871931,0.0015871,0.0015871,0.085606,1337,2.68090672888967,0.200779694535306,1,5,0
w/o dynamic rewiring,一般,9,20261912,1,209.660724148852,0.0988394,0.001227,0.001227,0.0976124,1377,1.62354872020282,0.0345738047970965,1,5,0
w/o seed shortcutting,一般,9,20261912,1,210.259318715568,0.0720945,0.0018145,0.0018145,0.07028,1375,4.27663418385751,0.200048876301137,1,5,0
AB-IRRT* (full),一般,9,20261912,1,210.259318715568,0.0768528,0.001276,0.001276,0.0755768,1375,4.27663418385751,0.200048876301137,1,5,0
APF-only,一般,10,20261913,1,229.358752665851,0.0013384,0.0012781,0.0013384,0,NaN,16.5135672987644,0.40276509044968,1,5,0
Informed-RRT*,一般,10,20261913,1,213.086755289699,0.0987677,0.0036354,0,0.0987677,1334,4.02631617840465,0.605941045530841,1,5,0
w/o ellipse seeding,一般,10,20261913,1,209.908530691496,0.0875411,0.0057679,0.0018849,0.0856562,1374,2.61375571039568,0.4931802280796,1,5,0
w/o path-bias sampling,一般,10,20261913,1,212.33305530512,0.0854522,0.0021312,0.0021312,0.083321,1264,3.25936412792004,0.27770537676943,1,5,0
w/o dynamic rewiring,一般,10,20261913,1,209.368670419438,0.1014964,0.0016179,0.0016179,0.0998785,1353,2.4740054337179,0.208541506714468,1,5,0
w/o seed shortcutting,一般,10,20261913,1,209.709850931175,0.074379,0.0016243,0.0016243,0.0727547,1353,2.26420077424005,0.098310187486419,1,5,0
AB-IRRT* (full),一般,10,20261913,1,209.709850931175,0.0753428,0.0014879,0.0014879,0.0738549,1353,2.26420077424005,0.098310187486419,1,5,0
APF-only,一般,11,20261914,1,229.358752665851,0.0010991,0.0010384,0.0010991,0,NaN,16.5135672987644,0.40276509044968,1,5,0
Informed-RRT*,一般,11,20261914,1,209.807427436396,0.0876096,0.0096175,0,0.0876096,1366,2.84756371898234,0.219001518974773,1,5,0
w/o ellipse seeding,一般,11,20261914,1,208.979942191403,0.1045203,0.0056752,0.0020628,0.1024575,1366,1.86321578875374,0.0998821240061134,1,5,0
w/o path-bias sampling,一般,11,20261914,1,210.687925697851,0.0895896,0.0017986,0.0017986,0.087791,1325,3.47280243370423,0.100207400504519,1,5,0
w/o dynamic rewiring,一般,11,20261914,1,210.677360733024,0.0944946,0.0022767,0.0022767,0.0922179,1364,4.27625018611875,0.176629186605833,1,5,0
w/o seed shortcutting,一般,11,20261914,1,209.5169088259,0.0751686,0.0015081,0.0015081,0.0736605,1364,3.39802743176975,0.156824631535443,1,5,0
AB-IRRT* (full),一般,11,20261914,1,209.5169088259,0.066583,0.0011766,0.0011766,0.0654064,1364,3.39802743176975,0.156824631535443,1,5,0
APF-only,一般,12,20261915,1,229.358752665851,0.0012865,0.0012267,0.0012865,0,NaN,16.5135672987644,0.40276509044968,1,5,0
Informed-RRT*,一般,12,20261915,1,209.851063801738,0.0936592,0.0043101,0,0.0936592,1335,2.2011899927187,0.278307970815793,1,5,0
w/o ellipse seeding,一般,12,20261915,1,210.33323958236,0.0980299,0.004429,0.0018756,0.0961543,1340,2.28046602604014,0.141323193495449,1,5,0
w/o path-bias sampling,一般,12,20261915,1,210.793770422608,0.1197586,0.0019065,0.0019065,0.1178521,1300,2.37268021250629,0.270602864280959,1,5,0
w/o dynamic rewiring,一般,12,20261915,1,209.68744182351,0.1095374,0.0016503,0.0016503,0.1078871,1347,2.12485979251827,0.11797713611889,1,5,0
w/o seed shortcutting,一般,12,20261915,1,210.180721131857,0.0840733,0.0014368,0.0014368,0.0826365,1345,2.64449362228859,0.129038610330742,1,5,0
AB-IRRT* (full),一般,12,20261915,1,210.180721131857,0.0774747,0.0015209,0.0015209,0.0759538,1345,2.64449362228859,0.129038610330742,1,5,0
APF-only,一般,13,20261916,1,229.358752665851,0.0014837,0.0014085,0.0014837,0,NaN,16.5135672987644,0.40276509044968,1,5,0
Informed-RRT*,一般,13,20261916,1,210.546238188057,0.097312,0.0072321,0,0.097312,1321,2.75028801578675,0.225149413708422,1,5,0
w/o ellipse seeding,一般,13,20261916,1,209.227678307636,0.1080744,0.0051573,0.0016196,0.1064548,1368,2.59681671072448,0.101971111460497,1,5,0
w/o path-bias sampling,一般,13,20261916,1,209.321960889115,0.1113254,0.0015435,0.0015435,0.1097819,1317,2.00350192820124,0.107619248784641,1,5,0
w/o dynamic rewiring,一般,13,20261916,1,208.942735431173,0.112235,0.0018909,0.0018909,0.1103441,1358,1.46088092430016,0.0830247794133747,1,5,0
w/o seed shortcutting,一般,13,20261916,1,209.781347890839,0.0866329,0.0017485,0.0017485,0.0848844,1357,2.05886579994449,0.708775434244673,1,5,0
AB-IRRT* (full),一般,13,20261916,1,209.781347890839,0.0857157,0.0022713,0.0022713,0.0834444,1357,2.05886579994449,0.708775434244673,1,5,0
APF-only,一般,14,20261917,1,229.358752665851,0.0018232,0.0017383,0.0018232,0,NaN,16.5135672987644,0.40276509044968,1,5,0
Informed-RRT*,一般,14,20261917,1,211.707921285703,0.1087152,0.0079223,0,0.1087152,1348,2.4208194058322,0.687888790514442,1,5,0
w/o ellipse seeding,一般,14,20261917,1,210.126609461448,0.1110045,0.0048022,0.0017432,0.1092613,1377,2.67134756201011,0.319974482259935,1,5,0
w/o path-bias sampling,一般,14,20261917,1,210.730597377965,0.1027201,0.0015353,0.0015353,0.1011848,1328,3.29311499967798,0.383311925544128,1,5,0
w/o dynamic rewiring,一般,14,20261917,1,209.610958642636,0.1176204,0.0015625,0.0015625,0.1160579,1382,1.9152979236826,0.261513006722312,1,5,0
w/o seed shortcutting,一般,14,20261917,1,209.514911031826,0.0772552,0.0013167,0.0013167,0.0759385,1388,3.4243023231284,0.361227402338372,1,5,0
AB-IRRT* (full),一般,14,20261917,1,209.514911031826,0.0814284,0.0012986,0.0012986,0.0801298,1388,3.4243023231284,0.361227402338372,1,5,0
APF-only,一般,15,20261918,1,229.358752665851,0.0015005,0.0014244,0.0015005,0,NaN,16.5135672987644,0.40276509044968,1,5,0
Informed-RRT*,一般,15,20261918,1,209.002577264655,0.0916388,0.0080243,0,0.0916388,1390,1.96547812289763,0.116183044085481,1,5,0
w/o ellipse seeding,一般,15,20261918,1,208.82311638255,0.1038261,0.0055573,0.0011637,0.1026624,1367,1.58893699492303,0.322270917380532,1,5,0
w/o path-bias sampling,一般,15,20261918,1,210.661667507451,0.1042501,0.0016759,0.0016759,0.1025742,1310,2.2919694472637,0.156244537525644,1,5,0
w/o dynamic rewiring,一般,15,20261918,1,208.844411925658,0.1004224,0.0013167,0.0013167,0.0991057,1350,1.85184002243555,0.106213106607013,1,5,0
w/o seed shortcutting,一般,15,20261918,1,209.584225728428,0.0792334,0.0026833,0.0026833,0.0765501,1352,2.98589834545152,0.174589185807273,1,5,0
AB-IRRT* (full),一般,15,20261918,1,209.584225728428,0.0737457,0.0013198,0.0013198,0.0724259,1352,2.98589834545152,0.174589185807273,1,5,0
APF-only,一般,16,20261919,1,229.358752665851,0.0013001,0.0011754,0.0013001,0,NaN,16.5135672987644,0.40276509044968,1,5,0
Informed-RRT*,一般,16,20261919,1,209.587473052834,0.0988675,0.0122079,0,0.0988675,1341,2.91803453487674,0.163300593468644,1,5,0
w/o ellipse seeding,一般,16,20261919,1,209.560875570803,0.092323,0.0045948,0.0013708,0.0909522,1330,1.79487387169069,0.980044157476535,1,5,0
w/o path-bias sampling,一般,16,20261919,1,210.099046592104,0.0923367,0.0015971,0.0015971,0.0907396,1327,3.02838622132203,0.317804514306334,1,5,0
w/o dynamic rewiring,一般,16,20261919,1,208.635693734661,0.0971156,0.0016463,0.0016463,0.0954693,1354,1.56337700290659,0.147322164483341,1,5,0
w/o seed shortcutting,一般,16,20261919,1,209.489997926786,0.0751133,0.0014518,0.0014518,0.0736615,1338,2.79647020075363,0.0420877957145862,1,5,0
AB-IRRT* (full),一般,16,20261919,1,209.489997926786,0.0649343,0.0015768,0.0015768,0.0633575,1338,2.79647020075363,0.0420877957145862,1,5,0
APF-only,一般,17,20261920,1,229.358752665851,0.0011732,0.0010995,0.0011732,0,NaN,16.5135672987644,0.40276509044968,1,5,0
Informed-RRT*,一般,17,20261920,1,212.750184408899,0.0988367,0.0148183,0,0.0988367,1307,4.52036485120075,0.389817342180412,1,5,0
w/o ellipse seeding,一般,17,20261920,1,208.992416326623,0.0865219,0.0070389,0.0019326,0.0845893,1328,2.03495604211368,0.00845477332130073,1,5,0
w/o path-bias sampling,一般,17,20261920,1,211.689658527917,0.0986767,0.002142,0.002142,0.0965347,1315,4.17795722598538,0.0572403334924854,1,5,0
w/o dynamic rewiring,一般,17,20261920,1,208.954814967225,0.1045811,0.0014313,0.0014313,0.1031498,1337,2.34490255351577,0.0362591859633863,1,5,0
w/o seed shortcutting,一般,17,20261920,1,209.324165354864,0.0702624,0.0015573,0.0015573,0.0687051,1336,3.78482262132409,0.120297403740599,1,5,0
AB-IRRT* (full),一般,17,20261920,1,209.324165354864,0.0768771,0.0012742,0.0012742,0.0756029,1336,3.78482262132409,0.120297403740599,1,5,0
APF-only,一般,18,20261921,1,229.358752665851,0.0014766,0.0013971,0.0014766,0,NaN,16.5135672987644,0.40276509044968,1,5,0
Informed-RRT*,一般,18,20261921,1,209.754833999418,0.0994937,0.0067358,0,0.0994937,1310,2.81728623420146,0.0376823493229033,1,5,0
w/o ellipse seeding,一般,18,20261921,1,209.190248174652,0.0903542,0.0032932,0.0011908,0.0891634,1315,2.49163426880699,0.090847790442437,1,5,0
w/o path-bias sampling,一般,18,20261921,1,209.115689180668,0.0867014,0.0012109,0.0012109,0.0854905,1312,1.83518516466241,0.00879943866942057,1,5,0
w/o dynamic rewiring,一般,18,20261921,1,209.113634960221,0.0959852,0.0012037,0.0012037,0.0947815,1312,1.69325725718495,0.143729924105784,1,5,0
w/o seed shortcutting,一般,18,20261921,1,209.903450647231,0.0777866,0.0021742,0.0021742,0.0756124,1314,3.18428131026235,0.378385786922156,1,5,0
AB-IRRT* (full),一般,18,20261921,1,209.903450647231,0.0711195,0.0016403,0.0016403,0.0694792,1314,3.18428131026235,0.378385786922156,1,5,0
APF-only,一般,19,20261922,1,229.358752665851,0.0023058,0.0021729,0.0023058,0,NaN,16.5135672987644,0.40276509044968,1,5,0
Informed-RRT*,一般,19,20261922,1,209.633903355679,0.0981759,0.0091749,0,0.0981759,1291,1.92733737431904,0.67728198685322,1,5,0
w/o ellipse seeding,一般,19,20261922,1,209.135026820476,0.0937229,0.0050376,0.0015643,0.0921586,1305,1.85981897733775,0.0264150544241115,1,5,0
w/o path-bias sampling,一般,19,20261922,1,209.034130315829,0.0919718,0.001539,0.001539,0.0904328,1288,2.02941643083219,0.0939687169656214,1,5,0
w/o dynamic rewiring,一般,19,20261922,1,209.236766617459,0.0946489,0.0015303,0.0015303,0.0931186,1304,2.35221180979986,0.338378512465482,1,5,0
w/o seed shortcutting,一般,19,20261922,1,209.485722671609,0.0724745,0.0014775,0.0014775,0.070997,1306,2.10605709248183,0.461378794689114,1,5,0
AB-IRRT* (full),一般,19,20261922,1,209.485722671609,0.0762358,0.0016392,0.0016392,0.0745966,1306,2.10605709248183,0.461378794689114,1,5,0
APF-only,一般,20,20261923,1,229.358752665851,0.0012621,0.0011853,0.0012621,0,NaN,16.5135672987644,0.40276509044968,1,5,0
Informed-RRT*,一般,20,20261923,1,209.428182377652,0.0940737,0.0038417,0,0.0940737,1324,2.30883663822131,0.0336666004181989,1,5,0
w/o ellipse seeding,一般,20,20261923,1,209.782233549747,0.1000964,0.0042089,0.0014316,0.0986648,1358,2.34097978367296,0.477256019871506,1,5,0
w/o path-bias sampling,一般,20,20261923,1,209.731973211641,0.0925099,0.0012512,0.0012512,0.0912587,1327,3.0682128183896,0.195631478056086,1,5,0
w/o dynamic rewiring,一般,20,20261923,1,209.445558601234,0.1009066,0.0012346,0.0012346,0.099672,1356,1.63111193716082,0.0321556644496326,1,5,0
w/o seed shortcutting,一般,20,20261923,1,209.753140488874,0.0724263,0.0012367,0.0012367,0.0711896,1357,2.38751809855401,0.190915031021021,1,5,0
AB-IRRT* (full),一般,20,20261923,1,209.753140488874,0.0773988,0.001336,0.001336,0.0760628,1357,2.38751809855401,0.190915031021021,1,5,0
APF-only,一般,21,20261924,1,229.358752665851,0.0014372,0.0013635,0.0014372,0,NaN,16.5135672987644,0.40276509044968,1,5,0
Informed-RRT*,一般,21,20261924,1,209.404072761315,0.0866805,0.0065402,0,0.0866805,1345,1.94487933497398,0.107487708600345,1,5,0
w/o ellipse seeding,一般,21,20261924,1,209.308752201558,0.0972058,0.0049774,0.0012169,0.0959889,1357,1.66457053286279,0.463282954647579,1,5,0
w/o path-bias sampling,一般,21,20261924,1,209.512016770858,0.0884232,0.0013553,0.0013553,0.0870679,1314,1.6751167449277,0.910250552186951,1,5,0
w/o dynamic rewiring,一般,21,20261924,1,208.905592841106,0.0973075,0.0012482,0.0012482,0.0960593,1354,1.19007860436526,0.352186898554405,1,5,0
w/o seed shortcutting,一般,21,20261924,1,209.487080618473,0.0776317,0.0022606,0.0022606,0.0753711,1352,2.24405081414238,0.421764943557114,1,5,0
AB-IRRT* (full),一般,21,20261924,1,209.487080618473,0.0712035,0.001417,0.001417,0.0697865,1352,2.24405081414238,0.421764943557114,1,5,0
APF-only,一般,22,20261925,1,229.358752665851,0.0016339,0.0015606,0.0016339,0,NaN,16.5135672987644,0.40276509044968,1,5,0
Informed-RRT*,一般,22,20261925,1,210.450823660418,0.0897739,0.0051384,0,0.0897739,1346,3.11191555354915,0.302403483863632,1,5,0
w/o ellipse seeding,一般,22,20261925,1,209.364252583088,0.0968093,0.0049611,0.0015691,0.0952402,1381,2.5742628601728,0.0614596522181543,1,5,0
w/o path-bias sampling,一般,22,20261925,1,209.664713468363,0.1018574,0.0012493,0.0012493,0.1006081,1330,2.15605099441217,0.286463942745431,1,5,0
w/o dynamic rewiring,一般,22,20261925,1,209.188371298869,0.112588,0.0016114,0.0016114,0.1109766,1368,1.64657503346203,0.0647847979344149,1,5,0
w/o seed shortcutting,一般,22,20261925,1,209.332545260152,0.0813378,0.0014544,0.0014544,0.0798834,1372,3.36575093304921,0.0999177696926452,1,5,0
AB-IRRT* (full),一般,22,20261925,1,209.332545260152,0.0779904,0.0015753,0.0015753,0.0764151,1372,3.36575093304921,0.0999177696926452,1,5,0
APF-only,一般,23,20261926,1,229.358752665851,0.0014331,0.0013542,0.0014331,0,NaN,16.5135672987644,0.40276509044968,1,5,0
Informed-RRT*,一般,23,20261926,1,209.949053878422,0.0980763,0.0074708,0,0.0980763,1338,2.4094208066536,0.788096285542406,1,5,0
w/o ellipse seeding,一般,23,20261926,1,208.80893381423,0.0941083,0.0060016,0.0014006,0.0927077,1355,1.69757138257148,0.156934779313595,1,5,0
w/o path-bias sampling,一般,23,20261926,1,210.24100956033,0.0880471,0.0017465,0.0017465,0.0863006,1292,3.1971015579502,0.0951449150042301,1,5,0
w/o dynamic rewiring,一般,23,20261926,1,208.780892239511,0.108309,0.001273,0.001273,0.107036,1342,1.25525214058979,0.00892928934166726,1,5,0
w/o seed shortcutting,一般,23,20261926,1,209.377452836244,0.0897455,0.0016347,0.0016347,0.0881108,1343,2.90444083363546,0.112622108102972,1,5,0
AB-IRRT* (full),一般,23,20261926,1,209.377452836244,0.0824166,0.0018318,0.0018318,0.0805848,1343,2.90444083363546,0.112622108102972,1,5,0
APF-only,一般,24,20261927,1,229.358752665851,0.0016671,0.0015808,0.0016671,0,NaN,16.5135672987644,0.40276509044968,1,5,0
Informed-RRT*,一般,24,20261927,1,211.083681130728,0.0908992,0.0127859,0,0.0908992,1286,3.94924486552745,0.414282735699441,1,5,0
w/o ellipse seeding,一般,24,20261927,1,209.337221486261,0.1086639,0.0055541,0.0016264,0.1070375,1364,2.39808854331884,0.0706694799400402,1,5,0
w/o path-bias sampling,一般,24,20261927,1,209.310656155502,0.0988878,0.0016657,0.0016657,0.0972221,1327,2.33751905897111,0.191387790448753,1,5,0
w/o dynamic rewiring,一般,24,20261927,1,209.197595861469,0.1011516,0.0018283,0.0018283,0.0993233,1332,1.82254722042991,0.292423937232264,1,5,0
w/o seed shortcutting,一般,24,20261927,1,209.952248690677,0.0774142,0.001353,0.001353,0.0760612,1343,4.20306324299807,0.016208939921567,1,5,0
AB-IRRT* (full),一般,24,20261927,1,209.952248690677,0.0821377,0.0014482,0.0014482,0.0806895,1343,4.20306324299807,0.016208939921567,1,5,0
APF-only,一般,25,20261928,1,229.358752665851,0.0016322,0.0015495,0.0016322,0,NaN,16.5135672987644,0.40276509044968,1,5,0
Informed-RRT*,一般,25,20261928,1,209.319451932282,0.0926689,0.0052369,0,0.0926689,1346,2.00187660215712,0.238572922543014,1,5,0
w/o ellipse seeding,一般,25,20261928,1,209.031727409638,0.1041779,0.010044,0.0039609,0.100217,1340,1.28668487803504,0.382229920938786,1,5,0
w/o path-bias sampling,一般,25,20261928,1,209.600620356818,0.0854505,0.0016161,0.0016161,0.0838344,1328,2.26495729118158,0.715612415700187,1,5,0
w/o dynamic rewiring,一般,25,20261928,1,208.698108632356,0.0944167,0.0016494,0.0016494,0.0927673,1344,0.865091692557243,0.1729440432598,1,5,0
w/o seed shortcutting,一般,25,20261928,1,209.175767306666,0.0790887,0.0016377,0.0016377,0.077451,1349,2.97103763017769,0.270582613944722,1,5,0
AB-IRRT* (full),一般,25,20261928,1,209.175767306666,0.0787611,0.0023644,0.0023644,0.0763967,1349,2.97103763017769,0.270582613944722,1,5,0
APF-only,一般,26,20261929,1,229.358752665851,0.0011715,0.0010924,0.0011715,0,NaN,16.5135672987644,0.40276509044968,1,5,0
Informed-RRT*,一般,26,20261929,1,209.243460520732,0.0825978,0.0082159,0,0.0825978,1299,1.47919943978269,0.0128803611190733,1,5,0
w/o ellipse seeding,一般,26,20261929,1,208.994603872789,0.0859499,0.0073248,0.0011935,0.0847564,1316,1.71914462234865,0.192114146388583,1,5,0
w/o path-bias sampling,一般,26,20261929,1,209.090605296392,0.0915674,0.0013729,0.0013729,0.0901945,1293,1.52457451585643,0.131210329358717,1,5,0
w/o dynamic rewiring,一般,26,20261929,1,209.079031816981,0.1378264,0.0014221,0.0014221,0.1364043,1308,1.19145491534644,0.354847637653361,1,5,0
w/o seed shortcutting,一般,26,20261929,1,209.430024434947,0.0643013,0.0013736,0.0013736,0.0629277,1309,2.47792749331667,0.391619006322284,1,5,0
AB-IRRT* (full),一般,26,20261929,1,209.430024434947,0.0694834,0.001433,0.001433,0.0680504,1309,2.47792749331667,0.391619006322284,1,5,0
APF-only,一般,27,20261930,1,229.358752665851,0.0012023,0.0011322,0.0012023,0,NaN,16.5135672987644,0.40276509044968,1,5,0
Informed-RRT*,一般,27,20261930,1,210.079879304153,0.0851523,0.0047214,0,0.0851523,1319,2.6388659701751,0.0662380055619352,1,5,0
w/o ellipse seeding,一般,27,20261930,1,209.061289116555,0.0879712,0.0041877,0.0014436,0.0865276,1324,2.02552061876092,0.171987617051549,1,5,0
w/o path-bias sampling,一般,27,20261930,1,209.43869094234,0.0817713,0.0012267,0.0012267,0.0805446,1292,2.52370675815778,0.378335828407584,1,5,0
w/o dynamic rewiring,一般,27,20261930,1,209.183311933012,0.0985164,0.0016835,0.0016835,0.0968329,1320,1.69100306973198,0.0867643063919807,1,5,0
w/o seed shortcutting,一般,27,20261930,1,210.337456799975,0.070549,0.0023165,0.0023165,0.0682325,1324,3.54682047033194,0.709110799364764,1,5,0
AB-IRRT* (full),一般,27,20261930,1,210.337456799975,0.1020952,0.001245,0.001245,0.1008502,1324,3.54682047033194,0.709110799364764,1,5,0
APF-only,一般,28,20261931,1,229.358752665851,0.001571,0.0014808,0.001571,0,NaN,16.5135672987644,0.40276509044968,1,5,0
Informed-RRT*,一般,28,20261931,1,211.625218013421,0.081379,0.0091448,0,0.081379,1311,4.45308110948023,0.081166966461474,1,5,0
w/o ellipse seeding,一般,28,20261931,1,209.621939431435,0.0850821,0.0041305,0.0015086,0.0835735,1352,1.94245686265677,0.110208296223054,1,5,0
w/o path-bias sampling,一般,28,20261931,1,209.565233027359,0.0963126,0.003754,0.003754,0.0925586,1263,2.86545727934885,0.318994192248752,1,5,0
w/o dynamic rewiring,一般,28,20261931,1,209.103726002213,0.0953952,0.0016809,0.0016809,0.0937143,1357,1.93668191380578,0.114093872674728,1,5,0
w/o seed shortcutting,一般,28,20261931,1,209.894549910362,0.0738107,0.0012649,0.0012649,0.0725458,1357,3.47140884607902,0.383230937927409,1,5,0
AB-IRRT* (full),一般,28,20261931,1,209.894549910362,0.0713378,0.001173,0.001173,0.0701648,1357,3.47140884607902,0.383230937927409,1,5,0
APF-only,一般,29,20261932,1,229.358752665851,0.0015542,0.0014665,0.0015542,0,NaN,16.5135672987644,0.40276509044968,1,5,0
Informed-RRT*,一般,29,20261932,1,209.959182257076,0.0920313,0.0066156,0,0.0920313,1358,2.05582073198238,0.0409566582220613,1,5,0
w/o ellipse seeding,一般,29,20261932,1,208.987372431897,0.0887763,0.005156,0.001491,0.0872853,1360,1.69900856653223,0.0640828511766589,1,5,0
w/o path-bias sampling,一般,29,20261932,1,210.624483159795,0.0902475,0.001211,0.001211,0.0890365,1294,2.05192651849344,0.8650766823348,1,5,0
w/o dynamic rewiring,一般,29,20261932,1,208.858553878537,0.0888423,0.0016161,0.0016161,0.0872262,1348,1.0419191345243,0.0699268973908218,1,5,0
w/o seed shortcutting,一般,29,20261932,1,209.274687854554,0.0774834,0.0017833,0.0017833,0.0757001,1352,2.57329502075432,0.111109021516297,1,5,0
AB-IRRT* (full),一般,29,20261932,1,209.274687854554,0.0746838,0.0015919,0.0015919,0.0730919,1352,2.57329502075432,0.111109021516297,1,5,0
APF-only,一般,30,20261933,1,229.358752665851,0.0010893,0.0010227,0.0010893,0,NaN,16.5135672987644,0.40276509044968,1,5,0
Informed-RRT*,一般,30,20261933,1,209.99997741408,0.0792617,0.0090569,0,0.0792617,1320,2.96897110482732,0.295091227859847,1,5,0
w/o ellipse seeding,一般,30,20261933,1,208.922142484624,0.0875556,0.0040579,0.0011549,0.0864007,1358,1.59842979269902,0.0772339318081166,1,5,0
w/o path-bias sampling,一般,30,20261933,1,209.151702893672,0.0839969,0.0012895,0.0012895,0.0827074,1357,2.32197859100321,0.0539371024075415,1,5,0
w/o dynamic rewiring,一般,30,20261933,1,209.041862872558,0.0898278,0.0016775,0.0016775,0.0881503,1359,1.59058361480642,0.197356252260732,1,5,0
w/o seed shortcutting,一般,30,20261933,1,209.187519166787,0.0752989,0.0011137,0.0011137,0.0741852,1363,2.37963249394979,0.0203294638372249,1,5,0
AB-IRRT* (full),一般,30,20261933,1,209.187519166787,0.0746966,0.001791,0.001791,0.0729056,1363,2.37963249394979,0.0203294638372249,1,5,0
APF-only,一般,31,20261934,1,229.358752665851,0.0014089,0.0013292,0.0014089,0,NaN,16.5135672987644,0.40276509044968,1,5,0
Informed-RRT*,一般,31,20261934,1,209.985421145941,0.0940146,0.0040941,0,0.0940146,1316,3.31992432564036,0.0975508900438895,1,5,0
w/o ellipse seeding,一般,31,20261934,1,209.218091839702,0.097643,0.003525,0.0011696,0.0964734,1322,2.37159825756752,0.102118082192636,1,5,0
w/o path-bias sampling,一般,31,20261934,1,210.270172150653,0.0930412,0.0012507,0.0012507,0.0917905,1346,2.71563584102788,0.314764270153251,1,5,0
w/o dynamic rewiring,一般,31,20261934,1,208.975645571446,0.0979033,0.001574,0.001574,0.0963293,1317,1.89964787497371,0.00948894309471606,1,5,0
w/o seed shortcutting,一般,31,20261934,1,209.933924066968,0.0720776,0.001316,0.001316,0.0707616,1318,3.18394622930151,0.0154167114347423,1,5,0
AB-IRRT* (full),一般,31,20261934,1,209.933924066968,0.0740363,0.0016455,0.0016455,0.0723908,1318,3.18394622930151,0.0154167114347423,1,5,0
APF-only,一般,32,20261935,1,229.358752665851,0.0010598,0.0010062,0.0010598,0,NaN,16.5135672987644,0.40276509044968,1,5,0
Informed-RRT*,一般,32,20261935,1,212.744200380693,0.0856154,0.0064142,0,0.0856154,1308,4.63991707908193,0.144824916183339,1,5,0
w/o ellipse seeding,一般,32,20261935,1,208.85171029783,0.1042739,0.0056847,0.0012287,0.1030452,1371,1.40643710849843,0.0441058444425395,1,5,0
w/o path-bias sampling,一般,32,20261935,1,209.016033617927,0.0884074,0.0016038,0.0016038,0.0868036,1333,1.62794442398664,0.133425180807279,1,5,0
w/o dynamic rewiring,一般,32,20261935,1,209.178870812649,0.0967554,0.0014728,0.0014728,0.0952826,1371,1.29208607114861,0.0120239504284942,1,5,0
w/o seed shortcutting,一般,32,20261935,1,209.551591926764,0.0672108,0.0013519,0.0013519,0.0658589,1371,3.21845982434897,0.474572615828109,1,5,0
AB-IRRT* (full),一般,32,20261935,1,209.551591926764,0.0747627,0.0014692,0.0014692,0.0732935,1371,3.21845982434897,0.474572615828109,1,5,0
APF-only,一般,33,20261936,1,229.358752665851,0.0014424,0.0013564,0.0014424,0,NaN,16.5135672987644,0.40276509044968,1,5,0
Informed-RRT*,一般,33,20261936,1,210.235884355449,0.0956759,0.0066961,0,0.0956759,1347,2.61056037001586,0.369890099761842,1,5,0
w/o ellipse seeding,一般,33,20261936,1,209.183820006903,0.100034,0.0061946,0.0011262,0.0989078,1338,1.91217866075299,0.0824827076044841,1,5,0
w/o path-bias sampling,一般,33,20261936,1,210.420645099619,0.0799419,0.0014514,0.0014514,0.0784905,1256,3.2697774695841,0.263814075760713,1,5,0
w/o dynamic rewiring,一般,33,20261936,1,209.224331799836,0.0952949,0.0011988,0.0011988,0.0940961,1317,1.69359125839654,0.0791841278186212,1,5,0
w/o seed shortcutting,一般,33,20261936,1,209.547299181044,0.0749399,0.0014912,0.0014912,0.0734487,1319,2.58436780570478,0.211945392675223,1,5,0
AB-IRRT* (full),一般,33,20261936,1,209.547299181044,0.0844357,0.0016755,0.0016755,0.0827602,1319,2.58436780570478,0.211945392675223,1,5,0
APF-only,一般,34,20261937,1,229.358752665851,0.0035038,0.003346,0.0035038,0,NaN,16.5135672987644,0.40276509044968,1,5,0
Informed-RRT*,一般,34,20261937,1,210.006999665505,0.095964,0.0074408,0,0.095964,1387,2.26047923922024,0.152369887565055,1,5,0
w/o ellipse seeding,一般,34,20261937,1,209.274150389809,0.1092695,0.0063988,0.0018479,0.1074216,1384,2.08652224457918,0.682454649300786,1,5,0
w/o path-bias sampling,一般,34,20261937,1,210.953059465211,0.1008933,0.002349,0.002349,0.0985443,1313,3.30688832345468,0.255280540864966,1,5,0
w/o dynamic rewiring,一般,34,20261937,1,208.992213653559,0.0975807,0.001427,0.001427,0.0961537,1371,1.22284654458969,0.0658781907210165,1,5,0
w/o seed shortcutting,一般,34,20261937,1,209.165938773514,0.0718067,0.001199,0.001199,0.0706077,1377,1.61091711440087,0.0341471206436665,1,5,0
AB-IRRT* (full),一般,34,20261937,1,209.165938773514,0.0825498,0.0017673,0.0017673,0.0807825,1377,1.61091711440087,0.0341471206436665,1,5,0
APF-only,一般,35,20261938,1,229.358752665851,0.0014088,0.0013378,0.0014088,0,NaN,16.5135672987644,0.40276509044968,1,5,0
Informed-RRT*,一般,35,20261938,1,209.147714290327,0.1013814,0.0045622,0,0.1013814,1352,2.00164638550166,0.139606354310791,1,5,0
w/o ellipse seeding,一般,35,20261938,1,209.082424008532,0.0980261,0.0037173,0.0013237,0.0967024,1341,1.18923398219188,0.220490471842756,1,5,0
w/o path-bias sampling,一般,35,20261938,1,210.377157480424,0.0920003,0.0014213,0.0014213,0.090579,1311,2.86061218278839,0.0134375636643682,1,5,0
w/o dynamic rewiring,一般,35,20261938,1,208.817899772792,0.1035607,0.0014709,0.0014709,0.1020898,1346,1.0759455113237,0.00678180111982485,1,5,0
w/o seed shortcutting,一般,35,20261938,1,209.282060119522,0.0764108,0.0016852,0.0016852,0.0747256,1346,1.93051486157254,0.152404260734512,1,5,0
AB-IRRT* (full),一般,35,20261938,1,209.282060119522,0.0751932,0.0013648,0.0013648,0.0738284,1346,1.93051486157254,0.152404260734512,1,5,0
APF-only,一般,36,20261939,1,229.358752665851,0.0011968,0.00113,0.0011968,0,NaN,16.5135672987644,0.40276509044968,1,5,0
Informed-RRT*,一般,36,20261939,1,209.623930666893,0.0965366,0.0041161,0,0.0965366,1274,2.37712673400614,0.0445173955952924,1,5,0
w/o ellipse seeding,一般,36,20261939,1,209.031781846072,0.0915276,0.0064378,0.0019185,0.0896091,1329,1.86022575858846,0.159614868903752,1,5,0
w/o path-bias sampling,一般,36,20261939,1,209.356919274351,0.0844241,0.0013667,0.0013667,0.0830574,1245,2.11086170102629,0.383732220055693,1,5,0
w/o dynamic rewiring,一般,36,20261939,1,209.121605308631,0.1015455,0.0014977,0.0014977,0.1000478,1330,1.46221503803878,0.0966953001214321,1,5,0
w/o seed shortcutting,一般,36,20261939,1,209.959065344911,0.0723876,0.0019451,0.0019451,0.0704425,1334,2.78471221133043,0.330738505742543,1,5,0
AB-IRRT* (full),一般,36,20261939,1,209.959065344911,0.0781473,0.0014564,0.0014564,0.0766909,1334,2.78471221133043,0.330738505742543,1,5,0
APF-only,一般,37,20261940,1,229.358752665851,0.0017588,0.0016805,0.0017588,0,NaN,16.5135672987644,0.40276509044968,1,5,0
Informed-RRT*,一般,37,20261940,1,211.260038471941,0.0935612,0.0061622,0,0.0935612,1384,4.02881332894479,0.0573595204081521,1,5,0
w/o ellipse seeding,一般,37,20261940,1,209.382561938829,0.1096525,0.0035727,0.0011284,0.1085241,1374,1.57603890094069,0.0625309290824343,1,5,0
w/o path-bias sampling,一般,37,20261940,1,209.870369779072,0.089876,0.0012439,0.0012439,0.0886321,1344,2.76743796775977,0.182342025195825,1,5,0
w/o dynamic rewiring,一般,37,20261940,1,209.094066331839,0.0990914,0.0013937,0.0013937,0.0976977,1360,2.22159278380221,0.0629886906917765,1,5,0
w/o seed shortcutting,一般,37,20261940,1,209.724966797381,0.0811738,0.0014377,0.0014377,0.0797361,1364,4.51297427095991,0.154304357076477,1,5,0
AB-IRRT* (full),一般,37,20261940,1,209.724966797381,0.078678,0.0015232,0.0015232,0.0771548,1364,4.51297427095991,0.154304357076477,1,5,0
APF-only,一般,38,20261941,1,229.358752665851,0.0010839,0.0010317,0.0010839,0,NaN,16.5135672987644,0.40276509044968,1,5,0
Informed-RRT*,一般,38,20261941,1,209.493873384827,0.0956421,0.0083927,0,0.0956421,1367,1.87973206031325,0.928249060241494,1,5,0
w/o ellipse seeding,一般,38,20261941,1,208.808534365532,0.1032079,0.0050597,0.0020204,0.1011875,1350,1.71332213409048,0.131388378855698,1,5,0
w/o path-bias sampling,一般,38,20261941,1,209.129645988547,0.0991334,0.0013095,0.0013095,0.0978239,1287,1.69777790401735,0.28949256141707,1,5,0
w/o dynamic rewiring,一般,38,20261941,1,208.928085360624,0.1008255,0.0015028,0.0015028,0.0993227,1337,1.10643163760291,0.0935878705036401,1,5,0
w/o seed shortcutting,一般,38,20261941,1,208.858961822604,0.0739143,0.0015482,0.0015482,0.0723661,1338,1.54331627639413,0.194398470994065,1,5,0
AB-IRRT* (full),一般,38,20261941,1,208.858961822604,0.0744801,0.002305,0.002305,0.0721751,1338,1.54331627639413,0.194398470994065,1,5,0
APF-only,一般,39,20261942,1,229.358752665851,0.0014214,0.0013497,0.0014214,0,NaN,16.5135672987644,0.40276509044968,1,5,0
Informed-RRT*,一般,39,20261942,1,209.173118263469,0.1073293,0.0076601,0,0.1073293,1362,1.94776592307307,0.107518211460949,1,5,0
w/o ellipse seeding,一般,39,20261942,1,209.107408472299,0.1024876,0.0054836,0.0017048,0.1007828,1344,1.86157272516958,0.0889620059499059,1,5,0
w/o path-bias sampling,一般,39,20261942,1,209.591802430699,0.0901802,0.0014909,0.0014909,0.0886893,1318,2.34665391535097,0.139006813626544,1,5,0
w/o dynamic rewiring,一般,39,20261942,1,208.814917954016,0.099623,0.0011287,0.0011287,0.0984943,1337,1.26693436180421,0.0253283446900774,1,5,0
w/o seed shortcutting,一般,39,20261942,1,209.797676967182,0.0763172,0.0012968,0.0012968,0.0750204,1339,3.8780959345436,0.121061456179092,1,5,0
AB-IRRT* (full),一般,39,20261942,1,209.797676967182,0.0767457,0.001244,0.001244,0.0755017,1339,3.8780959345436,0.121061456179092,1,5,0
APF-only,一般,40,20261943,1,229.358752665851,0.0015355,0.0014526,0.0015355,0,NaN,16.5135672987644,0.40276509044968,1,5,0
Informed-RRT*,一般,40,20261943,1,209.670062853572,0.0915401,0.0070714,0,0.0915401,1340,2.47472524032635,0.349539341902509,1,5,0
w/o ellipse seeding,一般,40,20261943,1,209.724107160266,0.0918343,0.0062974,0.0015915,0.0902428,1346,2.50231614765897,0.405683605028171,1,5,0
w/o path-bias sampling,一般,40,20261943,1,211.051312155941,0.0979425,0.0011644,0.0011644,0.0967781,1262,4.09434674033889,0.0876880455370319,1,5,0
w/o dynamic rewiring,一般,40,20261943,1,209.103346953676,0.1011633,0.0014912,0.0014912,0.0996721,1334,1.49350186525525,0.184668736519081,1,5,0
w/o seed shortcutting,一般,40,20261943,1,209.205084832689,0.0744581,0.0014824,0.0014824,0.0729757,1334,2.39580332910849,0.139935637455116,1,5,0
AB-IRRT* (full),一般,40,20261943,1,209.205084832689,0.073627,0.0013832,0.0013832,0.0722438,1334,2.39580332910849,0.139935637455116,1,5,0
APF-only,一般,41,20261944,1,229.358752665851,0.0012358,0.0011722,0.0012358,0,NaN,16.5135672987644,0.40276509044968,1,5,0
Informed-RRT*,一般,41,20261944,1,210.713741851614,0.0942716,0.0069215,0,0.0942716,1309,3.81490952407804,0.120185182311218,1,5,0
w/o ellipse seeding,一般,41,20261944,1,209.441898753367,0.0973947,0.005385,0.0019579,0.0954368,1342,2.19550998596916,0.0160733590620197,1,5,0
w/o path-bias sampling,一般,41,20261944,1,212.434820506919,0.1002083,0.0011569,0.0011569,0.0990514,1318,3.61711470801167,0.491679369362941,1,5,0
w/o dynamic rewiring,一般,41,20261944,1,209.021746588101,0.0931609,0.0014629,0.0014629,0.091698,1338,1.82669856906662,0.0201296261308155,1,5,0
w/o seed shortcutting,一般,41,20261944,1,209.71350102517,0.0724999,0.0011595,0.0011595,0.0713404,1341,3.92617454028104,0.225481921040361,1,5,0
AB-IRRT* (full),一般,41,20261944,1,209.71350102517,0.0798042,0.0018695,0.0018695,0.0779347,1341,3.92617454028104,0.225481921040361,1,5,0
APF-only,一般,42,20261945,1,229.358752665851,0.0014722,0.0013854,0.0014722,0,NaN,16.5135672987644,0.40276509044968,1,5,0
Informed-RRT*,一般,42,20261945,1,210.426750271356,0.0862324,0.00664,0,0.0862324,1301,4.31181015136647,0.341507422432734,1,5,0
w/o ellipse seeding,一般,42,20261945,1,209.554794344347,0.0862183,0.0033241,0.0012203,0.084998,1363,1.5875758422313,0.278844844192102,1,5,0
w/o path-bias sampling,一般,42,20261945,1,209.371186200314,0.1005201,0.0015723,0.0015723,0.0989478,1320,2.32260102535511,0.0305287662096543,1,5,0
w/o dynamic rewiring,一般,42,20261945,1,209.496354779499,0.1030325,0.0015012,0.0015012,0.1015313,1372,3.51957413821077,0.176954577691156,1,5,0
w/o seed shortcutting,一般,42,20261945,1,209.764979683095,0.0805671,0.0012504,0.0012504,0.0793167,1374,5.95615134650294,0.15604694737317,1,5,0
AB-IRRT* (full),一般,42,20261945,1,209.764979683095,0.0740766,0.001741,0.001741,0.0723356,1374,5.95615134650294,0.15604694737317,1,5,0
APF-only,一般,43,20261946,1,229.358752665851,0.0029008,0.0027796,0.0029008,0,NaN,16.5135672987644,0.40276509044968,1,5,0
Informed-RRT*,一般,43,20261946,1,209.330450530244,0.1013049,0.0052805,0,0.1013049,1370,1.67332604263597,0.236764259477656,1,5,0
w/o ellipse seeding,一般,43,20261946,1,209.399053812943,0.1047014,0.0053417,0.0015867,0.1031147,1379,2.01317568642384,0.313005731759398,1,5,0
w/o path-bias sampling,一般,43,20261946,1,209.114922518996,0.093916,0.0013055,0.0013055,0.0926105,1301,1.38562731969436,0.212920528009432,1,5,0
w/o dynamic rewiring,一般,43,20261946,1,209.117839250015,0.1103482,0.0014766,0.0014766,0.1088716,1367,1.25018178227834,0.0260354173958266,1,5,0
w/o seed shortcutting,一般,43,20261946,1,209.376845710672,0.077853,0.0014926,0.0014926,0.0763604,1366,2.51615086047478,0.104680963948898,1,5,0
AB-IRRT* (full),一般,43,20261946,1,209.376845710672,0.0750581,0.0015649,0.0015649,0.0734932,1366,2.51615086047478,0.104680963948898,1,5,0
APF-only,一般,44,20261947,1,229.358752665851,0.0012633,0.0011063,0.0012633,0,NaN,16.5135672987644,0.40276509044968,1,5,0
Informed-RRT*,一般,44,20261947,1,210.188216834176,0.0957576,0.0040428,0,0.0957576,1351,2.69378566220746,0.233816701542889,1,5,0
w/o ellipse seeding,一般,44,20261947,1,209.055017838882,0.1051106,0.0061891,0.0013799,0.1037307,1394,1.93927879046406,0.0189510924292797,1,5,0
w/o path-bias sampling,一般,44,20261947,1,209.589066688456,0.1071251,0.0015114,0.0015114,0.1056137,1390,2.35880804574224,0.228095834853541,1,5,0
w/o dynamic rewiring,一般,44,20261947,1,209.215074213825,0.1136473,0.0014795,0.0014795,0.1121678,1399,1.92795633647183,0.197351029776454,1,5,0
w/o seed shortcutting,一般,44,20261947,1,210.544458844596,0.0800343,0.0015723,0.0015723,0.078462,1405,2.70607559945792,0.256632708311838,1,5,0
AB-IRRT* (full),一般,44,20261947,1,210.544458844596,0.079412,0.0015041,0.0015041,0.0779079,1405,2.70607559945792,0.256632708311838,1,5,0
APF-only,一般,45,20261948,1,229.358752665851,0.0013733,0.0012989,0.0013733,0,NaN,16.5135672987644,0.40276509044968,1,5,0
Informed-RRT*,一般,45,20261948,1,211.866983994203,0.0973856,0.004716,0,0.0973856,1338,3.92175560054957,0.229105955841331,1,5,0
w/o ellipse seeding,一般,45,20261948,1,209.292393658512,0.1003808,0.0052202,0.0015573,0.0988235,1350,2.40690289688477,0.178791104014133,1,5,0
w/o path-bias sampling,一般,45,20261948,1,209.394697365269,0.0978938,0.0016375,0.0016375,0.0962563,1329,2.59113099300129,0.0516122110025319,1,5,0
w/o dynamic rewiring,一般,45,20261948,1,208.75785534308,0.1028091,0.0015709,0.0015709,0.1012382,1351,1.57630100595198,0.0816168676836675,1,5,0
w/o seed shortcutting,一般,45,20261948,1,209.395829318227,0.0691543,0.0016101,0.0016101,0.0675442,1356,2.95701867465979,0.14185880421736,1,5,0
AB-IRRT* (full),一般,45,20261948,1,209.395829318227,0.0698411,0.0025812,0.0025812,0.0672599,1356,2.95701867465979,0.14185880421736,1,5,0
APF-only,一般,46,20261949,1,229.358752665851,0.001456,0.0013841,0.001456,0,NaN,16.5135672987644,0.40276509044968,1,5,0
Informed-RRT*,一般,46,20261949,1,209.320837700924,0.0850512,0.0078607,0,0.0850512,1317,1.50224504929232,0.201676657220072,1,5,0
w/o ellipse seeding,一般,46,20261949,1,209.26689346194,0.0851258,0.0058609,0.0022904,0.0828354,1341,1.57445146338903,0.219857611732202,1,5,0
w/o path-bias sampling,一般,46,20261949,1,209.52206508981,0.0913534,0.0017481,0.0017481,0.0896053,1309,1.77377913838767,0.418635149623212,1,5,0
w/o dynamic rewiring,一般,46,20261949,1,209.140505740357,0.1013653,0.0012281,0.0012281,0.1001372,1322,2.01503536209061,0.0921494610248388,1,5,0
w/o seed shortcutting,一般,46,20261949,1,210.012010448139,0.0727463,0.0016123,0.0016123,0.071134,1328,1.6921573985803,0.574378014002411,1,5,0
AB-IRRT* (full),一般,46,20261949,1,210.012010448139,0.0702518,0.0013624,0.0013624,0.0688894,1328,1.6921573985803,0.574378014002411,1,5,0
APF-only,一般,47,20261950,1,229.358752665851,0.001838,0.0017404,0.001838,0,NaN,16.5135672987644,0.40276509044968,1,5,0
Informed-RRT*,一般,47,20261950,1,210.747036177111,0.0971526,0.0055858,0,0.0971526,1337,3.08452259224869,0.306135948793557,1,5,0
w/o ellipse seeding,一般,47,20261950,1,209.101147722361,0.0870574,0.0052504,0.0025044,0.084553,1354,1.99674444721869,0.0542822317440166,1,5,0
w/o path-bias sampling,一般,47,20261950,1,210.643337869033,0.0785309,0.0015601,0.0015601,0.0769708,1259,3.52930200753691,0.128428442001928,1,5,0
w/o dynamic rewiring,一般,47,20261950,1,210.126933240886,0.1060393,0.0016372,0.0016372,0.1044021,1350,2.30995957100268,0.326431875399228,1,5,0
w/o seed shortcutting,一般,47,20261950,1,210.338372024005,0.0744095,0.0012566,0.0012566,0.0731529,1348,4.57553539873976,0.284687697811327,1,5,0
AB-IRRT* (full),一般,47,20261950,1,210.338372024005,0.0745868,0.0020823,0.0020823,0.0725045,1348,4.57553539873976,0.284687697811327,1,5,0
APF-only,一般,48,20261951,1,229.358752665851,0.0012393,0.0011634,0.0012393,0,NaN,16.5135672987644,0.40276509044968,1,5,0
Informed-RRT*,一般,48,20261951,1,208.93001042236,0.0986543,0.0075897,0,0.0986543,1347,1.68757409158724,0.137338931088925,1,5,0
w/o ellipse seeding,一般,48,20261951,1,209.082464850827,0.0966429,0.0047358,0.0014954,0.0951475,1330,1.91434037237369,0.0603153993447254,1,5,0
w/o path-bias sampling,一般,48,20261951,1,210.418501550636,0.0756877,0.0016563,0.0016563,0.0740314,1217,2.67169493817125,0.208718491431106,1,5,0
w/o dynamic rewiring,一般,48,20261951,1,209.261828744169,0.0866077,0.0012825,0.0012825,0.0853252,1328,2.09844050355104,0.0838762024279252,1,5,0
w/o seed shortcutting,一般,48,20261951,1,209.699432333952,0.0796892,0.0015317,0.0015317,0.0781575,1331,3.35156206621443,0.215184672652872,1,5,0
AB-IRRT* (full),一般,48,20261951,1,209.699432333952,0.0747101,0.0011413,0.0011413,0.0735688,1331,3.35156206621443,0.215184672652872,1,5,0
APF-only,一般,49,20261952,1,229.358752665851,0.0013422,0.0012748,0.0013422,0,NaN,16.5135672987644,0.40276509044968,1,5,0
Informed-RRT*,一般,49,20261952,1,210.646905447257,0.0902533,0.0061189,0,0.0902533,1333,3.05690872064626,0.526536555552059,1,5,0
w/o ellipse seeding,一般,49,20261952,1,209.572116160817,0.0840462,0.0037079,0.0011236,0.0829226,1355,5.41724103213683,0.0708817226949563,1,5,0
w/o path-bias sampling,一般,49,20261952,1,212.482359009815,0.0897174,0.0017879,0.0017879,0.0879295,1331,5.21328254076922,0.0882940161982097,1,5,0
w/o dynamic rewiring,一般,49,20261952,1,209.104436262916,0.1012615,0.0013444,0.0013444,0.0999171,1332,2.09184400369603,0.0975001377663105,1,5,0
w/o seed shortcutting,一般,49,20261952,1,209.672840813261,0.0754132,0.00114,0.00114,0.0742732,1331,3.76683308503478,0.2108969682319,1,5,0
AB-IRRT* (full),一般,49,20261952,1,209.672840813261,0.0798675,0.0016279,0.0016279,0.0782396,1331,3.76683308503478,0.2108969682319,1,5,0
APF-only,一般,50,20261953,1,229.358752665851,0.0012048,0.0011333,0.0012048,0,NaN,16.5135672987644,0.40276509044968,1,5,0
Informed-RRT*,一般,50,20261953,1,210.093222258856,0.1014504,0.0115872,0,0.1014504,1312,4.24104700427851,0.811483395642771,1,5,0
w/o ellipse seeding,一般,50,20261953,1,209.314595982315,0.0937551,0.0043567,0.001636,0.0921191,1347,2.21793268364742,0.107470982330454,1,5,0
w/o path-bias sampling,一般,50,20261953,1,210.757643079369,0.1023583,0.0019531,0.0019531,0.1004052,1350,3.78925578751426,0.68457197867709,1,5,0
w/o dynamic rewiring,一般,50,20261953,1,209.079510803838,0.0875419,0.0019804,0.0019804,0.0855615,1347,1.84569598172463,0.125498147066125,1,5,0
w/o seed shortcutting,一般,50,20261953,1,209.230080228413,0.0694523,0.001308,0.001308,0.0681443,1348,2.38742301937041,0.167141546650615,1,5,0
AB-IRRT* (full),一般,50,20261953,1,209.230080228413,0.0689053,0.001354,0.001354,0.0675513,1348,2.38742301937041,0.167141546650615,1,5,0
APF-only,狭窄,1,20262904,1,279.791130115633,0.0069522,0.006865,0.0069522,0,NaN,46.4502175583217,0.0632608111899984,3,5,0
Informed-RRT*,狭窄,1,20262904,1,214.84159248317,0.0829932,0.0094135,0,0.0829932,1301,4.5337565518969,0.152660865993596,3,5,0
w/o ellipse seeding,狭窄,1,20262904,1,238.701430706082,0.0628932,0.0154265,0.0068305,0.0560627,1032,6.03466428740151,0.0526767972121629,3,5,0
w/o path-bias sampling,狭窄,1,20262904,1,212.885243942151,0.0438935,0.0060913,0.0060913,0.0378022,685,2.34656541775505,0.316946328405102,3,5,0
w/o dynamic rewiring,狭窄,1,20262904,1,212.885243942151,0.0459503,0.0060336,0.0060336,0.0399167,683,2.34656541775505,0.316946328405102,3,5,0
w/o seed shortcutting,狭窄,1,20262904,1,261.830532567237,0.048447,0.0059997,0.0059997,0.0424473,984,9.8932432087265,0.471237217281935,3,5,0
AB-IRRT* (full),狭窄,1,20262904,1,212.885243942151,0.0404814,0.0063982,0.0063982,0.0340832,683,2.34656541775505,0.316946328405102,3,5,0
APF-only,狭窄,2,20262905,1,279.791130115633,0.0072926,0.0071988,0.0072926,0,NaN,46.4502175583217,0.0632608111899984,3,5,0
Informed-RRT*,狭窄,2,20262905,1,237.438773494935,0.0377983,0.0148159,0,0.0377983,693,4.40361173844798,0.044400872448433,3,5,0
w/o ellipse seeding,狭窄,2,20262905,1,219.876914594218,0.0913298,0.0147768,0.0073752,0.0839546,1264,6.8913161412142,0.0982622318423125,3,5,0
w/o path-bias sampling,狭窄,2,20262905,1,212.885243942151,0.0303558,0.0069974,0.0069974,0.0233584,188,2.34656541775505,0.316946328405102,3,5,0
w/o dynamic rewiring,狭窄,2,20262905,1,212.885243942151,0.0677819,0.0073672,0.0073672,0.0604147,976,2.34656541775505,0.316946328405102,3,5,0
w/o seed shortcutting,狭窄,2,20262905,1,224.601259323873,0.065792,0.0081521,0.0081521,0.0576399,1187,6.18665234757622,0.209040719755982,3,5,0
AB-IRRT* (full),狭窄,2,20262905,1,212.885243942151,0.0502379,0.0075196,0.0075196,0.0427183,976,2.34656541775505,0.316946328405102,3,5,0
APF-only,狭窄,3,20262906,1,279.791130115633,0.0069838,0.0068926,0.0069838,0,NaN,46.4502175583217,0.0632608111899984,3,5,0
Informed-RRT*,狭窄,3,20262906,1,259.787962395909,0.0491171,0.0114015,0,0.0491171,860,8.14517084597022,0.141963815445285,3,5,0
w/o ellipse seeding,狭窄,3,20262906,1,224.68187709793,0.0844096,0.0212368,0.0092237,0.0751859,1108,7.50588032044665,0.0149589760548778,3,5,0
w/o path-bias sampling,狭窄,3,20262906,1,212.885243942151,0.023695,0.0070901,0.0070901,0.0166049,167,2.34656541775505,0.316946328405102,3,5,0
w/o dynamic rewiring,狭窄,3,20262906,1,212.885243942151,0.0253745,0.0082005,0.0082005,0.017174,171,2.34656541775505,0.316946328405102,3,5,0
w/o seed shortcutting,狭窄,3,20262906,1,222.913843016643,0.0562786,0.0078606,0.0078606,0.048418,1101,5.56579778774908,0.0826029143851041,3,5,0
AB-IRRT* (full),狭窄,3,20262906,1,212.885243942151,0.0202476,0.0062895,0.0062895,0.0139581,171,2.34656541775505,0.316946328405102,3,5,0
APF-only,狭窄,4,20262907,1,279.791130115633,0.0075209,0.0074292,0.0075209,0,NaN,46.4502175583217,0.0632608111899984,3,5,0
Informed-RRT*,狭窄,4,20262907,1,224.496500686808,0.0655128,0.0060161,0,0.0655128,1132,5.46625040996657,0.026622512221851,3,5,0
w/o ellipse seeding,狭窄,4,20262907,1,223.360612212629,0.0730884,0.0130729,0.0070146,0.0660738,1137,4.2427732695422,0.0482425030273248,3,5,0
w/o path-bias sampling,狭窄,4,20262907,1,212.885243942151,0.0245769,0.0098934,0.0098934,0.0146835,148,2.34656541775505,0.316946328405102,3,5,0
w/o dynamic rewiring,狭窄,4,20262907,1,212.885243942151,0.0278636,0.0100262,0.0100262,0.0178374,147,2.34656541775505,0.316946328405102,3,5,0
w/o seed shortcutting,狭窄,4,20262907,1,245.613210409976,0.0495484,0.0084818,0.0084818,0.0410666,899,6.6642769443789,0.131682272239782,3,5,0
AB-IRRT* (full),狭窄,4,20262907,1,212.885243942151,0.0246277,0.0085529,0.0085529,0.0160748,147,2.34656541775505,0.316946328405102,3,5,0
APF-only,狭窄,5,20262908,1,279.791130115633,0.008038,0.0079338,0.008038,0,NaN,46.4502175583217,0.0632608111899984,3,5,0
Informed-RRT*,狭窄,5,20262908,1,226.894331347848,0.0623056,0.0065777,0,0.0623056,1142,6.98295617428368,0.161782611051393,3,5,0
w/o ellipse seeding,狭窄,5,20262908,1,215.556178724268,0.0770549,0.0139511,0.0059473,0.0711076,1286,5.54179017966694,0.011422763588758,3,5,0
w/o path-bias sampling,狭窄,5,20262908,1,212.885243942151,0.0757301,0.0066081,0.0066081,0.069122,1167,2.34656541775505,0.316946328405102,3,5,0
w/o dynamic rewiring,狭窄,5,20262908,1,212.885243942151,0.0260765,0.0099878,0.0099878,0.0160887,186,2.34656541775505,0.316946328405102,3,5,0
w/o seed shortcutting,狭窄,5,20262908,1,213.007768928222,0.0746756,0.0067777,0.0067777,0.0678979,1308,3.92694766180583,0.165458618855439,3,5,0
AB-IRRT* (full),狭窄,5,20262908,1,212.885243942151,0.0228204,0.0069819,0.0069819,0.0158385,186,2.34656541775505,0.316946328405102,3,5,0
APF-only,狭窄,6,20262909,1,279.791130115633,0.0077305,0.0076543,0.0077305,0,NaN,46.4502175583217,0.0632608111899984,3,5,0
Informed-RRT*,狭窄,6,20262909,1,216.363687600858,0.0848091,0.0080668,0,0.0848091,1306,5.56439426746551,0.107728925967137,3,5,0
w/o ellipse seeding,狭窄,6,20262909,1,220.30448352819,0.0895761,0.0134101,0.0059197,0.0836564,1176,7.06152775591119,0.0886502023355575,3,5,0
w/o path-bias sampling,狭窄,6,20262909,1,212.885243942151,0.0245255,0.0063773,0.0063773,0.0181482,168,2.34656541775505,0.316946328405102,3,5,0
w/o dynamic rewiring,狭窄,6,20262909,1,212.885243942151,0.025237,0.0075769,0.0075769,0.0176601,166,2.34656541775505,0.316946328405102,3,5,0
w/o seed shortcutting,狭窄,6,20262909,1,264.5400644791,0.041003,0.0077751,0.0077751,0.0332279,830,8.20119847260895,0.0755039695218116,3,5,0
AB-IRRT* (full),狭窄,6,20262909,1,212.885243942151,0.0228368,0.0080056,0.0080056,0.0148312,166,2.34656541775505,0.316946328405102,3,5,0
APF-only,狭窄,7,20262910,1,279.791130115633,0.0060084,0.0059336,0.0060084,0,NaN,46.4502175583217,0.0632608111899984,3,5,0
Informed-RRT*,狭窄,7,20262910,1,218.920478278374,0.0855253,0.0067184,0,0.0855253,1309,6.61468633454901,0.196111311461784,3,5,0
w/o ellipse seeding,狭窄,7,20262910,1,214.928425579077,0.0768162,0.0153509,0.0087362,0.06808,1195,5.38467259225561,0.0217311555878332,3,5,0
w/o path-bias sampling,狭窄,7,20262910,1,212.885243942151,0.0789102,0.006134,0.006134,0.0727762,1188,2.34656541775505,0.316946328405102,3,5,0
w/o dynamic rewiring,狭窄,7,20262910,1,212.885243942151,0.0837561,0.0085409,0.0085409,0.0752152,1218,2.34656541775505,0.316946328405102,3,5,0
w/o seed shortcutting,狭窄,7,20262910,1,240.408000430749,0.0540202,0.0075806,0.0075806,0.0464396,1092,4.99502204533116,0.0219273950943819,3,5,0
AB-IRRT* (full),狭窄,7,20262910,1,212.885243942151,0.0680223,0.0116164,0.0116164,0.0564059,1218,2.34656541775505,0.316946328405102,3,5,0
APF-only,狭窄,8,20262911,1,279.791130115633,0.0061339,0.0060569,0.0061339,0,NaN,46.4502175583217,0.0632608111899984,3,5,0
Informed-RRT*,狭窄,8,20262911,1,214.512412144604,0.0808534,0.0066029,0,0.0808534,1332,4.01380231057189,0.418577370508984,3,5,0
w/o ellipse seeding,狭窄,8,20262911,1,245.672851541162,0.0549404,0.0216545,0.0107907,0.0441497,862,9.66590118266375,0.10574407603551,3,5,0
w/o path-bias sampling,狭窄,8,20262911,1,212.885243942151,0.0222311,0.0071668,0.0071668,0.0150643,169,2.34656541775505,0.316946328405102,3,5,0
w/o dynamic rewiring,狭窄,8,20262911,1,212.885243942151,0.0838142,0.0060316,0.0060316,0.0777826,1111,2.34656541775505,0.316946328405102,3,5,0
w/o seed shortcutting,狭窄,8,20262911,1,254.275983774625,0.0517023,0.0064028,0.0064028,0.0452995,966,14.2520629000789,0.0995990397071829,3,5,0
AB-IRRT* (full),狭窄,8,20262911,1,212.885243942151,0.0633621,0.0076893,0.0076893,0.0556728,1111,2.34656541775505,0.316946328405102,3,5,0
APF-only,狭窄,9,20262912,1,279.791130115633,0.0065749,0.0064874,0.0065749,0,NaN,46.4502175583217,0.0632608111899984,3,5,0
Informed-RRT*,狭窄,9,20262912,1,214.255398141008,0.0825267,0.0067338,0,0.0825267,1290,5.62700074673174,0.0266755212928871,3,5,0
w/o ellipse seeding,狭窄,9,20262912,1,218.538685863687,0.0740763,0.0145257,0.0077783,0.066298,1160,5.68466632973982,0.0717780000473951,3,5,0
w/o path-bias sampling,狭窄,9,20262912,1,212.885243942151,0.0438978,0.0074979,0.0074979,0.0363999,640,2.34656541775505,0.316946328405102,3,5,0
w/o dynamic rewiring,狭窄,9,20262912,1,212.885243942151,0.0428465,0.0061167,0.0061167,0.0367298,640,2.34656541775505,0.316946328405102,3,5,0
w/o seed shortcutting,狭窄,9,20262912,1,248.122108498538,0.0495731,0.0075187,0.0075187,0.0420544,952,7.52805338860826,0.0602261883757258,3,5,0
AB-IRRT* (full),狭窄,9,20262912,1,212.885243942151,0.0413518,0.0086578,0.0086578,0.032694,640,2.34656541775505,0.316946328405102,3,5,0
APF-only,狭窄,10,20262913,1,279.791130115633,0.0062717,0.0061777,0.0062717,0,NaN,46.4502175583217,0.0632608111899984,3,5,0
Informed-RRT*,狭窄,10,20262913,1,222.90715774967,0.0541819,0.008537,0,0.0541819,990,3.17736428898079,0.426345469334921,3,5,0
w/o ellipse seeding,狭窄,10,20262913,1,213.133888985384,0.0882181,0.0165703,0.0085137,0.0797044,1243,4.7187655188797,0.0296244713205205,3,5,0
w/o path-bias sampling,狭窄,10,20262913,1,212.885243942151,0.0561669,0.0081889,0.0081889,0.047978,776,2.34656541775505,0.316946328405102,3,5,0
w/o dynamic rewiring,狭窄,10,20262913,1,212.885243942151,0.0867516,0.0087893,0.0087893,0.0779623,1175,2.34656541775505,0.316946328405102,3,5,0
w/o seed shortcutting,狭窄,10,20262913,1,225.925899946885,0.0588417,0.0072264,0.0072264,0.0516153,1104,7.73205356920013,0.136908105538303,3,5,0
AB-IRRT* (full),狭窄,10,20262913,1,212.885243942151,0.0590742,0.0058818,0.0058818,0.0531924,1175,2.34656541775505,0.316946328405102,3,5,0
APF-only,狭窄,11,20262914,1,279.791130115633,0.0060595,0.0059871,0.0060595,0,NaN,46.4502175583217,0.0632608111899984,3,5,0
Informed-RRT*,狭窄,11,20262914,1,225.812956404867,0.0544595,0.01778,0,0.0544595,967,5.6928796661169,0.537923259382703,3,5,0
w/o ellipse seeding,狭窄,11,20262914,1,212.975314576154,0.0855977,0.0229827,0.0081248,0.0774729,1260,3.70303215977387,0.0670148400501134,3,5,0
w/o path-bias sampling,狭窄,11,20262914,1,212.885243942151,0.0717399,0.0065523,0.0065523,0.0651876,1129,2.34656541775505,0.316946328405102,3,5,0
w/o dynamic rewiring,狭窄,11,20262914,1,212.885243942151,0.0254982,0.008376,0.008376,0.0171222,191,2.34656541775505,0.316946328405102,3,5,0
w/o seed shortcutting,狭窄,11,20262914,1,227.827396481768,0.0585901,0.0062099,0.0062099,0.0523802,1134,4.70878124879357,0.16895283059568,3,5,0
AB-IRRT* (full),狭窄,11,20262914,1,212.885243942151,0.0278991,0.0068276,0.0068276,0.0210715,191,2.34656541775505,0.316946328405102,3,5,0
APF-only,狭窄,12,20262915,1,279.791130115633,0.0075006,0.0074048,0.0075006,0,NaN,46.4502175583217,0.0632608111899984,3,5,0
Informed-RRT*,狭窄,12,20262915,1,221.522102168896,0.0807282,0.0096454,0,0.0807282,1119,3.35712801268766,0.0138589124511235,3,5,0
w/o ellipse seeding,狭窄,12,20262915,1,215.430304445584,0.0985152,0.0170567,0.0108505,0.0876647,1316,5.37219696075075,0.0194604645722265,3,5,0
w/o path-bias sampling,狭窄,12,20262915,1,212.885243942151,0.0251227,0.0061603,0.0061603,0.0189624,188,2.34656541775505,0.316946328405102,3,5,0
w/o dynamic rewiring,狭窄,12,20262915,1,212.885243942151,0.0269703,0.0079602,0.0079602,0.0190101,189,2.34656541775505,0.316946328405102,3,5,0
w/o seed shortcutting,狭窄,12,20262915,1,213.646495912024,0.0780655,0.0081456,0.0081456,0.0699199,1335,8.43116805768693,0.200046655405954,3,5,0
AB-IRRT* (full),狭窄,12,20262915,1,212.885243942151,0.0253926,0.0089844,0.0089844,0.0164082,189,2.34656541775505,0.316946328405102,3,5,0
APF-only,狭窄,13,20262916,1,279.791130115633,0.0071097,0.0069776,0.0071097,0,NaN,46.4502175583217,0.0632608111899984,3,5,0
Informed-RRT*,狭窄,13,20262916,1,214.388096349106,0.0878841,0.008582,0,0.0878841,1296,5.72169957200362,0.0759125568354904,3,5,0
w/o ellipse seeding,狭窄,13,20262916,1,240.404981551007,0.0682512,0.0202113,0.0081195,0.0601317,920,6.24297445914474,0.138191204667347,3,5,0
w/o path-bias sampling,狭窄,13,20262916,1,212.885243942151,0.0887051,0.0085219,0.0085219,0.0801832,1108,2.34656541775505,0.316946328405102,3,5,0
w/o dynamic rewiring,狭窄,13,20262916,1,212.885243942151,0.026199,0.0088587,0.0088587,0.0173403,172,2.34656541775505,0.316946328405102,3,5,0
w/o seed shortcutting,狭窄,13,20262916,1,223.436620647953,0.0654021,0.0085306,0.0085306,0.0568715,1188,4.96329567621456,0.604813571604255,3,5,0
AB-IRRT* (full),狭窄,13,20262916,1,212.885243942151,0.0231883,0.0082189,0.0082189,0.0149694,172,2.34656541775505,0.316946328405102,3,5,0
APF-only,狭窄,14,20262917,1,279.791130115633,0.0080408,0.00795,0.0080408,0,NaN,46.4502175583217,0.0632608111899984,3,5,0
Informed-RRT*,狭窄,14,20262917,1,216.450675858694,0.0783515,0.0064944,0,0.0783515,1206,5.63137191016885,0.0830078012355528,3,5,0
w/o ellipse seeding,狭窄,14,20262917,1,214.048960128287,0.0913247,0.0180661,0.0070986,0.0842261,1304,5.38983688538182,0.0492388985471095,3,5,0
w/o path-bias sampling,狭窄,14,20262917,1,212.885243942151,0.077608,0.0075565,0.0075565,0.0700515,1103,2.34656541775505,0.316946328405102,3,5,0
w/o dynamic rewiring,狭窄,14,20262917,1,212.885243942151,0.0744593,0.0072016,0.0072016,0.0672577,1102,2.34656541775505,0.316946328405102,3,5,0
w/o seed shortcutting,狭窄,14,20262917,1,214.77059461458,0.0779378,0.0069787,0.0069787,0.0709591,1292,5.41129950145718,0.0890812948364896,3,5,0
AB-IRRT* (full),狭窄,14,20262917,1,212.885243942151,0.0556152,0.0066499,0.0066499,0.0489653,1102,2.34656541775505,0.316946328405102,3,5,0
APF-only,狭窄,15,20262918,1,279.791130115633,0.0078534,0.0077522,0.0078534,0,NaN,46.4502175583217,0.0632608111899984,3,5,0
Informed-RRT*,狭窄,15,20262918,1,214.036593321218,0.0800312,0.0073485,0,0.0800312,1305,3.98081284028392,0.183121327521622,3,5,0
w/o ellipse seeding,狭窄,15,20262918,1,217.230068833594,0.0992425,0.0173677,0.0067629,0.0924796,1309,5.60419938700387,0.338477257201689,3,5,0
w/o path-bias sampling,狭窄,15,20262918,1,212.885243942151,0.0241048,0.008152,0.008152,0.0159528,168,2.34656541775505,0.316946328405102,3,5,0
w/o dynamic rewiring,狭窄,15,20262918,1,212.885243942151,0.0238174,0.0086686,0.0086686,0.0151488,168,2.34656541775505,0.316946328405102,3,5,0
w/o seed shortcutting,狭窄,15,20262918,1,269.056339831459,0.0397455,0.0080526,0.0080526,0.0316929,695,9.05826715416909,0.228604483271669,3,5,0
AB-IRRT* (full),狭窄,15,20262918,1,212.885243942151,0.0223015,0.0064352,0.0064352,0.0158663,168,2.34656541775505,0.316946328405102,3,5,0
APF-only,狭窄,16,20262919,1,279.791130115633,0.0098553,0.0097258,0.0098553,0,NaN,46.4502175583217,0.0632608111899984,3,5,0
Informed-RRT*,狭窄,16,20262919,1,269.448556867226,0.0221109,0.0219204,0,0.0221109,364,7.08019183648828,0.820952365259877,3,5,0
w/o ellipse seeding,狭窄,16,20262919,1,223.005703852615,0.0869948,0.0113771,0.0064835,0.0805113,1165,4.42568643804595,0.0636479021908976,3,5,0
w/o path-bias sampling,狭窄,16,20262919,1,212.885243942151,0.0623698,0.0081571,0.0081571,0.0542127,1018,2.34656541775505,0.316946328405102,3,5,0
w/o dynamic rewiring,狭窄,16,20262919,1,212.885243942151,0.0898851,0.008754,0.008754,0.0811311,1206,2.34656541775505,0.316946328405102,3,5,0
w/o seed shortcutting,狭窄,16,20262919,1,256.060953349157,0.0502062,0.0077308,0.0077308,0.0424754,930,8.64704477615357,0.927279563626001,3,5,0
AB-IRRT* (full),狭窄,16,20262919,1,212.885243942151,0.0627416,0.0076754,0.0076754,0.0550662,1206,2.34656541775505,0.316946328405102,3,5,0
APF-only,狭窄,17,20262920,1,279.791130115633,0.0066549,0.0065756,0.0066549,0,NaN,46.4502175583217,0.0632608111899984,3,5,0
Informed-RRT*,狭窄,17,20262920,1,252.085049536965,0.033243,0.0126284,0,0.033243,686,6.93061973856148,0.146978069538376,3,5,0
w/o ellipse seeding,狭窄,17,20262920,1,216.534541020878,0.1010678,0.0153931,0.0073237,0.0937441,1231,3.98713597121032,0.169722889446265,3,5,0
w/o path-bias sampling,狭窄,17,20262920,1,212.885243942151,0.0810522,0.0080399,0.0080399,0.0730123,1221,2.34656541775505,0.316946328405102,3,5,0
w/o dynamic rewiring,狭窄,17,20262920,1,212.644906004594,0.0721335,0.0065063,0.0065063,0.0656272,1074,3.1610761752203,0.0768905448750843,3,5,0
w/o seed shortcutting,狭窄,17,20262920,1,213.812487938275,0.0686084,0.0087097,0.0087097,0.0598987,1172,4.81724668809472,0.286904237055644,3,5,0
AB-IRRT* (full),狭窄,17,20262920,1,212.885243942151,0.0624555,0.0078241,0.0078241,0.0546314,1074,2.34656541775505,0.316946328405102,3,5,0
APF-only,狭窄,18,20262921,1,279.791130115633,0.0086654,0.0085461,0.0086654,0,NaN,46.4502175583217,0.0632608111899984,3,5,0
Informed-RRT*,狭窄,18,20262921,1,213.435412609263,0.0742322,0.0095668,0,0.0742322,1301,4.50675544517345,0.0676825434611956,3,5,0
w/o ellipse seeding,狭窄,18,20262921,1,221.633946502252,0.0787904,0.0175591,0.0078352,0.0709552,1118,2.95354071442852,0.0116595464025347,3,5,0
w/o path-bias sampling,狭窄,18,20262921,1,212.885243942151,0.0403258,0.0077976,0.0077976,0.0325282,526,2.34656541775505,0.316946328405102,3,5,0
w/o dynamic rewiring,狭窄,18,20262921,1,212.885243942151,0.070703,0.0082799,0.0082799,0.0624231,982,2.34656541775505,0.316946328405102,3,5,0
w/o seed shortcutting,狭窄,18,20262921,1,224.410612266764,0.0716118,0.0081172,0.0081172,0.0634946,1209,7.39808882814876,0.292334941194691,3,5,0
AB-IRRT* (full),狭窄,18,20262921,1,212.885243942151,0.0452529,0.007678,0.007678,0.0375749,982,2.34656541775505,0.316946328405102,3,5,0
APF-only,狭窄,19,20262922,1,279.791130115633,0.0068063,0.0067129,0.0068063,0,NaN,46.4502175583217,0.0632608111899984,3,5,0
Informed-RRT*,狭窄,19,20262922,1,223.031526043181,0.0594963,0.0107606,0,0.0594963,1015,3.85928946055535,0.140017189875287,3,5,0
w/o ellipse seeding,狭窄,19,20262922,1,255.890971499673,0.0509952,0.0184471,0.0069605,0.0440347,838,5.85175672203235,0.366502699190472,3,5,0
w/o path-bias sampling,狭窄,19,20262922,1,212.885243942151,0.0830995,0.0064766,0.0064766,0.0766229,1196,2.34656541775505,0.316946328405102,3,5,0
w/o dynamic rewiring,狭窄,19,20262922,1,212.885243942151,0.0851341,0.0069768,0.0069768,0.0781573,1107,2.34656541775505,0.316946328405102,3,5,0
w/o seed shortcutting,狭窄,19,20262922,1,223.527312509796,0.0599349,0.0074861,0.0074861,0.0524488,1174,4.08010314398063,0.308674897601364,3,5,0
AB-IRRT* (full),狭窄,19,20262922,1,212.885243942151,0.0615207,0.0060463,0.0060463,0.0554744,1107,2.34656541775505,0.316946328405102,3,5,0
APF-only,狭窄,20,20262923,1,279.791130115633,0.0079801,0.0078976,0.0079801,0,NaN,46.4502175583217,0.0632608111899984,3,5,0
Informed-RRT*,狭窄,20,20262923,1,218.094055359975,0.0832503,0.0158346,0,0.0832503,1225,5.95078344569843,0.111925162298675,3,5,0
w/o ellipse seeding,狭窄,20,20262923,1,224.330764679118,0.0625501,0.0223044,0.0086506,0.0538995,927,5.03717457022712,0.163777582188585,3,5,0
w/o path-bias sampling,狭窄,20,20262923,1,212.885243942151,0.0257158,0.0075724,0.0075724,0.0181434,173,2.34656541775505,0.316946328405102,3,5,0
w/o dynamic rewiring,狭窄,20,20262923,1,212.885243942151,0.0643859,0.0076885,0.0076885,0.0566974,1086,2.34656541775505,0.316946328405102,3,5,0
w/o seed shortcutting,狭窄,20,20262923,1,231.445849696697,0.0560524,0.0074171,0.0074171,0.0486353,1047,5.30110783365195,0.0722279336553751,3,5,0
AB-IRRT* (full),狭窄,20,20262923,1,212.885243942151,0.0630565,0.0070333,0.0070333,0.0560232,1086,2.34656541775505,0.316946328405102,3,5,0
APF-only,狭窄,21,20262924,1,279.791130115633,0.0063057,0.0062249,0.0063057,0,NaN,46.4502175583217,0.0632608111899984,3,5,0
Informed-RRT*,狭窄,21,20262924,1,221.560850321248,0.0857225,0.0086946,0,0.0857225,1271,7.48440015453902,0.112943162821793,3,5,0
w/o ellipse seeding,狭窄,21,20262924,1,222.568715172292,0.080114,0.0223065,0.0070485,0.0730655,1187,6.98063061632616,0.103563765839212,3,5,0
w/o path-bias sampling,狭窄,21,20262924,1,212.885243942151,0.0800931,0.0066257,0.0066257,0.0734674,1195,2.34656541775505,0.316946328405102,3,5,0
w/o dynamic rewiring,狭窄,21,20262924,1,212.885243942151,0.0837357,0.0097695,0.0097695,0.0739662,1218,2.34656541775505,0.316946328405102,3,5,0
w/o seed shortcutting,狭窄,21,20262924,1,238.926674320284,0.0549433,0.0073051,0.0073051,0.0476382,1061,4.75033712799757,0.810696136462854,3,5,0
AB-IRRT* (full),狭窄,21,20262924,1,212.885243942151,0.0716397,0.0061361,0.0061361,0.0655036,1218,2.34656541775505,0.316946328405102,3,5,0
APF-only,狭窄,22,20262925,1,279.791130115633,0.0056326,0.0055351,0.0056326,0,NaN,46.4502175583217,0.0632608111899984,3,5,0
Informed-RRT*,狭窄,22,20262925,1,215.356274613154,0.0606189,0.0123757,0,0.0606189,1027,6.43426605871381,0.019144278754009,3,5,0
w/o ellipse seeding,狭窄,22,20262925,1,241.844739027469,0.0527084,0.0174725,0.0063222,0.0463862,778,6.25509539455474,0.457907834693755,3,5,0
w/o path-bias sampling,狭窄,22,20262925,1,212.885243942151,0.0569316,0.007438,0.007438,0.0494936,956,2.34656541775505,0.316946328405102,3,5,0
w/o dynamic rewiring,狭窄,22,20262925,1,212.885243942151,0.0247051,0.0087608,0.0087608,0.0159443,182,2.34656541775505,0.316946328405102,3,5,0
w/o seed shortcutting,狭窄,22,20262925,1,225.168038575488,0.0684343,0.0092184,0.0092184,0.0592159,1201,6.75531494208876,0.243350031174227,3,5,0
AB-IRRT* (full),狭窄,22,20262925,1,212.885243942151,0.0271706,0.0080512,0.0080512,0.0191194,182,2.34656541775505,0.316946328405102,3,5,0
APF-only,狭窄,23,20262926,1,279.791130115633,0.0082216,0.008134,0.0082216,0,NaN,46.4502175583217,0.0632608111899984,3,5,0
Informed-RRT*,狭窄,23,20262926,1,214.850248766364,0.0907811,0.0108258,0,0.0907811,1293,5.07429259192245,0.116889429228451,3,5,0
w/o ellipse seeding,狭窄,23,20262926,1,215.26345319935,0.0790851,0.0162433,0.0077887,0.0712964,1284,5.39601044577994,0.00758914715360248,3,5,0
w/o path-bias sampling,狭窄,23,20262926,1,212.885243942151,0.0274492,0.0079337,0.0079337,0.0195155,188,2.34656541775505,0.316946328405102,3,5,0
w/o dynamic rewiring,狭窄,23,20262926,1,212.885243942151,0.0237068,0.0062783,0.0062783,0.0174285,189,2.34656541775505,0.316946328405102,3,5,0
w/o seed shortcutting,狭窄,23,20262926,1,252.371568233611,0.0488205,0.0070919,0.0070919,0.0417286,904,8.90151207418411,0.0045690024217091,3,5,0
AB-IRRT* (full),狭窄,23,20262926,1,212.885243942151,0.0259078,0.0083312,0.0083312,0.0175766,189,2.34656541775505,0.316946328405102,3,5,0
APF-only,狭窄,24,20262927,1,279.791130115633,0.0090396,0.0089358,0.0090396,0,NaN,46.4502175583217,0.0632608111899984,3,5,0
Informed-RRT*,狭窄,24,20262927,1,224.414132419764,0.0649217,0.007241,0,0.0649217,1103,5.40083120888224,0.174805160112591,3,5,0
w/o ellipse seeding,狭窄,24,20262927,1,254.79370173697,0.0575464,0.0196609,0.0090039,0.0485425,853,9.24567573191302,0.255757939501208,3,5,0
w/o path-bias sampling,狭窄,24,20262927,1,212.885243942151,0.0867666,0.0088168,0.0088168,0.0779498,1102,2.34656541775505,0.316946328405102,3,5,0
w/o dynamic rewiring,狭窄,24,20262927,1,212.885243942151,0.0239808,0.0066551,0.0066551,0.0173257,152,2.34656541775505,0.316946328405102,3,5,0
w/o seed shortcutting,狭窄,24,20262927,1,274.42994384922,0.0449443,0.0085543,0.0085543,0.03639,808,9.3699230809129,0.0599067945194989,3,5,0
AB-IRRT* (full),狭窄,24,20262927,1,212.885243942151,0.0215606,0.0076908,0.0076908,0.0138698,152,2.34656541775505,0.316946328405102,3,5,0
APF-only,狭窄,25,20262928,1,279.791130115633,0.010661,0.0105351,0.010661,0,NaN,46.4502175583217,0.0632608111899984,3,5,0
Informed-RRT*,狭窄,25,20262928,1,248.140374364719,0.0389359,0.0079235,0,0.0389359,858,7.54024684120282,0.224790871471061,3,5,0
w/o ellipse seeding,狭窄,25,20262928,1,213.87060039336,0.0853016,0.0138062,0.0075873,0.0777143,1247,3.53611897745719,0.0407145052216151,3,5,0
w/o path-bias sampling,狭窄,25,20262928,1,212.885243942151,0.0201832,0.0062642,0.0062642,0.013919,179,2.34656541775505,0.316946328405102,3,5,0
w/o dynamic rewiring,狭窄,25,20262928,1,212.885243942151,0.0233465,0.0066003,0.0066003,0.0167462,179,2.34656541775505,0.316946328405102,3,5,0
w/o seed shortcutting,狭窄,25,20262928,1,252.575981540145,0.0436826,0.0058853,0.0058853,0.0377973,935,7.43010242210749,0.337014761357036,3,5,0
AB-IRRT* (full),狭窄,25,20262928,1,212.885243942151,0.0248757,0.009401,0.009401,0.0154747,179,2.34656541775505,0.316946328405102,3,5,0
APF-only,狭窄,26,20262929,1,279.791130115633,0.0073729,0.0073061,0.0073729,0,NaN,46.4502175583217,0.0632608111899984,3,5,0
Informed-RRT*,狭窄,26,20262929,1,250.923960108332,0.026244,0.0140302,0,0.026244,495,7.30540414875652,0.0729867686541912,3,5,0
w/o ellipse seeding,狭窄,26,20262929,1,251.375639326085,0.0314945,0.0218683,0.0082922,0.0232023,489,8.89769360837269,0.110820324288379,3,5,0
w/o path-bias sampling,狭窄,26,20262929,1,212.885243942151,0.0633968,0.0076074,0.0076074,0.0557894,863,2.34656541775505,0.316946328405102,3,5,0
w/o dynamic rewiring,狭窄,26,20262929,1,212.885243942151,0.0599481,0.0074803,0.0074803,0.0524678,1002,2.34656541775505,0.316946328405102,3,5,0
w/o seed shortcutting,狭窄,26,20262929,1,239.843259436748,0.0516231,0.0062234,0.0062234,0.0453997,1010,6.26683588992314,0.606215290121273,3,5,0
AB-IRRT* (full),狭窄,26,20262929,1,212.885243942151,0.0525532,0.0073875,0.0073875,0.0451657,1002,2.34656541775505,0.316946328405102,3,5,0
APF-only,狭窄,27,20262930,1,279.791130115633,0.0078239,0.0077336,0.0078239,0,NaN,46.4502175583217,0.0632608111899984,3,5,0
Informed-RRT*,狭窄,27,20262930,1,227.097080318733,0.0675278,0.0087479,0,0.0675278,1150,5.30081256885742,0.353551204532378,3,5,0
w/o ellipse seeding,狭窄,27,20262930,1,225.336988730373,0.0470682,0.016987,0.0070678,0.0400004,896,5.62574261368118,0.111983947295002,3,5,0
w/o path-bias sampling,狭窄,27,20262930,1,212.885243942151,0.0217592,0.0056998,0.0056998,0.0160594,162,2.34656541775505,0.316946328405102,3,5,0
w/o dynamic rewiring,狭窄,27,20262930,1,212.885243942151,0.0206765,0.0079429,0.0079429,0.0127336,164,2.34656541775505,0.316946328405102,3,5,0
w/o seed shortcutting,狭窄,27,20262930,1,240.769872630976,0.0530606,0.0077412,0.0077412,0.0453194,1086,9.99028694450296,0.111659817056903,3,5,0
AB-IRRT* (full),狭窄,27,20262930,1,212.885243942151,0.0245948,0.0087679,0.0087679,0.0158269,164,2.34656541775505,0.316946328405102,3,5,0
APF-only,狭窄,28,20262931,1,279.791130115633,0.006266,0.006198,0.006266,0,NaN,46.4502175583217,0.0632608111899984,3,5,0
Informed-RRT*,狭窄,28,20262931,1,251.785917962186,0.0448872,0.0126453,0,0.0448872,878,8.82155297018039,0.113626311636751,3,5,0
w/o ellipse seeding,狭窄,28,20262931,1,240.426630053281,0.0563064,0.0140249,0.006663,0.0496434,983,4.51130945524147,0.119776106800754,3,5,0
w/o path-bias sampling,狭窄,28,20262931,1,212.885243942151,0.0270756,0.0085421,0.0085421,0.0185335,177,2.34656541775505,0.316946328405102,3,5,0
w/o dynamic rewiring,狭窄,28,20262931,1,212.885243942151,0.0270513,0.0094973,0.0094973,0.017554,176,2.34656541775505,0.316946328405102,3,5,0
w/o seed shortcutting,狭窄,28,20262931,1,242.553484564902,0.050819,0.0077525,0.0077525,0.0430665,937,7.17586476889941,0.172016152810011,3,5,0
AB-IRRT* (full),狭窄,28,20262931,1,212.885243942151,0.021711,0.0077982,0.0077982,0.0139128,176,2.34656541775505,0.316946328405102,3,5,0
APF-only,狭窄,29,20262932,1,279.791130115633,0.0055831,0.0054721,0.0055831,0,NaN,46.4502175583217,0.0632608111899984,3,5,0
Informed-RRT*,狭窄,29,20262932,1,216.687815182107,0.0781693,0.0072815,0,0.0781693,1213,6.44005355801589,0.00847984123025469,3,5,0
w/o ellipse seeding,狭窄,29,20262932,1,213.424903141792,0.0923903,0.0116082,0.0061075,0.0862828,1299,4.08359437462472,0.119265271912369,3,5,0
w/o path-bias sampling,狭窄,29,20262932,1,212.885243942151,0.0218476,0.0069426,0.0069426,0.014905,165,2.34656541775505,0.316946328405102,3,5,0
w/o dynamic rewiring,狭窄,29,20262932,1,212.885243942151,0.0254892,0.0082144,0.0082144,0.0172748,166,2.34656541775505,0.316946328405102,3,5,0
w/o seed shortcutting,狭窄,29,20262932,1,222.181694775003,0.0688877,0.009516,0.009516,0.0593717,1206,4.9481925071992,0.287129477635984,3,5,0
AB-IRRT* (full),狭窄,29,20262932,1,212.885243942151,0.0236237,0.0075973,0.0075973,0.0160264,166,2.34656541775505,0.316946328405102,3,5,0
APF-only,狭窄,30,20262933,1,279.791130115633,0.0064404,0.0063521,0.0064404,0,NaN,46.4502175583217,0.0632608111899984,3,5,0
Informed-RRT*,狭窄,30,20262933,1,223.645702435879,0.0814857,0.0108027,0,0.0814857,1246,8.2147270010077,0.158880767868197,3,5,0
w/o ellipse seeding,狭窄,30,20262933,1,220.380409837125,0.0970166,0.016957,0.0080792,0.0889374,1243,6.80760225480029,0.138518198931878,3,5,0
w/o path-bias sampling,狭窄,30,20262933,1,212.885243942151,0.0806213,0.0082968,0.0082968,0.0723245,1127,2.34656541775505,0.316946328405102,3,5,0
w/o dynamic rewiring,狭窄,30,20262933,1,212.885243942151,0.0277157,0.0075504,0.0075504,0.0201653,181,2.34656541775505,0.316946328405102,3,5,0
w/o seed shortcutting,狭窄,30,20262933,1,238.067802750992,0.0508767,0.0075168,0.0075168,0.0433599,1072,6.27658180577004,0.126738191412315,3,5,0
AB-IRRT* (full),狭窄,30,20262933,1,212.885243942151,0.0229122,0.0087196,0.0087196,0.0141926,181,2.34656541775505,0.316946328405102,3,5,0
APF-only,狭窄,31,20262934,1,279.791130115633,0.0063656,0.0062929,0.0063656,0,NaN,46.4502175583217,0.0632608111899984,3,5,0
Informed-RRT*,狭窄,31,20262934,1,247.218283619599,0.0320703,0.0105449,0,0.0320703,615,9.23370211101772,0.131689273849204,3,5,0
w/o ellipse seeding,狭窄,31,20262934,1,260.079642858097,0.037896,0.01964,0.0081486,0.0297474,643,10.3064750040421,0.693660911745231,3,5,0
w/o path-bias sampling,狭窄,31,20262934,1,212.885243942151,0.0246867,0.0064253,0.0064253,0.0182614,171,2.34656541775505,0.316946328405102,3,5,0
w/o dynamic rewiring,狭窄,31,20262934,1,212.885243942151,0.0211672,0.0072696,0.0072696,0.0138976,171,2.34656541775505,0.316946328405102,3,5,0
w/o seed shortcutting,狭窄,31,20262934,1,228.993209520465,0.0627388,0.0060623,0.0060623,0.0566765,1134,4.51765298172686,0.112545961711204,3,5,0
AB-IRRT* (full),狭窄,31,20262934,1,212.885243942151,0.0306636,0.0071288,0.0071288,0.0235348,171,2.34656541775505,0.316946328405102,3,5,0
APF-only,狭窄,32,20262935,1,279.791130115633,0.0065762,0.0064819,0.0065762,0,NaN,46.4502175583217,0.0632608111899984,3,5,0
Informed-RRT*,狭窄,32,20262935,1,223.055162972734,0.0209607,0.0103704,0,0.0209607,459,3.37808936662965,0.817018962168933,3,5,0
w/o ellipse seeding,狭窄,32,20262935,1,213.612361807635,0.0798777,0.0120697,0.0067016,0.0731761,1222,4.26903138695274,0.0715263901370552,3,5,0
w/o path-bias sampling,狭窄,32,20262935,1,212.885243942151,0.0272602,0.007696,0.007696,0.0195642,158,2.34656541775505,0.316946328405102,3,5,0
w/o dynamic rewiring,狭窄,32,20262935,1,212.885243942151,0.0221587,0.007208,0.007208,0.0149507,158,2.34656541775505,0.316946328405102,3,5,0
w/o seed shortcutting,狭窄,32,20262935,1,246.635233416861,0.0485362,0.0059173,0.0059173,0.0426189,973,7.02713345106982,0.844341922358435,3,5,0
AB-IRRT* (full),狭窄,32,20262935,1,212.885243942151,0.0231772,0.0082954,0.0082954,0.0148818,158,2.34656541775505,0.316946328405102,3,5,0
APF-only,狭窄,33,20262936,1,279.791130115633,0.0072831,0.0071641,0.0072831,0,NaN,46.4502175583217,0.0632608111899984,3,5,0
Informed-RRT*,狭窄,33,20262936,1,213.513882805381,0.0887303,0.005615,0,0.0887303,1281,3.79288555703887,0.127330899651268,3,5,0
w/o ellipse seeding,狭窄,33,20262936,1,212.955353597794,0.0840002,0.0156841,0.0081194,0.0758808,1285,3.29338125378509,0.0224535106151755,3,5,0
w/o path-bias sampling,狭窄,33,20262936,1,212.885243942151,0.040335,0.00615,0.00615,0.034185,601,2.34656541775505,0.316946328405102,3,5,0
w/o dynamic rewiring,狭窄,33,20262936,1,212.885243942151,0.0688379,0.0078986,0.0078986,0.0609393,1155,2.34656541775505,0.316946328405102,3,5,0
w/o seed shortcutting,狭窄,33,20262936,1,233.341336387171,0.0583097,0.0085959,0.0085959,0.0497138,1073,8.92831486590858,0.0464337312417502,3,5,0
AB-IRRT* (full),狭窄,33,20262936,1,212.885243942151,0.0598599,0.0089973,0.0089973,0.0508626,1155,2.34656541775505,0.316946328405102,3,5,0
APF-only,狭窄,34,20262937,1,279.791130115633,0.0076659,0.0075692,0.0076659,0,NaN,46.4502175583217,0.0632608111899984,3,5,0
Informed-RRT*,狭窄,34,20262937,1,224.153551222214,0.0485383,0.0070281,0,0.0485383,849,4.46214892191424,0.11269048488055,3,5,0
w/o ellipse seeding,狭窄,34,20262937,1,245.709415080368,0.0499685,0.0155581,0.0064557,0.0435128,817,6.66857821537655,0.0621766166037982,3,5,0
w/o path-bias sampling,狭窄,34,20262937,1,212.885243942151,0.0270806,0.0096166,0.0096166,0.017464,172,2.34656541775505,0.316946328405102,3,5,0
w/o dynamic rewiring,狭窄,34,20262937,1,212.885243942151,0.0239392,0.0063363,0.0063363,0.0176029,174,2.34656541775505,0.316946328405102,3,5,0
w/o seed shortcutting,狭窄,34,20262937,1,243.38465194796,0.0509529,0.0076737,0.0076737,0.0432792,960,6.49978672189262,0.613591439839398,3,5,0
AB-IRRT* (full),狭窄,34,20262937,1,212.885243942151,0.0272673,0.0097535,0.0097535,0.0175138,174,2.34656541775505,0.316946328405102,3,5,0
APF-only,狭窄,35,20262938,1,279.791130115633,0.0060484,0.0059656,0.0060484,0,NaN,46.4502175583217,0.0632608111899984,3,5,0
Informed-RRT*,狭窄,35,20262938,1,264.360280274342,0.0392863,0.012059,0,0.0392863,736,9.63397563368731,0.498345300677175,3,5,0
w/o ellipse seeding,狭窄,35,20262938,1,266.351459850135,0.0423495,0.0212535,0.0080445,0.034305,740,9.16978387716681,0.61497559997259,3,5,0
w/o path-bias sampling,狭窄,35,20262938,1,212.885243942151,0.0228367,0.0062335,0.0062335,0.0166032,177,2.34656541775505,0.316946328405102,3,5,0
w/o dynamic rewiring,狭窄,35,20262938,1,212.885243942151,0.0254025,0.0085043,0.0085043,0.0168982,177,2.34656541775505,0.316946328405102,3,5,0
w/o seed shortcutting,狭窄,35,20262938,1,227.194624057658,0.0560524,0.0067485,0.0067485,0.0493039,1177,5.82968722356406,0.311812509495917,3,5,0
AB-IRRT* (full),狭窄,35,20262938,1,212.885243942151,0.0218998,0.0065082,0.0065082,0.0153916,177,2.34656541775505,0.316946328405102,3,5,0
APF-only,狭窄,36,20262939,1,279.791130115633,0.0063068,0.0062049,0.0063068,0,NaN,46.4502175583217,0.0632608111899984,3,5,0
Informed-RRT*,狭窄,36,20262939,1,223.807875853832,0.0409348,0.0087636,0,0.0409348,701,6.17555342135594,0.22129043004613,3,5,0
w/o ellipse seeding,狭窄,36,20262939,1,216.558942400669,0.0960541,0.0102788,0.0059932,0.0900609,1298,7.03013317557027,0.0899544182612537,3,5,0
w/o path-bias sampling,狭窄,36,20262939,1,212.885243942151,0.0260631,0.007651,0.007651,0.0184121,167,2.34656541775505,0.316946328405102,3,5,0
w/o dynamic rewiring,狭窄,36,20262939,1,212.885243942151,0.0219526,0.0074319,0.0074319,0.0145207,165,2.34656541775505,0.316946328405102,3,5,0
w/o seed shortcutting,狭窄,36,20262939,1,235.096026699101,0.0694598,0.014829,0.014829,0.0546308,1122,6.71492609307915,0.272979204477261,3,5,0
AB-IRRT* (full),狭窄,36,20262939,1,212.885243942151,0.0194884,0.0057621,0.0057621,0.0137263,165,2.34656541775505,0.316946328405102,3,5,0
APF-only,狭窄,37,20262940,1,279.791130115633,0.0067635,0.0066877,0.0067635,0,NaN,46.4502175583217,0.0632608111899984,3,5,0
Informed-RRT*,狭窄,37,20262940,1,240.717477181066,0.0207597,0.0142147,0,0.0207597,356,5.46709107112867,0.0845416563489501,3,5,0
w/o ellipse seeding,狭窄,37,20262940,1,220.815065329325,0.0805916,0.0136631,0.0078985,0.0726931,1228,7.2830792692114,0.0412490890872661,3,5,0
w/o path-bias sampling,狭窄,37,20262940,1,212.885243942151,0.070732,0.0062675,0.0062675,0.0644645,1128,2.34656541775505,0.316946328405102,3,5,0
w/o dynamic rewiring,狭窄,37,20262940,1,212.885243942151,0.0754606,0.00698,0.00698,0.0684806,1126,2.34656541775505,0.316946328405102,3,5,0
w/o seed shortcutting,狭窄,37,20262940,1,245.799654427334,0.0524777,0.0061149,0.0061149,0.0463628,984,7.83863427880023,0.480729531690126,3,5,0
AB-IRRT* (full),狭窄,37,20262940,1,212.885243942151,0.0649293,0.0071887,0.0071887,0.0577406,1126,2.34656541775505,0.316946328405102,3,5,0
APF-only,狭窄,38,20262941,1,279.791130115633,0.0071382,0.007037,0.0071382,0,NaN,46.4502175583217,0.0632608111899984,3,5,0
Informed-RRT*,狭窄,38,20262941,1,241.686023835936,0.0521681,0.0087263,0,0.0521681,950,5.01366980885259,0.313940035225857,3,5,0
w/o ellipse seeding,狭窄,38,20262941,1,246.90374012524,0.0415742,0.0168464,0.0082673,0.0333069,770,8.33775042417209,0.610453458560023,3,5,0
w/o path-bias sampling,狭窄,38,20262941,1,212.885243942151,0.0802045,0.0087357,0.0087357,0.0714688,1054,2.34656541775505,0.316946328405102,3,5,0
w/o dynamic rewiring,狭窄,38,20262941,1,212.885243942151,0.0806059,0.0080171,0.0080171,0.0725888,1174,2.34656541775505,0.316946328405102,3,5,0
w/o seed shortcutting,狭窄,38,20262941,1,256.828236854297,0.0492681,0.0078621,0.0078621,0.041406,931,11.6832159481487,0.0452596767661486,3,5,0
AB-IRRT* (full),狭窄,38,20262941,1,212.885243942151,0.0658752,0.0088956,0.0088956,0.0569796,1174,2.34656541775505,0.316946328405102,3,5,0
APF-only,狭窄,39,20262942,1,279.791130115633,0.0080497,0.0079474,0.0080497,0,NaN,46.4502175583217,0.0632608111899984,3,5,0
Informed-RRT*,狭窄,39,20262942,1,240.850554921063,0.0294789,0.0123246,0,0.0294789,614,5.59993943643167,0.315886464631687,3,5,0
w/o ellipse seeding,狭窄,39,20262942,1,221.807164210923,0.0568668,0.0216347,0.0078788,0.048988,792,4.52768674670784,0.114631898817408,3,5,0
w/o path-bias sampling,狭窄,39,20262942,1,212.885243942151,0.0672477,0.0081801,0.0081801,0.0590676,948,2.34656541775505,0.316946328405102,3,5,0
w/o dynamic rewiring,狭窄,39,20262942,1,212.885243942151,0.0247462,0.0083771,0.0083771,0.0163691,176,2.34656541775505,0.316946328405102,3,5,0
w/o seed shortcutting,狭窄,39,20262942,1,246.179178159818,0.057587,0.0085072,0.0085072,0.0490798,1048,6.35029279550152,0.157887233474681,3,5,0
AB-IRRT* (full),狭窄,39,20262942,1,212.885243942151,0.0254523,0.0082868,0.0082868,0.0171655,176,2.34656541775505,0.316946328405102,3,5,0
APF-only,狭窄,40,20262943,1,279.791130115633,0.0078628,0.0077923,0.0078628,0,NaN,46.4502175583217,0.0632608111899984,3,5,0
Informed-RRT*,狭窄,40,20262943,1,238.561270192471,0.0616775,0.0072837,0,0.0616775,976,5.79564784857961,0.28727639924163,3,5,0
w/o ellipse seeding,狭窄,40,20262943,1,223.667493792984,0.0803451,0.0170947,0.0079653,0.0723798,1162,8.78457680128076,0.124691120961643,3,5,0
w/o path-bias sampling,狭窄,40,20262943,1,212.885243942151,0.0252305,0.0078525,0.0078525,0.017378,153,2.34656541775505,0.316946328405102,3,5,0
w/o dynamic rewiring,狭窄,40,20262943,1,212.885243942151,0.0785835,0.0080836,0.0080836,0.0704999,1103,2.34656541775505,0.316946328405102,3,5,0
w/o seed shortcutting,狭窄,40,20262943,1,241.846709986151,0.0530399,0.0063549,0.0063549,0.046685,1037,8.24933713026599,0.0693332182643971,3,5,0
AB-IRRT* (full),狭窄,40,20262943,1,212.885243942151,0.0568096,0.005823,0.005823,0.0509866,1103,2.34656541775505,0.316946328405102,3,5,0
APF-only,狭窄,41,20262944,1,279.791130115633,0.0060343,0.005961,0.0060343,0,NaN,46.4502175583217,0.0632608111899984,3,5,0
Informed-RRT*,狭窄,41,20262944,1,223.432354844534,0.0297131,0.0117868,0,0.0297131,610,3.54414677673743,0.0812121126129899,3,5,0
w/o ellipse seeding,狭窄,41,20262944,1,216.209562366361,0.0957292,0.0126564,0.0068481,0.0888811,1215,5.68736057856121,0.126046726187083,3,5,0
w/o path-bias sampling,狭窄,41,20262944,1,212.885243942151,0.0975244,0.0079586,0.0079586,0.0895658,1177,2.34656541775505,0.316946328405102,3,5,0
w/o dynamic rewiring,狭窄,41,20262944,1,212.885243942151,0.0421891,0.0062861,0.0062861,0.035903,622,2.34656541775505,0.316946328405102,3,5,0
w/o seed shortcutting,狭窄,41,20262944,1,249.665820166451,0.0552223,0.0080942,0.0080942,0.0471281,1005,9.24228733605481,0.00703377169320696,3,5,0
AB-IRRT* (full),狭窄,41,20262944,1,212.885243942151,0.0320994,0.0067043,0.0067043,0.0253951,622,2.34656541775505,0.316946328405102,3,5,0
APF-only,狭窄,42,20262945,1,279.791130115633,0.0061539,0.0060769,0.0061539,0,NaN,46.4502175583217,0.0632608111899984,3,5,0
Informed-RRT*,狭窄,42,20262945,1,214.654590425008,0.0825825,0.0075096,0,0.0825825,1274,4.50595059411647,0.00799092134272428,3,5,0
w/o ellipse seeding,狭窄,42,20262945,1,238.740770932616,0.05715,0.0212458,0.0080148,0.0491352,871,4.46189271466472,0.223991991104606,3,5,0
w/o path-bias sampling,狭窄,42,20262945,1,212.885243942151,0.0708936,0.0083342,0.0083342,0.0625594,984,2.34656541775505,0.316946328405102,3,5,0
w/o dynamic rewiring,狭窄,42,20262945,1,212.885243942151,0.0769947,0.0075364,0.0075364,0.0694583,1179,2.34656541775505,0.316946328405102,3,5,0
w/o seed shortcutting,狭窄,42,20262945,1,222.841431219216,0.0680032,0.006113,0.006113,0.0618902,1170,3.42292947785732,0.0861121861853036,3,5,0
AB-IRRT* (full),狭窄,42,20262945,1,212.885243942151,0.0660263,0.0080195,0.0080195,0.0580068,1179,2.34656541775505,0.316946328405102,3,5,0
APF-only,狭窄,43,20262946,1,279.791130115633,0.0087897,0.0086733,0.0087897,0,NaN,46.4502175583217,0.0632608111899984,3,5,0
Informed-RRT*,狭窄,43,20262946,1,240.503935113734,0.0266053,0.0169307,0,0.0266053,417,4.36580257614905,0.13655862924872,3,5,0
w/o ellipse seeding,狭窄,43,20262946,1,223.525285278359,0.0717766,0.0207516,0.0088059,0.0629707,970,7.07628054493741,0.189963545139108,3,5,0
w/o path-bias sampling,狭窄,43,20262946,1,212.885243942151,0.0618129,0.0069247,0.0069247,0.0548882,876,2.34656541775505,0.316946328405102,3,5,0
w/o dynamic rewiring,狭窄,43,20262946,1,212.885243942151,0.0464856,0.006547,0.006547,0.0399386,639,2.34656541775505,0.316946328405102,3,5,0
w/o seed shortcutting,狭窄,43,20262946,1,243.768147589775,0.0552057,0.0076735,0.0076735,0.0475322,971,7.90068338048784,0.19483211146181,3,5,0
AB-IRRT* (full),狭窄,43,20262946,1,212.885243942151,0.0441582,0.0085429,0.0085429,0.0356153,639,2.34656541775505,0.316946328405102,3,5,0
APF-only,狭窄,44,20262947,1,279.791130115633,0.0089944,0.0088513,0.0089944,0,NaN,46.4502175583217,0.0632608111899984,3,5,0
Informed-RRT*,狭窄,44,20262947,1,216.390023718129,0.0906269,0.0098073,0,0.0906269,1182,7.4236327629797,0.0399382801118975,3,5,0
w/o ellipse seeding,狭窄,44,20262947,1,215.659316817648,0.112303,0.0170241,0.0080512,0.1042518,1276,5.55502337952321,0.0549431269524288,3,5,0
w/o path-bias sampling,狭窄,44,20262947,1,212.885243942151,0.03068,0.0085098,0.0085098,0.0221702,250,2.34656541775505,0.316946328405102,3,5,0
w/o dynamic rewiring,狭窄,44,20262947,1,212.885243942151,0.0273091,0.0084007,0.0084007,0.0189084,190,2.34656541775505,0.316946328405102,3,5,0
w/o seed shortcutting,狭窄,44,20262947,1,222.70472009579,0.0747567,0.0083129,0.0083129,0.0664438,1208,3.48283581025379,0.311923188606894,3,5,0
AB-IRRT* (full),狭窄,44,20262947,1,212.885243942151,0.0283014,0.0073424,0.0073424,0.020959,190,2.34656541775505,0.316946328405102,3,5,0
APF-only,狭窄,45,20262948,1,279.791130115633,0.0078736,0.0077609,0.0078736,0,NaN,46.4502175583217,0.0632608111899984,3,5,0
Informed-RRT*,狭窄,45,20262948,1,216.556457730172,0.0869116,0.0063243,0,0.0869116,1226,5.57444402311674,0.0522048464022191,3,5,0
w/o ellipse seeding,狭窄,45,20262948,1,247.919662915172,0.0524468,0.0215416,0.0071852,0.0452616,795,7.76312275052145,0.0993896653847788,3,5,0
w/o path-bias sampling,狭窄,45,20262948,1,212.885243942151,0.0254724,0.0088368,0.0088368,0.0166356,175,2.34656541775505,0.316946328405102,3,5,0
w/o dynamic rewiring,狭窄,45,20262948,1,212.885243942151,0.0777223,0.0077548,0.0077548,0.0699675,1155,2.34656541775505,0.316946328405102,3,5,0
w/o seed shortcutting,狭窄,45,20262948,1,238.756818504862,0.0474866,0.0060132,0.0060132,0.0414734,1001,3.96450948086681,0.0840330829520255,3,5,0
AB-IRRT* (full),狭窄,45,20262948,1,212.885243942151,0.0593486,0.0068293,0.0068293,0.0525193,1155,2.34656541775505,0.316946328405102,3,5,0
APF-only,狭窄,46,20262949,1,279.791130115633,0.0083304,0.008226,0.0083304,0,NaN,46.4502175583217,0.0632608111899984,3,5,0
Informed-RRT*,狭窄,46,20262949,1,220.636781127214,0.0709445,0.0086152,0,0.0709445,1083,3.12013183194344,0.256332600338355,3,5,0
w/o ellipse seeding,狭窄,46,20262949,1,242.439415890865,0.0489518,0.0200169,0.0083629,0.0405889,758,4.61379740520926,0.0624507553191975,3,5,0
w/o path-bias sampling,狭窄,46,20262949,1,212.885243942151,0.0850907,0.0080409,0.0080409,0.0770498,1107,2.34656541775505,0.316946328405102,3,5,0
w/o dynamic rewiring,狭窄,46,20262949,1,212.885243942151,0.0261196,0.0097193,0.0097193,0.0164003,143,2.34656541775505,0.316946328405102,3,5,0
w/o seed shortcutting,狭窄,46,20262949,1,213.319836539844,0.074747,0.008951,0.008951,0.065796,1239,4.23521421895342,0.0394467772382221,3,5,0
AB-IRRT* (full),狭窄,46,20262949,1,212.885243942151,0.018446,0.0059928,0.0059928,0.0124532,143,2.34656541775505,0.316946328405102,3,5,0
APF-only,狭窄,47,20262950,1,279.791130115633,0.0062715,0.0062065,0.0062715,0,NaN,46.4502175583217,0.0632608111899984,3,5,0
Informed-RRT*,狭窄,47,20262950,1,214.190162249421,0.0870422,0.0086382,0,0.0870422,1319,4.94434377650494,0.210272192288315,3,5,0
w/o ellipse seeding,狭窄,47,20262950,1,244.082007167892,0.0672878,0.0233411,0.0084782,0.0588096,957,9.62419029764419,0.0279818444804416,3,5,0
w/o path-bias sampling,狭窄,47,20262950,1,212.885243942151,0.0227732,0.0068564,0.0068564,0.0159168,172,2.34656541775505,0.316946328405102,3,5,0
w/o dynamic rewiring,狭窄,47,20262950,1,212.885243942151,0.0256815,0.0067894,0.0067894,0.0188921,157,2.34656541775505,0.316946328405102,3,5,0
w/o seed shortcutting,狭窄,47,20262950,1,231.723623970923,0.0670949,0.0089167,0.0089167,0.0581782,1105,8.61447987152689,0.359377176905513,3,5,0
AB-IRRT* (full),狭窄,47,20262950,1,212.885243942151,0.0265054,0.0089454,0.0089454,0.01756,157,2.34656541775505,0.316946328405102,3,5,0
APF-only,狭窄,48,20262951,1,279.791130115633,0.0079216,0.0078275,0.0079216,0,NaN,46.4502175583217,0.0632608111899984,3,5,0
Informed-RRT*,狭窄,48,20262951,1,221.184775957837,0.0625566,0.0064531,0,0.0625566,1007,4.13601829508433,0.22470544498974,3,5,0
w/o ellipse seeding,狭窄,48,20262951,1,215.102822971235,0.082065,0.0255664,0.0080439,0.0740211,1208,4.43502062576745,0.0356988043921334,3,5,0
w/o path-bias sampling,狭窄,48,20262951,1,212.885243942151,0.0282471,0.0078696,0.0078696,0.0203775,181,2.34656541775505,0.316946328405102,3,5,0
w/o dynamic rewiring,狭窄,48,20262951,1,212.885243942151,0.0877278,0.009089,0.009089,0.0786388,1237,2.34656541775505,0.316946328405102,3,5,0
w/o seed shortcutting,狭窄,48,20262951,1,221.633536329181,0.0685391,0.0057969,0.0057969,0.0627422,1168,3.83826827605388,0.322335327189107,3,5,0
AB-IRRT* (full),狭窄,48,20262951,1,212.885243942151,0.0664615,0.0059486,0.0059486,0.0605129,1237,2.34656541775505,0.316946328405102,3,5,0
APF-only,狭窄,49,20262952,1,279.791130115633,0.0079705,0.0078732,0.0079705,0,NaN,46.4502175583217,0.0632608111899984,3,5,0
Informed-RRT*,狭窄,49,20262952,1,248.062922526596,0.0385861,0.0109199,0,0.0385861,775,7.0499225791494,0.0320853743463765,3,5,0
w/o ellipse seeding,狭窄,49,20262952,1,245.282068477111,0.0471261,0.0236327,0.0089443,0.0381818,779,6.97432921796453,0.265859054171202,3,5,0
w/o path-bias sampling,狭窄,49,20262952,1,212.885243942151,0.0833477,0.0083549,0.0083549,0.0749928,1203,2.34656541775505,0.316946328405102,3,5,0
w/o dynamic rewiring,狭窄,49,20262952,1,212.885243942151,0.0215188,0.0061249,0.0061249,0.0153939,151,2.34656541775505,0.316946328405102,3,5,0
w/o seed shortcutting,狭窄,49,20262952,1,246.493994395606,0.0538944,0.0077139,0.0077139,0.0461805,981,13.5300113509469,0.0565204082153627,3,5,0
AB-IRRT* (full),狭窄,49,20262952,1,212.885243942151,0.0241838,0.007479,0.007479,0.0167048,151,2.34656541775505,0.316946328405102,3,5,0
APF-only,狭窄,50,20262953,1,279.791130115633,0.0065841,0.0065101,0.0065841,0,NaN,46.4502175583217,0.0632608111899984,3,5,0
Informed-RRT*,狭窄,50,20262953,1,230.637988561547,0.0718388,0.0151945,0,0.0718388,1131,7.95813629041904,0.0858431569043228,3,5,0
w/o ellipse seeding,狭窄,50,20262953,1,240.055062349909,0.0668377,0.0195743,0.0083204,0.0585173,1007,6.45516743854199,0.275477415547641,3,5,0
w/o path-bias sampling,狭窄,50,20262953,1,212.885243942151,0.0279457,0.008139,0.008139,0.0198067,238,2.34656541775505,0.316946328405102,3,5,0
w/o dynamic rewiring,狭窄,50,20262953,1,212.885243942151,0.0615307,0.0077318,0.0077318,0.0537989,886,2.34656541775505,0.316946328405102,3,5,0
w/o seed shortcutting,狭窄,50,20262953,1,245.75842768578,0.0533471,0.007639,0.007639,0.0457081,1003,7.13826315014167,0.0940065702529154,3,5,0
AB-IRRT* (full),狭窄,50,20262953,1,212.885243942151,0.0526263,0.0070181,0.0070181,0.0456082,886,2.34656541775505,0.316946328405102,3,5,0
APF-only,广阔,1,20263904,1,301.840641895898,0.0016946,0.0016186,0.0016946,0,NaN,53.671042473467,0.127432159127466,1,8,0
Informed-RRT*,广阔,1,20263904,1,209.915142657507,0.0937059,0.0055029,0,0.0937059,1412,2.8187938568244,0.134918944719912,1,8,0
w/o ellipse seeding,广阔,1,20263904,1,210.246240535137,0.1098232,0.0071605,0.0023275,0.1074957,1418,2.64106989527452,0.0679958372835188,1,8,0
w/o path-bias sampling,广阔,1,20263904,1,210.436794698364,0.0863014,0.0024671,0.0024671,0.0838343,1307,3.45460113272093,0.485200487097515,1,8,0
w/o dynamic rewiring,广阔,1,20263904,1,210.505233446491,0.0979973,0.0027327,0.0027327,0.0952646,1303,3.50528466232428,0.072379559700261,1,8,0
w/o seed shortcutting,广阔,1,20263904,1,212.072637156271,0.0773976,0.0019031,0.0019031,0.0754945,1430,4.54501298630122,0.305511024494843,1,8,0
AB-IRRT* (full),广阔,1,20263904,1,211.230573660274,0.0690546,0.0024343,0.0024343,0.0666203,1309,4.40219556941853,0.289744505669374,1,8,0
APF-only,广阔,2,20263905,1,301.840641895898,0.0020719,0.0019741,0.0020719,0,NaN,53.671042473467,0.127432159127466,1,8,0
Informed-RRT*,广阔,2,20263905,1,212.758107250174,0.0959774,0.0060036,0,0.0959774,1550,3.35649737099745,0.122550366344324,1,8,0
w/o ellipse seeding,广阔,2,20263905,1,210.99827144491,0.09702,0.0107588,0.0020401,0.0949799,1554,3.1682233476807,0.389459993936825,1,8,0
w/o path-bias sampling,广阔,2,20263905,1,210.325995407451,0.0906537,0.0022514,0.0022514,0.0884023,1336,3.06211955730356,0.546193917127294,1,8,0
w/o dynamic rewiring,广阔,2,20263905,1,209.839700185967,0.1040453,0.0023369,0.0023369,0.1017084,1313,2.56521458102189,0.0732121395016634,1,8,0
w/o seed shortcutting,广阔,2,20263905,1,213.460046831359,0.077663,0.0018933,0.0018933,0.0757697,1445,6.24579222678982,0.998374672700007,1,8,0
AB-IRRT* (full),广阔,2,20263905,1,212.040283138917,0.077081,0.0023874,0.0023874,0.0746936,1321,4.56867536001549,1.49817455762377,1,8,0
APF-only,广阔,3,20263906,1,301.840641895898,0.001909,0.0018378,0.001909,0,NaN,53.671042473467,0.127432159127466,1,8,0
Informed-RRT*,广阔,3,20263906,1,212.062681860162,0.1069251,0.0053051,0,0.1069251,1536,3.81608219759511,0.934346863380934,1,8,0
w/o ellipse seeding,广阔,3,20263906,1,210.622802756993,0.1030443,0.0087035,0.0020831,0.1009612,1486,2.99062067379519,0.414187318732852,1,8,0
w/o path-bias sampling,广阔,3,20263906,1,209.772597873297,0.0971741,0.0020137,0.0020137,0.0951604,1322,2.08923461345469,0.0360427853925617,1,8,0
w/o dynamic rewiring,广阔,3,20263906,1,209.180859697068,0.1017407,0.0020016,0.0020016,0.0997391,1356,2.04555991040027,0.0782059100171306,1,8,0
w/o seed shortcutting,广阔,3,20263906,1,216.311990011283,0.0792562,0.0021743,0.0021743,0.0770819,1517,8.23693181973444,0.345828655185159,1,8,0
AB-IRRT* (full),广阔,3,20263906,1,210.052782759859,0.0732331,0.0017849,0.0017849,0.0714482,1356,3.3480414654818,0.258657634308577,1,8,0
APF-only,广阔,4,20263907,1,301.840641895898,0.0021462,0.0020702,0.0021462,0,NaN,53.671042473467,0.127432159127466,1,8,0
Informed-RRT*,广阔,4,20263907,1,210.391798091881,0.1014685,0.0050726,0,0.1014685,1456,2.81991382457243,0.0776047072232977,1,8,0
w/o ellipse seeding,广阔,4,20263907,1,211.389343867224,0.1054622,0.0055991,0.0019107,0.1035515,1469,2.74116020274711,0.586207332409649,1,8,0
w/o path-bias sampling,广阔,4,20263907,1,210.811461205793,0.0915989,0.0026663,0.0026663,0.0889326,1385,2.4608858212748,0.0496443638826918,1,8,0
w/o dynamic rewiring,广阔,4,20263907,1,209.903759124161,0.0946749,0.0024894,0.0024894,0.0921855,1360,1.70691835006469,0.0784475415087482,1,8,0
w/o seed shortcutting,广阔,4,20263907,1,214.388717493557,0.0784592,0.0020889,0.0020889,0.0763703,1485,5.92126636894526,0.391798000815784,1,8,0
AB-IRRT* (full),广阔,4,20263907,1,211.890531615021,0.0783976,0.0022793,0.0022793,0.0761183,1368,4.06556441166991,1.08700758822911,1,8,0
APF-only,广阔,5,20263908,1,301.840641895898,0.0014712,0.0014078,0.0014712,0,NaN,53.671042473467,0.127432159127466,1,8,0
Informed-RRT*,广阔,5,20263908,1,210.585541828231,0.1113276,0.0066845,0,0.1113276,1494,3.72418600101571,0.0244456358113041,1,8,0
w/o ellipse seeding,广阔,5,20263908,1,211.084699962505,0.1065692,0.0075004,0.0023684,0.1042008,1475,3.36366439833076,0.167139454190945,1,8,0
w/o path-bias sampling,广阔,5,20263908,1,209.348397204959,0.0879461,0.0023352,0.0023352,0.0856109,1347,2.60045317513104,0.187774670190919,1,8,0
w/o dynamic rewiring,广阔,5,20263908,1,209.214074059343,0.0840885,0.0016569,0.0016569,0.0824316,1291,2.12812219662453,0.0980834885871928,1,8,0
w/o seed shortcutting,广阔,5,20263908,1,212.007643984822,0.0771799,0.0031245,0.0031245,0.0740554,1479,5.09848562259073,0.527395949570179,1,8,0
AB-IRRT* (full),广阔,5,20263908,1,210.050249801297,0.064764,0.0019671,0.0019671,0.0627969,1293,4.01687179743035,0.263123018396968,1,8,0
APF-only,广阔,6,20263909,1,301.840641895898,0.0013451,0.001293,0.0013451,0,NaN,53.671042473467,0.127432159127466,1,8,0
Informed-RRT*,广阔,6,20263909,1,209.40024665012,0.102556,0.0036556,0,0.102556,1458,2.12382426307914,0.0129123389597705,1,8,0
w/o ellipse seeding,广阔,6,20263909,1,211.136488322835,0.0967962,0.0065716,0.0016808,0.0951154,1523,3.60047956007725,0.172637460980532,1,8,0
w/o path-bias sampling,广阔,6,20263909,1,209.121518921888,0.0942989,0.0018588,0.0018588,0.0924401,1354,2.10044743640522,0.0663999822886012,1,8,0
w/o dynamic rewiring,广阔,6,20263909,1,208.841477694338,0.0955421,0.0020659,0.0020659,0.0934762,1329,1.38402741591139,0.0776436101854572,1,8,0
w/o seed shortcutting,广阔,6,20263909,1,213.726165374696,0.0727068,0.0015846,0.0015846,0.0711222,1511,6.72640689659633,0.264082080128792,1,8,0
AB-IRRT* (full),广阔,6,20263909,1,209.189103468758,0.0652701,0.0020577,0.0020577,0.0632124,1331,2.08256639358866,0.00449234322884529,1,8,0
APF-only,广阔,7,20263910,1,301.840641895898,0.0015268,0.0014525,0.0015268,0,NaN,53.671042473467,0.127432159127466,1,8,0
Informed-RRT*,广阔,7,20263910,1,212.280223592047,0.1220439,0.0045881,0,0.1220439,1467,4.15965840702783,0.803562524397814,1,8,0
w/o ellipse seeding,广阔,7,20263910,1,209.903933218011,0.0938708,0.007352,0.0019824,0.0918884,1472,2.29721485887156,0.219689333954218,1,8,0
w/o path-bias sampling,广阔,7,20263910,1,209.221275491048,0.0864422,0.0029236,0.0029236,0.0835186,1272,1.46893921188913,0.325090630719155,1,8,0
w/o dynamic rewiring,广阔,7,20263910,1,209.492207346838,0.0801739,0.0020142,0.0020142,0.0781597,1265,1.95273579485025,0.0578908003476656,1,8,0
w/o seed shortcutting,广阔,7,20263910,1,212.892706848939,0.0737784,0.0019841,0.0019841,0.0717943,1500,6.14392500147814,0.193947165733661,1,8,0
AB-IRRT* (full),广阔,7,20263910,1,209.635701465987,0.0631758,0.0016682,0.0016682,0.0615076,1263,3.21515496318633,0.204932044369599,1,8,0
APF-only,广阔,8,20263911,1,301.840641895898,0.0023693,0.0023097,0.0023693,0,NaN,53.671042473467,0.127432159127466,1,8,0
Informed-RRT*,广阔,8,20263911,1,212.322895138615,0.0905865,0.0054307,0,0.0905865,1407,3.67338441952087,0.62850250755245,1,8,0
w/o ellipse seeding,广阔,8,20263911,1,212.077369683198,0.0903578,0.0076009,0.0018767,0.0884811,1447,3.82046042305853,0.300091344973694,1,8,0
w/o path-bias sampling,广阔,8,20263911,1,209.425636380265,0.0856672,0.0016511,0.0016511,0.0840161,1288,2.09007122385428,0.247938756053401,1,8,0
w/o dynamic rewiring,广阔,8,20263911,1,209.527567830204,0.0739693,0.0023883,0.0023883,0.071581,1249,1.75254940957858,0.063244489002642,1,8,0
w/o seed shortcutting,广阔,8,20263911,1,213.040399315553,0.0702905,0.0019057,0.0019057,0.0683848,1501,7.43404434562253,0.0704218899749662,1,8,0
AB-IRRT* (full),广阔,8,20263911,1,210.091257758104,0.0614234,0.0021611,0.0021611,0.0592623,1254,3.27216127669472,0.130722747134087,1,8,0
APF-only,广阔,9,20263912,1,301.840641895898,0.0013879,0.0013244,0.0013879,0,NaN,53.671042473467,0.127432159127466,1,8,0
Informed-RRT*,广阔,9,20263912,1,216.739851536073,0.0968914,0.0120669,0,0.0968914,1710,6.09554329551769,0.262671213063697,1,8,0
w/o ellipse seeding,广阔,9,20263912,1,226.655399795799,0.0971648,0.0076317,0.0022037,0.0949611,1608,7.86822495599211,0.0709426948030796,1,8,0
w/o path-bias sampling,广阔,9,20263912,1,211.043997777033,0.0785231,0.0026024,0.0026024,0.0759207,1142,2.83162249065946,0.110208568250854,1,8,0
w/o dynamic rewiring,广阔,9,20263912,1,209.352335345024,0.0932664,0.0024557,0.0024557,0.0908107,1339,2.33404834441943,0.108314919960307,1,8,0
w/o seed shortcutting,广阔,9,20263912,1,213.912513630105,0.0710791,0.0020771,0.0020771,0.069002,1458,5.97361896576907,0.611731748429742,1,8,0
AB-IRRT* (full),广阔,9,20263912,1,209.953222210914,0.066372,0.0017444,0.0017444,0.0646276,1337,4.04697632322869,0.240077004959488,1,8,0
APF-only,广阔,10,20263913,1,301.840641895898,0.0020759,0.0019863,0.0020759,0,NaN,53.671042473467,0.127432159127466,1,8,0
Informed-RRT*,广阔,10,20263913,1,214.72539825755,0.0925998,0.0099611,0,0.0925998,1561,5.46138008815892,0.110809599616275,1,8,0
w/o ellipse seeding,广阔,10,20263913,1,216.499989603043,0.0977941,0.0090506,0.0025029,0.0952912,1522,5.50711097419111,0.128055698022497,1,8,0
w/o path-bias sampling,广阔,10,20263913,1,209.099419901314,0.077046,0.0023325,0.0023325,0.0747135,1271,2.12397876509417,0.308497916826525,1,8,0
w/o dynamic rewiring,广阔,10,20263913,1,211.709162990586,0.0976866,0.0028074,0.0028074,0.0948792,1316,2.7353961199907,0.665705004279581,1,8,0
w/o seed shortcutting,广阔,10,20263913,1,211.929475478545,0.0729441,0.0024834,0.0024834,0.0704607,1441,5.7040222594152,0.0345914711078237,1,8,0
AB-IRRT* (full),广阔,10,20263913,1,211.529249455593,0.0734241,0.0017637,0.0017637,0.0716604,1323,5.57009839572897,0.205281962435319,1,8,0
APF-only,广阔,11,20263914,1,301.840641895898,0.0014487,0.0013778,0.0014487,0,NaN,53.671042473467,0.127432159127466,1,8,0
Informed-RRT*,广阔,11,20263914,1,218.70749378707,0.0845299,0.0060122,0,0.0845299,1566,5.85636668771246,0.137392797161949,1,8,0
w/o ellipse seeding,广阔,11,20263914,1,211.47163893988,0.1065876,0.0086573,0.0026782,0.1039094,1477,4.16159372317567,1.37251719199983,1,8,0
w/o path-bias sampling,广阔,11,20263914,1,209.295290522178,0.1010295,0.0023072,0.0023072,0.0987223,1375,1.86113366529538,0.519662258216648,1,8,0
w/o dynamic rewiring,广阔,11,20263914,1,209.098798129777,0.0938398,0.0024159,0.0024159,0.0914239,1361,1.82257795742615,0.090244497593778,1,8,0
w/o seed shortcutting,广阔,11,20263914,1,211.502360079969,0.0767433,0.0014565,0.0014565,0.0752868,1463,9.9151184960425,0.319169508153678,1,8,0
AB-IRRT* (full),广阔,11,20263914,1,210.13380054143,0.0749819,0.0020751,0.0020751,0.0729068,1365,4.16121790867766,0.0723416636764966,1,8,0
APF-only,广阔,12,20263915,1,301.840641895898,0.00175,0.0016843,0.00175,0,NaN,53.671042473467,0.127432159127466,1,8,0
Informed-RRT*,广阔,12,20263915,1,256.849204559182,0.0864934,0.0047179,0,0.0864934,1600,11.7241428115881,0.64773247918234,1,8,0
w/o ellipse seeding,广阔,12,20263915,1,217.215883259797,0.0901927,0.0103976,0.0024106,0.0877821,1613,6.38218169535767,0.368405406214457,1,8,0
w/o path-bias sampling,广阔,12,20263915,1,209.184590526679,0.0939326,0.0021534,0.0021534,0.0917792,1339,1.94283714531429,0.221522000147647,1,8,0
w/o dynamic rewiring,广阔,12,20263915,1,209.103644095538,0.1046447,0.0023893,0.0023893,0.1022554,1313,1.5257423662206,0.276616443180856,1,8,0
w/o seed shortcutting,广阔,12,20263915,1,213.86674962959,0.0680778,0.0018682,0.0018682,0.0662096,1436,7.22174791667813,0.379803331569326,1,8,0
AB-IRRT* (full),广阔,12,20263915,1,210.07119408186,0.0752677,0.0030917,0.0030917,0.072176,1321,4.40058440279239,0.401413271037784,1,8,0
APF-only,广阔,13,20263916,1,301.840641895898,0.0020786,0.0019786,0.0020786,0,NaN,53.671042473467,0.127432159127466,1,8,0
Informed-RRT*,广阔,13,20263916,1,211.248984406878,0.0931481,0.004566,0,0.0931481,1443,3.4990587328841,0.240537125238115,1,8,0
w/o ellipse seeding,广阔,13,20263916,1,209.405544827115,0.0897935,0.0070517,0.0028014,0.0869921,1432,2.13775092982567,0.104586695081352,1,8,0
w/o path-bias sampling,广阔,13,20263916,1,209.876589234431,0.1007204,0.0018467,0.0018467,0.0988737,1390,2.84324139649699,0.0995271269561259,1,8,0
w/o dynamic rewiring,广阔,13,20263916,1,209.410914811199,0.0989439,0.0016613,0.0016613,0.0972826,1330,2.93640772279719,0.197552653626801,1,8,0
w/o seed shortcutting,广阔,13,20263916,1,209.724171142178,0.0704284,0.0019349,0.0019349,0.0684935,1449,2.86021490268383,0.103988322039825,1,8,0
AB-IRRT* (full),广阔,13,20263916,1,210.891488112162,0.0698628,0.0019061,0.0019061,0.0679567,1330,4.83177586909074,1.31909386318747,1,8,0
APF-only,广阔,14,20263917,1,301.840641895898,0.0022575,0.0021674,0.0022575,0,NaN,53.671042473467,0.127432159127466,1,8,0
Informed-RRT*,广阔,14,20263917,1,236.787547965226,0.0842423,0.0064372,0,0.0842423,1667,7.9925972348145,0.0415189318252516,1,8,0
w/o ellipse seeding,广阔,14,20263917,1,216.100547601826,0.1013206,0.0092011,0.0022114,0.0991092,1565,6.52254569169429,0.210102053876753,1,8,0
w/o path-bias sampling,广阔,14,20263917,1,210.057191271888,0.0873959,0.0022275,0.0022275,0.0851684,1351,3.27425244290669,0.0243256664496769,1,8,0
w/o dynamic rewiring,广阔,14,20263917,1,209.117551596468,0.0910338,0.0018982,0.0018982,0.0891356,1325,1.80134957420625,0.0097969272570122,1,8,0
w/o seed shortcutting,广阔,14,20263917,1,212.382710675381,0.0861711,0.0020336,0.0020336,0.0841375,1461,4.03641125723346,0.790741926543156,1,8,0
AB-IRRT* (full),广阔,14,20263917,1,209.845640536696,0.0707364,0.0017225,0.0017225,0.0690139,1328,3.74220798618543,0.0970242111198729,1,8,0
APF-only,广阔,15,20263918,1,301.840641895898,0.0016469,0.0015619,0.0016469,0,NaN,53.671042473467,0.127432159127466,1,8,0
Informed-RRT*,广阔,15,20263918,1,210.014440645905,0.0876243,0.0054546,0,0.0876243,1573,2.93877797974995,0.209280937742804,1,8,0
w/o ellipse seeding,广阔,15,20263918,1,209.932225085257,0.1015004,0.0055984,0.0017908,0.0997096,1442,2.84546979071552,0.264295738606631,1,8,0
w/o path-bias sampling,广阔,15,20263918,1,209.919130858815,0.089919,0.0017888,0.0017888,0.0881302,1349,2.94298475109449,0.328710278552504,1,8,0
w/o dynamic rewiring,广阔,15,20263918,1,209.168469661776,0.1073476,0.0021859,0.0021859,0.1051617,1355,1.25216177258699,0.282824097929677,1,8,0
w/o seed shortcutting,广阔,15,20263918,1,221.5368020041,0.0764696,0.0018498,0.0018498,0.0746198,1505,3.58656419324489,0.057363713464115,1,8,0
AB-IRRT* (full),广阔,15,20263918,1,218.470617583095,0.0715926,0.0019971,0.0019971,0.0695955,1375,8.84078277461149,0.0703375752852774,1,8,0
APF-only,广阔,16,20263919,1,301.840641895898,0.0019047,0.0018148,0.0019047,0,NaN,53.671042473467,0.127432159127466,1,8,0
Informed-RRT*,广阔,16,20263919,1,218.723854201525,0.0915097,0.0076771,0,0.0915097,1602,5.06110962360582,0.237294923472504,1,8,0
w/o ellipse seeding,广阔,16,20263919,1,209.871296650093,0.0906377,0.0071091,0.0026975,0.0879402,1382,2.03888439033689,0.168075320844233,1,8,0
w/o path-bias sampling,广阔,16,20263919,1,208.80553087139,0.0831011,0.0022498,0.0022498,0.0808513,1326,1.94882616846887,0.117771688722911,1,8,0
w/o dynamic rewiring,广阔,16,20263919,1,209.265192599581,0.0952989,0.0025046,0.0025046,0.0927943,1271,1.85008844765302,0.282921727042517,1,8,0
w/o seed shortcutting,广阔,16,20263919,1,217.922186883574,0.0726653,0.0019975,0.0019975,0.0706678,1467,6.74052906367644,0.184199646199637,1,8,0
AB-IRRT* (full),广阔,16,20263919,1,209.185958402146,0.0694045,0.0023691,0.0023691,0.0670354,1270,2.20514694899089,0.318481626541598,1,8,0
APF-only,广阔,17,20263920,1,301.840641895898,0.0020091,0.0019245,0.0020091,0,NaN,53.671042473467,0.127432159127466,1,8,0
Informed-RRT*,广阔,17,20263920,1,210.041466547079,0.100857,0.0041687,0,0.100857,1451,3.3984024289132,0.484860954918545,1,8,0
w/o ellipse seeding,广阔,17,20263920,1,209.656328831156,0.1027055,0.0063056,0.0023417,0.1003638,1408,2.61534867967946,0.596427041110222,1,8,0
w/o path-bias sampling,广阔,17,20263920,1,208.985913238568,0.0964331,0.0017267,0.0017267,0.0947064,1331,1.86948640700459,0.0252912498224873,1,8,0
w/o dynamic rewiring,广阔,17,20263920,1,208.804683304189,0.0980035,0.002268,0.002268,0.0957355,1331,1.47875843259508,0.00228516234889042,1,8,0
w/o seed shortcutting,广阔,17,20263920,1,211.007449886061,0.0751425,0.0017512,0.0017512,0.0733913,1462,4.34518333236084,0.12482726923443,1,8,0
AB-IRRT* (full),广阔,17,20263920,1,211.0803201101,0.0794103,0.0034359,0.0034359,0.0759744,1345,5.76340304329512,0.0667712087090138,1,8,0
APF-only,广阔,18,20263921,1,301.840641895898,0.0015813,0.0015121,0.0015813,0,NaN,53.671042473467,0.127432159127466,1,8,0
Informed-RRT*,广阔,18,20263921,1,214.326285738808,0.0992156,0.0081689,0,0.0992156,1563,7.36920208874977,0.308769230631993,1,8,0
w/o ellipse seeding,广阔,18,20263921,1,209.889146822495,0.0994179,0.0107344,0.002465,0.0969529,1445,2.80250348322365,0.0535084742877103,1,8,0
w/o path-bias sampling,广阔,18,20263921,1,210.260640531698,0.0930589,0.0037545,0.0037545,0.0893044,1275,2.69244111429336,0.255547309052687,1,8,0
w/o dynamic rewiring,广阔,18,20263921,1,209.006017936222,0.0975987,0.0024388,0.0024388,0.0951599,1288,1.63080240798692,0.118969486395202,1,8,0
w/o seed shortcutting,广阔,18,20263921,1,224.733584957055,0.0781019,0.0019938,0.0019938,0.0761081,1517,6.35226365638403,0.191103457275473,1,8,0
AB-IRRT* (full),广阔,18,20263921,1,210.606106308764,0.0706466,0.0025806,0.0025806,0.068066,1288,4.27009642051901,0.300436305462702,1,8,0
APF-only,广阔,19,20263922,1,301.840641895898,0.0036504,0.0035486,0.0036504,0,NaN,53.671042473467,0.127432159127466,1,8,0
Informed-RRT*,广阔,19,20263922,1,211.50384971371,0.0957589,0.0051717,0,0.0957589,1393,4.23031935648648,0.623293598248166,1,8,0
w/o ellipse seeding,广阔,19,20263922,1,211.319939887229,0.1047187,0.0074818,0.0025721,0.1021466,1410,3.50257904812604,0.163535289455867,1,8,0
w/o path-bias sampling,广阔,19,20263922,1,209.593033541033,0.0927136,0.0022144,0.0022144,0.0904992,1309,2.5540829711963,0.208430536512282,1,8,0
w/o dynamic rewiring,广阔,19,20263922,1,208.865435725352,0.0909058,0.003023,0.003023,0.0878828,1280,1.60211970731431,0.107528695165532,1,8,0
w/o seed shortcutting,广阔,19,20263922,1,220.702684731488,0.0814113,0.0021136,0.0021136,0.0792977,1480,3.78331623022888,0.111076923652927,1,8,0
AB-IRRT* (full),广阔,19,20263922,1,209.786166935766,0.06592,0.002833,0.002833,0.063087,1279,3.2321672590126,0.162693147622321,1,8,0
APF-only,广阔,20,20263923,1,301.840641895898,0.0017851,0.0017089,0.0017851,0,NaN,53.671042473467,0.127432159127466,1,8,0
Informed-RRT*,广阔,20,20263923,1,209.901032076583,0.1017746,0.0046511,0,0.1017746,1385,2.35718876858649,0.0862587439403452,1,8,0
w/o ellipse seeding,广阔,20,20263923,1,210.2052092381,0.109467,0.0058909,0.0020244,0.1074426,1483,2.95280104484021,0.160286400059825,1,8,0
w/o path-bias sampling,广阔,20,20263923,1,212.255720582743,0.0953111,0.0024367,0.0024367,0.0928744,1363,4.39545301929777,0.264907113828656,1,8,0
w/o dynamic rewiring,广阔,20,20263923,1,209.683471058566,0.1078526,0.0024302,0.0024302,0.1054224,1316,1.96947735492367,0.305288920036377,1,8,0
w/o seed shortcutting,广阔,20,20263923,1,210.963557166655,0.0781291,0.0018815,0.0018815,0.0762476,1438,4.48776860402203,0.922475403604718,1,8,0
AB-IRRT* (full),广阔,20,20263923,1,210.647776145653,0.0770672,0.0022544,0.0022544,0.0748128,1317,6.4257648502815,0.0623709115966456,1,8,0
APF-only,广阔,21,20263924,1,301.840641895898,0.0018676,0.0017977,0.0018676,0,NaN,53.671042473467,0.127432159127466,1,8,0
Informed-RRT*,广阔,21,20263924,1,220.864593825042,0.1039115,0.0042299,0,0.1039115,1560,8.20957922002997,1.83733449179406,1,8,0
w/o ellipse seeding,广阔,21,20263924,1,216.722578277466,0.1106469,0.0078548,0.002167,0.1084799,1526,5.30208545315222,0.196917979770461,1,8,0
w/o path-bias sampling,广阔,21,20263924,1,209.299310383033,0.0844404,0.0025543,0.0025543,0.0818861,1332,2.46390033852226,0.00498362546236564,1,8,0
w/o dynamic rewiring,广阔,21,20263924,1,209.221477882305,0.0904952,0.0022923,0.0022923,0.0882029,1277,1.23317260765542,0.0716847833828258,1,8,0
w/o seed shortcutting,广阔,21,20263924,1,213.370172712792,0.0784773,0.0019761,0.0019761,0.0765012,1464,7.24650894380881,0.021831681603544,1,8,0
AB-IRRT* (full),广阔,21,20263924,1,209.974504097449,0.0701995,0.0024934,0.0024934,0.0677061,1280,2.87849632053282,0.0823852378574606,1,8,0
APF-only,广阔,22,20263925,1,301.840641895898,0.00181,0.0017327,0.00181,0,NaN,53.671042473467,0.127432159127466,1,8,0
Informed-RRT*,广阔,22,20263925,1,209.380671097631,0.0997931,0.0057866,0,0.0997931,1432,2.48904846000489,0.0221569506080694,1,8,0
w/o ellipse seeding,广阔,22,20263925,1,210.233142239855,0.1037462,0.0067565,0.0019835,0.1017627,1466,3.10370369325328,0.242654177359617,1,8,0
w/o path-bias sampling,广阔,22,20263925,1,212.285577366349,0.1008439,0.0025746,0.0025746,0.0982693,1382,4.86367081170208,0.045160203130223,1,8,0
w/o dynamic rewiring,广阔,22,20263925,1,210.255920333357,0.1019523,0.00212,0.00212,0.0998323,1329,2.74782835419955,0.458478781568281,1,8,0
w/o seed shortcutting,广阔,22,20263925,1,213.198635113024,0.0747866,0.0023034,0.0023034,0.0724832,1509,8.23070851503353,0.372623362309912,1,8,0
AB-IRRT* (full),广阔,22,20263925,1,214.404865757811,0.0701547,0.001968,0.001968,0.0681867,1343,7.73260651783672,0.495454504062614,1,8,0
APF-only,广阔,23,20263926,1,301.840641895898,0.0015996,0.0014021,0.0015996,0,NaN,53.671042473467,0.127432159127466,1,8,0
Informed-RRT*,广阔,23,20263926,1,211.264691616072,0.1067347,0.003897,0,0.1067347,1523,3.31358918457917,0.365355006492522,1,8,0
w/o ellipse seeding,广阔,23,20263926,1,210.183395586761,0.1085907,0.0066252,0.0024835,0.1061072,1544,2.70301687247952,0.415873063191759,1,8,0
w/o path-bias sampling,广阔,23,20263926,1,210.926967257096,0.0970648,0.0021972,0.0021972,0.0948676,1373,3.77279400212225,0.179234967221196,1,8,0
w/o dynamic rewiring,广阔,23,20263926,1,209.21988135558,0.0973542,0.0038572,0.0038572,0.093497,1368,2.0572712732457,0.158079888271409,1,8,0
w/o seed shortcutting,广阔,23,20263926,1,218.008031319164,0.0829726,0.0017458,0.0017458,0.0812268,1562,8.09781171466887,0.27498460287849,1,8,0
AB-IRRT* (full),广阔,23,20263926,1,210.50778297898,0.0785814,0.0024194,0.0024194,0.076162,1374,4.59029579994452,0.0636246270478171,1,8,0
APF-only,广阔,24,20263927,1,301.840641895898,0.0020562,0.0019769,0.0020562,0,NaN,53.671042473467,0.127432159127466,1,8,0
Informed-RRT*,广阔,24,20263927,1,209.44741355778,0.1029877,0.0066753,0,0.1029877,1503,2.34627884154993,0.206974821505644,1,8,0
w/o ellipse seeding,广阔,24,20263927,1,214.585449288625,0.1020423,0.0086016,0.0023793,0.099663,1538,5.42511383020128,0.581448469739778,1,8,0
w/o path-bias sampling,广阔,24,20263927,1,211.207913991507,0.1048349,0.002301,0.002301,0.1025339,1411,4.22756569105325,0.216756312429185,1,8,0
w/o dynamic rewiring,广阔,24,20263927,1,209.953910480424,0.1038666,0.0021134,0.0021134,0.1017532,1390,2.4552289414749,0.150530390740769,1,8,0
w/o seed shortcutting,广阔,24,20263927,1,213.324495038699,0.0771358,0.0020685,0.0020685,0.0750673,1507,7.71629898126559,0.578746175395977,1,8,0
AB-IRRT* (full),广阔,24,20263927,1,210.180115746146,0.0770714,0.002212,0.002212,0.0748594,1395,3.05096277680801,0.0807061693572848,1,8,0
APF-only,广阔,25,20263928,1,301.840641895898,0.0018331,0.0017548,0.0018331,0,NaN,53.671042473467,0.127432159127466,1,8,0
Informed-RRT*,广阔,25,20263928,1,218.725196353106,0.1019189,0.0062621,0,0.1019189,1557,7.14768882405305,0.971228910405458,1,8,0
w/o ellipse seeding,广阔,25,20263928,1,236.980827669168,0.0889637,0.0140342,0.0023347,0.086629,1573,4.95412225643164,0.736351089224776,1,8,0
w/o path-bias sampling,广阔,25,20263928,1,210.207352667252,0.0939307,0.0020321,0.0020321,0.0918986,1315,2.46872488572795,0.182930769011094,1,8,0
w/o dynamic rewiring,广阔,25,20263928,1,209.223567091677,0.1042596,0.0023702,0.0023702,0.1018894,1328,1.87091882673506,0.21885312039641,1,8,0
w/o seed shortcutting,广阔,25,20263928,1,212.20123057426,0.0720155,0.0020327,0.0020327,0.0699828,1443,7.03799690785903,0.684797582431703,1,8,0
AB-IRRT* (full),广阔,25,20263928,1,211.461207747941,0.0840601,0.0027869,0.0027869,0.0812732,1340,6.07464350550016,0.0316600169244268,1,8,0
APF-only,广阔,26,20263929,1,301.840641895898,0.0013675,0.0013104,0.0013675,0,NaN,53.671042473467,0.127432159127466,1,8,0
Informed-RRT*,广阔,26,20263929,1,210.947311686225,0.0954991,0.0067928,0,0.0954991,1573,3.00596243157313,0.630768554475032,1,8,0
w/o ellipse seeding,广阔,26,20263929,1,211.249186422358,0.1014668,0.010479,0.0023032,0.0991636,1544,2.95847087365641,0.440775093126785,1,8,0
w/o path-bias sampling,广阔,26,20263929,1,209.593770585334,0.1002135,0.0017689,0.0017689,0.0984446,1380,3.12101542083452,0.0905551615357627,1,8,0
w/o dynamic rewiring,广阔,26,20263929,1,209.180338898624,0.1091873,0.0025126,0.0025126,0.1066747,1368,2.16840314371322,0.184702509283596,1,8,0
w/o seed shortcutting,广阔,26,20263929,1,214.504446878486,0.0781777,0.0028373,0.0028373,0.0753404,1507,6.14436067243281,0.589449592961499,1,8,0
AB-IRRT* (full),广阔,26,20263929,1,211.596966370164,0.0756847,0.0023082,0.0023082,0.0733765,1385,4.02332732481553,1.03945187329698,1,8,0
APF-only,广阔,27,20263930,1,301.840641895898,0.0019148,0.0018158,0.0019148,0,NaN,53.671042473467,0.127432159127466,1,8,0
Informed-RRT*,广阔,27,20263930,1,209.183653489453,0.094918,0.004378,0,0.094918,1411,2.03748946089774,0.148657217029815,1,8,0
w/o ellipse seeding,广阔,27,20263930,1,217.182070072166,0.0873158,0.0085368,0.0021406,0.0851752,1610,6.56813223596574,0.772719462086634,1,8,0
w/o path-bias sampling,广阔,27,20263930,1,209.222391704536,0.086863,0.0027628,0.0027628,0.0841002,1396,1.99500282386872,0.279882316238682,1,8,0
w/o dynamic rewiring,广阔,27,20263930,1,209.044855190481,0.096101,0.0023529,0.0023529,0.0937481,1371,2.06785716384608,0.213882305250308,1,8,0
w/o seed shortcutting,广阔,27,20263930,1,210.060553206026,0.0680194,0.0015238,0.0015238,0.0664956,1449,2.6054285687424,0.113302947593212,1,8,0
AB-IRRT* (full),广阔,27,20263930,1,210.138804832412,0.0762191,0.0016548,0.0016548,0.0745643,1375,4.01353748101848,0.107595355434375,1,8,0
APF-only,广阔,28,20263931,1,301.840641895898,0.0014988,0.0014422,0.0014988,0,NaN,53.671042473467,0.127432159127466,1,8,0
Informed-RRT*,广阔,28,20263931,1,211.859709763298,0.0824579,0.0073861,0,0.0824579,1576,3.34901422041268,0.605967361680157,1,8,0
w/o ellipse seeding,广阔,28,20263931,1,233.098329716935,0.104389,0.0095308,0.0027196,0.1016694,1600,6.92781984262918,0.122246007969133,1,8,0
w/o path-bias sampling,广阔,28,20263931,1,209.480302691724,0.0948962,0.0028769,0.0028769,0.0920193,1319,2.21481230873858,0.0552711792617515,1,8,0
w/o dynamic rewiring,广阔,28,20263931,1,208.683554016475,0.0915937,0.0017452,0.0017452,0.0898485,1317,1.22691177142904,0.033298035729544,1,8,0
w/o seed shortcutting,广阔,28,20263931,1,213.708853653535,0.0677723,0.0023933,0.0023933,0.065379,1493,4.95184686768911,0.128752127755277,1,8,0
AB-IRRT* (full),广阔,28,20263931,1,209.088581655837,0.0680819,0.0016926,0.0016926,0.0663893,1318,2.19149365483911,0.0995676416353746,1,8,0
APF-only,广阔,29,20263932,1,301.840641895898,0.0023102,0.0022288,0.0023102,0,NaN,53.671042473467,0.127432159127466,1,8,0
Informed-RRT*,广阔,29,20263932,1,210.557236192334,0.0928689,0.0041176,0,0.0928689,1555,2.67434503185618,0.184324898932189,1,8,0
w/o ellipse seeding,广阔,29,20263932,1,243.743597537552,0.0834367,0.0096647,0.0019777,0.081459,1621,9.78584005999434,0.0205355338036384,1,8,0
w/o path-bias sampling,广阔,29,20263932,1,210.500086191371,0.0863165,0.0016721,0.0016721,0.0846444,1372,2.47336736908427,1.18174193596289,1,8,0
w/o dynamic rewiring,广阔,29,20263932,1,211.408089221996,0.0938999,0.003003,0.003003,0.0908969,1338,2.47210132210705,0.0304522424143265,1,8,0
w/o seed shortcutting,广阔,29,20263932,1,212.091529365808,0.0802145,0.0020195,0.0020195,0.078195,1520,4.87421164540422,0.199142479324138,1,8,0
AB-IRRT* (full),广阔,29,20263932,1,212.688941973987,0.0643402,0.002424,0.002424,0.0619162,1338,5.7921739277209,0.172049281872773,1,8,0
APF-only,广阔,30,20263933,1,301.840641895898,0.0018375,0.0017622,0.0018375,0,NaN,53.671042473467,0.127432159127466,1,8,0
Informed-RRT*,广阔,30,20263933,1,213.459727490113,0.1053339,0.0052837,0,0.1053339,1526,4.66387820828143,0.367956218567889,1,8,0
w/o ellipse seeding,广阔,30,20263933,1,218.173867340531,0.0927937,0.0062624,0.0016819,0.0911118,1505,6.62847842311205,0.178296488599671,1,8,0
w/o path-bias sampling,广阔,30,20263933,1,218.63505446675,0.082908,0.0020714,0.0020714,0.0808366,1369,6.33251859560448,0.851597292474369,1,8,0
w/o dynamic rewiring,广阔,30,20263933,1,213.698398430994,0.1103728,0.0025145,0.0025145,0.1078583,1327,5.11392100480816,0.0849687696818648,1,8,0
w/o seed shortcutting,广阔,30,20263933,1,216.450504988611,0.0672565,0.0017644,0.0017644,0.0654921,1486,7.77790814978275,1.33571697157374,1,8,0
AB-IRRT* (full),广阔,30,20263933,1,211.944262397574,0.0732911,0.0021241,0.0021241,0.071167,1327,4.55233232806301,0.46585279509278,1,8,0
APF-only,广阔,31,20263934,1,301.840641895898,0.0017212,0.0016442,0.0017212,0,NaN,53.671042473467,0.127432159127466,1,8,0
Informed-RRT*,广阔,31,20263934,1,219.176204669306,0.0926222,0.0057249,0,0.0926222,1672,6.2755874673588,1.07280746331354,1,8,0
w/o ellipse seeding,广阔,31,20263934,1,211.652130482684,0.104886,0.0063607,0.0021015,0.1027845,1476,3.93975220460318,0.278388640540742,1,8,0
w/o path-bias sampling,广阔,31,20263934,1,216.987442768694,0.1021395,0.0019037,0.0019037,0.1002358,1343,4.71801903865096,0.34135009219824,1,8,0
w/o dynamic rewiring,广阔,31,20263934,1,212.12928532138,0.0976638,0.0018666,0.0018666,0.0957972,1328,2.43814583946922,0.0296377723390862,1,8,0
w/o seed shortcutting,广阔,31,20263934,1,220.830122131505,0.0791129,0.001466,0.001466,0.0776469,1490,3.3787157641189,0.132524453641295,1,8,0
AB-IRRT* (full),广阔,31,20263934,1,213.05857254196,0.0801063,0.0016645,0.0016645,0.0784418,1329,7.95317179805661,0.037816607451802,1,8,0
APF-only,广阔,32,20263935,1,301.840641895898,0.0013653,0.0013123,0.0013653,0,NaN,53.671042473467,0.127432159127466,1,8,0
Informed-RRT*,广阔,32,20263935,1,209.789954736127,0.0946294,0.0042917,0,0.0946294,1439,2.6187298158588,0.00627055671962395,1,8,0
w/o ellipse seeding,广阔,32,20263935,1,208.965697859431,0.0956619,0.0080705,0.0017719,0.09389,1447,1.95121329677116,0.0421171345347386,1,8,0
w/o path-bias sampling,广阔,32,20263935,1,209.193300548748,0.0921258,0.002108,0.002108,0.0900178,1379,2.30526268220834,0.105889555593804,1,8,0
w/o dynamic rewiring,广阔,32,20263935,1,209.378726914016,0.1035706,0.0017002,0.0017002,0.1018704,1296,2.5631630116791,0.20509831914563,1,8,0
w/o seed shortcutting,广阔,32,20263935,1,211.384045328249,0.0787935,0.0028545,0.0028545,0.075939,1453,5.02282026018456,0.856704445973946,1,8,0
AB-IRRT* (full),广阔,32,20263935,1,211.207708542479,0.0703108,0.0022798,0.0022798,0.068031,1307,4.08813912625706,0.17762568738592,1,8,0
APF-only,广阔,33,20263936,1,301.840641895898,0.0019856,0.0019012,0.0019856,0,NaN,53.671042473467,0.127432159127466,1,8,0
Informed-RRT*,广阔,33,20263936,1,214.437668423017,0.0982042,0.004108,0,0.0982042,1414,3.44240528501183,0.0233577954559674,1,8,0
w/o ellipse seeding,广阔,33,20263936,1,215.777362889008,0.1037128,0.0077427,0.0016744,0.1020384,1631,8.28755388777576,0.276509083605882,1,8,0
w/o path-bias sampling,广阔,33,20263936,1,213.916887159524,0.1029432,0.0022357,0.0022357,0.1007075,1390,4.10489714389471,0.0167118618689432,1,8,0
w/o dynamic rewiring,广阔,33,20263936,1,209.467706337596,0.1049605,0.0027993,0.0027993,0.1021612,1350,2.19314951089741,0.325390458620514,1,8,0
w/o seed shortcutting,广阔,33,20263936,1,217.290171013514,0.0773201,0.0024912,0.0024912,0.0748289,1476,8.91882063218132,0.0224819370182825,1,8,0
AB-IRRT* (full),广阔,33,20263936,1,210.790624903436,0.0792262,0.0023052,0.0023052,0.076921,1350,3.98340166238108,0.263989785389924,1,8,0
APF-only,广阔,34,20263937,1,301.840641895898,0.0016232,0.0015547,0.0016232,0,NaN,53.671042473467,0.127432159127466,1,8,0
Informed-RRT*,广阔,34,20263937,1,223.327877895251,0.0944152,0.004631,0,0.0944152,1545,6.95110948166188,0.306874046703902,1,8,0
w/o ellipse seeding,广阔,34,20263937,1,213.037406287538,0.0971726,0.0120221,0.0025287,0.0946439,1570,4.54843942308948,0.629472022992378,1,8,0
w/o path-bias sampling,广阔,34,20263937,1,209.248064855986,0.0952653,0.0024848,0.0024848,0.0927805,1368,2.22820938390631,0.0915739543043745,1,8,0
w/o dynamic rewiring,广阔,34,20263937,1,208.875769126955,0.0857922,0.0022359,0.0022359,0.0835563,1292,1.23967854102793,0.0235978258166677,1,8,0
w/o seed shortcutting,广阔,34,20263937,1,214.738405023742,0.0736446,0.001425,0.001425,0.0722196,1472,7.27074708684413,0.455719262472963,1,8,0
AB-IRRT* (full),广阔,34,20263937,1,210.001307666705,0.0722614,0.0023178,0.0023178,0.0699436,1289,3.04549064239487,0.207270154553353,1,8,0
APF-only,广阔,35,20263938,1,301.840641895898,0.0018278,0.0017501,0.0018278,0,NaN,53.671042473467,0.127432159127466,1,8,0
Informed-RRT*,广阔,35,20263938,1,233.041824281047,0.1006782,0.0122068,0,0.1006782,1608,7.44725435802035,1.90133902377581,1,8,0
w/o ellipse seeding,广阔,35,20263938,1,212.167371165439,0.1372156,0.016257,0.0086807,0.1285349,1508,4.92787437068546,0.1684290482318,1,8,0
w/o path-bias sampling,广阔,35,20263938,1,208.719726642637,0.0968157,0.002233,0.002233,0.0945827,1329,1.5789110816101,0.0229962953345471,1,8,0
w/o dynamic rewiring,广阔,35,20263938,1,208.656861077031,0.1139106,0.0029924,0.0029924,0.1109182,1341,1.30474360525411,0.0929106477600173,1,8,0
w/o seed shortcutting,广阔,35,20263938,1,212.119233546315,0.0873373,0.0020092,0.0020092,0.0853281,1488,4.8175727745171,0.505126898383133,1,8,0
AB-IRRT* (full),广阔,35,20263938,1,210.993159766594,0.0809565,0.0026167,0.0026167,0.0783398,1349,4.99959774285047,0.203004045973593,1,8,0
APF-only,广阔,36,20263939,1,301.840641895898,0.0018615,0.0017844,0.0018615,0,NaN,53.671042473467,0.127432159127466,1,8,0
Informed-RRT*,广阔,36,20263939,1,210.203731521473,0.1168282,0.0047282,0,0.1168282,1510,3.85174142461723,0.0649238916787453,1,8,0
w/o ellipse seeding,广阔,36,20263939,1,213.684747050313,0.1150969,0.0089864,0.002248,0.1128489,1516,5.55804481844895,0.0430468784973499,1,8,0
w/o path-bias sampling,广阔,36,20263939,1,209.539010287395,0.1216539,0.0023385,0.0023385,0.1193154,1393,2.49007952184988,0.211049770557323,1,8,0
w/o dynamic rewiring,广阔,36,20263939,1,209.075233396856,0.1169678,0.0025872,0.0025872,0.1143806,1365,2.2583788332965,0.288527620701284,1,8,0
w/o seed shortcutting,广阔,36,20263939,1,212.554162891217,0.0963834,0.0022671,0.0022671,0.0941163,1485,5.83252674704352,0.549773739722317,1,8,0
AB-IRRT* (full),广阔,36,20263939,1,210.745398760371,0.0882285,0.0021832,0.0021832,0.0860453,1375,3.91621259276906,0.345314195002867,1,8,0
APF-only,广阔,37,20263940,1,301.840641895898,0.002363,0.0022681,0.002363,0,NaN,53.671042473467,0.127432159127466,1,8,0
Informed-RRT*,广阔,37,20263940,1,212.203539569806,0.1176613,0.0052785,0,0.1176613,1492,3.61903021623605,1.54688272280777,1,8,0
w/o ellipse seeding,广阔,37,20263940,1,216.819242845071,0.1168668,0.0114816,0.0027061,0.1141607,1505,4.62837721337946,0.10957037821391,1,8,0
w/o path-bias sampling,广阔,37,20263940,1,210.014831258723,0.1192723,0.0021645,0.0021645,0.1171078,1326,2.5865297129882,0.041511882978142,1,8,0
w/o dynamic rewiring,广阔,37,20263940,1,209.260003004731,0.11355,0.0025305,0.0025305,0.1110195,1356,1.46240654300571,0.108604808002951,1,8,0
w/o seed shortcutting,广阔,37,20263940,1,212.336995043709,0.0923854,0.0025227,0.0025227,0.0898627,1474,6.62357367784011,0.462421284436646,1,8,0
AB-IRRT* (full),广阔,37,20263940,1,209.629211009442,0.084649,0.002278,0.002278,0.082371,1362,3.22674050905467,0.0551177027988388,1,8,0
APF-only,广阔,38,20263941,1,301.840641895898,0.0022344,0.0021519,0.0022344,0,NaN,53.671042473467,0.127432159127466,1,8,0
Informed-RRT*,广阔,38,20263941,1,209.281897047281,0.1064142,0.0055533,0,0.1064142,1415,1.85996841984194,0.0695465905349373,1,8,0
w/o ellipse seeding,广阔,38,20263941,1,212.799616791529,0.1095685,0.0154841,0.0026288,0.1069397,1571,4.55654306430875,0.350868749003506,1,8,0
w/o path-bias sampling,广阔,38,20263941,1,209.575297865252,0.0897041,0.0018855,0.0018855,0.0878186,1265,2.4945544858304,0.178284059570515,1,8,0
w/o dynamic rewiring,广阔,38,20263941,1,211.886241441155,0.1050137,0.0019173,0.0019173,0.1030964,1261,2.68467110424853,0.40409790486393,1,8,0
w/o seed shortcutting,广阔,38,20263941,1,210.705978377518,0.0830245,0.0023154,0.0023154,0.0807091,1465,3.21071818287005,0.0970035152350768,1,8,0
AB-IRRT* (full),广阔,38,20263941,1,210.133285935191,0.0812141,0.0021089,0.0021089,0.0791052,1257,4.54168037297382,0.195969910791518,1,8,0
APF-only,广阔,39,20263942,1,301.840641895898,0.002153,0.0020637,0.002153,0,NaN,53.671042473467,0.127432159127466,1,8,0
Informed-RRT*,广阔,39,20263942,1,210.873349760658,0.1224987,0.0070821,0,0.1224987,1604,2.81994991564228,0.0752420579607307,1,8,0
w/o ellipse seeding,广阔,39,20263942,1,209.609377082552,0.1078363,0.0160191,0.0031939,0.1046424,1469,2.54123135514993,0.122236115837268,1,8,0
w/o path-bias sampling,广阔,39,20263942,1,211.20884723089,0.1170811,0.002437,0.002437,0.1146441,1425,3.04738204582734,0.395521362345219,1,8,0
w/o dynamic rewiring,广阔,39,20263942,1,211.886253073171,0.1250995,0.0026988,0.0026988,0.1224007,1383,2.62026543760486,0.0694781182125279,1,8,0
w/o seed shortcutting,广阔,39,20263942,1,216.853486875655,0.1030801,0.0016584,0.0016584,0.1014217,1499,6.93834789742702,0.419773519484039,1,8,0
AB-IRRT* (full),广阔,39,20263942,1,213.66311899816,0.0962677,0.0027644,0.0027644,0.0935033,1396,5.57490623594067,0.173555961465381,1,8,0
APF-only,广阔,40,20263943,1,301.840641895898,0.0020138,0.0019143,0.0020138,0,NaN,53.671042473467,0.127432159127466,1,8,0
Informed-RRT*,广阔,40,20263943,1,212.033693675657,0.1144291,0.0098084,0,0.1144291,1462,4.30380578315109,0.509927019802438,1,8,0
w/o ellipse seeding,广阔,40,20263943,1,258.874945070275,0.0998351,0.0139845,0.0020395,0.0977956,1624,11.2187167920829,0.928568294565736,1,8,0
w/o path-bias sampling,广阔,40,20263943,1,209.278037094788,0.1071784,0.0020883,0.0020883,0.1050901,1414,2.36251938329324,0.0902399307553026,1,8,0
w/o dynamic rewiring,广阔,40,20263943,1,209.152662321275,0.0995878,0.0023125,0.0023125,0.0972753,1389,2.01731491153127,0.0221871360250532,1,8,0
w/o seed shortcutting,广阔,40,20263943,1,213.74314769429,0.0840504,0.0014775,0.0014775,0.0825729,1512,7.36519210263723,0.546264277065862,1,8,0
AB-IRRT* (full),广阔,40,20263943,1,211.446775542238,0.0814924,0.0022116,0.0022116,0.0792808,1399,3.74272884127416,0.345142544805295,1,8,0
APF-only,广阔,41,20263944,1,301.840641895898,0.0017582,0.0016851,0.0017582,0,NaN,53.671042473467,0.127432159127466,1,8,0
Informed-RRT*,广阔,41,20263944,1,244.593356420271,0.095202,0.0123245,0,0.095202,1656,10.5571135201163,0.248690367715495,1,8,0
w/o ellipse seeding,广阔,41,20263944,1,238.187845502281,0.0936556,0.0112916,0.0022244,0.0914312,1657,9.14669683478345,0.47810667797317,1,8,0
w/o path-bias sampling,广阔,41,20263944,1,209.972832092604,0.0871957,0.0018944,0.0018944,0.0853013,1358,2.89788743982498,0.233811593731472,1,8,0
w/o dynamic rewiring,广阔,41,20263944,1,208.9154505316,0.0904233,0.0025687,0.0025687,0.0878546,1306,1.20530975430756,0.393651776772734,1,8,0
w/o seed shortcutting,广阔,41,20263944,1,221.191956789001,0.0796329,0.0021118,0.0021118,0.0775211,1500,4.51765622768024,0.135759775291634,1,8,0
AB-IRRT* (full),广阔,41,20263944,1,209.093307014377,0.0779764,0.0017373,0.0017373,0.0762391,1306,2.84187085181304,0.137129886826569,1,8,0
APF-only,广阔,42,20263945,1,301.840641895898,0.0018002,0.0017219,0.0018002,0,NaN,53.671042473467,0.127432159127466,1,8,0
Informed-RRT*,广阔,42,20263945,1,210.848965501735,0.102436,0.0067275,0,0.102436,1458,3.38484340628823,0.00953777505932152,1,8,0
w/o ellipse seeding,广阔,42,20263945,1,209.8522211511,0.0927737,0.0051973,0.0019113,0.0908624,1434,2.44681693407886,0.0814918624923848,1,8,0
w/o path-bias sampling,广阔,42,20263945,1,211.083675643958,0.0957131,0.0022321,0.0022321,0.093481,1356,3.13505683795811,0.102403091739617,1,8,0
w/o dynamic rewiring,广阔,42,20263945,1,209.961841288948,0.1083124,0.0047003,0.0047003,0.1036121,1346,2.31193632955347,0.0957669437566722,1,8,0
w/o seed shortcutting,广阔,42,20263945,1,210.78344997433,0.070026,0.0022705,0.0022705,0.0677555,1467,3.5187862062078,0.793696460521133,1,8,0
AB-IRRT* (full),广阔,42,20263945,1,211.187308849369,0.0745646,0.0020889,0.0020889,0.0724757,1352,4.74803300451493,0.580080988870891,1,8,0
APF-only,广阔,43,20263946,1,301.840641895898,0.0018707,0.0017867,0.0018707,0,NaN,53.671042473467,0.127432159127466,1,8,0
Informed-RRT*,广阔,43,20263946,1,209.058563265103,0.1001482,0.004102,0,0.1001482,1401,2.07769420348537,0.135605304697378,1,8,0
w/o ellipse seeding,广阔,43,20263946,1,215.095300913309,0.1100788,0.0063769,0.0023225,0.1077563,1456,3.86282447612897,0.213874998659421,1,8,0
w/o path-bias sampling,广阔,43,20263946,1,209.572021670519,0.1046018,0.0025367,0.0025367,0.1020651,1364,2.5845777315147,0.0949788475801654,1,8,0
w/o dynamic rewiring,广阔,43,20263946,1,208.823211420838,0.0984223,0.0018673,0.0018673,0.096555,1345,1.54348335278265,0.1931874370484,1,8,0
w/o seed shortcutting,广阔,43,20263946,1,215.280563918217,0.0909146,0.002049,0.002049,0.0888656,1502,7.44717004807227,0.385190925673863,1,8,0
AB-IRRT* (full),广阔,43,20263946,1,211.498789505094,0.0867058,0.0021056,0.0021056,0.0846002,1362,3.18914018335824,0.144308572773414,1,8,0
APF-only,广阔,44,20263947,1,301.840641895898,0.0021193,0.0020179,0.0021193,0,NaN,53.671042473467,0.127432159127466,1,8,0
Informed-RRT*,广阔,44,20263947,1,211.179679471876,0.1089127,0.0064719,0,0.1089127,1427,2.58224631615271,0.191165428948622,1,8,0
w/o ellipse seeding,广阔,44,20263947,1,215.896253002202,0.1151845,0.0093565,0.0032387,0.1119458,1460,5.06161697564694,0.0962801317590358,1,8,0
w/o path-bias sampling,广阔,44,20263947,1,210.860019987297,0.1083527,0.0041709,0.0041709,0.1041818,1303,2.8160490733497,0.32944480720815,1,8,0
w/o dynamic rewiring,广阔,44,20263947,1,210.114820209307,0.1031292,0.0024599,0.0024599,0.1006693,1269,2.27041891551784,0.211239180775773,1,8,0
w/o seed shortcutting,广阔,44,20263947,1,216.784166546992,0.0797711,0.0017572,0.0017572,0.0780139,1470,6.71798437015085,1.18561036905629,1,8,0
AB-IRRT* (full),广阔,44,20263947,1,210.858722489376,0.0742886,0.0021814,0.0021814,0.0721072,1269,3.80281232120487,0.287346809943255,1,8,0
APF-only,广阔,45,20263948,1,301.840641895898,0.0019245,0.0018384,0.0019245,0,NaN,53.671042473467,0.127432159127466,1,8,0
Informed-RRT*,广阔,45,20263948,1,209.389386050239,0.1012075,0.004045,0,0.1012075,1390,2.01835432279751,0.14241424862962,1,8,0
w/o ellipse seeding,广阔,45,20263948,1,211.672706031065,0.1074009,0.0068033,0.001849,0.1055519,1571,3.69173275896458,0.478780754046456,1,8,0
w/o path-bias sampling,广阔,45,20263948,1,210.636166796699,0.1112627,0.0021076,0.0021076,0.1091551,1304,3.89331159392746,0.383735270415192,1,8,0
w/o dynamic rewiring,广阔,45,20263948,1,209.924189088447,0.1084641,0.002368,0.002368,0.1060961,1409,2.84953947284408,0.0641195806343156,1,8,0
w/o seed shortcutting,广阔,45,20263948,1,213.290151691739,0.0847387,0.0037703,0.0037703,0.0809684,1480,7.44760211924423,0.255068980612008,1,8,0
AB-IRRT* (full),广阔,45,20263948,1,211.015396089408,0.0766818,0.0022685,0.0022685,0.0744133,1410,4.96837306312077,0.19131130381681,1,8,0
APF-only,广阔,46,20263949,1,301.840641895898,0.0030486,0.0029403,0.0030486,0,NaN,53.671042473467,0.127432159127466,1,8,0
Informed-RRT*,广阔,46,20263949,1,216.388248347622,0.1184579,0.0053574,0,0.1184579,1552,7.25754059230509,0.51503474883199,1,8,0
w/o ellipse seeding,广阔,46,20263949,1,210.831040126537,0.1071064,0.0082961,0.0023208,0.1047856,1509,3.83792941961599,0.815282685960363,1,8,0
w/o path-bias sampling,广阔,46,20263949,1,210.565861415274,0.0826392,0.0025765,0.0025765,0.0800627,1282,2.46123650838453,1.15238724476575,1,8,0
w/o dynamic rewiring,广阔,46,20263949,1,209.691881597388,0.1023767,0.0020127,0.0020127,0.100364,1349,1.65754957960343,0.576412282108544,1,8,0
w/o seed shortcutting,广阔,46,20263949,1,215.990711378138,0.0813052,0.0014945,0.0014945,0.0798107,1534,8.05369558535499,0.194021109502302,1,8,0
AB-IRRT* (full),广阔,46,20263949,1,213.046180739321,0.0814236,0.0029372,0.0029372,0.0784864,1360,4.07015141468997,0.194044193424304,1,8,0
APF-only,广阔,47,20263950,1,301.840641895898,0.0019633,0.0018827,0.0019633,0,NaN,53.671042473467,0.127432159127466,1,8,0
Informed-RRT*,广阔,47,20263950,1,209.894767134722,0.0903517,0.0038181,0,0.0903517,1393,2.08327674005719,0.0964249362555504,1,8,0
w/o ellipse seeding,广阔,47,20263950,1,210.073247810347,0.099672,0.0051596,0.0016992,0.0979728,1400,2.5724309817429,0.221722242521125,1,8,0
w/o path-bias sampling,广阔,47,20263950,1,209.906978250624,0.09709,0.0020108,0.0020108,0.0950792,1364,2.70194423007767,0.00780596583571125,1,8,0
w/o dynamic rewiring,广阔,47,20263950,1,209.041260293755,0.1005262,0.0031738,0.0031738,0.0973524,1311,1.80355718832972,0.0185754016471833,1,8,0
w/o seed shortcutting,广阔,47,20263950,1,213.569420575185,0.0668229,0.0019677,0.0019677,0.0648552,1444,8.14955427599246,0.296201933780026,1,8,0
AB-IRRT* (full),广阔,47,20263950,1,209.089998219203,0.0630103,0.0021275,0.0021275,0.0608828,1312,2.5647370582533,0.277308314941702,1,8,0
APF-only,广阔,48,20263951,1,301.840641895898,0.0028098,0.0026707,0.0028098,0,NaN,53.671042473467,0.127432159127466,1,8,0
Informed-RRT*,广阔,48,20263951,1,213.26378655134,0.0998154,0.0039156,0,0.0998154,1533,3.07957319042851,0.333160691481345,1,8,0
w/o ellipse seeding,广阔,48,20263951,1,219.173067161199,0.0857346,0.0073713,0.0019404,0.0837942,1642,6.40857301096501,0.452243822928879,1,8,0
w/o path-bias sampling,广阔,48,20263951,1,210.644211910236,0.0935054,0.0019585,0.0019585,0.0915469,1386,2.58893247479708,0.168199225066203,1,8,0
w/o dynamic rewiring,广阔,48,20263951,1,208.800909230861,0.0899101,0.0017161,0.0017161,0.088194,1369,1.33489996184787,0.0151545274550474,1,8,0
w/o seed shortcutting,广阔,48,20263951,1,214.64768304296,0.0798028,0.0015783,0.0015783,0.0782245,1484,7.09563327750025,0.224780184388452,1,8,0
AB-IRRT* (full),广阔,48,20263951,1,210.713123157214,0.0688066,0.0016844,0.0016844,0.0671222,1369,3.91858906972934,0.213379377297185,1,8,0
APF-only,广阔,49,20263952,1,301.840641895898,0.0016108,0.0015536,0.0016108,0,NaN,53.671042473467,0.127432159127466,1,8,0
Informed-RRT*,广阔,49,20263952,1,210.682580083545,0.088742,0.0071371,0,0.088742,1461,4.93585180348523,0.617604296820231,1,8,0
w/o ellipse seeding,广阔,49,20263952,1,209.914757159699,0.1083797,0.0066642,0.0016658,0.1067139,1425,3.39118163909743,0.194146646943909,1,8,0
w/o path-bias sampling,广阔,49,20263952,1,209.196018800667,0.085448,0.0020732,0.0020732,0.0833748,1313,2.20842343867359,0.200604170588463,1,8,0
w/o dynamic rewiring,广阔,49,20263952,1,209.568052672939,0.0970817,0.0026197,0.0026197,0.094462,1325,2.56770624377234,0.157170129798104,1,8,0
w/o seed shortcutting,广阔,49,20263952,1,210.069790639149,0.07845,0.0023261,0.0023261,0.0761239,1435,5.36922024202732,0.33121168515402,1,8,0
AB-IRRT* (full),广阔,49,20263952,1,210.584515348511,0.0783431,0.0024165,0.0024165,0.0759266,1328,2.72478661618923,0.922285155460474,1,8,0
APF-only,广阔,50,20263953,1,301.840641895898,0.0014084,0.0013484,0.0014084,0,NaN,53.671042473467,0.127432159127466,1,8,0
Informed-RRT*,广阔,50,20263953,1,210.734976743572,0.0930922,0.006269,0,0.0930922,1443,2.12872025719395,0.00514023753337334,1,8,0
w/o ellipse seeding,广阔,50,20263953,1,211.214272250542,0.0965082,0.0059824,0.0017748,0.0947334,1443,3.23285256183724,0.556882527783017,1,8,0
w/o path-bias sampling,广阔,50,20263953,1,209.550596356093,0.0855559,0.0018952,0.0018952,0.0836607,1312,2.08486975864744,0.107429574126179,1,8,0
w/o dynamic rewiring,广阔,50,20263953,1,211.509739588112,0.0865636,0.0021262,0.0021262,0.0844374,1262,2.21039884838276,0.35944122522889,1,8,0
w/o seed shortcutting,广阔,50,20263953,1,215.949425911832,0.0777015,0.0016264,0.0016264,0.0760751,1466,6.37956996802984,0.379753516262509,1,8,0
AB-IRRT* (full),广阔,50,20263953,1,209.473691446342,0.0708529,0.0021797,0.0021797,0.0686732,1262,3.54896328224331,0.0404120150518796,1,8,0
