dim,scenario,capTag,capSeconds,algorithm,run,seed,success,length,time,firstSolutionTime
2d,一般,1,0.09042529,RRT*,1,20261904,1,211.168906877292,0.1011514,0.0472427
2d,一般,1,0.09042529,Informed-RRT*,1,20261904,1,210.173923343601,0.1015278,0.0202736
2d,一般,1,0.09042529,PRM*,1,20261904,1,219.069139780528,0.1013724,0.0161238
2d,一般,1,0.09042529,FMT*,1,20261904,1,218.695625137044,0.1032142,0.0515463
2d,一般,1,0.09042529,BIT*,1,20261904,1,212.114231475439,0.104295,0.0352047
2d,一般,1,0.09042529,RRT#,1,20261904,1,210.24322592479,0.0965738,0.0279557
2d,一般,1,0.09042529,APF-only,1,20261904,1,229.358752665851,0.0386093,0.0312867
2d,一般,1,0.09042529,AB-IRRT*,1,20261904,1,210.168933388833,0.1097314,0.0111141
2d,一般,1,0.09042529,RRT*,2,20261905,1,212.859117752118,0.091997,0.0123775
2d,一般,1,0.09042529,Informed-RRT*,2,20261905,1,210.539531006151,0.0916074,0.0088972
2d,一般,1,0.09042529,PRM*,2,20261905,1,213.231765107084,0.0941423,0.0030656
2d,一般,1,0.09042529,FMT*,2,20261905,1,216.920986504559,0.0927759,0.0153862
2d,一般,1,0.09042529,BIT*,2,20261905,0,Inf,0.0937775,NaN
2d,一般,1,0.09042529,RRT#,2,20261905,1,211.64732318811,0.0928856,0.0167867
2d,一般,1,0.09042529,APF-only,2,20261905,1,229.358752665851,0.0026618,0.002233
2d,一般,1,0.09042529,AB-IRRT*,2,20261905,1,209.154295905905,0.0932966,0.003976
2d,一般,1,0.09042529,RRT*,3,20261906,1,215.829804797491,0.0912577,0.0076984
2d,一般,1,0.09042529,Informed-RRT*,3,20261906,1,212.993693811275,0.094761,0.0092991
2d,一般,1,0.09042529,PRM*,3,20261906,1,216.617604191455,0.0929238,0.0039913
2d,一般,1,0.09042529,FMT*,3,20261906,1,213.761534766052,0.0920509,0.0313215
2d,一般,1,0.09042529,BIT*,3,20261906,1,213.396082151574,0.0936351,0.0915945
2d,一般,1,0.09042529,RRT#,3,20261906,1,217.024488441671,0.0917996,0.0108089
2d,一般,1,0.09042529,APF-only,3,20261906,1,229.358752665851,0.0070251,0.0045306
2d,一般,1,0.09042529,AB-IRRT*,3,20261906,1,209.333904002027,0.096479,0.0026421
2d,一般,1,0.09042529,RRT*,4,20261907,1,214.12781248857,0.0914093,0.0050647
2d,一般,1,0.09042529,Informed-RRT*,4,20261907,1,212.441336006536,0.091888,0.0046123
2d,一般,1,0.09042529,PRM*,4,20261907,1,214.015742945715,0.0936186,0.0028446
2d,一般,1,0.09042529,FMT*,4,20261907,1,216.179539509295,0.0919509,0.0163812
2d,一般,1,0.09042529,BIT*,4,20261907,1,212.107604141854,0.0930423,0.0347566
2d,一般,1,0.09042529,RRT#,4,20261907,1,211.048001745453,0.0922104,0.0051698
2d,一般,1,0.09042529,APF-only,4,20261907,1,229.358752665851,0.0022966,0.0020254
2d,一般,1,0.09042529,AB-IRRT*,4,20261907,1,209.146602466337,0.0937743,0.0027854
2d,一般,1,0.09042529,RRT*,5,20261908,1,213.106264392107,0.0953063,0.006151
2d,一般,1,0.09042529,Informed-RRT*,5,20261908,1,212.628253209063,0.0911731,0.0104226
2d,一般,1,0.09042529,PRM*,5,20261908,1,215.229626668455,0.0985267,0.0015229
2d,一般,1,0.09042529,FMT*,5,20261908,1,214.686694731312,0.0965898,0.0069532
2d,一般,1,0.09042529,BIT*,5,20261908,1,211.764955431719,0.0978396,0.0275728
2d,一般,1,0.09042529,RRT#,5,20261908,1,209.634123098892,0.095573,0.0074922
2d,一般,1,0.09042529,APF-only,5,20261908,1,229.358752665851,0.0031814,0.002782
2d,一般,1,0.09042529,AB-IRRT*,5,20261908,1,209.266064726589,0.0973117,0.0043316
2d,一般,1,0.09042529,RRT*,6,20261909,1,210.786783141931,0.0914752,0.0118313
2d,一般,1,0.09042529,Informed-RRT*,6,20261909,1,210.432715820757,0.0907895,0.0118759
2d,一般,1,0.09042529,PRM*,6,20261909,1,212.040732737565,0.0937204,0.0018453
2d,一般,1,0.09042529,FMT*,6,20261909,1,213.6513381948,0.0965835,0.0318377
2d,一般,1,0.09042529,BIT*,6,20261909,1,213.6513381948,0.0954315,0.0839122
2d,一般,1,0.09042529,RRT#,6,20261909,1,210.439593981227,0.0921321,0.0124453
2d,一般,1,0.09042529,APF-only,6,20261909,1,229.358752665851,0.0029726,0.0028373
2d,一般,1,0.09042529,AB-IRRT*,6,20261909,1,208.901290929033,0.0919249,0.0018498
2d,一般,1,0.09042529,RRT*,7,20261910,1,218.162869867696,0.0921872,0.0064273
2d,一般,1,0.09042529,Informed-RRT*,7,20261910,1,211.328801246508,0.0910854,0.0074368
2d,一般,1,0.09042529,PRM*,7,20261910,1,218.063788452081,0.0923291,0.00243
2d,一般,1,0.09042529,FMT*,7,20261910,1,217.105123267659,0.0925617,0.0400772
2d,一般,1,0.09042529,BIT*,7,20261910,1,214.001907797222,0.1009926,0.090731
2d,一般,1,0.09042529,RRT#,7,20261910,1,211.7948190598,0.091033,0.0059851
2d,一般,1,0.09042529,APF-only,7,20261910,1,229.358752665851,0.0017055,0.0015824
2d,一般,1,0.09042529,AB-IRRT*,7,20261910,1,209.333253146828,0.0913254,0.0017025
2d,一般,1,0.09042529,RRT*,8,20261911,1,212.333130133761,0.0911359,0.0301532
2d,一般,1,0.09042529,Informed-RRT*,8,20261911,1,210.711581519582,0.0911151,0.0190717
2d,一般,1,0.09042529,PRM*,8,20261911,1,211.020099354196,0.09228,0.000655
2d,一般,1,0.09042529,FMT*,8,20261911,1,215.651214255891,0.0910607,0.0274112
2d,一般,1,0.09042529,BIT*,8,20261911,1,215.097386025188,0.092005,0.0347964
2d,一般,1,0.09042529,RRT#,8,20261911,1,211.678139515244,0.0923177,0.0221547
2d,一般,1,0.09042529,APF-only,8,20261911,1,229.358752665851,0.0026447,0.0025075
2d,一般,1,0.09042529,AB-IRRT*,8,20261911,1,209.607439070415,0.0909795,0.002928
2d,一般,1,0.09042529,RRT*,9,20261912,1,215.65385722861,0.0907267,0.0127475
2d,一般,1,0.09042529,Informed-RRT*,9,20261912,1,210.575301561102,0.0907576,0.009708
2d,一般,1,0.09042529,PRM*,9,20261912,1,211.667969872568,0.0921837,0.0026349
2d,一般,1,0.09042529,FMT*,9,20261912,1,213.334829584992,0.0914225,0.0085069
2d,一般,1,0.09042529,BIT*,9,20261912,1,209.705343993021,0.0920069,0.0261124
2d,一般,1,0.09042529,RRT#,9,20261912,1,209.85230622942,0.0910735,0.0103641
2d,一般,1,0.09042529,APF-only,9,20261912,1,229.358752665851,0.0020437,0.0019189
2d,一般,1,0.09042529,AB-IRRT*,9,20261912,1,210.016206698077,0.0908861,0.0016904
2d,一般,1,0.09042529,RRT*,10,20261913,1,210.956687452611,0.0907062,0.0055624
2d,一般,1,0.09042529,Informed-RRT*,10,20261913,1,212.183777029256,0.0908439,0.0049992
2d,一般,1,0.09042529,PRM*,10,20261913,1,212.821230250922,0.0926763,0.0013685
2d,一般,1,0.09042529,FMT*,10,20261913,1,217.675079503295,0.0911629,0.014361
2d,一般,1,0.09042529,BIT*,10,20261913,1,212.303133031602,0.0934834,0.0265164
2d,一般,1,0.09042529,RRT#,10,20261913,1,209.339337864214,0.0909313,0.0050355
2d,一般,1,0.09042529,APF-only,10,20261913,1,229.358752665851,0.0020016,0.0018798
2d,一般,1,0.09042529,AB-IRRT*,10,20261913,1,209.943031871396,0.0910101,0.0020832
2d,一般,1,0.09042529,RRT*,11,20261914,1,211.600943325051,0.0909064,0.0099676
2d,一般,1,0.09042529,Informed-RRT*,11,20261914,1,210.16402623124,0.0907491,0.0101314
2d,一般,1,0.09042529,PRM*,11,20261914,1,211.666457630687,0.0921471,0.0012631
2d,一般,1,0.09042529,FMT*,11,20261914,1,215.860043291877,0.0909723,0.0079963
2d,一般,1,0.09042529,BIT*,11,20261914,1,212.729948852121,0.0917056,0.0303496
2d,一般,1,0.09042529,RRT#,11,20261914,1,211.236170121284,0.0909162,0.0125389
2d,一般,1,0.09042529,APF-only,11,20261914,1,229.358752665851,0.0017719,0.0016685
2d,一般,1,0.09042529,AB-IRRT*,11,20261914,1,210.839697490346,0.0909787,0.0016426
2d,一般,1,0.09042529,RRT*,12,20261915,1,211.378035973342,0.0909712,0.0077799
2d,一般,1,0.09042529,Informed-RRT*,12,20261915,1,210.1662462667,0.0908403,0.0059391
2d,一般,1,0.09042529,PRM*,12,20261915,1,214.825363324309,0.0923756,0.0004732
2d,一般,1,0.09042529,FMT*,12,20261915,1,249.498383733612,0.0909797,0.0097825
2d,一般,1,0.09042529,BIT*,12,20261915,1,212.241176263777,0.0912536,0.0284529
2d,一般,1,0.09042529,RRT#,12,20261915,1,210.800830781662,0.0910213,0.0073619
2d,一般,1,0.09042529,APF-only,12,20261915,1,229.358752665851,0.0020463,0.0019157
2d,一般,1,0.09042529,AB-IRRT*,12,20261915,1,209.942072649516,0.0908654,0.0017656
2d,一般,1,0.09042529,RRT*,13,20261916,1,211.442404642286,0.0907066,0.0081772
2d,一般,1,0.09042529,Informed-RRT*,13,20261916,1,211.81918514016,0.0910213,0.0080295
2d,一般,1,0.09042529,PRM*,13,20261916,1,214.741268704075,0.0925262,0.0134587
2d,一般,1,0.09042529,FMT*,13,20261916,1,221.281420222694,0.0909469,0.0161784
2d,一般,1,0.09042529,BIT*,13,20261916,1,214.465654706491,0.0913315,0.0345455
2d,一般,1,0.09042529,RRT#,13,20261916,1,210.545422013706,0.0908826,0.0103468
2d,一般,1,0.09042529,APF-only,13,20261916,1,229.358752665851,0.0018276,0.0017168
2d,一般,1,0.09042529,AB-IRRT*,13,20261916,1,209.174701766917,0.0910525,0.0015985
2d,一般,1,0.09042529,RRT*,14,20261917,1,218.194164504721,0.0907845,0.0114507
2d,一般,1,0.09042529,Informed-RRT*,14,20261917,1,211.093524498766,0.0907885,0.0075127
2d,一般,1,0.09042529,PRM*,14,20261917,1,211.424999327867,0.0937114,0.0009281
2d,一般,1,0.09042529,FMT*,14,20261917,1,221.376155619694,0.0909159,0.0089002
2d,一般,1,0.09042529,BIT*,14,20261917,1,213.145279869337,0.0919929,0.0749968
2d,一般,1,0.09042529,RRT#,14,20261917,1,225.832757731198,0.0908858,0.0126822
2d,一般,1,0.09042529,APF-only,14,20261917,1,229.358752665851,0.0015259,0.0014347
2d,一般,1,0.09042529,AB-IRRT*,14,20261917,1,208.945257535474,0.0910685,0.0017964
2d,一般,1,0.09042529,RRT*,15,20261918,1,215.112259507527,0.0908434,0.0073161
2d,一般,1,0.09042529,Informed-RRT*,15,20261918,1,209.276684989732,0.0908084,0.0072714
2d,一般,1,0.09042529,PRM*,15,20261918,1,210.87291156998,0.0923446,0.001619
2d,一般,1,0.09042529,FMT*,15,20261918,1,220.352987848601,0.0909983,0.0217573
2d,一般,1,0.09042529,BIT*,15,20261918,1,220.717756815881,0.0913547,0.0324508
2d,一般,1,0.09042529,RRT#,15,20261918,1,214.442405247501,0.0911331,0.0094136
2d,一般,1,0.09042529,APF-only,15,20261918,1,229.358752665851,0.0019069,0.0017874
2d,一般,1,0.09042529,AB-IRRT*,15,20261918,1,209.3623757038,0.090884,0.0017022
2d,一般,1,0.09042529,RRT*,16,20261919,1,210.991310132528,0.0907349,0.0112259
2d,一般,1,0.09042529,Informed-RRT*,16,20261919,1,210.51588694471,0.090815,0.0107272
2d,一般,1,0.09042529,PRM*,16,20261919,1,214.770713742989,0.0921619,0.0118174
2d,一般,1,0.09042529,FMT*,16,20261919,1,212.238877512866,0.0913739,0.0090905
2d,一般,1,0.09042529,BIT*,16,20261919,1,209.939649321049,0.0912163,0.0284876
2d,一般,1,0.09042529,RRT#,16,20261919,1,210.859736884789,0.0908549,0.0138788
2d,一般,1,0.09042529,APF-only,16,20261919,1,229.358752665851,0.0016043,0.0015037
2d,一般,1,0.09042529,AB-IRRT*,16,20261919,1,208.889982784105,0.0908764,0.0014446
2d,一般,1,0.09042529,RRT*,17,20261920,1,216.846669521991,0.0906912,0.0118222
2d,一般,1,0.09042529,Informed-RRT*,17,20261920,1,212.503116709364,0.0908659,0.0130839
2d,一般,1,0.09042529,PRM*,17,20261920,1,211.37442737726,0.0921645,0.0069625
2d,一般,1,0.09042529,FMT*,17,20261920,1,217.195636288239,0.091118,0.0079582
2d,一般,1,0.09042529,BIT*,17,20261920,1,213.394574008532,0.0915208,0.0334803
2d,一般,1,0.09042529,RRT#,17,20261920,1,215.193622641605,0.0910818,0.0145347
2d,一般,1,0.09042529,APF-only,17,20261920,1,229.358752665851,0.0013107,0.001212
2d,一般,1,0.09042529,AB-IRRT*,17,20261920,1,209.017163064689,0.090965,0.0014271
2d,一般,1,0.09042529,RRT*,18,20261921,1,217.991072371034,0.090673,0.008028
2d,一般,1,0.09042529,Informed-RRT*,18,20261921,1,210.352058370061,0.0907458,0.0079181
2d,一般,1,0.09042529,PRM*,18,20261921,1,212.709172143678,0.0922427,0.0036385
2d,一般,1,0.09042529,FMT*,18,20261921,1,215.853806373164,0.0910204,0.0151192
2d,一般,1,0.09042529,BIT*,18,20261921,1,211.769682850058,0.0911044,0.0299911
2d,一般,1,0.09042529,RRT#,18,20261921,1,213.770552907437,0.0909218,0.0075771
2d,一般,1,0.09042529,APF-only,18,20261921,1,229.358752665851,0.0016964,0.0015913
2d,一般,1,0.09042529,AB-IRRT*,18,20261921,1,209.309763752885,0.0909855,0.0013898
2d,一般,1,0.09042529,RRT*,19,20261922,1,210.86273702066,0.0906978,0.0068207
2d,一般,1,0.09042529,Informed-RRT*,19,20261922,1,209.778469351908,0.090768,0.0095755
2d,一般,1,0.09042529,PRM*,19,20261922,1,213.013891913308,0.0930357,0.002352
2d,一般,1,0.09042529,FMT*,19,20261922,1,217.69581294489,0.0909279,0.0081163
2d,一般,1,0.09042529,BIT*,19,20261922,1,210.934179922341,0.091641,0.0236279
2d,一般,1,0.09042529,RRT#,19,20261922,1,210.318020324777,0.0909548,0.0083314
2d,一般,1,0.09042529,APF-only,19,20261922,1,229.358752665851,0.0016211,0.0015067
2d,一般,1,0.09042529,AB-IRRT*,19,20261922,1,209.441195812691,0.0910435,0.0014408
2d,一般,1,0.09042529,RRT*,20,20261923,1,210.430137183602,0.0907683,0.0050741
2d,一般,1,0.09042529,Informed-RRT*,20,20261923,1,209.669800894639,0.0912871,0.0054754
2d,一般,1,0.09042529,PRM*,20,20261923,1,211.0401151774,0.0925283,0.0021859
2d,一般,1,0.09042529,FMT*,20,20261923,1,215.134367393329,0.0917143,0.0240019
2d,一般,1,0.09042529,BIT*,20,20261923,1,209.549641721003,0.0914932,0.0315894
2d,一般,1,0.09042529,RRT#,20,20261923,1,209.485308842408,0.0908724,0.0050555
2d,一般,1,0.09042529,APF-only,20,20261923,1,229.358752665851,0.001415,0.0013178
2d,一般,1,0.09042529,AB-IRRT*,20,20261923,1,209.708537943915,0.0908644,0.0013028
2d,一般,1,0.09042529,RRT*,21,20261924,1,209.858380616832,0.0909011,0.0078727
2d,一般,1,0.09042529,Informed-RRT*,21,20261924,1,209.404072761315,0.090802,0.0078844
2d,一般,1,0.09042529,PRM*,21,20261924,1,212.927948227672,0.0924468,0.0004742
2d,一般,1,0.09042529,FMT*,21,20261924,1,218.448219543329,0.0910372,0.0054935
2d,一般,1,0.09042529,BIT*,21,20261924,1,210.966563598571,0.0915059,0.0320861
2d,一般,1,0.09042529,RRT#,21,20261924,1,209.731605951247,0.0909927,0.0091713
2d,一般,1,0.09042529,APF-only,21,20261924,1,229.358752665851,0.001582,0.0014628
2d,一般,1,0.09042529,AB-IRRT*,21,20261924,1,209.43994373894,0.0908616,0.0014751
2d,一般,1,0.09042529,RRT*,22,20261925,1,211.245009265355,0.0906843,0.0081435
2d,一般,1,0.09042529,Informed-RRT*,22,20261925,1,210.761296258773,0.0909696,0.0072869
2d,一般,1,0.09042529,PRM*,22,20261925,1,213.41880577994,0.0922751,0.0005589
2d,一般,1,0.09042529,FMT*,22,20261925,1,218.523503627495,0.0909717,0.0242407
2d,一般,1,0.09042529,BIT*,22,20261925,1,212.246328381731,0.0912095,0.070143
2d,一般,1,0.09042529,RRT#,22,20261925,1,209.841986351795,0.0909343,0.0086319
2d,一般,1,0.09042529,APF-only,22,20261925,1,229.358752665851,0.0016028,0.0014993
2d,一般,1,0.09042529,AB-IRRT*,22,20261925,1,208.785584960663,0.0908212,0.0015595
2d,一般,1,0.09042529,RRT*,23,20261926,1,210.309776956813,0.0907256,0.0076426
2d,一般,1,0.09042529,Informed-RRT*,23,20261926,1,211.636636467999,0.0909129,0.0093218
2d,一般,1,0.09042529,PRM*,23,20261926,1,216.666878777128,0.0927157,0.0016495
2d,一般,1,0.09042529,FMT*,23,20261926,1,215.123429578885,0.0909205,0.0233855
2d,一般,1,0.09042529,BIT*,23,20261926,1,213.08117961972,0.0915697,0.0911653
2d,一般,1,0.09042529,RRT#,23,20261926,1,209.643653782688,0.0909961,0.0112739
2d,一般,1,0.09042529,APF-only,23,20261926,1,229.358752665851,0.0019623,0.0018394
2d,一般,1,0.09042529,AB-IRRT*,23,20261926,1,209.10674690684,0.091098,0.0016644
2d,一般,1,0.09042529,RRT*,24,20261927,1,215.25199615797,0.0907384,0.0152461
2d,一般,1,0.09042529,Informed-RRT*,24,20261927,1,213.364071562268,0.0907889,0.0164812
2d,一般,1,0.09042529,PRM*,24,20261927,1,216.021436403214,0.0923371,0.000625
2d,一般,1,0.09042529,FMT*,24,20261927,1,211.653019668565,0.0908789,0.0101998
2d,一般,1,0.09042529,BIT*,24,20261927,1,210.896529873984,0.0916452,0.0347633
2d,一般,1,0.09042529,RRT#,24,20261927,1,212.765464137525,0.091103,0.017536
2d,一般,1,0.09042529,APF-only,24,20261927,1,229.358752665851,0.0020748,0.001918
2d,一般,1,0.09042529,AB-IRRT*,24,20261927,1,209.431127018011,0.0909158,0.0016443
2d,一般,1,0.09042529,RRT*,25,20261928,1,216.604437618413,0.0907238,0.0056119
2d,一般,1,0.09042529,Informed-RRT*,25,20261928,1,209.623455810514,0.091141,0.0057797
2d,一般,1,0.09042529,PRM*,25,20261928,1,212.262640505062,0.0925171,0.0042735
2d,一般,1,0.09042529,FMT*,25,20261928,1,214.949368465739,0.0910671,0.0107022
2d,一般,1,0.09042529,BIT*,25,20261928,1,210.97155240518,0.0911813,0.0323448
2d,一般,1,0.09042529,RRT#,25,20261928,1,215.943326549672,0.0910487,0.006544
2d,一般,1,0.09042529,APF-only,25,20261928,1,229.358752665851,0.0017501,0.0016208
2d,一般,1,0.09042529,AB-IRRT*,25,20261928,1,208.963383975871,0.0910334,0.0015803
2d,一般,1,0.09042529,RRT*,26,20261929,1,214.602023369381,0.0910087,0.009115
2d,一般,1,0.09042529,Informed-RRT*,26,20261929,1,212.325554567032,0.090756,0.0094666
2d,一般,1,0.09042529,PRM*,26,20261929,1,216.127874197645,0.0927676,0.0030356
2d,一般,1,0.09042529,FMT*,26,20261929,1,213.092631754583,0.0911021,0.0096218
2d,一般,1,0.09042529,BIT*,26,20261929,1,211.111718327949,0.0919755,0.0312421
2d,一般,1,0.09042529,RRT#,26,20261929,1,211.324535267978,0.0909158,0.0091572
2d,一般,1,0.09042529,APF-only,26,20261929,1,229.358752665851,0.0016285,0.0015167
2d,一般,1,0.09042529,AB-IRRT*,26,20261929,1,209.517175188425,0.0908929,0.0016138
2d,一般,1,0.09042529,RRT*,27,20261930,1,213.084657557915,0.0906732,0.0065979
2d,一般,1,0.09042529,Informed-RRT*,27,20261930,1,210.821997192457,0.0907874,0.0065709
2d,一般,1,0.09042529,PRM*,27,20261930,1,211.877578932185,0.0925694,0.0011161
2d,一般,1,0.09042529,FMT*,27,20261930,1,216.632490304189,0.0911409,0.0191096
2d,一般,1,0.09042529,BIT*,27,20261930,1,212.752671295253,0.0916769,0.0244747
2d,一般,1,0.09042529,RRT#,27,20261930,1,210.375963798157,0.0909735,0.0094645
2d,一般,1,0.09042529,APF-only,27,20261930,1,229.358752665851,0.0015107,0.0014066
2d,一般,1,0.09042529,AB-IRRT*,27,20261930,1,209.162362551312,0.0908428,0.0015304
2d,一般,1,0.09042529,RRT*,28,20261931,1,214.597788237389,0.0908503,0.0143376
2d,一般,1,0.09042529,Informed-RRT*,28,20261931,1,220.468230373879,0.0907935,0.0142224
2d,一般,1,0.09042529,PRM*,28,20261931,1,209.828978071896,0.0924688,0.0020198
2d,一般,1,0.09042529,FMT*,28,20261931,1,214.143729840534,0.0915778,0.0058757
2d,一般,1,0.09042529,BIT*,28,20261931,1,210.322784088997,0.0913098,0.0301522
2d,一般,1,0.09042529,RRT#,28,20261931,1,209.791809119535,0.0911096,0.0185083
2d,一般,1,0.09042529,APF-only,28,20261931,1,229.358752665851,0.0019805,0.0018523
2d,一般,1,0.09042529,AB-IRRT*,28,20261931,1,209.025334545919,0.0911375,0.0022656
2d,一般,1,0.09042529,RRT*,29,20261932,1,213.980101446838,0.0907832,0.0079747
2d,一般,1,0.09042529,Informed-RRT*,29,20261932,1,209.942160758115,0.0908593,0.0069878
2d,一般,1,0.09042529,PRM*,29,20261932,1,223.817764406305,0.0920416,0.0084036
2d,一般,1,0.09042529,FMT*,29,20261932,1,217.019502609368,0.0910109,0.033157
2d,一般,1,0.09042529,BIT*,29,20261932,0,Inf,0.0939926,NaN
2d,一般,1,0.09042529,RRT#,29,20261932,1,210.099228156531,0.0911893,0.0095261
2d,一般,1,0.09042529,APF-only,29,20261932,1,229.358752665851,0.001729,0.0016166
2d,一般,1,0.09042529,AB-IRRT*,29,20261932,1,208.960370594794,0.0908745,0.0016929
2d,一般,1,0.09042529,RRT*,30,20261933,1,214.661331217412,0.0907793,0.0149902
2d,一般,1,0.09042529,Informed-RRT*,30,20261933,1,210.173057154185,0.0907835,0.0128053
2d,一般,1,0.09042529,PRM*,30,20261933,1,209.726719907185,0.0920437,0.0037007
2d,一般,1,0.09042529,FMT*,30,20261933,1,214.441756275809,0.0910213,0.0366318
2d,一般,1,0.09042529,BIT*,30,20261933,1,215.245181049135,0.0910201,0.0906316
2d,一般,1,0.09042529,RRT#,30,20261933,1,211.49436113534,0.0911192,0.0158043
2d,一般,1,0.09042529,APF-only,30,20261933,1,229.358752665851,0.0016792,0.0015704
2d,一般,1,0.09042529,AB-IRRT*,30,20261933,1,208.982981441067,0.0910115,0.0021562
2d,一般,2,0.18085058,RRT*,1,20261904,1,209.593602229408,0.1813244,0.0041751
2d,一般,2,0.18085058,Informed-RRT*,1,20261904,1,208.946286738917,0.1814072,0.0048988
2d,一般,2,0.18085058,PRM*,1,20261904,1,213.367560532955,0.1844357,0.000821
2d,一般,2,0.18085058,FMT*,1,20261904,1,218.695625137044,0.1816056,0.0044978
2d,一般,2,0.18085058,BIT*,1,20261904,1,211.062026620553,0.1819106,0.0044696
2d,一般,2,0.18085058,RRT#,1,20261904,1,209.400276543746,0.1813834,0.0079421
2d,一般,2,0.18085058,APF-only,1,20261904,1,229.358752665851,0.0016768,0.001565
2d,一般,2,0.18085058,AB-IRRT*,1,20261904,1,209.829931404678,0.1813323,0.0016859
2d,一般,2,0.18085058,RRT*,2,20261905,1,210.03517189796,0.1812634,0.0053237
2d,一般,2,0.18085058,Informed-RRT*,2,20261905,1,208.874203204604,0.1813177,0.0071356
2d,一般,2,0.18085058,PRM*,2,20261905,1,212.294398314273,0.1842695,0.0006964
2d,一般,2,0.18085058,FMT*,2,20261905,1,216.920986504559,0.1813895,0.0129251
2d,一般,2,0.18085058,BIT*,2,20261905,0,Inf,0.1824373,NaN
2d,一般,2,0.18085058,RRT#,2,20261905,1,209.969744487484,0.181434,0.008079
2d,一般,2,0.18085058,APF-only,2,20261905,1,229.358752665851,0.0018676,0.0017551
2d,一般,2,0.18085058,AB-IRRT*,2,20261905,1,208.62067881327,0.1813418,0.0015863
2d,一般,2,0.18085058,RRT*,3,20261906,1,209.801128060426,0.1811159,0.0059589
2d,一般,2,0.18085058,Informed-RRT*,3,20261906,1,209.271362968506,0.181438,0.0057182
2d,一般,2,0.18085058,PRM*,3,20261906,1,216.617604191455,0.1892301,0.0010056
2d,一般,2,0.18085058,FMT*,3,20261906,1,213.761534766052,0.1822352,0.0197348
2d,一般,2,0.18085058,BIT*,3,20261906,1,209.626531740198,0.1823592,0.06816
2d,一般,2,0.18085058,RRT#,3,20261906,1,209.245452535371,0.181287,0.0104602
2d,一般,2,0.18085058,APF-only,3,20261906,1,229.358752665851,0.0012303,0.0011459
2d,一般,2,0.18085058,AB-IRRT*,3,20261906,1,208.831966642751,0.1812759,0.002219
2d,一般,2,0.18085058,RRT*,4,20261907,1,214.159626898985,0.1812784,0.0035291
2d,一般,2,0.18085058,Informed-RRT*,4,20261907,1,209.748064860038,0.1811783,0.0040998
2d,一般,2,0.18085058,PRM*,4,20261907,1,211.95768076799,0.1854626,0.0016471
2d,一般,2,0.18085058,FMT*,4,20261907,1,216.179539509295,0.1820828,0.0080367
2d,一般,2,0.18085058,BIT*,4,20261907,1,211.108966242719,0.182359,0.0365586
2d,一般,2,0.18085058,RRT#,4,20261907,1,209.189620202308,0.1815209,0.0043547
2d,一般,2,0.18085058,APF-only,4,20261907,1,229.358752665851,0.0021507,0.0020168
2d,一般,2,0.18085058,AB-IRRT*,4,20261907,1,209.027134279135,0.1812753,0.0021687
2d,一般,2,0.18085058,RRT*,5,20261908,1,213.379811745348,0.1811823,0.0038441
2d,一般,2,0.18085058,Informed-RRT*,5,20261908,1,209.519029070822,0.181367,0.0057066
2d,一般,2,0.18085058,PRM*,5,20261908,1,211.766430575491,0.1844395,0.0009351
2d,一般,2,0.18085058,FMT*,5,20261908,1,214.686694731312,0.1816118,0.0048098
2d,一般,2,0.18085058,BIT*,5,20261908,1,209.962700888279,0.18248,0.0255347
2d,一般,2,0.18085058,RRT#,5,20261908,1,209.163566405937,0.1820987,0.0066537
2d,一般,2,0.18085058,APF-only,5,20261908,1,229.358752665851,0.0060059,0.0058012
2d,一般,2,0.18085058,AB-IRRT*,5,20261908,1,208.923626476832,0.1814808,0.0026676
2d,一般,2,0.18085058,RRT*,6,20261909,1,210.823237700151,0.181176,0.0136971
2d,一般,2,0.18085058,Informed-RRT*,6,20261909,1,209.03079479774,0.1814227,0.0115144
2d,一般,2,0.18085058,PRM*,6,20261909,1,211.323063837665,0.1845896,0.003693
2d,一般,2,0.18085058,FMT*,6,20261909,1,213.6513381948,0.1825151,0.02565
2d,一般,2,0.18085058,BIT*,6,20261909,1,212.395530467321,0.1815979,0.0695216
2d,一般,2,0.18085058,RRT#,6,20261909,1,209.532953804752,0.1815538,0.0126817
2d,一般,2,0.18085058,APF-only,6,20261909,1,229.358752665851,0.0015506,0.0014365
2d,一般,2,0.18085058,AB-IRRT*,6,20261909,1,208.64777523507,0.1814438,0.00213
2d,一般,2,0.18085058,RRT*,7,20261910,1,212.793542611773,0.1811145,0.0065481
2d,一般,2,0.18085058,Informed-RRT*,7,20261910,1,208.997360880544,0.1812185,0.0057708
2d,一般,2,0.18085058,PRM*,7,20261910,1,216.170977366183,0.1861583,0.0015825
2d,一般,2,0.18085058,FMT*,7,20261910,1,217.105123267659,0.1815562,0.0367699
2d,一般,2,0.18085058,BIT*,7,20261910,1,211.743597724307,0.1814332,0.1245641
2d,一般,2,0.18085058,RRT#,7,20261910,1,210.725634651619,0.181415,0.0063756
2d,一般,2,0.18085058,APF-only,7,20261910,1,229.358752665851,0.0017238,0.0015995
2d,一般,2,0.18085058,AB-IRRT*,7,20261910,1,208.912851032754,0.1812524,0.0015923
2d,一般,2,0.18085058,RRT*,8,20261911,1,210.919033038458,0.1812116,0.0136084
2d,一般,2,0.18085058,Informed-RRT*,8,20261911,1,208.94680251202,0.1812389,0.0168136
2d,一般,2,0.18085058,PRM*,8,20261911,1,210.434448350157,0.1852588,0.0005242
2d,一般,2,0.18085058,FMT*,8,20261911,1,215.651214255891,0.1819129,0.0227485
2d,一般,2,0.18085058,BIT*,8,20261911,1,215.097386025188,0.1817536,0.0448718
2d,一般,2,0.18085058,RRT#,8,20261911,1,209.949528532219,0.1818785,0.0166613
2d,一般,2,0.18085058,APF-only,8,20261911,1,229.358752665851,0.0021025,0.0019403
2d,一般,2,0.18085058,AB-IRRT*,8,20261911,1,208.806986986457,0.1816723,0.0022617
2d,一般,2,0.18085058,RRT*,9,20261912,1,213.875907825271,0.1811602,0.0107004
2d,一般,2,0.18085058,Informed-RRT*,9,20261912,1,209.354285418985,0.1811366,0.009436
2d,一般,2,0.18085058,PRM*,9,20261912,1,211.071313977021,0.1858261,0.0016898
2d,一般,2,0.18085058,FMT*,9,20261912,1,213.334829584992,0.1814348,0.0101871
2d,一般,2,0.18085058,BIT*,9,20261912,1,209.703425024666,0.1822916,0.0252534
2d,一般,2,0.18085058,RRT#,9,20261912,1,209.338308681604,0.1813782,0.0140658
2d,一般,2,0.18085058,APF-only,9,20261912,1,229.358752665851,0.0020625,0.0019362
2d,一般,2,0.18085058,AB-IRRT*,9,20261912,1,209.233408382442,0.1812712,0.0020127
2d,一般,2,0.18085058,RRT*,10,20261913,1,211.731432472533,0.1811169,0.0037876
2d,一般,2,0.18085058,Informed-RRT*,10,20261913,1,208.87594362157,0.1811457,0.0034102
2d,一般,2,0.18085058,PRM*,10,20261913,1,211.567682432638,0.184656,0.0009289
2d,一般,2,0.18085058,FMT*,10,20261913,1,217.675079503295,0.1814562,0.011387
2d,一般,2,0.18085058,BIT*,10,20261913,1,212.28887126672,0.1819137,0.033644
2d,一般,2,0.18085058,RRT#,10,20261913,1,208.943319451826,0.1814677,0.0058037
2d,一般,2,0.18085058,APF-only,10,20261913,1,229.358752665851,0.001436,0.0013416
2d,一般,2,0.18085058,AB-IRRT*,10,20261913,1,208.799452764582,0.1814928,0.0013579
2d,一般,2,0.18085058,RRT*,11,20261914,1,210.675789372487,0.181133,0.0086357
2d,一般,2,0.18085058,Informed-RRT*,11,20261914,1,208.892662454382,0.1811786,0.0095827
2d,一般,2,0.18085058,PRM*,11,20261914,1,211.324033901236,0.1849065,0.0010061
2d,一般,2,0.18085058,FMT*,11,20261914,1,215.860043291877,0.1817425,0.012864
2d,一般,2,0.18085058,BIT*,11,20261914,1,211.534782604656,0.1827074,0.0214865
2d,一般,2,0.18085058,RRT#,11,20261914,1,209.449755581153,0.1817094,0.0096961
2d,一般,2,0.18085058,APF-only,11,20261914,1,229.358752665851,0.0014789,0.0013694
2d,一般,2,0.18085058,AB-IRRT*,11,20261914,1,208.694974378226,0.1812461,0.0013676
2d,一般,2,0.18085058,RRT*,12,20261915,1,209.956957360491,0.1811038,0.0046669
2d,一般,2,0.18085058,Informed-RRT*,12,20261915,1,208.934129421444,0.1812547,0.0072054
2d,一般,2,0.18085058,PRM*,12,20261915,1,212.753765114011,0.1840482,0.0005973
2d,一般,2,0.18085058,FMT*,12,20261915,1,249.498383733612,0.1814337,0.0073394
2d,一般,2,0.18085058,BIT*,12,20261915,1,209.607289945773,0.1816965,0.028368
2d,一般,2,0.18085058,RRT#,12,20261915,1,209.612122794518,0.1814166,0.0084111
2d,一般,2,0.18085058,APF-only,12,20261915,1,229.358752665851,0.0018937,0.0017775
2d,一般,2,0.18085058,AB-IRRT*,12,20261915,1,208.760474588322,0.1814618,0.0015777
2d,一般,2,0.18085058,RRT*,13,20261916,1,210.232140073793,0.1812928,0.0076351
2d,一般,2,0.18085058,Informed-RRT*,13,20261916,1,209.404251427631,0.181733,0.012474
2d,一般,2,0.18085058,PRM*,13,20261916,1,211.952425036293,0.1850103,0.0132259
2d,一般,2,0.18085058,FMT*,13,20261916,1,221.281420222694,0.181351,0.0166865
2d,一般,2,0.18085058,BIT*,13,20261916,1,214.465654706491,0.1814994,0.032315
2d,一般,2,0.18085058,RRT#,13,20261916,1,209.69611882683,0.1814451,0.0155223
2d,一般,2,0.18085058,APF-only,13,20261916,1,229.358752665851,0.0022072,0.0020864
2d,一般,2,0.18085058,AB-IRRT*,13,20261916,1,208.945646626708,0.1815272,0.0019097
2d,一般,2,0.18085058,RRT*,14,20261917,1,213.664788118228,0.1812715,0.0085929
2d,一般,2,0.18085058,Informed-RRT*,14,20261917,1,209.080506156001,0.1813298,0.0094454
2d,一般,2,0.18085058,PRM*,14,20261917,1,211.424999327867,0.1858909,0.0009051
2d,一般,2,0.18085058,FMT*,14,20261917,1,221.376155619694,0.1813993,0.0093587
2d,一般,2,0.18085058,BIT*,14,20261917,1,213.093565779218,0.1816725,0.0603419
2d,一般,2,0.18085058,RRT#,14,20261917,1,210.895841536777,0.1815528,0.0129582
2d,一般,2,0.18085058,APF-only,14,20261917,1,229.358752665851,0.0016277,0.001519
2d,一般,2,0.18085058,AB-IRRT*,14,20261917,1,208.667936462138,0.1818088,0.0016718
2d,一般,2,0.18085058,RRT*,15,20261918,1,210.998382395959,0.1814625,0.0096209
2d,一般,2,0.18085058,Informed-RRT*,15,20261918,1,209.742786169637,0.1813458,0.0082916
2d,一般,2,0.18085058,PRM*,15,20261918,1,210.725839378587,0.1841399,0.0012354
2d,一般,2,0.18085058,FMT*,15,20261918,1,220.352987848601,0.1814466,0.0331142
2d,一般,2,0.18085058,BIT*,15,20261918,1,213.087905364147,0.1818642,0.0296752
2d,一般,2,0.18085058,RRT#,15,20261918,1,210.353594918422,0.1813686,0.0082147
2d,一般,2,0.18085058,APF-only,15,20261918,1,229.358752665851,0.0016926,0.0015851
2d,一般,2,0.18085058,AB-IRRT*,15,20261918,1,209.255588604128,0.1814117,0.0019942
2d,一般,2,0.18085058,RRT*,16,20261919,1,209.802181938481,0.1811253,0.0114212
2d,一般,2,0.18085058,Informed-RRT*,16,20261919,1,208.915415100872,0.1811741,0.0131277
2d,一般,2,0.18085058,PRM*,16,20261919,1,211.4629156181,0.184721,0.0121081
2d,一般,2,0.18085058,FMT*,16,20261919,1,212.238877512866,0.1820266,0.0093585
2d,一般,2,0.18085058,BIT*,16,20261919,1,209.542399447978,0.1823041,0.0336721
2d,一般,2,0.18085058,RRT#,16,20261919,1,208.669127054539,0.1815173,0.0171128
2d,一般,2,0.18085058,APF-only,16,20261919,1,229.358752665851,0.001592,0.0014849
2d,一般,2,0.18085058,AB-IRRT*,16,20261919,1,208.635416635545,0.1815325,0.0018493
2d,一般,2,0.18085058,RRT*,17,20261920,1,210.395469433889,0.1810777,0.0107259
2d,一般,2,0.18085058,Informed-RRT*,17,20261920,1,213.903478596089,0.1811443,0.0113626
2d,一般,2,0.18085058,PRM*,17,20261920,1,211.37442737726,0.1846336,0.0072335
2d,一般,2,0.18085058,FMT*,17,20261920,1,217.195636288239,0.1816887,0.0094331
2d,一般,2,0.18085058,BIT*,17,20261920,1,213.369612128819,0.1825964,0.0359311
2d,一般,2,0.18085058,RRT#,17,20261920,1,209.861317031587,0.1814986,0.0135039
2d,一般,2,0.18085058,APF-only,17,20261920,1,229.358752665851,0.0016573,0.0015503
2d,一般,2,0.18085058,AB-IRRT*,17,20261920,1,208.911016222451,0.1814479,0.0017163
2d,一般,2,0.18085058,RRT*,18,20261921,1,210.921790928838,0.1813001,0.0076784
2d,一般,2,0.18085058,Informed-RRT*,18,20261921,1,210.873045736925,0.1812157,0.0076706
2d,一般,2,0.18085058,PRM*,18,20261921,1,212.235815030396,0.1846114,0.0046026
2d,一般,2,0.18085058,FMT*,18,20261921,1,215.853806373164,0.1813747,0.0150323
2d,一般,2,0.18085058,BIT*,18,20261921,1,210.660269548689,0.181637,0.0258828
2d,一般,2,0.18085058,RRT#,18,20261921,1,210.241579844147,0.1815851,0.0160931
2d,一般,2,0.18085058,APF-only,18,20261921,1,229.358752665851,0.00177,0.0016513
2d,一般,2,0.18085058,AB-IRRT*,18,20261921,1,209.126438549019,0.1813157,0.0016557
2d,一般,2,0.18085058,RRT*,19,20261922,1,211.6313294072,0.1811194,0.009424
2d,一般,2,0.18085058,Informed-RRT*,19,20261922,1,209.01988900659,0.1812641,0.0091767
2d,一般,2,0.18085058,PRM*,19,20261922,1,211.413625967474,0.1852275,0.0029661
2d,一般,2,0.18085058,FMT*,19,20261922,1,217.69581294489,0.1814329,0.0071857
2d,一般,2,0.18085058,BIT*,19,20261922,1,210.846309936717,0.182369,0.0334968
2d,一般,2,0.18085058,RRT#,19,20261922,1,210.865766466314,0.1815667,0.0117955
2d,一般,2,0.18085058,APF-only,19,20261922,1,229.358752665851,0.0014419,0.00134
2d,一般,2,0.18085058,AB-IRRT*,19,20261922,1,208.816037091011,0.1815383,0.0013155
2d,一般,2,0.18085058,RRT*,20,20261923,1,209.821873892154,0.1813652,0.0052628
2d,一般,2,0.18085058,Informed-RRT*,20,20261923,1,209.051892184871,0.1812586,0.0061266
2d,一般,2,0.18085058,PRM*,20,20261923,1,211.0401151774,0.1838609,0.0021668
2d,一般,2,0.18085058,FMT*,20,20261923,1,215.134367393329,0.1823637,0.0213203
2d,一般,2,0.18085058,BIT*,20,20261923,1,209.549641721003,0.1818087,0.0364218
2d,一般,2,0.18085058,RRT#,20,20261923,1,208.70960791668,0.1818503,0.0073469
2d,一般,2,0.18085058,APF-only,20,20261923,1,229.358752665851,0.0013301,0.0012294
2d,一般,2,0.18085058,AB-IRRT*,20,20261923,1,209.039834041057,0.1812765,0.0011271
2d,一般,2,0.18085058,RRT*,21,20261924,1,209.43735812554,0.1812119,0.0071146
2d,一般,2,0.18085058,Informed-RRT*,21,20261924,1,209.100828712612,0.1813605,0.0066552
2d,一般,2,0.18085058,PRM*,21,20261924,1,211.503140902075,0.1846828,0.0003728
2d,一般,2,0.18085058,FMT*,21,20261924,1,218.448219543329,0.1814457,0.0066781
2d,一般,2,0.18085058,BIT*,21,20261924,1,210.608309054675,0.1819087,0.0381012
2d,一般,2,0.18085058,RRT#,21,20261924,1,209.091045270867,0.1816295,0.0089454
2d,一般,2,0.18085058,APF-only,21,20261924,1,229.358752665851,0.003151,0.0029833
2d,一般,2,0.18085058,AB-IRRT*,21,20261924,1,209.141746689193,0.1815164,0.0029026
2d,一般,2,0.18085058,RRT*,22,20261925,1,210.032994340035,0.1814831,0.0129009
2d,一般,2,0.18085058,Informed-RRT*,22,20261925,1,209.262511800628,0.181742,0.006677
2d,一般,2,0.18085058,PRM*,22,20261925,1,213.15659984755,0.1844975,0.0017673
2d,一般,2,0.18085058,FMT*,22,20261925,1,218.523503627495,0.1828503,0.0178924
2d,一般,2,0.18085058,BIT*,22,20261925,1,211.808428325127,0.1828736,0.0594134
2d,一般,2,0.18085058,RRT#,22,20261925,1,209.626404056614,0.1814849,0.0087821
2d,一般,2,0.18085058,APF-only,22,20261925,1,229.358752665851,0.0015084,0.0014088
2d,一般,2,0.18085058,AB-IRRT*,22,20261925,1,208.721396704985,0.1819001,0.0014421
2d,一般,2,0.18085058,RRT*,23,20261926,1,209.849662538992,0.1819228,0.0067786
2d,一般,2,0.18085058,Informed-RRT*,23,20261926,1,209.334461186954,0.1812539,0.0077294
2d,一般,2,0.18085058,PRM*,23,20261926,1,212.297815674153,0.184866,0.0013972
2d,一般,2,0.18085058,FMT*,23,20261926,1,215.123429578885,0.1814053,0.0214044
2d,一般,2,0.18085058,BIT*,23,20261926,1,210.810575575306,0.183228,0.0993838
2d,一般,2,0.18085058,RRT#,23,20261926,1,208.834264782203,0.1814851,0.0089716
2d,一般,2,0.18085058,APF-only,23,20261926,1,229.358752665851,0.0023146,0.0022018
2d,一般,2,0.18085058,AB-IRRT*,23,20261926,1,208.678266213313,0.1814986,0.0017065
2d,一般,2,0.18085058,RRT*,24,20261927,1,211.330600477743,0.1811898,0.0157298
2d,一般,2,0.18085058,Informed-RRT*,24,20261927,1,209.334333225179,0.1813455,0.0145672
2d,一般,2,0.18085058,PRM*,24,20261927,1,215.200834856762,0.1853022,0.0005723
2d,一般,2,0.18085058,FMT*,24,20261927,1,211.653019668565,0.1816038,0.012304
2d,一般,2,0.18085058,BIT*,24,20261927,1,210.896529873984,0.1822754,0.0475108
2d,一般,2,0.18085058,RRT#,24,20261927,1,210.262073181877,0.181794,0.0195438
2d,一般,2,0.18085058,APF-only,24,20261927,1,229.358752665851,0.0021497,0.0020226
2d,一般,2,0.18085058,AB-IRRT*,24,20261927,1,208.667279354202,0.1813651,0.0019864
2d,一般,2,0.18085058,RRT*,25,20261928,1,211.792814971627,0.1813908,0.0065652
2d,一般,2,0.18085058,Informed-RRT*,25,20261928,1,209.387367352346,0.1812865,0.0053533
2d,一般,2,0.18085058,PRM*,25,20261928,1,211.589446892921,0.1848308,0.0024772
2d,一般,2,0.18085058,FMT*,25,20261928,1,214.949368465739,0.1814136,0.0075334
2d,一般,2,0.18085058,BIT*,25,20261928,1,210.131362432733,0.1814918,0.0340419
2d,一般,2,0.18085058,RRT#,25,20261928,1,209.75483943039,0.1814029,0.0066433
2d,一般,2,0.18085058,APF-only,25,20261928,1,229.358752665851,0.0014184,0.0012924
2d,一般,2,0.18085058,AB-IRRT*,25,20261928,1,208.663368881333,0.18131,0.0016873
2d,一般,2,0.18085058,RRT*,26,20261929,1,213.787835503891,0.1813388,0.0086326
2d,一般,2,0.18085058,Informed-RRT*,26,20261929,1,209.056896935905,0.181722,0.0079759
2d,一般,2,0.18085058,PRM*,26,20261929,1,210.280279677834,0.184388,0.0028306
2d,一般,2,0.18085058,FMT*,26,20261929,1,213.092631754583,0.181521,0.012469
2d,一般,2,0.18085058,BIT*,26,20261929,1,209.480874764616,0.1832977,0.0309041
2d,一般,2,0.18085058,RRT#,26,20261929,1,211.067424864798,0.1815253,0.0126221
2d,一般,2,0.18085058,APF-only,26,20261929,1,229.358752665851,0.0028783,0.0027342
2d,一般,2,0.18085058,AB-IRRT*,26,20261929,1,208.810171875662,0.1813926,0.0019535
2d,一般,2,0.18085058,RRT*,27,20261930,1,210.809207848341,0.1812428,0.0065302
2d,一般,2,0.18085058,Informed-RRT*,27,20261930,1,209.253649321001,0.1816887,0.0068954
2d,一般,2,0.18085058,PRM*,27,20261930,1,211.572677501806,0.1851507,0.00135
2d,一般,2,0.18085058,FMT*,27,20261930,1,216.632490304189,0.1816959,0.0189585
2d,一般,2,0.18085058,BIT*,27,20261930,1,209.896206622228,0.1816278,0.028063
2d,一般,2,0.18085058,RRT#,27,20261930,1,209.384463581625,0.1815333,0.0093331
2d,一般,2,0.18085058,APF-only,27,20261930,1,229.358752665851,0.0016747,0.0015662
2d,一般,2,0.18085058,AB-IRRT*,27,20261930,1,208.971513569221,0.1814219,0.0015751
2d,一般,2,0.18085058,RRT*,28,20261931,1,210.647673227573,0.1812144,0.0117011
2d,一般,2,0.18085058,Informed-RRT*,28,20261931,1,208.958148160497,0.1812906,0.0126727
2d,一般,2,0.18085058,PRM*,28,20261931,1,209.522203976253,0.186396,0.0012975
2d,一般,2,0.18085058,FMT*,28,20261931,1,214.143729840534,0.1823525,0.007497
2d,一般,2,0.18085058,BIT*,28,20261931,1,210.094460065158,0.1825946,0.0294198
2d,一般,2,0.18085058,RRT#,28,20261931,1,208.93769575417,0.181392,0.0162206
2d,一般,2,0.18085058,APF-only,28,20261931,1,229.358752665851,0.0013382,0.00125
2d,一般,2,0.18085058,AB-IRRT*,28,20261931,1,208.95523683439,0.1813158,0.0016711
2d,一般,2,0.18085058,RRT*,29,20261932,1,211.056309162806,0.1811571,0.0053819
2d,一般,2,0.18085058,Informed-RRT*,29,20261932,1,209.467049478167,0.1811973,0.0086708
2d,一般,2,0.18085058,PRM*,29,20261932,1,212.308406120797,0.1850091,0.0068312
2d,一般,2,0.18085058,FMT*,29,20261932,1,217.019502609368,0.1819153,0.0223556
2d,一般,2,0.18085058,BIT*,29,20261932,0,Inf,0.1815958,NaN
2d,一般,2,0.18085058,RRT#,29,20261932,1,209.5063091894,0.1814066,0.0089705
2d,一般,2,0.18085058,APF-only,29,20261932,1,229.358752665851,0.0024524,0.0022931
2d,一般,2,0.18085058,AB-IRRT*,29,20261932,1,208.657607366643,0.1813823,0.0016536
2d,一般,2,0.18085058,RRT*,30,20261933,1,209.982601488102,0.1811154,0.0144822
2d,一般,2,0.18085058,Informed-RRT*,30,20261933,1,209.134000208675,0.1812099,0.0126992
2d,一般,2,0.18085058,PRM*,30,20261933,1,209.726719907185,0.183901,0.0124709
2d,一般,2,0.18085058,FMT*,30,20261933,1,214.441756275809,0.1817304,0.0294162
2d,一般,2,0.18085058,BIT*,30,20261933,1,214.990320335178,0.181602,0.093938
2d,一般,2,0.18085058,RRT#,30,20261933,1,209.519685275936,0.1814465,0.0153131
2d,一般,2,0.18085058,APF-only,30,20261933,1,229.358752665851,0.0019155,0.0018182
2d,一般,2,0.18085058,AB-IRRT*,30,20261933,1,208.875710101069,0.1813002,0.0012906
2d,狭窄,1,0.047358008,RRT*,1,20262904,1,218.026588594217,0.0476043,0.0105051
2d,狭窄,1,0.047358008,Informed-RRT*,1,20262904,1,218.214628819657,0.0477424,0.01126
2d,狭窄,1,0.047358008,PRM*,1,20262904,1,226.878213835783,0.0487567,0.0013321
2d,狭窄,1,0.047358008,FMT*,1,20262904,1,281.756073769027,0.0485707,0.0157778
2d,狭窄,1,0.047358008,BIT*,1,20262904,0,Inf,0.0481265,NaN
2d,狭窄,1,0.047358008,RRT#,1,20262904,1,222.041318529621,0.0478702,0.015951
2d,狭窄,1,0.047358008,APF-only,1,20262904,1,279.791130115633,0.0180985,0.0174479
2d,狭窄,1,0.047358008,AB-IRRT*,1,20262904,1,212.885243942151,0.0502444,0.0117673
2d,狭窄,1,0.047358008,RRT*,2,20262905,1,238.962366959406,0.0476668,0.0175637
2d,狭窄,1,0.047358008,Informed-RRT*,2,20262905,1,237.262811001771,0.04768,0.0150327
2d,狭窄,1,0.047358008,PRM*,2,20262905,1,227.070839782445,0.0481289,0.0010026
2d,狭窄,1,0.047358008,FMT*,2,20262905,1,242.746403576303,0.0477971,0.0097219
2d,狭窄,1,0.047358008,BIT*,2,20262905,1,249.044297709143,0.0491595,0.028594
2d,狭窄,1,0.047358008,RRT#,2,20262905,1,236.604914769387,0.0478662,0.0236364
2d,狭窄,1,0.047358008,APF-only,2,20262905,1,279.791130115633,0.0091452,0.0090168
2d,狭窄,1,0.047358008,AB-IRRT*,2,20262905,1,212.885243942151,0.0481508,0.0113672
2d,狭窄,1,0.047358008,RRT*,3,20262906,1,251.074282228096,0.0476796,0.0133881
2d,狭窄,1,0.047358008,Informed-RRT*,3,20262906,1,260.548815547844,0.0477859,0.0110574
2d,狭窄,1,0.047358008,PRM*,3,20262906,1,240.39880583516,0.0485612,0.0002711
2d,狭窄,1,0.047358008,FMT*,3,20262906,1,229.573749364846,0.048868,0.0324355
2d,狭窄,1,0.047358008,BIT*,3,20262906,0,Inf,0.0480256,NaN
2d,狭窄,1,0.047358008,RRT#,3,20262906,1,252.9890209607,0.0479427,0.0152888
2d,狭窄,1,0.047358008,APF-only,3,20262906,1,279.791130115633,0.0098895,0.009745
2d,狭窄,1,0.047358008,AB-IRRT*,3,20262906,1,212.885243942151,0.0486376,0.009783
2d,狭窄,1,0.047358008,RRT*,4,20262907,1,223.980126392965,0.0477765,0.0058758
2d,狭窄,1,0.047358008,Informed-RRT*,4,20262907,1,228.938454348723,0.048143,0.0077674
2d,狭窄,1,0.047358008,PRM*,4,20262907,1,240.903126080314,0.0486865,0.012957
2d,狭窄,1,0.047358008,FMT*,4,20262907,1,255.269442909948,0.0491905,0.0193771
2d,狭窄,1,0.047358008,BIT*,4,20262907,1,245.365660736671,0.0487593,0.0323205
2d,狭窄,1,0.047358008,RRT#,4,20262907,1,223.890117426972,0.047805,0.0073115
2d,狭窄,1,0.047358008,APF-only,4,20262907,1,279.791130115633,0.0086677,0.0085329
2d,狭窄,1,0.047358008,AB-IRRT*,4,20262907,1,212.885243942151,0.0482723,0.0155564
2d,狭窄,1,0.047358008,RRT*,5,20262908,1,229.962244065208,0.0477076,0.0098325
2d,狭窄,1,0.047358008,Informed-RRT*,5,20262908,1,228.776338934472,0.0476988,0.0060984
2d,狭窄,1,0.047358008,PRM*,5,20262908,1,245.449968829995,0.0491853,0.0420982
2d,狭窄,1,0.047358008,FMT*,5,20262908,1,250.330435809447,0.0484183,0.0345682
2d,狭窄,1,0.047358008,BIT*,5,20262908,1,240.326780191429,0.0521383,0.0218619
2d,狭窄,1,0.047358008,RRT#,5,20262908,1,242.000415289322,0.0478431,0.0121421
2d,狭窄,1,0.047358008,APF-only,5,20262908,1,279.791130115633,0.0083604,0.008233
2d,狭窄,1,0.047358008,AB-IRRT*,5,20262908,1,212.885243942151,0.0483565,0.0089346
2d,狭窄,1,0.047358008,RRT*,6,20262909,1,217.982707029495,0.0478638,0.0101868
2d,狭窄,1,0.047358008,Informed-RRT*,6,20262909,1,214.568710002335,0.047836,0.0097453
2d,狭窄,1,0.047358008,PRM*,6,20262909,1,225.422114509541,0.0491294,0.0002005
2d,狭窄,1,0.047358008,FMT*,6,20262909,1,254.9232781424,0.0479653,0.0416624
2d,狭窄,1,0.047358008,BIT*,6,20262909,0,Inf,0.0483756,NaN
2d,狭窄,1,0.047358008,RRT#,6,20262909,1,217.850734499898,0.0479999,0.0106859
2d,狭窄,1,0.047358008,APF-only,6,20262909,1,279.791130115633,0.0081726,0.0080419
2d,狭窄,1,0.047358008,AB-IRRT*,6,20262909,1,212.885243942151,0.0479776,0.0100899
2d,狭窄,1,0.047358008,RRT*,7,20262910,1,218.003139312864,0.0477527,0.0055818
2d,狭窄,1,0.047358008,Informed-RRT*,7,20262910,1,217.652641340518,0.0482626,0.0088929
2d,狭窄,1,0.047358008,PRM*,7,20262910,1,228.68343017697,0.0487273,0.0135431
2d,狭窄,1,0.047358008,FMT*,7,20262910,1,252.249178879998,0.0478142,0.007767
2d,狭窄,1,0.047358008,BIT*,7,20262910,1,241.401628077656,0.0482825,0.0268844
2d,狭窄,1,0.047358008,RRT#,7,20262910,1,215.7428388655,0.047772,0.007391
2d,狭窄,1,0.047358008,APF-only,7,20262910,1,279.791130115633,0.0070187,0.0069172
2d,狭窄,1,0.047358008,AB-IRRT*,7,20262910,1,212.885243942151,0.047932,0.0072362
2d,狭窄,1,0.047358008,RRT*,8,20262911,1,215.885466765951,0.0476345,0.0083853
2d,狭窄,1,0.047358008,Informed-RRT*,8,20262911,1,214.894067333544,0.047679,0.0094974
2d,狭窄,1,0.047358008,PRM*,8,20262911,1,237.188695128607,0.0488573,0.0011458
2d,狭窄,1,0.047358008,FMT*,8,20262911,0,Inf,0.0489663,NaN
2d,狭窄,1,0.047358008,BIT*,8,20262911,0,Inf,0.0480868,NaN
2d,狭窄,1,0.047358008,RRT#,8,20262911,1,214.409181715136,0.0477885,0.0089046
2d,狭窄,1,0.047358008,APF-only,8,20262911,1,279.791130115633,0.0096681,0.0095276
2d,狭窄,1,0.047358008,AB-IRRT*,8,20262911,1,212.885243942151,0.0478643,0.0089041
2d,狭窄,1,0.047358008,RRT*,9,20262912,1,213.402553211304,0.0480274,0.0071681
2d,狭窄,1,0.047358008,Informed-RRT*,9,20262912,1,214.839720622703,0.0478043,0.0094563
2d,狭窄,1,0.047358008,PRM*,9,20262912,0,Inf,0.0502609,NaN
2d,狭窄,1,0.047358008,FMT*,9,20262912,0,Inf,0.0478455,NaN
2d,狭窄,1,0.047358008,BIT*,9,20262912,0,Inf,0.0486204,NaN
2d,狭窄,1,0.047358008,RRT#,9,20262912,1,213.241088648944,0.0477866,0.008148
2d,狭窄,1,0.047358008,APF-only,9,20262912,1,279.791130115633,0.0091747,0.0090326
2d,狭窄,1,0.047358008,AB-IRRT*,9,20262912,1,212.885243942151,0.0478528,0.0105393
2d,狭窄,1,0.047358008,RRT*,10,20262913,1,223.062653964196,0.0476089,0.010387
2d,狭窄,1,0.047358008,Informed-RRT*,10,20262913,1,223.033734747777,0.0476714,0.0076312
2d,狭窄,1,0.047358008,PRM*,10,20262913,1,267.352317959802,0.0484905,0.0009601
2d,狭窄,1,0.047358008,FMT*,10,20262913,1,259.328138950394,0.0482038,0.0125743
2d,狭窄,1,0.047358008,BIT*,10,20262913,0,Inf,0.0478969,NaN
2d,狭窄,1,0.047358008,RRT#,10,20262913,1,222.426822954197,0.0477888,0.0097124
2d,狭窄,1,0.047358008,APF-only,10,20262913,1,279.791130115633,0.0079655,0.0078541
2d,狭窄,1,0.047358008,AB-IRRT*,10,20262913,1,212.885243942151,0.0478894,0.0101385
2d,狭窄,1,0.047358008,RRT*,11,20262914,1,228.961517156105,0.0476518,0.02617
2d,狭窄,1,0.047358008,Informed-RRT*,11,20262914,1,228.081588450885,0.0477039,0.0255042
2d,狭窄,1,0.047358008,PRM*,11,20262914,1,242.418664946027,0.0485409,0.0027647
2d,狭窄,1,0.047358008,FMT*,11,20262914,1,241.831914894954,0.0478871,0.0088395
2d,狭窄,1,0.047358008,BIT*,11,20262914,1,240.800425162908,0.0481745,0.0476491
2d,狭窄,1,0.047358008,RRT#,11,20262914,1,223.07823616686,0.047836,0.0266641
2d,狭窄,1,0.047358008,APF-only,11,20262914,1,279.791130115633,0.0113779,0.0112406
2d,狭窄,1,0.047358008,AB-IRRT*,11,20262914,1,212.885243942151,0.0478274,0.0112063
2d,狭窄,1,0.047358008,RRT*,12,20262915,1,225.418674637058,0.0476804,0.0120082
2d,狭窄,1,0.047358008,Informed-RRT*,12,20262915,1,222.156806214692,0.0477816,0.0099236
2d,狭窄,1,0.047358008,PRM*,12,20262915,1,238.925484203538,0.0484922,0.0378687
2d,狭窄,1,0.047358008,FMT*,12,20262915,1,241.684377273069,0.0490061,0.0271265
2d,狭窄,1,0.047358008,BIT*,12,20262915,0,Inf,0.0479188,NaN
2d,狭窄,1,0.047358008,RRT#,12,20262915,1,221.819204214812,0.0478521,0.0196668
2d,狭窄,1,0.047358008,APF-only,12,20262915,1,279.791130115633,0.0094195,0.0092824
2d,狭窄,1,0.047358008,AB-IRRT*,12,20262915,1,212.885243942151,0.0479504,0.010873
2d,狭窄,1,0.047358008,RRT*,13,20262916,1,214.529958925125,0.0476571,0.0089676
2d,狭窄,1,0.047358008,Informed-RRT*,13,20262916,1,215.340251284612,0.0477531,0.0095135
2d,狭窄,1,0.047358008,PRM*,13,20262916,1,240.006076244587,0.0487363,0.0019777
2d,狭窄,1,0.047358008,FMT*,13,20262916,1,259.792021053853,0.0480495,0.0079258
2d,狭窄,1,0.047358008,BIT*,13,20262916,1,247.604173035283,0.04786,0.0246788
2d,狭窄,1,0.047358008,RRT#,13,20262916,1,213.225100737013,0.0479352,0.0130851
2d,狭窄,1,0.047358008,APF-only,13,20262916,1,279.791130115633,0.0124783,0.012228
2d,狭窄,1,0.047358008,AB-IRRT*,13,20262916,1,212.885243942151,0.0479583,0.0109299
2d,狭窄,1,0.047358008,RRT*,14,20262917,1,220.833879647943,0.0476933,0.0071253
2d,狭窄,1,0.047358008,Informed-RRT*,14,20262917,1,223.782319129462,0.047827,0.0075402
2d,狭窄,1,0.047358008,PRM*,14,20262917,1,228.260899401412,0.048749,0.0022567
2d,狭窄,1,0.047358008,FMT*,14,20262917,1,257.462269761535,0.0483229,0.0161911
2d,狭窄,1,0.047358008,BIT*,14,20262917,1,247.477787800264,0.0484707,0.0480483
2d,狭窄,1,0.047358008,RRT#,14,20262917,1,221.876164643408,0.0480388,0.0082022
2d,狭窄,1,0.047358008,APF-only,14,20262917,1,279.791130115633,0.0079239,0.0077966
2d,狭窄,1,0.047358008,AB-IRRT*,14,20262917,1,212.885243942151,0.0478773,0.0096109
2d,狭窄,1,0.047358008,RRT*,15,20262918,1,223.283652024967,0.0477109,0.0108318
2d,狭窄,1,0.047358008,Informed-RRT*,15,20262918,1,218.445945518412,0.04795,0.0092544
2d,狭窄,1,0.047358008,PRM*,15,20262918,1,231.65650833307,0.0486137,0.0058127
2d,狭窄,1,0.047358008,FMT*,15,20262918,1,232.377496775748,0.0480492,0.0292113
2d,狭窄,1,0.047358008,BIT*,15,20262918,1,260.703140921221,0.0481953,0.0478392
2d,狭窄,1,0.047358008,RRT#,15,20262918,1,220.456587627555,0.0478637,0.0104983
2d,狭窄,1,0.047358008,APF-only,15,20262918,1,279.791130115633,0.0081529,0.0080429
2d,狭窄,1,0.047358008,AB-IRRT*,15,20262918,1,212.885243942151,0.0478431,0.0101382
2d,狭窄,1,0.047358008,RRT*,16,20262919,1,252.302173891827,0.0476601,0.0225106
2d,狭窄,1,0.047358008,Informed-RRT*,16,20262919,1,244.470374793731,0.0478319,0.0210133
2d,狭窄,1,0.047358008,PRM*,16,20262919,1,225.054400704226,0.0488141,0.002477
2d,狭窄,1,0.047358008,FMT*,16,20262919,1,234.443077148992,0.0479366,0.0062988
2d,狭窄,1,0.047358008,BIT*,16,20262919,0,Inf,0.0486844,NaN
2d,狭窄,1,0.047358008,RRT#,16,20262919,1,254.935654649759,0.0478535,0.0257986
2d,狭窄,1,0.047358008,APF-only,16,20262919,1,279.791130115633,0.0096384,0.0094798
2d,狭窄,1,0.047358008,AB-IRRT*,16,20262919,1,212.885243942151,0.0482337,0.0094514
2d,狭窄,1,0.047358008,RRT*,17,20262920,1,253.609639540684,0.0478009,0.0156199
2d,狭窄,1,0.047358008,Informed-RRT*,17,20262920,1,252.874004571945,0.0478988,0.0145982
2d,狭窄,1,0.047358008,PRM*,17,20262920,1,226.39730500948,0.0487701,0.0010667
2d,狭窄,1,0.047358008,FMT*,17,20262920,1,238.042842192098,0.047949,0.0080791
2d,狭窄,1,0.047358008,BIT*,17,20262920,1,225.239372914988,0.0508658,0.0285143
2d,狭窄,1,0.047358008,RRT#,17,20262920,1,248.775741715238,0.0478468,0.0187612
2d,狭窄,1,0.047358008,APF-only,17,20262920,1,279.791130115633,0.0088872,0.0087351
2d,狭窄,1,0.047358008,AB-IRRT*,17,20262920,1,212.885243942151,0.0479093,0.0102104
2d,狭窄,1,0.047358008,RRT*,18,20262921,1,223.36431533927,0.0477103,0.0095291
2d,狭窄,1,0.047358008,Informed-RRT*,18,20262921,1,218.471519885533,0.0480812,0.0093272
2d,狭窄,1,0.047358008,PRM*,18,20262921,1,225.081978950506,0.0489698,0.0124589
2d,狭窄,1,0.047358008,FMT*,18,20262921,1,234.503132833463,0.0481284,0.0334464
2d,狭窄,1,0.047358008,BIT*,18,20262921,0,Inf,0.0483414,NaN
2d,狭窄,1,0.047358008,RRT#,18,20262921,1,221.342627420622,0.0480708,0.0108032
2d,狭窄,1,0.047358008,APF-only,18,20262921,1,279.791130115633,0.0093287,0.0091951
2d,狭窄,1,0.047358008,AB-IRRT*,18,20262921,1,212.885243942151,0.047787,0.0101306
2d,狭窄,1,0.047358008,RRT*,19,20262922,1,228.068476404673,0.0479393,0.0110217
2d,狭窄,1,0.047358008,Informed-RRT*,19,20262922,1,223.727866141254,0.0477421,0.0109004
2d,狭窄,1,0.047358008,PRM*,19,20262922,1,223.757836693583,0.0488235,0.003884
2d,狭窄,1,0.047358008,FMT*,19,20262922,1,253.624289325936,0.0480072,0.0252553
2d,狭窄,1,0.047358008,BIT*,19,20262922,1,229.940776791933,0.0481874,0.0324893
2d,狭窄,1,0.047358008,RRT#,19,20262922,1,226.343121831677,0.0480063,0.0135768
2d,狭窄,1,0.047358008,APF-only,19,20262922,1,279.791130115633,0.009294,0.0091578
2d,狭窄,1,0.047358008,AB-IRRT*,19,20262922,1,212.885243942151,0.0480293,0.0083307
2d,狭窄,1,0.047358008,RRT*,20,20262923,1,229.687077590633,0.0477268,0.0178837
2d,狭窄,1,0.047358008,Informed-RRT*,20,20262923,1,223.320502972476,0.0478927,0.0155206
2d,狭窄,1,0.047358008,PRM*,20,20262923,1,240.570862976588,0.048527,0.002712
2d,狭窄,1,0.047358008,FMT*,20,20262923,1,251.466393435637,0.0481272,0.0100112
2d,狭窄,1,0.047358008,BIT*,20,20262923,0,Inf,0.0479858,NaN
2d,狭窄,1,0.047358008,RRT#,20,20262923,1,229.092160983593,0.0479822,0.0186609
2d,狭窄,1,0.047358008,APF-only,20,20262923,1,279.791130115633,0.0081679,0.0080279
2d,狭窄,1,0.047358008,AB-IRRT*,20,20262923,1,212.885243942151,0.0478396,0.0083358
2d,狭窄,1,0.047358008,RRT*,21,20262924,1,218.299560823425,0.047646,0.0154154
2d,狭窄,1,0.047358008,Informed-RRT*,21,20262924,1,227.200724650951,0.0477764,0.0108712
2d,狭窄,1,0.047358008,PRM*,21,20262924,1,241.846537227401,0.0484768,0.0079404
2d,狭窄,1,0.047358008,FMT*,21,20262924,0,Inf,0.0479522,NaN
2d,狭窄,1,0.047358008,BIT*,21,20262924,0,Inf,0.0487913,NaN
2d,狭窄,1,0.047358008,RRT#,21,20262924,1,219.546378867773,0.0479524,0.0135156
2d,狭窄,1,0.047358008,APF-only,21,20262924,1,279.791130115633,0.008116,0.0079929
2d,狭窄,1,0.047358008,AB-IRRT*,21,20262924,1,212.885243942151,0.0478974,0.0073591
2d,狭窄,1,0.047358008,RRT*,22,20262925,1,222.008400582989,0.0476587,0.011139
2d,狭窄,1,0.047358008,Informed-RRT*,22,20262925,1,220.051921119864,0.0476708,0.0085758
2d,狭窄,1,0.047358008,PRM*,22,20262925,1,227.457230407247,0.0483371,0.0127935
2d,狭窄,1,0.047358008,FMT*,22,20262925,1,255.353129012325,0.0479188,0.0074784
2d,狭窄,1,0.047358008,BIT*,22,20262925,0,Inf,0.0488893,NaN
2d,狭窄,1,0.047358008,RRT#,22,20262925,1,222.934658747443,0.0478842,0.0172631
2d,狭窄,1,0.047358008,APF-only,22,20262925,1,279.791130115633,0.0093836,0.0091559
2d,狭窄,1,0.047358008,AB-IRRT*,22,20262925,1,212.885243942151,0.0479475,0.0096777
2d,狭窄,1,0.047358008,RRT*,23,20262926,1,220.861803413713,0.0477458,0.0103619
2d,狭窄,1,0.047358008,Informed-RRT*,23,20262926,1,217.119801659296,0.0481355,0.0084884
2d,狭窄,1,0.047358008,PRM*,23,20262926,1,240.120572735319,0.0489055,0.0186025
2d,狭窄,1,0.047358008,FMT*,23,20262926,1,242.212666575332,0.0480006,0.0462054
2d,狭窄,1,0.047358008,BIT*,23,20262926,0,Inf,0.0480572,NaN
2d,狭窄,1,0.047358008,RRT#,23,20262926,1,217.646484210369,0.0479692,0.0157804
2d,狭窄,1,0.047358008,APF-only,23,20262926,1,279.791130115633,0.0089152,0.008786
2d,狭窄,1,0.047358008,AB-IRRT*,23,20262926,1,212.885243942151,0.0478748,0.0089829
2d,狭窄,1,0.047358008,RRT*,24,20262927,1,224.486714679828,0.0477284,0.0120262
2d,狭窄,1,0.047358008,Informed-RRT*,24,20262927,1,223.336397470742,0.0477453,0.0130146
2d,狭窄,1,0.047358008,PRM*,24,20262927,1,241.055994874601,0.049499,0.0322895
2d,狭窄,1,0.047358008,FMT*,24,20262927,0,Inf,0.0481219,NaN
2d,狭窄,1,0.047358008,BIT*,24,20262927,0,Inf,0.0483727,NaN
2d,狭窄,1,0.047358008,RRT#,24,20262927,1,224.077730901052,0.047792,0.0172766
2d,狭窄,1,0.047358008,APF-only,24,20262927,1,279.791130115633,0.0089919,0.0088802
2d,狭窄,1,0.047358008,AB-IRRT*,24,20262927,1,212.885243942151,0.0480219,0.0106238
2d,狭窄,1,0.047358008,RRT*,25,20262928,1,249.6141300805,0.0479369,0.0109392
2d,狭窄,1,0.047358008,Informed-RRT*,25,20262928,1,249.028116394203,0.0479348,0.0108075
2d,狭窄,1,0.047358008,PRM*,25,20262928,1,228.53364896353,0.0484732,0.0146087
2d,狭窄,1,0.047358008,FMT*,25,20262928,1,230.508337598713,0.0478465,0.0134735
2d,狭窄,1,0.047358008,BIT*,25,20262928,1,224.235763913169,0.0491371,0.0477496
2d,狭窄,1,0.047358008,RRT#,25,20262928,1,253.713066825982,0.0479397,0.0127812
2d,狭窄,1,0.047358008,APF-only,25,20262928,1,279.791130115633,0.0084455,0.0082034
2d,狭窄,1,0.047358008,AB-IRRT*,25,20262928,1,212.885243942151,0.0478276,0.0122516
2d,狭窄,1,0.047358008,RRT*,26,20262929,1,242.847559843654,0.0476152,0.0121681
2d,狭窄,1,0.047358008,Informed-RRT*,26,20262929,1,245.682612776314,0.0476914,0.013556
2d,狭窄,1,0.047358008,PRM*,26,20262929,1,229.151576863918,0.0484585,0.001073
2d,狭窄,1,0.047358008,FMT*,26,20262929,1,251.17021211389,0.0479124,0.0088132
2d,狭窄,1,0.047358008,BIT*,26,20262929,1,254.548043482746,0.0501771,0.0467744
2d,狭窄,1,0.047358008,RRT#,26,20262929,1,243.81375389907,0.0478172,0.0180969
2d,狭窄,1,0.047358008,APF-only,26,20262929,1,279.791130115633,0.0080223,0.0079042
2d,狭窄,1,0.047358008,AB-IRRT*,26,20262929,1,212.885243942151,0.0478265,0.0100761
2d,狭窄,1,0.047358008,RRT*,27,20262930,1,230.724714788807,0.0477945,0.0100915
2d,狭窄,1,0.047358008,Informed-RRT*,27,20262930,1,225.119955911784,0.0477847,0.0155542
2d,狭窄,1,0.047358008,PRM*,27,20262930,1,222.599274358002,0.0483681,0.0028969
2d,狭窄,1,0.047358008,FMT*,27,20262930,1,243.59605840021,0.0479438,0.0104723
2d,狭窄,1,0.047358008,BIT*,27,20262930,1,240.278176913746,0.0480675,0.0477451
2d,狭窄,1,0.047358008,RRT#,27,20262930,1,239.791929267217,0.047787,0.0135392
2d,狭窄,1,0.047358008,APF-only,27,20262930,1,279.791130115633,0.0092329,0.0091001
2d,狭窄,1,0.047358008,AB-IRRT*,27,20262930,1,212.885243942151,0.0478109,0.0086337
2d,狭窄,1,0.047358008,RRT*,28,20262931,1,246.231811406912,0.047632,0.0097863
2d,狭窄,1,0.047358008,Informed-RRT*,28,20262931,1,259.81225451429,0.0479339,0.0084784
2d,狭窄,1,0.047358008,PRM*,28,20262931,1,229.553875446284,0.0486697,0.0089089
2d,狭窄,1,0.047358008,FMT*,28,20262931,1,244.952401523998,0.048298,0.0154608
2d,狭窄,1,0.047358008,BIT*,28,20262931,0,Inf,0.0482328,NaN
2d,狭窄,1,0.047358008,RRT#,28,20262931,1,244.79148939119,0.047888,0.0135633
2d,狭窄,1,0.047358008,APF-only,28,20262931,1,279.791130115633,0.00734,0.0072248
2d,狭窄,1,0.047358008,AB-IRRT*,28,20262931,1,212.885243942151,0.0484074,0.007534
2d,狭窄,1,0.047358008,RRT*,29,20262932,1,234.757092498259,0.0476848,0.0065764
2d,狭窄,1,0.047358008,Informed-RRT*,29,20262932,1,233.911140981027,0.0476912,0.0070874
2d,狭窄,1,0.047358008,PRM*,29,20262932,1,230.138209697559,0.0486131,0.0024962
2d,狭窄,1,0.047358008,FMT*,29,20262932,1,240.056993908016,0.0479328,0.0107931
2d,狭窄,1,0.047358008,BIT*,29,20262932,1,237.464410518234,0.0481792,0.0258591
2d,狭窄,1,0.047358008,RRT#,29,20262932,1,229.808614153525,0.047931,0.0084842
2d,狭窄,1,0.047358008,APF-only,29,20262932,1,279.791130115633,0.0065475,0.006446
2d,狭窄,1,0.047358008,AB-IRRT*,29,20262932,1,212.885243942151,0.0479468,0.0071665
2d,狭窄,1,0.047358008,RRT*,30,20262933,1,228.991160784589,0.047938,0.0130491
2d,狭窄,1,0.047358008,Informed-RRT*,30,20262933,1,226.642679657761,0.0478268,0.0166648
2d,狭窄,1,0.047358008,PRM*,30,20262933,1,240.92317442035,0.0490493,0.0032698
2d,狭窄,1,0.047358008,FMT*,30,20262933,1,262.354257796852,0.048105,0.0221153
2d,狭窄,1,0.047358008,BIT*,30,20262933,1,237.37109727616,0.0484693,0.0481023
2d,狭窄,1,0.047358008,RRT#,30,20262933,1,228.627542384125,0.0479022,0.0253237
2d,狭窄,1,0.047358008,APF-only,30,20262933,1,279.791130115633,0.0119743,0.0118488
2d,狭窄,1,0.047358008,AB-IRRT*,30,20262933,1,212.885243942151,0.0478897,0.0090074
2d,狭窄,2,0.094716016,RRT*,1,20262904,1,215.055555795046,0.0951676,0.0091769
2d,狭窄,2,0.094716016,Informed-RRT*,1,20262904,1,214.137009974987,0.095118,0.0159096
2d,狭窄,2,0.094716016,PRM*,1,20262904,1,226.859989066897,0.096524,0.0008879
2d,狭窄,2,0.094716016,FMT*,1,20262904,1,281.756073769027,0.0953613,0.0111547
2d,狭窄,2,0.094716016,BIT*,1,20262904,0,Inf,0.095307,NaN
2d,狭窄,2,0.094716016,RRT#,1,20262904,1,213.532883932501,0.0952941,0.0133544
2d,狭窄,2,0.094716016,APF-only,1,20262904,1,279.791130115633,0.0081957,0.0080543
2d,狭窄,2,0.094716016,AB-IRRT*,1,20262904,1,212.885243942151,0.0951897,0.0093173
2d,狭窄,2,0.094716016,RRT*,2,20262905,1,226.619883134366,0.0950638,0.0169673
2d,狭窄,2,0.094716016,Informed-RRT*,2,20262905,1,230.705249737449,0.0951126,0.0147951
2d,狭窄,2,0.094716016,PRM*,2,20262905,1,224.404508805962,0.0969077,0.0007074
2d,狭窄,2,0.094716016,FMT*,2,20262905,1,242.746403576303,0.0955638,0.0108133
2d,狭窄,2,0.094716016,BIT*,2,20262905,1,238.23121984762,0.0957638,0.0305585
2d,狭窄,2,0.094716016,RRT#,2,20262905,1,237.412805661101,0.0952607,0.0230291
2d,狭窄,2,0.094716016,APF-only,2,20262905,1,279.791130115633,0.0086277,0.0084916
2d,狭窄,2,0.094716016,AB-IRRT*,2,20262905,1,212.885243942151,0.0955604,0.008855
2d,狭窄,2,0.094716016,RRT*,3,20262906,1,240.779747078687,0.0950898,0.0092942
2d,狭窄,2,0.094716016,Informed-RRT*,3,20262906,1,256.684312550054,0.0951582,0.0131021
2d,狭窄,2,0.094716016,PRM*,3,20262906,1,231.571589510123,0.0964987,0.0001405
2d,狭窄,2,0.094716016,FMT*,3,20262906,1,229.573749364846,0.0963655,0.0291517
2d,狭窄,2,0.094716016,BIT*,3,20262906,0,Inf,0.0955012,NaN
2d,狭窄,2,0.094716016,RRT#,3,20262906,1,238.662987991028,0.0954898,0.0153211
2d,狭窄,2,0.094716016,APF-only,3,20262906,1,279.791130115633,0.009683,0.0095596
2d,狭窄,2,0.094716016,AB-IRRT*,3,20262906,1,212.885243942151,0.0951478,0.0094316
2d,狭窄,2,0.094716016,RRT*,4,20262907,1,223.143520849628,0.0949745,0.0063616
2d,狭窄,2,0.094716016,Informed-RRT*,4,20262907,1,224.496500686808,0.0951656,0.0062188
2d,狭窄,2,0.094716016,PRM*,4,20262907,1,240.863040729777,0.0979452,0.0122794
2d,狭窄,2,0.094716016,FMT*,4,20262907,1,255.269442909948,0.0958801,0.0228313
2d,狭窄,2,0.094716016,BIT*,4,20262907,1,239.344083275422,0.0958139,0.037785
2d,狭窄,2,0.094716016,RRT#,4,20262907,1,222.956943830807,0.0954948,0.0127433
2d,狭窄,2,0.094716016,APF-only,4,20262907,1,279.791130115633,0.0168459,0.0166988
2d,狭窄,2,0.094716016,AB-IRRT*,4,20262907,1,212.885243942151,0.0953059,0.0089623
2d,狭窄,2,0.094716016,RRT*,5,20262908,1,220.37192718714,0.0952093,0.0083061
2d,狭窄,2,0.094716016,Informed-RRT*,5,20262908,1,230.724477150016,0.0951498,0.0078089
2d,狭窄,2,0.094716016,PRM*,5,20262908,1,242.6403358629,0.0972361,0.0453295
2d,狭窄,2,0.094716016,FMT*,5,20262908,1,250.330435809447,0.0953693,0.0338127
2d,狭窄,2,0.094716016,BIT*,5,20262908,1,236.810824490025,0.0956591,0.0257872
2d,狭窄,2,0.094716016,RRT#,5,20262908,1,215.380530704847,0.0954922,0.0108511
2d,狭窄,2,0.094716016,APF-only,5,20262908,1,279.791130115633,0.0069584,0.0068526
2d,狭窄,2,0.094716016,AB-IRRT*,5,20262908,1,212.885243942151,0.095407,0.0064823
2d,狭窄,2,0.094716016,RRT*,6,20262909,1,215.655186516983,0.0949981,0.0073599
2d,狭窄,2,0.094716016,Informed-RRT*,6,20262909,1,214.022503253178,0.0950892,0.0068595
2d,狭窄,2,0.094716016,PRM*,6,20262909,1,222.446636086525,0.0968412,0.0002747
2d,狭窄,2,0.094716016,FMT*,6,20262909,1,254.9232781424,0.0959217,0.0416012
2d,狭窄,2,0.094716016,BIT*,6,20262909,0,Inf,0.0972782,NaN
2d,狭窄,2,0.094716016,RRT#,6,20262909,1,214.912551844101,0.0952316,0.0141147
2d,狭窄,2,0.094716016,APF-only,6,20262909,1,279.791130115633,0.0062892,0.0061931
2d,狭窄,2,0.094716016,AB-IRRT*,6,20262909,1,212.885243942151,0.0951978,0.0069602
2d,狭窄,2,0.094716016,RRT*,7,20262910,1,215.666761966034,0.0949921,0.0093586
2d,狭窄,2,0.094716016,Informed-RRT*,7,20262910,1,219.346959263647,0.0951787,0.0067667
2d,狭窄,2,0.094716016,PRM*,7,20262910,1,228.227994982852,0.096831,0.0177684
2d,狭窄,2,0.094716016,FMT*,7,20262910,1,252.249178879998,0.0953907,0.0073304
2d,狭窄,2,0.094716016,BIT*,7,20262910,1,241.012683471385,0.0953214,0.02359
2d,狭窄,2,0.094716016,RRT#,7,20262910,1,216.151521145785,0.0951228,0.0093955
2d,狭窄,2,0.094716016,APF-only,7,20262910,1,279.791130115633,0.0070527,0.0069475
2d,狭窄,2,0.094716016,AB-IRRT*,7,20262910,1,212.885243942151,0.0951403,0.0073196
2d,狭窄,2,0.094716016,RRT*,8,20262911,1,214.701851793614,0.0950486,0.0089053
2d,狭窄,2,0.094716016,Informed-RRT*,8,20262911,1,214.512412144604,0.0951435,0.0069354
2d,狭窄,2,0.094716016,PRM*,8,20262911,1,237.188695128607,0.0966952,0.0015863
2d,狭窄,2,0.094716016,FMT*,8,20262911,1,235.232672652113,0.0953567,0.0740693
2d,狭窄,2,0.094716016,BIT*,8,20262911,0,Inf,0.0963546,NaN
2d,狭窄,2,0.094716016,RRT#,8,20262911,1,215.296422641767,0.0952619,0.0107059
2d,狭窄,2,0.094716016,APF-only,8,20262911,1,279.791130115633,0.0082406,0.0081005
2d,狭窄,2,0.094716016,AB-IRRT*,8,20262911,1,212.885243942151,0.0952949,0.0103075
2d,狭窄,2,0.094716016,RRT*,9,20262912,1,214.491823254547,0.0949847,0.0079943
2d,狭窄,2,0.094716016,Informed-RRT*,9,20262912,1,214.255398141008,0.0952491,0.0084692
2d,狭窄,2,0.094716016,PRM*,9,20262912,1,245.984584051145,0.097741,0.078772
2d,狭窄,2,0.094716016,FMT*,9,20262912,1,225.90121973707,0.0953257,0.063841
2d,狭窄,2,0.094716016,BIT*,9,20262912,0,Inf,0.0952506,NaN
2d,狭窄,2,0.094716016,RRT#,9,20262912,1,213.861568987602,0.0951482,0.008329
2d,狭窄,2,0.094716016,APF-only,9,20262912,1,279.791130115633,0.0108437,0.010735
2d,狭窄,2,0.094716016,AB-IRRT*,9,20262912,1,212.885243942151,0.0952486,0.0098057
2d,狭窄,2,0.094716016,RRT*,10,20262913,1,223.278175822973,0.095006,0.009541
2d,狭窄,2,0.094716016,Informed-RRT*,10,20262913,1,221.938896889939,0.0951321,0.0097498
2d,狭窄,2,0.094716016,PRM*,10,20262913,1,224.571795689765,0.0965274,0.0007765
2d,狭窄,2,0.094716016,FMT*,10,20262913,1,259.328138950394,0.0952667,0.0125442
2d,狭窄,2,0.094716016,BIT*,10,20262913,0,Inf,0.0955646,NaN
2d,狭窄,2,0.094716016,RRT#,10,20262913,1,222.04908700161,0.0952829,0.0102884
2d,狭窄,2,0.094716016,APF-only,10,20262913,1,279.791130115633,0.0083286,0.0082125
2d,狭窄,2,0.094716016,AB-IRRT*,10,20262913,1,212.885243942151,0.095354,0.0099525
2d,狭窄,2,0.094716016,RRT*,11,20262914,1,223.325642903716,0.0951891,0.031564
2d,狭窄,2,0.094716016,Informed-RRT*,11,20262914,1,222.229660967493,0.0951297,0.0255268
2d,狭窄,2,0.094716016,PRM*,11,20262914,1,242.338756032362,0.096525,0.0020723
2d,狭窄,2,0.094716016,FMT*,11,20262914,1,241.831914894954,0.0952353,0.0097223
2d,狭窄,2,0.094716016,BIT*,11,20262914,1,240.800425162908,0.095411,0.0578897
2d,狭窄,2,0.094716016,RRT#,11,20262914,1,221.784812927462,0.0953311,0.0279145
2d,狭窄,2,0.094716016,APF-only,11,20262914,1,279.791130115633,0.0094901,0.0093584
2d,狭窄,2,0.094716016,AB-IRRT*,11,20262914,1,212.885243942151,0.0951542,0.0083919
2d,狭窄,2,0.094716016,RRT*,12,20262915,1,225.252157487176,0.0953848,0.0131421
2d,狭窄,2,0.094716016,Informed-RRT*,12,20262915,1,219.491616327232,0.0952664,0.0130888
2d,狭窄,2,0.094716016,PRM*,12,20262915,1,238.613685513684,0.0970416,0.0377274
2d,狭窄,2,0.094716016,FMT*,12,20262915,1,241.684377273069,0.0954179,0.0269262
2d,狭窄,2,0.094716016,BIT*,12,20262915,0,Inf,0.0958135,NaN
2d,狭窄,2,0.094716016,RRT#,12,20262915,1,221.445447955543,0.0953342,0.0118505
2d,狭窄,2,0.094716016,APF-only,12,20262915,1,279.791130115633,0.0108715,0.0106979
2d,狭窄,2,0.094716016,AB-IRRT*,12,20262915,1,212.885243942151,0.0952587,0.0082945
2d,狭窄,2,0.094716016,RRT*,13,20262916,1,214.052393135705,0.095014,0.0092936
2d,狭窄,2,0.094716016,Informed-RRT*,13,20262916,1,216.153974666375,0.0950985,0.0117647
2d,狭窄,2,0.094716016,PRM*,13,20262916,1,239.664721395571,0.0966661,0.0016643
2d,狭窄,2,0.094716016,FMT*,13,20262916,1,259.792021053853,0.0954593,0.0070905
2d,狭窄,2,0.094716016,BIT*,13,20262916,1,247.604173035283,0.0960399,0.0266528
2d,狭窄,2,0.094716016,RRT#,13,20262916,1,212.616704413475,0.0952126,0.014677
2d,狭窄,2,0.094716016,APF-only,13,20262916,1,279.791130115633,0.0077568,0.00763
2d,狭窄,2,0.094716016,AB-IRRT*,13,20262916,1,212.885243942151,0.0951369,0.0088279
2d,狭窄,2,0.094716016,RRT*,14,20262917,1,217.25071533666,0.095025,0.0065354
2d,狭窄,2,0.094716016,Informed-RRT*,14,20262917,1,217.181657258465,0.0950855,0.0077728
2d,狭窄,2,0.094716016,PRM*,14,20262917,1,227.53607586556,0.0966941,0.0015087
2d,狭窄,2,0.094716016,FMT*,14,20262917,1,257.462269761535,0.0962925,0.0149067
2d,狭窄,2,0.094716016,BIT*,14,20262917,1,247.477787800264,0.0967072,0.0572526
2d,狭窄,2,0.094716016,RRT#,14,20262917,1,225.973975383455,0.0953204,0.0115265
2d,狭窄,2,0.094716016,APF-only,14,20262917,1,279.791130115633,0.0079165,0.0078048
2d,狭窄,2,0.094716016,AB-IRRT*,14,20262917,1,212.885243942151,0.0952644,0.0074098
2d,狭窄,2,0.094716016,RRT*,15,20262918,1,217.782740027018,0.095048,0.0088912
2d,狭窄,2,0.094716016,Informed-RRT*,15,20262918,1,213.765436536435,0.0950331,0.0084629
2d,狭窄,2,0.094716016,PRM*,15,20262918,1,225.666365576465,0.0965292,0.0055649
2d,狭窄,2,0.094716016,FMT*,15,20262918,1,232.377496775748,0.0954587,0.032095
2d,狭窄,2,0.094716016,BIT*,15,20262918,1,241.32722649566,0.095293,0.0479321
2d,狭窄,2,0.094716016,RRT#,15,20262918,1,217.479265785029,0.0953302,0.0101828
2d,狭窄,2,0.094716016,APF-only,15,20262918,1,279.791130115633,0.0090875,0.0089398
2d,狭窄,2,0.094716016,AB-IRRT*,15,20262918,1,212.885243942151,0.0953719,0.0090536
2d,狭窄,2,0.094716016,RRT*,16,20262919,1,242.912167304724,0.0950798,0.0260943
2d,狭窄,2,0.094716016,Informed-RRT*,16,20262919,1,237.540527899676,0.0951207,0.0225368
2d,狭窄,2,0.094716016,PRM*,16,20262919,1,224.713738991002,0.0967938,0.0017662
2d,狭窄,2,0.094716016,FMT*,16,20262919,1,234.443077148992,0.0968174,0.011973
2d,狭窄,2,0.094716016,BIT*,16,20262919,0,Inf,0.0973163,NaN
2d,狭窄,2,0.094716016,RRT#,16,20262919,1,245.03642339606,0.0954838,0.0418144
2d,狭窄,2,0.094716016,APF-only,16,20262919,1,279.791130115633,0.010179,0.0099754
2d,狭窄,2,0.094716016,AB-IRRT*,16,20262919,1,212.885243942151,0.0954879,0.0169019
2d,狭窄,2,0.094716016,RRT*,17,20262920,1,242.518566023177,0.0951438,0.0177325
2d,狭窄,2,0.094716016,Informed-RRT*,17,20262920,1,241.61414285515,0.0950769,0.0199778
2d,狭窄,2,0.094716016,PRM*,17,20262920,1,226.39730500948,0.0967494,0.0008414
2d,狭窄,2,0.094716016,FMT*,17,20262920,1,238.042842192098,0.0954028,0.0110197
2d,狭窄,2,0.094716016,BIT*,17,20262920,1,225.195521380451,0.095412,0.0306263
2d,狭窄,2,0.094716016,RRT#,17,20262920,1,244.227715217127,0.0951549,0.0194131
2d,狭窄,2,0.094716016,APF-only,17,20262920,1,279.791130115633,0.0083632,0.0082406
2d,狭窄,2,0.094716016,AB-IRRT*,17,20262920,1,212.614906455505,0.0952342,0.0088021
2d,狭窄,2,0.094716016,RRT*,18,20262921,1,222.56607606714,0.0950231,0.0091675
2d,狭窄,2,0.094716016,Informed-RRT*,18,20262921,1,214.970722684108,0.0951071,0.0139456
2d,狭窄,2,0.094716016,PRM*,18,20262921,1,225.078270753348,0.096923,0.013779
2d,狭窄,2,0.094716016,FMT*,18,20262921,1,234.503132833463,0.0955545,0.032645
2d,狭窄,2,0.094716016,BIT*,18,20262921,0,Inf,0.0956952,NaN
2d,狭窄,2,0.094716016,RRT#,18,20262921,1,218.517491801525,0.0953004,0.0111938
2d,狭窄,2,0.094716016,APF-only,18,20262921,1,279.791130115633,0.0103261,0.0101908
2d,狭窄,2,0.094716016,AB-IRRT*,18,20262921,1,212.885243942151,0.0952385,0.0087489
2d,狭窄,2,0.094716016,RRT*,19,20262922,1,225.175530571939,0.0950133,0.0110495
2d,狭窄,2,0.094716016,Informed-RRT*,19,20262922,1,221.470365673214,0.0950603,0.010875
2d,狭窄,2,0.094716016,PRM*,19,20262922,1,222.855247713868,0.0969713,0.0029143
2d,狭窄,2,0.094716016,FMT*,19,20262922,1,253.624289325936,0.0952481,0.0240177
2d,狭窄,2,0.094716016,BIT*,19,20262922,1,225.788633270837,0.0953514,0.0273484
2d,狭窄,2,0.094716016,RRT#,19,20262922,1,223.009967583905,0.0952985,0.0136042
2d,狭窄,2,0.094716016,APF-only,19,20262922,1,279.791130115633,0.011109,0.0109793
2d,狭窄,2,0.094716016,AB-IRRT*,19,20262922,1,212.885243942151,0.095318,0.0113219
2d,狭窄,2,0.094716016,RRT*,20,20262923,1,216.223297667697,0.0949783,0.0178095
2d,狭窄,2,0.094716016,Informed-RRT*,20,20262923,1,219.66147587243,0.0951456,0.0175119
2d,狭窄,2,0.094716016,PRM*,20,20262923,1,226.521496647587,0.0967611,0.0021737
2d,狭窄,2,0.094716016,FMT*,20,20262923,1,251.466393435637,0.0952888,0.0096056
2d,狭窄,2,0.094716016,BIT*,20,20262923,0,Inf,0.0953745,NaN
2d,狭窄,2,0.094716016,RRT#,20,20262923,1,216.569076996753,0.0955479,0.0193351
2d,狭窄,2,0.094716016,APF-only,20,20262923,1,279.791130115633,0.0085999,0.0084692
2d,狭窄,2,0.094716016,AB-IRRT*,20,20262923,1,212.885243942151,0.0951866,0.0086276
2d,狭窄,2,0.094716016,RRT*,21,20262924,1,216.527517809966,0.0950082,0.0125187
2d,狭窄,2,0.094716016,Informed-RRT*,21,20262924,1,222.10822730541,0.0951453,0.0104906
2d,狭窄,2,0.094716016,PRM*,21,20262924,1,225.562005262967,0.0966151,0.0094339
2d,狭窄,2,0.094716016,FMT*,21,20262924,1,227.945513244323,0.0953601,0.0472678
2d,狭窄,2,0.094716016,BIT*,21,20262924,0,Inf,0.0953939,NaN
2d,狭窄,2,0.094716016,RRT#,21,20262924,1,215.751271127316,0.095297,0.0122407
2d,狭窄,2,0.094716016,APF-only,21,20262924,1,279.791130115633,0.0079533,0.0078306
2d,狭窄,2,0.094716016,AB-IRRT*,21,20262924,1,212.885243942151,0.0953352,0.0129903
2d,狭窄,2,0.094716016,RRT*,22,20262925,1,221.81071935924,0.0950108,0.0092096
2d,狭窄,2,0.094716016,Informed-RRT*,22,20262925,1,215.864317024168,0.0951796,0.0106173
2d,狭窄,2,0.094716016,PRM*,22,20262925,1,226.926543715033,0.0966635,0.013558
2d,狭窄,2,0.094716016,FMT*,22,20262925,1,255.353129012325,0.0955476,0.0078064
2d,狭窄,2,0.094716016,BIT*,22,20262925,0,Inf,0.0955178,NaN
2d,狭窄,2,0.094716016,RRT#,22,20262925,1,220.344554604791,0.0951436,0.0147697
2d,狭窄,2,0.094716016,APF-only,22,20262925,1,279.791130115633,0.0083328,0.0082105
2d,狭窄,2,0.094716016,AB-IRRT*,22,20262925,1,212.885243942151,0.0952132,0.0099599
2d,狭窄,2,0.094716016,RRT*,23,20262926,1,216.290062049961,0.0949773,0.0096373
2d,狭窄,2,0.094716016,Informed-RRT*,23,20262926,1,214.850248766364,0.0950683,0.0092597
2d,狭窄,2,0.094716016,PRM*,23,20262926,1,239.153224045681,0.0971113,0.0126051
2d,狭窄,2,0.094716016,FMT*,23,20262926,1,242.212666575332,0.0957281,0.0423142
2d,狭窄,2,0.094716016,BIT*,23,20262926,0,Inf,0.0957711,NaN
2d,狭窄,2,0.094716016,RRT#,23,20262926,1,214.862593475497,0.0952675,0.0139565
2d,狭窄,2,0.094716016,APF-only,23,20262926,1,279.791130115633,0.0097816,0.0096272
2d,狭窄,2,0.094716016,AB-IRRT*,23,20262926,1,212.885243942151,0.0953587,0.0084528
2d,狭窄,2,0.094716016,RRT*,24,20262927,1,222.279374181321,0.0950674,0.0176331
2d,狭窄,2,0.094716016,Informed-RRT*,24,20262927,1,223.857967333987,0.0950655,0.0107567
2d,狭窄,2,0.094716016,PRM*,24,20262927,1,240.851008212456,0.0965118,0.0380525
2d,狭窄,2,0.094716016,FMT*,24,20262927,1,230.265695261573,0.0952558,0.0535049
2d,狭窄,2,0.094716016,BIT*,24,20262927,0,Inf,0.0956926,NaN
2d,狭窄,2,0.094716016,RRT#,24,20262927,1,221.121028103134,0.0956909,0.0136341
2d,狭窄,2,0.094716016,APF-only,24,20262927,1,279.791130115633,0.0088947,0.008765
2d,狭窄,2,0.094716016,AB-IRRT*,24,20262927,1,212.885243942151,0.0953234,0.0103837
2d,狭窄,2,0.094716016,RRT*,25,20262928,1,243.706744908194,0.095094,0.0118469
2d,狭窄,2,0.094716016,Informed-RRT*,25,20262928,1,246.1207210912,0.0951889,0.0144851
2d,狭窄,2,0.094716016,PRM*,25,20262928,1,224.73516526794,0.0966576,0.0167088
2d,狭窄,2,0.094716016,FMT*,25,20262928,1,230.508337598713,0.0953774,0.0108893
2d,狭窄,2,0.094716016,BIT*,25,20262928,1,221.170975299726,0.0954876,0.0747693
2d,狭窄,2,0.094716016,RRT#,25,20262928,1,239.705942391489,0.09523,0.0131041
2d,狭窄,2,0.094716016,APF-only,25,20262928,1,279.791130115633,0.0084287,0.0082828
2d,狭窄,2,0.094716016,AB-IRRT*,25,20262928,1,212.885243942151,0.0952137,0.0112857
2d,狭窄,2,0.094716016,RRT*,26,20262929,1,238.519538866914,0.0950256,0.0149073
2d,狭窄,2,0.094716016,Informed-RRT*,26,20262929,1,237.888995987425,0.0950654,0.0165934
2d,狭窄,2,0.094716016,PRM*,26,20262929,1,228.539555327145,0.0965645,0.0013654
2d,狭窄,2,0.094716016,FMT*,26,20262929,1,251.17021211389,0.0953461,0.0076154
2d,狭窄,2,0.094716016,BIT*,26,20262929,1,240.399825653526,0.0967966,0.0525124
2d,狭窄,2,0.094716016,RRT#,26,20262929,1,239.46743222308,0.0954598,0.020317
2d,狭窄,2,0.094716016,APF-only,26,20262929,1,279.791130115633,0.0079724,0.0078491
2d,狭窄,2,0.094716016,AB-IRRT*,26,20262929,1,212.400255985009,0.0952172,0.0090941
2d,狭窄,2,0.094716016,RRT*,27,20262930,1,225.268726375041,0.0949724,0.0112739
2d,狭窄,2,0.094716016,Informed-RRT*,27,20262930,1,226.530398409968,0.0950538,0.0119476
2d,狭窄,2,0.094716016,PRM*,27,20262930,1,222.599274358002,0.0963576,0.003592
2d,狭窄,2,0.094716016,FMT*,27,20262930,1,243.59605840021,0.095367,0.012021
2d,狭窄,2,0.094716016,BIT*,27,20262930,1,240.278176913746,0.0954462,0.0761814
2d,狭窄,2,0.094716016,RRT#,27,20262930,1,223.519935991629,0.0957172,0.0131285
2d,狭窄,2,0.094716016,APF-only,27,20262930,1,279.791130115633,0.0076823,0.0075609
2d,狭窄,2,0.094716016,AB-IRRT*,27,20262930,1,212.885243942151,0.0955539,0.0096974
2d,狭窄,2,0.094716016,RRT*,28,20262931,1,246.681332466264,0.0951827,0.0143044
2d,狭窄,2,0.094716016,Informed-RRT*,28,20262931,1,254.617103912164,0.0951169,0.0113691
2d,狭窄,2,0.094716016,PRM*,28,20262931,1,229.016816413532,0.096673,0.0077233
2d,狭窄,2,0.094716016,FMT*,28,20262931,1,244.952401523998,0.0954371,0.0150597
2d,狭窄,2,0.094716016,BIT*,28,20262931,0,Inf,0.0956681,NaN
2d,狭窄,2,0.094716016,RRT#,28,20262931,1,243.746008227655,0.0953952,0.0143116
2d,狭窄,2,0.094716016,APF-only,28,20262931,1,279.791130115633,0.009017,0.0088883
2d,狭窄,2,0.094716016,AB-IRRT*,28,20262931,1,212.637735930565,0.0951911,0.0084347
2d,狭窄,2,0.094716016,RRT*,29,20262932,1,220.105425674203,0.0949998,0.0063399
2d,狭窄,2,0.094716016,Informed-RRT*,29,20262932,1,216.014690583912,0.0952081,0.00629
2d,狭窄,2,0.094716016,PRM*,29,20262932,1,228.415841106612,0.0973358,0.0026331
2d,狭窄,2,0.094716016,FMT*,29,20262932,1,240.056993908016,0.0953456,0.01123
2d,狭窄,2,0.094716016,BIT*,29,20262932,1,223.15987668579,0.0954689,0.0289339
2d,狭窄,2,0.094716016,RRT#,29,20262932,1,220.687702989581,0.0953047,0.0109655
2d,狭窄,2,0.094716016,APF-only,29,20262932,1,279.791130115633,0.0081386,0.0080274
2d,狭窄,2,0.094716016,AB-IRRT*,29,20262932,1,212.885243942151,0.0953187,0.0093683
2d,狭窄,2,0.094716016,RRT*,30,20262933,1,222.673609386999,0.095045,0.0119839
2d,狭窄,2,0.094716016,Informed-RRT*,30,20262933,1,219.712596928742,0.0951721,0.0118483
2d,狭窄,2,0.094716016,PRM*,30,20262933,1,239.66765199873,0.096795,0.0028795
2d,狭窄,2,0.094716016,FMT*,30,20262933,1,262.354257796852,0.096266,0.0173222
2d,狭窄,2,0.094716016,BIT*,30,20262933,1,237.37109727616,0.0953898,0.0714056
2d,狭窄,2,0.094716016,RRT#,30,20262933,1,222.171076747225,0.0952153,0.0145479
2d,狭窄,2,0.094716016,APF-only,30,20262933,1,279.791130115633,0.008315,0.008197
2d,狭窄,2,0.094716016,AB-IRRT*,30,20262933,1,212.885243942151,0.0953863,0.0075419
2d,广阔,1,0.078724854,RRT*,1,20263904,1,212.828999385866,0.0790342,0.0064587
2d,广阔,1,0.078724854,Informed-RRT*,1,20263904,1,210.128934996592,0.0792134,0.0093553
2d,广阔,1,0.078724854,PRM*,1,20263904,1,220.943339987449,0.0806062,0.0001774
2d,广阔,1,0.078724854,FMT*,1,20263904,1,219.698255246229,0.0799159,0.0143955
2d,广阔,1,0.078724854,BIT*,1,20263904,1,238.920686077489,0.0809851,0.0780208
2d,广阔,1,0.078724854,RRT#,1,20263904,1,214.055844890684,0.0794368,0.0080094
2d,广阔,1,0.078724854,APF-only,1,20263904,1,301.840641895898,0.0042275,0.0041086
2d,广阔,1,0.078724854,AB-IRRT*,1,20263904,1,210.340059560505,0.0792331,0.0023107
2d,广阔,1,0.078724854,RRT*,2,20263905,1,260.882412458119,0.0790163,0.0084871
2d,广阔,1,0.078724854,Informed-RRT*,2,20263905,1,218.413650347206,0.0792582,0.0082269
2d,广阔,1,0.078724854,PRM*,2,20263905,1,211.577897376043,0.0806742,0.0005873
2d,广阔,1,0.078724854,FMT*,2,20263905,1,212.573187886309,0.0794345,0.0105325
2d,广阔,1,0.078724854,BIT*,2,20263905,1,209.795712148888,0.0799525,0.0307308
2d,广阔,1,0.078724854,RRT#,2,20263905,1,255.48804628872,0.0792927,0.0086889
2d,广阔,1,0.078724854,APF-only,2,20263905,1,301.840641895898,0.0021507,0.0020467
2d,广阔,1,0.078724854,AB-IRRT*,2,20263905,1,210.004333586051,0.0792324,0.0026128
2d,广阔,1,0.078724854,RRT*,3,20263906,1,222.629130749408,0.0792535,0.0079243
2d,广阔,1,0.078724854,Informed-RRT*,3,20263906,1,219.041530474483,0.0790621,0.0081515
2d,广阔,1,0.078724854,PRM*,3,20263906,1,211.688104356414,0.0807885,0.0003184
2d,广阔,1,0.078724854,FMT*,3,20263906,1,213.175475136306,0.0795564,0.0043294
2d,广阔,1,0.078724854,BIT*,3,20263906,1,209.68524372655,0.0801055,0.0225784
2d,广阔,1,0.078724854,RRT#,3,20263906,1,222.16465632976,0.0792168,0.0107756
2d,广阔,1,0.078724854,APF-only,3,20263906,1,301.840641895898,0.0026931,0.0025731
2d,广阔,1,0.078724854,AB-IRRT*,3,20263906,1,209.37961161249,0.0792452,0.0025899
2d,广阔,1,0.078724854,RRT*,4,20263907,1,214.287691376309,0.0790466,0.0051478
2d,广阔,1,0.078724854,Informed-RRT*,4,20263907,1,211.537174468856,0.0792167,0.0127014
2d,广阔,1,0.078724854,PRM*,4,20263907,1,234.333573548588,0.0803156,0.0003241
2d,广阔,1,0.078724854,FMT*,4,20263907,1,219.29426113591,0.0803832,0.0052709
2d,广阔,1,0.078724854,BIT*,4,20263907,1,214.85959152561,0.0803917,0.0273099
2d,广阔,1,0.078724854,RRT#,4,20263907,1,215.768545151974,0.0792745,0.007174
2d,广阔,1,0.078724854,APF-only,4,20263907,1,301.840641895898,0.0026104,0.0024821
2d,广阔,1,0.078724854,AB-IRRT*,4,20263907,1,210.975554192299,0.0797975,0.003367
2d,广阔,1,0.078724854,RRT*,5,20263908,1,215.237637641365,0.0790239,0.0054646
2d,广阔,1,0.078724854,Informed-RRT*,5,20263908,1,210.358352917108,0.0791879,0.0066921
2d,广阔,1,0.078724854,PRM*,5,20263908,1,226.854437520107,0.0803957,0.0006168
2d,广阔,1,0.078724854,FMT*,5,20263908,1,211.777229274958,0.0798585,0.0056617
2d,广阔,1,0.078724854,BIT*,5,20263908,1,209.245588425504,0.0817251,0.0217223
2d,广阔,1,0.078724854,RRT#,5,20263908,1,215.462027309784,0.07928,0.0069348
2d,广阔,1,0.078724854,APF-only,5,20263908,1,301.840641895898,0.0018993,0.0017805
2d,广阔,1,0.078724854,AB-IRRT*,5,20263908,1,209.2240986746,0.0795749,0.002126
2d,广阔,1,0.078724854,RRT*,6,20263909,1,218.004891183127,0.0791935,0.0053574
2d,广阔,1,0.078724854,Informed-RRT*,6,20263909,1,210.63863929895,0.0794151,0.00729
2d,广阔,1,0.078724854,PRM*,6,20263909,1,214.77572919757,0.0802929,0.0010233
2d,广阔,1,0.078724854,FMT*,6,20263909,1,216.740061379519,0.0796545,0.0036687
2d,广阔,1,0.078724854,BIT*,6,20263909,1,212.422823212096,0.079972,0.0219526
2d,广阔,1,0.078724854,RRT#,6,20263909,1,217.225877331225,0.0792083,0.005109
2d,广阔,1,0.078724854,APF-only,6,20263909,1,301.840641895898,0.0019628,0.001862
2d,广阔,1,0.078724854,AB-IRRT*,6,20263909,1,209.367548015579,0.0794315,0.0024241
2d,广阔,1,0.078724854,RRT*,7,20263910,1,224.92521985814,0.0791124,0.0047812
2d,广阔,1,0.078724854,Informed-RRT*,7,20263910,1,215.40496652087,0.0792049,0.0053705
2d,广阔,1,0.078724854,PRM*,7,20263910,1,214.591165413749,0.0802685,0.0007766
2d,广阔,1,0.078724854,FMT*,7,20263910,1,219.318937638932,0.0792951,0.0060103
2d,广阔,1,0.078724854,BIT*,7,20263910,1,217.055110493526,0.0796843,0.0231016
2d,广阔,1,0.078724854,RRT#,7,20263910,1,224.588251256391,0.0792784,0.0057126
2d,广阔,1,0.078724854,APF-only,7,20263910,1,301.840641895898,0.0027295,0.002578
2d,广阔,1,0.078724854,AB-IRRT*,7,20263910,1,209.21948893592,0.0792182,0.0028922
2d,广阔,1,0.078724854,RRT*,8,20263911,1,214.288044656875,0.0789922,0.0044056
2d,广阔,1,0.078724854,Informed-RRT*,8,20263911,1,210.44332882281,0.0792684,0.0056054
2d,广阔,1,0.078724854,PRM*,8,20263911,1,215.614477526048,0.0808101,0.0007476
2d,广阔,1,0.078724854,FMT*,8,20263911,1,216.54834266714,0.0793075,0.002996
2d,广阔,1,0.078724854,BIT*,8,20263911,1,213.725352631695,0.0797758,0.0128704
2d,广阔,1,0.078724854,RRT#,8,20263911,1,214.054403087107,0.0796243,0.004777
2d,广阔,1,0.078724854,APF-only,8,20263911,1,301.840641895898,0.0019075,0.0018079
2d,广阔,1,0.078724854,AB-IRRT*,8,20263911,1,209.727467513734,0.0792471,0.0019713
2d,广阔,1,0.078724854,RRT*,9,20263912,1,259.705680697152,0.079178,0.0085524
2d,广阔,1,0.078724854,Informed-RRT*,9,20263912,1,230.262279113525,0.0790394,0.0102416
2d,广阔,1,0.078724854,PRM*,9,20263912,1,215.479877736523,0.0800481,0.0001694
2d,广阔,1,0.078724854,FMT*,9,20263912,1,217.37936582444,0.07942,0.0078382
2d,广阔,1,0.078724854,BIT*,9,20263912,1,214.192037262613,0.0806551,0.0190031
2d,广阔,1,0.078724854,RRT#,9,20263912,1,261.017801736075,0.0792676,0.0106957
2d,广阔,1,0.078724854,APF-only,9,20263912,1,301.840641895898,0.0020126,0.001912
2d,广阔,1,0.078724854,AB-IRRT*,9,20263912,1,209.351348727435,0.0793077,0.0023119
2d,广阔,1,0.078724854,RRT*,10,20263913,1,230.160130411755,0.0789879,0.012031
2d,广阔,1,0.078724854,Informed-RRT*,10,20263913,1,214.793647608559,0.0791078,0.0097527
2d,广阔,1,0.078724854,PRM*,10,20263913,1,224.157076143281,0.081472,0.0001541
2d,广阔,1,0.078724854,FMT*,10,20263913,1,211.880053972661,0.0791676,0.0058091
2d,广阔,1,0.078724854,BIT*,10,20263913,1,215.184259523355,0.0797943,0.0210992
2d,广阔,1,0.078724854,RRT#,10,20263913,1,229.411657683559,0.0793473,0.0205196
2d,广阔,1,0.078724854,APF-only,10,20263913,1,301.840641895898,0.0026749,0.0025485
2d,广阔,1,0.078724854,AB-IRRT*,10,20263913,1,211.104799313024,0.0792051,0.0030333
2d,广阔,1,0.078724854,RRT*,11,20263914,1,249.449938119081,0.0790218,0.0068923
2d,广阔,1,0.078724854,Informed-RRT*,11,20263914,1,222.462978148514,0.0790643,0.0064089
2d,广阔,1,0.078724854,PRM*,11,20263914,1,212.342901159246,0.0803645,0.000307
2d,广阔,1,0.078724854,FMT*,11,20263914,1,216.473735540393,0.0793185,0.0048856
2d,广阔,1,0.078724854,BIT*,11,20263914,1,209.750113500747,0.0801678,0.0300403
2d,广阔,1,0.078724854,RRT#,11,20263914,1,245.649745064041,0.079176,0.0066646
2d,广阔,1,0.078724854,APF-only,11,20263914,1,301.840641895898,0.0022362,0.0021228
2d,广阔,1,0.078724854,AB-IRRT*,11,20263914,1,209.359671367185,0.0792881,0.0034673
2d,广阔,1,0.078724854,RRT*,12,20263915,1,261.883966050465,0.0797385,0.0095115
2d,广阔,1,0.078724854,Informed-RRT*,12,20263915,1,255.27696118068,0.0790425,0.00538
2d,广阔,1,0.078724854,PRM*,12,20263915,1,215.059720471915,0.0801522,0.0004704
2d,广阔,1,0.078724854,FMT*,12,20263915,1,219.036174559999,0.0794868,0.0033535
2d,广阔,1,0.078724854,BIT*,12,20263915,1,210.579444471226,0.0812777,0.0261458
2d,广阔,1,0.078724854,RRT#,12,20263915,1,261.607023333709,0.0794064,0.0073543
2d,广阔,1,0.078724854,APF-only,12,20263915,1,301.840641895898,0.0023235,0.0021984
2d,广阔,1,0.078724854,AB-IRRT*,12,20263915,1,209.752599861372,0.0792828,0.0031343
2d,广阔,1,0.078724854,RRT*,13,20263916,1,217.540711378047,0.0789903,0.0060047
2d,广阔,1,0.078724854,Informed-RRT*,13,20263916,1,212.424385023803,0.0794457,0.0046912
2d,广阔,1,0.078724854,PRM*,13,20263916,1,224.767908841155,0.0803428,0.0003602
2d,广阔,1,0.078724854,FMT*,13,20263916,1,217.076245903253,0.0792351,0.0046553
2d,广阔,1,0.078724854,BIT*,13,20263916,1,209.881563886849,0.0805374,0.0138121
2d,广阔,1,0.078724854,RRT#,13,20263916,1,217.723024036828,0.0792085,0.0060363
2d,广阔,1,0.078724854,APF-only,13,20263916,1,301.840641895898,0.0017606,0.001656
2d,广阔,1,0.078724854,AB-IRRT*,13,20263916,1,209.687225759293,0.0791865,0.003067
2d,广阔,1,0.078724854,RRT*,14,20263917,1,268.305221737564,0.0789767,0.0067592
2d,广阔,1,0.078724854,Informed-RRT*,14,20263917,1,237.782181310426,0.0792299,0.0067931
2d,广阔,1,0.078724854,PRM*,14,20263917,1,224.505993186021,0.0805837,0.0007163
2d,广阔,1,0.078724854,FMT*,14,20263917,1,215.072555319555,0.0795567,0.0035605
2d,广阔,1,0.078724854,BIT*,14,20263917,1,248.802923041333,0.0795721,0.0225451
2d,广阔,1,0.078724854,RRT#,14,20263917,1,265.040669469635,0.0796953,0.0105728
2d,广阔,1,0.078724854,APF-only,14,20263917,1,301.840641895898,0.0029208,0.0027931
2d,广阔,1,0.078724854,AB-IRRT*,14,20263917,1,209.977231995882,0.0793939,0.0032825
2d,广阔,1,0.078724854,RRT*,15,20263918,1,252.946192093799,0.0790996,0.0094381
2d,广阔,1,0.078724854,Informed-RRT*,15,20263918,1,218.031237717613,0.0790767,0.0082647
2d,广阔,1,0.078724854,PRM*,15,20263918,1,229.559951137776,0.0804594,0.0002441
2d,广阔,1,0.078724854,FMT*,15,20263918,1,212.319408505788,0.0800784,0.0080417
2d,广阔,1,0.078724854,BIT*,15,20263918,1,210.131798922257,0.0814691,0.0257748
2d,广阔,1,0.078724854,RRT#,15,20263918,1,252.553366435299,0.0791352,0.0062731
2d,广阔,1,0.078724854,APF-only,15,20263918,1,301.840641895898,0.0022131,0.0021093
2d,广阔,1,0.078724854,AB-IRRT*,15,20263918,1,209.688785474062,0.0796459,0.0031201
2d,广阔,1,0.078724854,RRT*,16,20263919,1,243.417431612563,0.0791076,0.012001
2d,广阔,1,0.078724854,Informed-RRT*,16,20263919,1,231.982244114709,0.0790993,0.0084887
2d,广阔,1,0.078724854,PRM*,16,20263919,1,226.990264930145,0.0801745,0.0002976
2d,广阔,1,0.078724854,FMT*,16,20263919,1,216.203000489009,0.0793704,0.0034454
2d,广阔,1,0.078724854,BIT*,16,20263919,1,210.078128135529,0.081812,0.0183453
2d,广阔,1,0.078724854,RRT#,16,20263919,1,243.755857415357,0.0792772,0.0082301
2d,广阔,1,0.078724854,APF-only,16,20263919,1,301.840641895898,0.0039633,0.0037912
2d,广阔,1,0.078724854,AB-IRRT*,16,20263919,1,209.375291925357,0.0794863,0.003357
2d,广阔,1,0.078724854,RRT*,17,20263920,1,219.413101937003,0.0790419,0.0049746
2d,广阔,1,0.078724854,Informed-RRT*,17,20263920,1,211.457722240406,0.0791176,0.0049226
2d,广阔,1,0.078724854,PRM*,17,20263920,1,220.156316535411,0.0806088,0.0001248
2d,广阔,1,0.078724854,FMT*,17,20263920,1,214.152327807432,0.0792711,0.0066131
2d,广阔,1,0.078724854,BIT*,17,20263920,1,210.828620940536,0.0834987,0.0263633
2d,广阔,1,0.078724854,RRT#,17,20263920,1,219.765805673412,0.0791809,0.0061947
2d,广阔,1,0.078724854,APF-only,17,20263920,1,301.840641895898,0.0023287,0.0022143
2d,广阔,1,0.078724854,AB-IRRT*,17,20263920,1,209.277038901445,0.0793562,0.0025777
2d,广阔,1,0.078724854,RRT*,18,20263921,1,236.930034812941,0.0790483,0.0106784
2d,广阔,1,0.078724854,Informed-RRT*,18,20263921,1,225.342360173026,0.0790865,0.0076125
2d,广阔,1,0.078724854,PRM*,18,20263921,1,229.765373272318,0.0803914,0.0008305
2d,广阔,1,0.078724854,FMT*,18,20263921,1,218.898265321192,0.0800638,0.0043589
2d,广阔,1,0.078724854,BIT*,18,20263921,1,216.510033883451,0.0812109,0.0142606
2d,广阔,1,0.078724854,RRT#,18,20263921,1,236.930034812941,0.0792,0.0114979
2d,广阔,1,0.078724854,APF-only,18,20263921,1,301.840641895898,0.0021375,0.0020263
2d,广阔,1,0.078724854,AB-IRRT*,18,20263921,1,211.761550477624,0.0793417,0.0022832
2d,广阔,1,0.078724854,RRT*,19,20263922,1,213.788474570174,0.0790679,0.0064181
2d,广阔,1,0.078724854,Informed-RRT*,19,20263922,1,212.460984942732,0.0790736,0.0091025
2d,广阔,1,0.078724854,PRM*,19,20263922,1,230.180653855025,0.0804979,0.0003844
2d,广阔,1,0.078724854,FMT*,19,20263922,1,216.940114363732,0.0794169,0.0050563
2d,广阔,1,0.078724854,BIT*,19,20263922,1,210.138197735322,0.0807995,0.0188727
2d,广阔,1,0.078724854,RRT#,19,20263922,1,214.135636572135,0.079391,0.0108567
2d,广阔,1,0.078724854,APF-only,19,20263922,1,301.840641895898,0.0023226,0.0022158
2d,广阔,1,0.078724854,AB-IRRT*,19,20263922,1,209.011755628484,0.0793301,0.0026599
2d,广阔,1,0.078724854,RRT*,20,20263923,1,213.077073914309,0.0791572,0.0055561
2d,广阔,1,0.078724854,Informed-RRT*,20,20263923,1,210.479859306539,0.0793027,0.0089066
2d,广阔,1,0.078724854,PRM*,20,20263923,1,225.153369866061,0.0800381,0.0002126
2d,广阔,1,0.078724854,FMT*,20,20263923,1,213.492833928847,0.0792933,0.0040859
2d,广阔,1,0.078724854,BIT*,20,20263923,1,209.549957969468,0.0809501,0.0245632
2d,广阔,1,0.078724854,RRT#,20,20263923,1,212.595478919641,0.0795109,0.007134
2d,广阔,1,0.078724854,APF-only,20,20263923,1,301.840641895898,0.0020671,0.0019606
2d,广阔,1,0.078724854,AB-IRRT*,20,20263923,1,210.179918724592,0.0793116,0.0021062
2d,广阔,1,0.078724854,RRT*,21,20263924,1,232.802930455867,0.0790175,0.0072457
2d,广阔,1,0.078724854,Informed-RRT*,21,20263924,1,232.177364053583,0.0790874,0.0077365
2d,广阔,1,0.078724854,PRM*,21,20263924,1,229.299357858089,0.0808069,0.0048517
2d,广阔,1,0.078724854,FMT*,21,20263924,1,219.68148240978,0.079886,0.0062119
2d,广阔,1,0.078724854,BIT*,21,20263924,1,212.077488538043,0.080369,0.0197616
2d,广阔,1,0.078724854,RRT#,21,20263924,1,232.939311345177,0.0791614,0.0060648
2d,广阔,1,0.078724854,APF-only,21,20263924,1,301.840641895898,0.0022935,0.0021834
2d,广阔,1,0.078724854,AB-IRRT*,21,20263924,1,209.175798132809,0.079143,0.0022398
2d,广阔,1,0.078724854,RRT*,22,20263925,1,215.121338968298,0.0790159,0.0045706
2d,广阔,1,0.078724854,Informed-RRT*,22,20263925,1,209.959593075556,0.0791265,0.0058039
2d,广阔,1,0.078724854,PRM*,22,20263925,1,232.035598396261,0.0803817,0.0005343
2d,广阔,1,0.078724854,FMT*,22,20263925,1,210.481542775492,0.0794345,0.0070828
2d,广阔,1,0.078724854,BIT*,22,20263925,1,209.373686441805,0.0844414,0.0201034
2d,广阔,1,0.078724854,RRT#,22,20263925,1,215.137143068033,0.0794404,0.0063977
2d,广阔,1,0.078724854,APF-only,22,20263925,1,301.840641895898,0.0016932,0.0016063
2d,广阔,1,0.078724854,AB-IRRT*,22,20263925,1,210.328592764438,0.079462,0.0020468
2d,广阔,1,0.078724854,RRT*,23,20263926,1,215.836037476575,0.0792153,0.0056052
2d,广阔,1,0.078724854,Informed-RRT*,23,20263926,1,215.023372197961,0.0791783,0.0067146
2d,广阔,1,0.078724854,PRM*,23,20263926,1,221.008517995187,0.0807689,0.0002305
2d,广阔,1,0.078724854,FMT*,23,20263926,1,214.605147303857,0.0794316,0.0069522
2d,广阔,1,0.078724854,BIT*,23,20263926,1,211.354886490354,0.0793424,0.0309677
2d,广阔,1,0.078724854,RRT#,23,20263926,1,216.066514694219,0.0792409,0.0060391
2d,广阔,1,0.078724854,APF-only,23,20263926,1,301.840641895898,0.0020187,0.0019092
2d,广阔,1,0.078724854,AB-IRRT*,23,20263926,1,209.331715247505,0.0799029,0.0027098
2d,广阔,1,0.078724854,RRT*,24,20263927,1,219.658440771341,0.0790137,0.0069027
2d,广阔,1,0.078724854,Informed-RRT*,24,20263927,1,210.624107241721,0.0792275,0.0067415
2d,广阔,1,0.078724854,PRM*,24,20263927,1,217.98296385725,0.0805438,0.0002607
2d,广阔,1,0.078724854,FMT*,24,20263927,1,221.79180785892,0.0794166,0.0105096
2d,广阔,1,0.078724854,BIT*,24,20263927,1,211.98941573913,0.0802711,0.0368159
2d,广阔,1,0.078724854,RRT#,24,20263927,1,219.794545787593,0.0792791,0.0083879
2d,广阔,1,0.078724854,APF-only,24,20263927,1,301.840641895898,0.0022521,0.0021419
2d,广阔,1,0.078724854,AB-IRRT*,24,20263927,1,210.535022743779,0.0792962,0.0023824
2d,广阔,1,0.078724854,RRT*,25,20263928,1,228.857964431873,0.0790327,0.0073921
2d,广阔,1,0.078724854,Informed-RRT*,25,20263928,1,222.308569966561,0.0791426,0.0099865
2d,广阔,1,0.078724854,PRM*,25,20263928,1,211.799370712837,0.0806508,0.0002771
2d,广阔,1,0.078724854,FMT*,25,20263928,1,215.943991845818,0.0793329,0.007736
2d,广阔,1,0.078724854,BIT*,25,20263928,1,213.652145302965,0.0827756,0.028515
2d,广阔,1,0.078724854,RRT#,25,20263928,1,228.689381743135,0.0792171,0.0095351
2d,广阔,1,0.078724854,APF-only,25,20263928,1,301.840641895898,0.0021225,0.002019
2d,广阔,1,0.078724854,AB-IRRT*,25,20263928,1,210.450767924319,0.0791601,0.0023543
2d,广阔,1,0.078724854,RRT*,26,20263929,1,244.665409415609,0.0790347,0.0073546
2d,广阔,1,0.078724854,Informed-RRT*,26,20263929,1,217.234321606855,0.0790467,0.0073269
2d,广阔,1,0.078724854,PRM*,26,20263929,1,223.784339447308,0.0803722,8.94e-05
2d,广阔,1,0.078724854,FMT*,26,20263929,1,224.909917284983,0.0793195,0.0047541
2d,广阔,1,0.078724854,BIT*,26,20263929,1,210.003511652034,0.0829045,0.0249804
2d,广阔,1,0.078724854,RRT#,26,20263929,1,244.665409415609,0.0793852,0.0085042
2d,广阔,1,0.078724854,APF-only,26,20263929,1,301.840641895898,0.0026696,0.0025472
2d,广阔,1,0.078724854,AB-IRRT*,26,20263929,1,212.773091440939,0.079292,0.0025874
2d,广阔,1,0.078724854,RRT*,27,20263930,1,215.037765022073,0.0790786,0.0045763
2d,广阔,1,0.078724854,Informed-RRT*,27,20263930,1,209.847270766234,0.0791441,0.0053973
2d,广阔,1,0.078724854,PRM*,27,20263930,1,212.206705098706,0.0799191,0.0006017
2d,广阔,1,0.078724854,FMT*,27,20263930,1,253.259891198339,0.0793343,0.0062827
2d,广阔,1,0.078724854,BIT*,27,20263930,1,213.658168291381,0.0800318,0.0183717
2d,广阔,1,0.078724854,RRT#,27,20263930,1,215.006280039608,0.0792221,0.0064023
2d,广阔,1,0.078724854,APF-only,27,20263930,1,301.840641895898,0.0027792,0.0026578
2d,广阔,1,0.078724854,AB-IRRT*,27,20263930,1,209.956110462201,0.079183,0.0027916
2d,广阔,1,0.078724854,RRT*,28,20263931,1,240.852055260734,0.0792104,0.0109743
2d,广阔,1,0.078724854,Informed-RRT*,28,20263931,1,221.996628613735,0.0791633,0.0146997
2d,广阔,1,0.078724854,PRM*,28,20263931,1,228.952819732818,0.0800213,0.0002748
2d,广阔,1,0.078724854,FMT*,28,20263931,1,213.3291846657,0.0804492,0.0039761
2d,广阔,1,0.078724854,BIT*,28,20263931,1,212.594726167483,0.0845794,0.0210774
2d,广阔,1,0.078724854,RRT#,28,20263931,1,240.335403402098,0.0793567,0.0167952
2d,广阔,1,0.078724854,APF-only,28,20263931,1,301.840641895898,0.00371,0.0035659
2d,广阔,1,0.078724854,AB-IRRT*,28,20263931,1,209.481539535373,0.0793462,0.002944
2d,广阔,1,0.078724854,RRT*,29,20263932,1,232.92495886212,0.0790661,0.0063523
2d,广阔,1,0.078724854,Informed-RRT*,29,20263932,1,213.596543732016,0.0790668,0.0046842
2d,广阔,1,0.078724854,PRM*,29,20263932,1,225.102833485074,0.0802809,0.0004738
2d,广阔,1,0.078724854,FMT*,29,20263932,1,215.937797793491,0.0795124,0.0047501
2d,广阔,1,0.078724854,BIT*,29,20263932,1,221.174600248782,0.0799362,0.026929
2d,广阔,1,0.078724854,RRT#,29,20263932,1,232.613886652432,0.0791389,0.0061429
2d,广阔,1,0.078724854,APF-only,29,20263932,1,301.840641895898,0.0015574,0.0014707
2d,广阔,1,0.078724854,AB-IRRT*,29,20263932,1,212.875006465185,0.0793474,0.0017665
2d,广阔,1,0.078724854,RRT*,30,20263933,1,233.905097358051,0.0790253,0.0054879
2d,广阔,1,0.078724854,Informed-RRT*,30,20263933,1,215.720661159743,0.0790881,0.0049465
2d,广阔,1,0.078724854,PRM*,30,20263933,1,228.286808242033,0.0804795,0.0012231
2d,广阔,1,0.078724854,FMT*,30,20263933,1,218.156390087351,0.0792381,0.0114322
2d,广阔,1,0.078724854,BIT*,30,20263933,1,212.005808283883,0.0815716,0.0351869
2d,广阔,1,0.078724854,RRT#,30,20263933,1,237.070845951779,0.0791487,0.0054158
2d,广阔,1,0.078724854,APF-only,30,20263933,1,301.840641895898,0.0020977,0.0019758
2d,广阔,1,0.078724854,AB-IRRT*,30,20263933,1,211.069352148214,0.0791497,0.0021031
2d,广阔,2,0.157449708,RRT*,1,20263904,1,213.442925891635,0.1577069,0.0060005
2d,广阔,2,0.157449708,Informed-RRT*,1,20263904,1,209.273514503359,0.1579244,0.006477
2d,广阔,2,0.157449708,PRM*,1,20263904,1,220.943339987449,0.1603411,0.0001662
2d,广阔,2,0.157449708,FMT*,1,20263904,1,219.698255246229,0.158911,0.0154395
2d,广阔,2,0.157449708,BIT*,1,20263904,1,211.748476610447,0.1592515,0.0366011
2d,广阔,2,0.157449708,RRT#,1,20263904,1,212.234766853597,0.1580777,0.0087929
2d,广阔,2,0.157449708,APF-only,1,20263904,1,301.840641895898,0.0022426,0.002138
2d,广阔,2,0.157449708,AB-IRRT*,1,20263904,1,210.175776117505,0.1579497,0.0025053
2d,广阔,2,0.157449708,RRT*,2,20263905,1,249.452473582243,0.1577332,0.0070828
2d,广阔,2,0.157449708,Informed-RRT*,2,20263905,1,210.546834852672,0.157768,0.0061366
2d,广阔,2,0.157449708,PRM*,2,20263905,1,211.577897376043,0.1603082,0.0003109
2d,广阔,2,0.157449708,FMT*,2,20263905,1,212.573187886309,0.1581242,0.0075646
2d,广阔,2,0.157449708,BIT*,2,20263905,1,209.795712148888,0.1605231,0.0243935
2d,广阔,2,0.157449708,RRT#,2,20263905,1,250.111652183248,0.1579346,0.0092875
2d,广阔,2,0.157449708,APF-only,2,20263905,1,301.840641895898,0.0020124,0.0019174
2d,广阔,2,0.157449708,AB-IRRT*,2,20263905,1,208.975754053296,0.1580574,0.0026607
2d,广阔,2,0.157449708,RRT*,3,20263906,1,216.951991394783,0.1579116,0.0086081
2d,广阔,2,0.157449708,Informed-RRT*,3,20263906,1,213.846532144419,0.1578364,0.0079457
2d,广阔,2,0.157449708,PRM*,3,20263906,1,211.640632405983,0.1604657,0.0003159
2d,广阔,2,0.157449708,FMT*,3,20263906,1,213.175475136306,0.1580498,0.0039779
2d,广阔,2,0.157449708,BIT*,3,20263906,1,209.68524372655,0.1595819,0.0183929
2d,广阔,2,0.157449708,RRT#,3,20263906,1,223.188110921236,0.1579624,0.0093788
2d,广阔,2,0.157449708,APF-only,3,20263906,1,301.840641895898,0.0023854,0.0022547
2d,广阔,2,0.157449708,AB-IRRT*,3,20263906,1,210.271472408121,0.1579083,0.0025847
2d,广阔,2,0.157449708,RRT*,4,20263907,1,212.474147572892,0.1577377,0.0042844
2d,广阔,2,0.157449708,Informed-RRT*,4,20263907,1,209.203094036249,0.1578563,0.0040791
2d,广阔,2,0.157449708,PRM*,4,20263907,1,215.886887741914,0.1605849,0.0003434
2d,广阔,2,0.157449708,FMT*,4,20263907,1,219.29426113591,0.1579972,0.0049159
2d,广阔,2,0.157449708,BIT*,4,20263907,1,211.116837627323,0.1646551,0.0205755
2d,广阔,2,0.157449708,RRT#,4,20263907,1,211.356062531154,0.1580143,0.0067871
2d,广阔,2,0.157449708,APF-only,4,20263907,1,301.840641895898,0.0021769,0.0019723
2d,广阔,2,0.157449708,AB-IRRT*,4,20263907,1,209.883816669556,0.1580282,0.0027359
2d,广阔,2,0.157449708,RRT*,5,20263908,1,218.81739954459,0.1577606,0.0061888
2d,广阔,2,0.157449708,Informed-RRT*,5,20263908,1,209.306634847653,0.1578382,0.0054388
2d,广阔,2,0.157449708,PRM*,5,20263908,1,214.322716479565,0.1602402,0.0004633
2d,广阔,2,0.157449708,FMT*,5,20263908,1,211.777229274958,0.1580125,0.0055076
2d,广阔,2,0.157449708,BIT*,5,20263908,1,209.110045759758,0.1587779,0.0195285
2d,广阔,2,0.157449708,RRT#,5,20263908,1,212.421718272816,0.1580088,0.0100444
2d,广阔,2,0.157449708,APF-only,5,20263908,1,301.840641895898,0.002477,0.0023563
2d,广阔,2,0.157449708,AB-IRRT*,5,20263908,1,209.07201352394,0.1580103,0.0025589
2d,广阔,2,0.157449708,RRT*,6,20263909,1,213.826383041565,0.1578509,0.0058391
2d,广阔,2,0.157449708,Informed-RRT*,6,20263909,1,209.226021426297,0.1577961,0.0043861
2d,广阔,2,0.157449708,PRM*,6,20263909,1,214.77572919757,0.160403,0.0009684
2d,广阔,2,0.157449708,FMT*,6,20263909,1,214.421155663085,0.1594386,0.0034662
2d,广阔,2,0.157449708,BIT*,6,20263909,1,212.422823212096,0.1584094,0.0253617
2d,广阔,2,0.157449708,RRT#,6,20263909,1,213.935561631621,0.158023,0.0071805
2d,广阔,2,0.157449708,APF-only,6,20263909,1,301.840641895898,0.0022485,0.0021465
2d,广阔,2,0.157449708,AB-IRRT*,6,20263909,1,208.536684823712,0.1579416,0.0023758
2d,广阔,2,0.157449708,RRT*,7,20263910,1,225.695197636477,0.1578742,0.0078498
2d,广阔,2,0.157449708,Informed-RRT*,7,20263910,1,214.370319037449,0.1580862,0.0085312
2d,广阔,2,0.157449708,PRM*,7,20263910,1,214.591165413749,0.1607385,0.0004864
2d,广阔,2,0.157449708,FMT*,7,20263910,1,219.318937638932,0.1581978,0.0100092
2d,广阔,2,0.157449708,BIT*,7,20263910,1,210.500030482608,0.1655002,0.018006
2d,广阔,2,0.157449708,RRT#,7,20263910,1,222.130469606153,0.1579454,0.0067004
2d,广阔,2,0.157449708,APF-only,7,20263910,1,301.840641895898,0.0022545,0.0021364
2d,广阔,2,0.157449708,AB-IRRT*,7,20263910,1,209.475502108206,0.1579259,0.0030159
2d,广阔,2,0.157449708,RRT*,8,20263911,1,212.854136275817,0.1577948,0.0052561
2d,广阔,2,0.157449708,Informed-RRT*,8,20263911,1,209.617315876734,0.1578745,0.0050476
2d,广阔,2,0.157449708,PRM*,8,20263911,1,214.672429818426,0.1598186,0.0007071
2d,广阔,2,0.157449708,FMT*,8,20263911,1,216.54834266714,0.1582681,0.0024753
2d,广阔,2,0.157449708,BIT*,8,20263911,1,213.725352631695,0.1580435,0.0168083
2d,广阔,2,0.157449708,RRT#,8,20263911,1,212.94793624946,0.1579906,0.006041
2d,广阔,2,0.157449708,APF-only,8,20263911,1,301.840641895898,0.0020742,0.0019714
2d,广阔,2,0.157449708,AB-IRRT*,8,20263911,1,208.778913431188,0.1579701,0.0027671
2d,广阔,2,0.157449708,RRT*,9,20263912,1,232.548599218677,0.1577108,0.0102775
2d,广阔,2,0.157449708,Informed-RRT*,9,20263912,1,211.273924445906,0.1580658,0.0103608
2d,广阔,2,0.157449708,PRM*,9,20263912,1,215.479877736523,0.1607759,0.0003137
2d,广阔,2,0.157449708,FMT*,9,20263912,1,222.777092476336,0.1582793,0.0094565
2d,广阔,2,0.157449708,BIT*,9,20263912,1,214.192037262613,0.1586233,0.0185115
2d,广阔,2,0.157449708,RRT#,9,20263912,1,228.516498479914,0.1580114,0.0134879
2d,广阔,2,0.157449708,APF-only,9,20263912,1,301.840641895898,0.002253,0.002134
2d,广阔,2,0.157449708,AB-IRRT*,9,20263912,1,209.031974832275,0.1579242,0.0028487
2d,广阔,2,0.157449708,RRT*,10,20263913,1,221.856324812949,0.1578842,0.0103052
2d,广阔,2,0.157449708,Informed-RRT*,10,20263913,1,209.816076210419,0.1578918,0.0138114
2d,广阔,2,0.157449708,PRM*,10,20263913,1,221.918279820775,0.1609856,0.000159
2d,广阔,2,0.157449708,FMT*,10,20263913,1,211.880053972661,0.1580114,0.0058618
2d,广阔,2,0.157449708,BIT*,10,20263913,1,215.184259523355,0.15843,0.0214853
2d,广阔,2,0.157449708,RRT#,10,20263913,1,219.925134587711,0.1578896,0.0159449
2d,广阔,2,0.157449708,APF-only,10,20263913,1,301.840641895898,0.0019414,0.0018416
2d,广阔,2,0.157449708,AB-IRRT*,10,20263913,1,209.099838573731,0.1578718,0.0020366
2d,广阔,2,0.157449708,RRT*,11,20263914,1,244.452664656766,0.1577057,0.0057684
2d,广阔,2,0.157449708,Informed-RRT*,11,20263914,1,209.447348564925,0.157766,0.0067516
2d,广阔,2,0.157449708,PRM*,11,20263914,1,212.342901159246,0.1604135,0.0002609
2d,广阔,2,0.157449708,FMT*,11,20263914,1,215.770666492212,0.1590757,0.0082673
2d,广阔,2,0.157449708,BIT*,11,20263914,1,209.750113500747,0.1588289,0.0230778
2d,广阔,2,0.157449708,RRT#,11,20263914,1,241.136330631365,0.1582665,0.0082069
2d,广阔,2,0.157449708,APF-only,11,20263914,1,301.840641895898,0.0022707,0.0021639
2d,广阔,2,0.157449708,AB-IRRT*,11,20263914,1,208.856309482447,0.1581266,0.0026046
2d,广阔,2,0.157449708,RRT*,12,20263915,1,243.112593607359,0.1577388,0.0066982
2d,广阔,2,0.157449708,Informed-RRT*,12,20263915,1,234.114794322755,0.1578017,0.0064655
2d,广阔,2,0.157449708,PRM*,12,20263915,1,215.059720471915,0.1606546,0.0003095
2d,广阔,2,0.157449708,FMT*,12,20263915,1,219.036174559999,0.1585321,0.0038626
2d,广阔,2,0.157449708,BIT*,12,20263915,1,210.579444471226,0.1606593,0.0214489
2d,广阔,2,0.157449708,RRT#,12,20263915,1,242.539442907689,0.1582207,0.0061992
2d,广阔,2,0.157449708,APF-only,12,20263915,1,301.840641895898,0.0033842,0.0032018
2d,广阔,2,0.157449708,AB-IRRT*,12,20263915,1,208.879288759096,0.1580295,0.003622
2d,广阔,2,0.157449708,RRT*,13,20263916,1,216.548624187119,0.1581269,0.0064257
2d,广阔,2,0.157449708,Informed-RRT*,13,20263916,1,209.527185727398,0.1578304,0.0064078
2d,广阔,2,0.157449708,PRM*,13,20263916,1,218.780961823198,0.1608481,0.0005087
2d,广阔,2,0.157449708,FMT*,13,20263916,1,213.620185246977,0.1579868,0.0094504
2d,广阔,2,0.157449708,BIT*,13,20263916,1,209.881563886849,0.1588573,0.013079
2d,广阔,2,0.157449708,RRT#,13,20263916,1,216.561725098505,0.157884,0.0059633
2d,广阔,2,0.157449708,APF-only,13,20263916,1,301.840641895898,0.0019572,0.0018547
2d,广阔,2,0.157449708,AB-IRRT*,13,20263916,1,209.337369619808,0.1580114,0.0017262
2d,广阔,2,0.157449708,RRT*,14,20263917,1,258.386105428517,0.1577395,0.0117363
2d,广阔,2,0.157449708,Informed-RRT*,14,20263917,1,224.649415354115,0.1579433,0.0088992
2d,广阔,2,0.157449708,PRM*,14,20263917,1,224.505993186021,0.1603181,0.0008826
2d,广阔,2,0.157449708,FMT*,14,20263917,1,215.072555319555,0.1582397,0.0037283
2d,广阔,2,0.157449708,BIT*,14,20263917,1,236.063622750722,0.158431,0.0173526
2d,广阔,2,0.157449708,RRT#,14,20263917,1,254.790035331402,0.1580815,0.0104259
2d,广阔,2,0.157449708,APF-only,14,20263917,1,301.840641895898,0.0022771,0.0021623
2d,广阔,2,0.157449708,AB-IRRT*,14,20263917,1,208.920293297447,0.1579509,0.0026596
2d,广阔,2,0.157449708,RRT*,15,20263918,1,246.569456336293,0.157738,0.0085276
2d,广阔,2,0.157449708,Informed-RRT*,15,20263918,1,209.100514576629,0.1578259,0.0079286
2d,广阔,2,0.157449708,PRM*,15,20263918,1,214.356927446202,0.1609207,0.0002407
2d,广阔,2,0.157449708,FMT*,15,20263918,1,212.319408505788,0.158544,0.0080966
2d,广阔,2,0.157449708,BIT*,15,20263918,1,210.131798922257,0.1617114,0.0199475
2d,广阔,2,0.157449708,RRT#,15,20263918,1,245.579556130305,0.1579373,0.0091623
2d,广阔,2,0.157449708,APF-only,15,20263918,1,301.840641895898,0.0025947,0.0024867
2d,广阔,2,0.157449708,AB-IRRT*,15,20263918,1,208.911850647534,0.158015,0.0024827
2d,广阔,2,0.157449708,RRT*,16,20263919,1,238.121156458481,0.1578873,0.0095423
2d,广阔,2,0.157449708,Informed-RRT*,16,20263919,1,215.413124247431,0.1578275,0.0125909
2d,广阔,2,0.157449708,PRM*,16,20263919,1,215.231917500799,0.1607301,0.0002498
2d,广阔,2,0.157449708,FMT*,16,20263919,1,212.714508624073,0.1589032,0.0105671
2d,广阔,2,0.157449708,BIT*,16,20263919,1,210.078128135529,0.1585349,0.0307503
2d,广阔,2,0.157449708,RRT#,16,20263919,1,236.998637426273,0.1583333,0.0133271
2d,广阔,2,0.157449708,APF-only,16,20263919,1,301.840641895898,0.0028042,0.002679
2d,广阔,2,0.157449708,AB-IRRT*,16,20263919,1,208.733549704275,0.1580246,0.0027459
2d,广阔,2,0.157449708,RRT*,17,20263920,1,218.136841882498,0.1577992,0.0049285
2d,广阔,2,0.157449708,Informed-RRT*,17,20263920,1,209.154840324317,0.1579438,0.0051012
2d,广阔,2,0.157449708,PRM*,17,20263920,1,211.555118962434,0.1607436,0.0001213
2d,广阔,2,0.157449708,FMT*,17,20263920,1,214.152327807432,0.158265,0.0073781
2d,广阔,2,0.157449708,BIT*,17,20263920,1,210.623214199484,0.1593669,0.0232401
2d,广阔,2,0.157449708,RRT#,17,20263920,1,217.576352240703,0.1579945,0.0054891
2d,广阔,2,0.157449708,APF-only,17,20263920,1,301.840641895898,0.00287,0.0027491
2d,广阔,2,0.157449708,AB-IRRT*,17,20263920,1,208.856722664927,0.1581244,0.0027823
2d,广阔,2,0.157449708,RRT*,18,20263921,1,233.921012532085,0.1577968,0.0081043
2d,广阔,2,0.157449708,Informed-RRT*,18,20263921,1,211.284673720496,0.1578029,0.0094272
2d,广阔,2,0.157449708,PRM*,18,20263921,1,228.749071248214,0.1606241,0.0007185
2d,广阔,2,0.157449708,FMT*,18,20263921,1,218.898265321192,0.1580878,0.0036928
2d,广阔,2,0.157449708,BIT*,18,20263921,1,216.510033883451,0.1589794,0.0153569
2d,广阔,2,0.157449708,RRT#,18,20263921,1,235.112421986173,0.1579797,0.0101548
2d,广阔,2,0.157449708,APF-only,18,20263921,1,301.840641895898,0.0021046,0.0020011
2d,广阔,2,0.157449708,AB-IRRT*,18,20263921,1,209.818675402616,0.1580075,0.002394
2d,广阔,2,0.157449708,RRT*,19,20263922,1,214.629754337397,0.1578326,0.0087818
2d,广阔,2,0.157449708,Informed-RRT*,19,20263922,1,209.950950580344,0.1579781,0.0078783
2d,广阔,2,0.157449708,PRM*,19,20263922,1,222.549560370993,0.1602825,0.000508
2d,广阔,2,0.157449708,FMT*,19,20263922,1,216.940114363732,0.1583779,0.0053427
2d,广阔,2,0.157449708,BIT*,19,20263922,1,210.076818750131,0.1599358,0.0180586
2d,广阔,2,0.157449708,RRT#,19,20263922,1,214.625271728292,0.1580447,0.0083425
2d,广阔,2,0.157449708,APF-only,19,20263922,1,301.840641895898,0.0021065,0.0019972
2d,广阔,2,0.157449708,AB-IRRT*,19,20263922,1,208.603612896971,0.1579182,0.0021987
2d,广阔,2,0.157449708,RRT*,20,20263923,1,212.533293210917,0.1577201,0.0050362
2d,广阔,2,0.157449708,Informed-RRT*,20,20263923,1,209.644387164377,0.1577753,0.0046981
2d,广阔,2,0.157449708,PRM*,20,20263923,1,213.556014820657,0.1621904,0.0001792
2d,广阔,2,0.157449708,FMT*,20,20263923,1,213.492833928847,0.158967,0.0064219
2d,广阔,2,0.157449708,BIT*,20,20263923,1,209.549957969468,0.1580062,0.0190951
2d,广阔,2,0.157449708,RRT#,20,20263923,1,211.859794999701,0.1580288,0.0051963
2d,广阔,2,0.157449708,APF-only,20,20263923,1,301.840641895898,0.0022388,0.0021241
2d,广阔,2,0.157449708,AB-IRRT*,20,20263923,1,209.809059999265,0.1580515,0.0023045
2d,广阔,2,0.157449708,RRT*,21,20263924,1,222.508373835627,0.1578073,0.0045389
2d,广阔,2,0.157449708,Informed-RRT*,21,20263924,1,211.519312248535,0.1577936,0.0043735
2d,广阔,2,0.157449708,PRM*,21,20263924,1,224.130286209821,0.1600852,0.0059471
2d,广阔,2,0.157449708,FMT*,21,20263924,1,212.578290312433,0.1580161,0.0043263
2d,广阔,2,0.157449708,BIT*,21,20263924,1,212.077488538043,0.1586166,0.0241381
2d,广阔,2,0.157449708,RRT#,21,20263924,1,228.823191015881,0.1579233,0.0060235
2d,广阔,2,0.157449708,APF-only,21,20263924,1,301.840641895898,0.0018476,0.0017555
2d,广阔,2,0.157449708,AB-IRRT*,21,20263924,1,209.354337419224,0.1580262,0.0029535
2d,广阔,2,0.157449708,RRT*,22,20263925,1,214.759187707461,0.1577536,0.0066555
2d,广阔,2,0.157449708,Informed-RRT*,22,20263925,1,209.093129365263,0.1580793,0.0065385
2d,广阔,2,0.157449708,PRM*,22,20263925,1,231.185003396224,0.161419,0.0009138
2d,广阔,2,0.157449708,FMT*,22,20263925,1,210.481542775492,0.158928,0.0068974
2d,广阔,2,0.157449708,BIT*,22,20263925,1,209.373686441805,0.1583056,0.0172287
2d,广阔,2,0.157449708,RRT#,22,20263925,1,214.276425238867,0.1579494,0.0060551
2d,广阔,2,0.157449708,APF-only,22,20263925,1,301.840641895898,0.0023993,0.0021878
2d,广阔,2,0.157449708,AB-IRRT*,22,20263925,1,209.42370148733,0.1579482,0.0026058
2d,广阔,2,0.157449708,RRT*,23,20263926,1,218.980684771251,0.1577621,0.0059244
2d,广阔,2,0.157449708,Informed-RRT*,23,20263926,1,209.489922906973,0.1577329,0.0046082
2d,广阔,2,0.157449708,PRM*,23,20263926,1,219.396523643009,0.1618849,0.0002219
2d,广阔,2,0.157449708,FMT*,23,20263926,1,214.605147303857,0.1592805,0.0061302
2d,广阔,2,0.157449708,BIT*,23,20263926,1,209.81208305976,0.1626203,0.0305779
2d,广阔,2,0.157449708,RRT#,23,20263926,1,215.310579059587,0.158136,0.0098017
2d,广阔,2,0.157449708,APF-only,23,20263926,1,301.840641895898,0.0018415,0.0017242
2d,广阔,2,0.157449708,AB-IRRT*,23,20263926,1,208.667775837695,0.157855,0.0017937
2d,广阔,2,0.157449708,RRT*,24,20263927,1,215.578909713632,0.1578223,0.0058957
2d,广阔,2,0.157449708,Informed-RRT*,24,20263927,1,209.931608906249,0.1578165,0.0068414
2d,广阔,2,0.157449708,PRM*,24,20263927,1,217.98296385725,0.1601739,0.0002331
2d,广阔,2,0.157449708,FMT*,24,20263927,1,215.893631956973,0.1583358,0.0093881
2d,广阔,2,0.157449708,BIT*,24,20263927,1,211.98941573913,0.1582384,0.0203289
2d,广阔,2,0.157449708,RRT#,24,20263927,1,215.220386873511,0.1579629,0.0061096
2d,广阔,2,0.157449708,APF-only,24,20263927,1,301.840641895898,0.0018121,0.0017183
2d,广阔,2,0.157449708,AB-IRRT*,24,20263927,1,209.349413095013,0.1579987,0.0025397
2d,广阔,2,0.157449708,RRT*,25,20263928,1,229.36668214968,0.1580756,0.0087671
2d,广阔,2,0.157449708,Informed-RRT*,25,20263928,1,216.583439960564,0.1578216,0.0081156
2d,广阔,2,0.157449708,PRM*,25,20263928,1,211.628031441324,0.1603779,0.0001445
2d,广阔,2,0.157449708,FMT*,25,20263928,1,215.943991845818,0.1588575,0.006461
2d,广阔,2,0.157449708,BIT*,25,20263928,1,213.652145302965,0.1589598,0.028514
2d,广阔,2,0.157449708,RRT#,25,20263928,1,225.963303274721,0.1579592,0.0081586
2d,广阔,2,0.157449708,APF-only,25,20263928,1,301.840641895898,0.0019266,0.001827
2d,广阔,2,0.157449708,AB-IRRT*,25,20263928,1,209.363602998571,0.1580117,0.0021928
2d,广阔,2,0.157449708,RRT*,26,20263929,1,221.057600654712,0.157689,0.0065228
2d,广阔,2,0.157449708,Informed-RRT*,26,20263929,1,209.904203903478,0.1581876,0.0070791
2d,广阔,2,0.157449708,PRM*,26,20263929,1,223.784339447308,0.1605477,0.0001731
2d,广阔,2,0.157449708,FMT*,26,20263929,1,224.909917284983,0.158153,0.0038679
2d,广阔,2,0.157449708,BIT*,26,20263929,1,210.003511652034,0.1592072,0.0246588
2d,广阔,2,0.157449708,RRT#,26,20263929,1,243.485130311566,0.1580919,0.0060798
2d,广阔,2,0.157449708,APF-only,26,20263929,1,301.840641895898,0.0023788,0.0022536
2d,广阔,2,0.157449708,AB-IRRT*,26,20263929,1,208.793617137774,0.1580499,0.0028496
2d,广阔,2,0.157449708,RRT*,27,20263930,1,213.613966205675,0.157827,0.0045226
2d,广阔,2,0.157449708,Informed-RRT*,27,20263930,1,209.07594931784,0.1579828,0.0046045
2d,广阔,2,0.157449708,PRM*,27,20263930,1,212.206705098706,0.1619005,0.0005598
2d,广阔,2,0.157449708,FMT*,27,20263930,1,212.003297365029,0.1584992,0.0100648
2d,广阔,2,0.157449708,BIT*,27,20263930,1,213.658168291381,0.1590467,0.0211801
2d,广阔,2,0.157449708,RRT#,27,20263930,1,214.951369146544,0.15804,0.0038036
2d,广阔,2,0.157449708,APF-only,27,20263930,1,301.840641895898,0.0021604,0.0020437
2d,广阔,2,0.157449708,AB-IRRT*,27,20263930,1,208.744074736944,0.1580403,0.0023995
2d,广阔,2,0.157449708,RRT*,28,20263931,1,240.688871636483,0.1577837,0.0140503
2d,广阔,2,0.157449708,Informed-RRT*,28,20263931,1,210.164295795736,0.1579353,0.0132897
2d,广阔,2,0.157449708,PRM*,28,20263931,1,210.461876581966,0.1598032,0.0003343
2d,广阔,2,0.157449708,FMT*,28,20263931,1,213.07681302098,0.1580243,0.0032346
2d,广阔,2,0.157449708,BIT*,28,20263931,1,212.594726167483,0.1587298,0.0263071
2d,广阔,2,0.157449708,RRT#,28,20263931,1,238.376849495861,0.1581058,0.0147056
2d,广阔,2,0.157449708,APF-only,28,20263931,1,301.840641895898,0.0023141,0.0021908
2d,广阔,2,0.157449708,AB-IRRT*,28,20263931,1,208.626093295439,0.1580791,0.0023981
2d,广阔,2,0.157449708,RRT*,29,20263932,1,229.657255332817,0.1578016,0.0047032
2d,广阔,2,0.157449708,Informed-RRT*,29,20263932,1,209.457710528217,0.1577789,0.0041734
2d,广阔,2,0.157449708,PRM*,29,20263932,1,213.093171086698,0.1606738,0.0002793
2d,广阔,2,0.157449708,FMT*,29,20263932,1,215.937797793491,0.1581744,0.0049713
2d,广阔,2,0.157449708,BIT*,29,20263932,1,210.22657697955,0.1584677,0.0230131
2d,广阔,2,0.157449708,RRT#,29,20263932,1,229.667785319297,0.1579473,0.0080032
2d,广阔,2,0.157449708,APF-only,29,20263932,1,301.840641895898,0.0025065,0.0023777
2d,广阔,2,0.157449708,AB-IRRT*,29,20263932,1,208.981762166238,0.1580692,0.0023758
2d,广阔,2,0.157449708,RRT*,30,20263933,1,230.606042826356,0.1579123,0.006183
2d,广阔,2,0.157449708,Informed-RRT*,30,20263933,1,211.973883636878,0.1578478,0.0059462
2d,广阔,2,0.157449708,PRM*,30,20263933,1,224.417925623345,0.161119,0.001094
2d,广阔,2,0.157449708,FMT*,30,20263933,1,216.592949348856,0.1580494,0.0119895
2d,广阔,2,0.157449708,BIT*,30,20263933,1,212.005808283883,0.1603245,0.040865
2d,广阔,2,0.157449708,RRT#,30,20263933,1,226.0046614167,0.157923,0.0074221
2d,广阔,2,0.157449708,APF-only,30,20263933,1,301.840641895898,0.0022828,0.0021762
2d,广阔,2,0.157449708,AB-IRRT*,30,20263933,1,213.546894591762,0.1579788,0.002074
3d,一般,1,0.481353134,RRT*,1,20261904,1,283.36002967371,0.4858453,0.0394423
3d,一般,1,0.481353134,Informed-RRT*,1,20261904,1,279.306180960114,0.4876958,0.0213523
3d,一般,1,0.481353134,PRM*,1,20261904,1,284.482425686799,0.4899585,0.001248
3d,一般,1,0.481353134,FMT*,1,20261904,1,288.028319087958,0.4822996,0.010758
3d,一般,1,0.481353134,BIT*,1,20261904,1,273.676829943343,0.4828044,0.0149785
3d,一般,1,0.481353134,RRT#,1,20261904,1,282.491989286885,0.4819233,0.009006
3d,一般,1,0.481353134,APF-only,1,20261904,1,442.385244950109,0.0603104,0.0525145
3d,一般,1,0.481353134,AB-IRRT*,1,20261904,1,265.854091299293,0.4909908,0.0200211
3d,一般,1,0.481353134,RRT*,2,20261905,1,272.542564995123,0.4831402,0.0180874
3d,一般,1,0.481353134,Informed-RRT*,2,20261905,1,274.484479690763,0.4842393,0.0115692
3d,一般,1,0.481353134,PRM*,2,20261905,1,275.347487160778,0.4895408,0.0025578
3d,一般,1,0.481353134,FMT*,2,20261905,1,277.046942085574,0.4822208,0.0073397
3d,一般,1,0.481353134,BIT*,2,20261905,1,270.448603228589,0.483981,0.0327204
3d,一般,1,0.481353134,RRT#,2,20261905,1,272.801308776885,0.4820822,0.0103563
3d,一般,1,0.481353134,APF-only,2,20261905,1,442.385244950109,0.0061061,0.0056142
3d,一般,1,0.481353134,AB-IRRT*,2,20261905,1,264.644579346567,0.484237,0.0084045
3d,一般,1,0.481353134,RRT*,3,20261906,1,290.4311232024,0.4827173,0.0215009
3d,一般,1,0.481353134,Informed-RRT*,3,20261906,1,282.367180616039,0.4860609,0.0247087
3d,一般,1,0.481353134,PRM*,3,20261906,1,283.893961257724,0.4936359,0.0006391
3d,一般,1,0.481353134,FMT*,3,20261906,1,295.012993426898,0.4822061,0.0388663
3d,一般,1,0.481353134,BIT*,3,20261906,1,296.626465681467,0.4822268,0.0700513
3d,一般,1,0.481353134,RRT#,3,20261906,1,288.192991123282,0.4820493,0.0253602
3d,一般,1,0.481353134,APF-only,3,20261906,1,442.385244950109,0.0123455,0.0095399
3d,一般,1,0.481353134,AB-IRRT*,3,20261906,1,263.838215081706,0.4868289,0.0087738
3d,一般,1,0.481353134,RRT*,4,20261907,1,283.437841862699,0.4821944,0.0162353
3d,一般,1,0.481353134,Informed-RRT*,4,20261907,1,286.471737926957,0.4839539,0.0219527
3d,一般,1,0.481353134,PRM*,4,20261907,1,276.382256582191,0.490157,0.0024467
3d,一般,1,0.481353134,FMT*,4,20261907,1,282.390783272564,0.4822348,0.0123933
3d,一般,1,0.481353134,BIT*,4,20261907,1,273.504818182546,0.4827843,0.0170567
3d,一般,1,0.481353134,RRT#,4,20261907,1,287.837537128644,0.482277,0.0177668
3d,一般,1,0.481353134,APF-only,4,20261907,1,442.385244950109,0.0056542,0.0053657
3d,一般,1,0.481353134,AB-IRRT*,4,20261907,1,266.028935649316,0.4893844,0.0067055
3d,一般,1,0.481353134,RRT*,5,20261908,1,284.839682639577,0.4861427,0.0187311
3d,一般,1,0.481353134,Informed-RRT*,5,20261908,1,281.806783273135,0.4823344,0.0131605
3d,一般,1,0.481353134,PRM*,5,20261908,1,279.051031688686,0.4905297,0.0004914
3d,一般,1,0.481353134,FMT*,5,20261908,1,273.77209584506,0.4822866,0.0089606
3d,一般,1,0.481353134,BIT*,5,20261908,1,269.388646214591,0.4825378,0.0613209
3d,一般,1,0.481353134,RRT#,5,20261908,1,282.585941014743,0.4821094,0.0120384
3d,一般,1,0.481353134,APF-only,5,20261908,1,442.385244950109,0.0059943,0.0055008
3d,一般,1,0.481353134,AB-IRRT*,5,20261908,1,265.526474135374,0.4873021,0.0087994
3d,一般,1,0.481353134,RRT*,6,20261909,1,277.958753101591,0.4824247,0.0075399
3d,一般,1,0.481353134,Informed-RRT*,6,20261909,1,273.013147081147,0.4817825,0.0067591
3d,一般,1,0.481353134,PRM*,6,20261909,1,274.117619504711,0.4905969,0.0005586
3d,一般,1,0.481353134,FMT*,6,20261909,1,282.740970779134,0.4822234,0.0247963
3d,一般,1,0.481353134,BIT*,6,20261909,1,273.375733496003,0.4821497,0.4053869
3d,一般,1,0.481353134,RRT#,6,20261909,1,277.681019629267,0.4820121,0.0079425
3d,一般,1,0.481353134,APF-only,6,20261909,1,442.385244950109,0.0062406,0.0060428
3d,一般,1,0.481353134,AB-IRRT*,6,20261909,1,265.309800221912,0.4829298,0.0051434
3d,一般,1,0.481353134,RRT*,7,20261910,1,291.448639057562,0.4825887,0.0134396
3d,一般,1,0.481353134,Informed-RRT*,7,20261910,1,280.838171380389,0.4819248,0.0133279
3d,一般,1,0.481353134,PRM*,7,20261910,1,287.584334265894,0.4888296,0.0002834
3d,一般,1,0.481353134,FMT*,7,20261910,1,275.648497454603,0.4820763,0.0087783
3d,一般,1,0.481353134,BIT*,7,20261910,1,290.455616392374,0.4830025,0.0120275
3d,一般,1,0.481353134,RRT#,7,20261910,1,288.012549967096,0.4820598,0.0174244
3d,一般,1,0.481353134,APF-only,7,20261910,1,442.385244950109,0.006409,0.0062609
3d,一般,1,0.481353134,AB-IRRT*,7,20261910,1,264.258968230053,0.4821212,0.0076135
3d,一般,1,0.481353134,RRT*,8,20261911,1,288.277559364307,0.4817444,0.014243
3d,一般,1,0.481353134,Informed-RRT*,8,20261911,1,287.817792023926,0.4819355,0.0136056
3d,一般,1,0.481353134,PRM*,8,20261911,1,286.027346935171,0.4888645,0.001327
3d,一般,1,0.481353134,FMT*,8,20261911,1,277.560950544856,0.482593,0.0166467
3d,一般,1,0.481353134,BIT*,8,20261911,1,271.641593798199,0.4826776,0.0434756
3d,一般,1,0.481353134,RRT#,8,20261911,1,281.104053075331,0.4822597,0.0136364
3d,一般,1,0.481353134,APF-only,8,20261911,1,442.385244950109,0.0055502,0.005406
3d,一般,1,0.481353134,AB-IRRT*,8,20261911,1,265.408158873192,0.4820023,0.0066497
3d,一般,1,0.481353134,RRT*,9,20261912,1,272.120676832263,0.4818026,0.0091472
3d,一般,1,0.481353134,Informed-RRT*,9,20261912,1,270.979158493826,0.4818069,0.011603
3d,一般,1,0.481353134,PRM*,9,20261912,1,284.916368938226,0.4903924,0.0002006
3d,一般,1,0.481353134,FMT*,9,20261912,1,281.231780876707,0.4823542,0.0216324
3d,一般,1,0.481353134,BIT*,9,20261912,1,272.643055715526,0.4831247,0.0203162
3d,一般,1,0.481353134,RRT#,9,20261912,1,272.120676832263,0.4822432,0.0116773
3d,一般,1,0.481353134,APF-only,9,20261912,1,442.385244950109,0.0064504,0.0062394
3d,一般,1,0.481353134,AB-IRRT*,9,20261912,1,265.894980879882,0.4819189,0.0062756
3d,一般,1,0.481353134,RRT*,10,20261913,1,281.904333186954,0.4819112,0.0174912
3d,一般,1,0.481353134,Informed-RRT*,10,20261913,1,280.296763600952,0.4817789,0.0164865
3d,一般,1,0.481353134,PRM*,10,20261913,1,282.360347381423,0.4919324,0.0012109
3d,一般,1,0.481353134,FMT*,10,20261913,1,284.379250244805,0.4823881,0.0289798
3d,一般,1,0.481353134,BIT*,10,20261913,1,289.045258038378,0.483425,0.0372574
3d,一般,1,0.481353134,RRT#,10,20261913,1,281.507558227248,0.4823205,0.0206162
3d,一般,1,0.481353134,APF-only,10,20261913,1,442.385244950109,0.0056019,0.0054603
3d,一般,1,0.481353134,AB-IRRT*,10,20261913,1,268.031746347779,0.4823255,0.006426
3d,一般,1,0.481353134,RRT*,11,20261914,1,282.538391102113,0.4818349,0.0241788
3d,一般,1,0.481353134,Informed-RRT*,11,20261914,1,275.315503079267,0.4817228,0.0286236
3d,一般,1,0.481353134,PRM*,11,20261914,1,286.862663944537,0.4897767,0.0007438
3d,一般,1,0.481353134,FMT*,11,20261914,1,294.612763364474,0.4834196,0.0131604
3d,一般,1,0.481353134,BIT*,11,20261914,1,286.878731923355,0.4833765,0.1237659
3d,一般,1,0.481353134,RRT#,11,20261914,1,280.772741943311,0.4820991,0.0330149
3d,一般,1,0.481353134,APF-only,11,20261914,1,442.385244950109,0.0055827,0.0053949
3d,一般,1,0.481353134,AB-IRRT*,11,20261914,1,264.301470839742,0.4818579,0.0065663
3d,一般,1,0.481353134,RRT*,12,20261915,1,274.394993183255,0.4818653,0.0078623
3d,一般,1,0.481353134,Informed-RRT*,12,20261915,1,269.792148101249,0.481753,0.0088506
3d,一般,1,0.481353134,PRM*,12,20261915,1,284.229557442688,0.4925488,0.0006443
3d,一般,1,0.481353134,FMT*,12,20261915,1,276.086642014728,0.4823976,0.0360515
3d,一般,1,0.481353134,BIT*,12,20261915,1,269.846308078303,0.4827114,0.0433136
3d,一般,1,0.481353134,RRT#,12,20261915,1,274.358904420778,0.4820324,0.0097034
3d,一般,1,0.481353134,APF-only,12,20261915,1,442.385244950109,0.0040755,0.003951
3d,一般,1,0.481353134,AB-IRRT*,12,20261915,1,265.304610570538,0.4820241,0.0060088
3d,一般,1,0.481353134,RRT*,13,20261916,1,282.712233058,0.4817446,0.0134679
3d,一般,1,0.481353134,Informed-RRT*,13,20261916,1,277.976430253609,0.4822553,0.0173161
3d,一般,1,0.481353134,PRM*,13,20261916,1,283.447403647288,0.4896746,0.0006472
3d,一般,1,0.481353134,FMT*,13,20261916,1,288.985718157451,0.4823421,0.0425266
3d,一般,1,0.481353134,BIT*,13,20261916,1,283.783015262096,0.4826561,0.0937071
3d,一般,1,0.481353134,RRT#,13,20261916,1,281.148694911261,0.4822785,0.014924
3d,一般,1,0.481353134,APF-only,13,20261916,1,442.385244950109,0.0081388,0.007961
3d,一般,1,0.481353134,AB-IRRT*,13,20261916,1,267.167141520981,0.4819239,0.007141
3d,一般,1,0.481353134,RRT*,14,20261917,1,306.181697857665,0.4817473,0.0237578
3d,一般,1,0.481353134,Informed-RRT*,14,20261917,1,294.744613875462,0.4818067,0.0169638
3d,一般,1,0.481353134,PRM*,14,20261917,1,273.450254815711,0.4893796,0.0032211
3d,一般,1,0.481353134,FMT*,14,20261917,1,276.327465473412,0.4825824,0.0185978
3d,一般,1,0.481353134,BIT*,14,20261917,1,274.643929908258,0.4829388,0.086656
3d,一般,1,0.481353134,RRT#,14,20261917,1,288.041167480819,0.4823536,0.0181048
3d,一般,1,0.481353134,APF-only,14,20261917,1,442.385244950109,0.0066927,0.0065273
3d,一般,1,0.481353134,AB-IRRT*,14,20261917,1,264.209212520409,0.4819575,0.0068977
3d,一般,1,0.481353134,RRT*,15,20261918,1,284.436611000214,0.4818062,0.0115152
3d,一般,1,0.481353134,Informed-RRT*,15,20261918,1,278.698533263524,0.4818216,0.0172602
3d,一般,1,0.481353134,PRM*,15,20261918,1,285.972512571157,0.4907408,0.0056224
3d,一般,1,0.481353134,FMT*,15,20261918,1,281.305323017115,0.4822637,0.0174917
3d,一般,1,0.481353134,BIT*,15,20261918,1,331.929730652212,0.4824841,0.0382927
3d,一般,1,0.481353134,RRT#,15,20261918,1,284.467582143174,0.4820207,0.0184255
3d,一般,1,0.481353134,APF-only,15,20261918,1,442.385244950109,0.0061566,0.0060126
3d,一般,1,0.481353134,AB-IRRT*,15,20261918,1,265.522014126166,0.4819189,0.0064906
3d,一般,1,0.481353134,RRT*,16,20261919,1,278.835359365342,0.4817351,0.0112829
3d,一般,1,0.481353134,Informed-RRT*,16,20261919,1,279.715121791896,0.4818823,0.009344
3d,一般,1,0.481353134,PRM*,16,20261919,1,284.10565789177,0.4881731,0.0009826
3d,一般,1,0.481353134,FMT*,16,20261919,1,287.9270173895,0.4824916,0.0162031
3d,一般,1,0.481353134,BIT*,16,20261919,1,269.856700208028,0.4827097,0.0253008
3d,一般,1,0.481353134,RRT#,16,20261919,1,277.68490469299,0.4824395,0.009914
3d,一般,1,0.481353134,APF-only,16,20261919,1,442.385244950109,0.0051008,0.004963
3d,一般,1,0.481353134,AB-IRRT*,16,20261919,1,266.537309980107,0.4819428,0.0055363
3d,一般,1,0.481353134,RRT*,17,20261920,1,283.487526000072,0.4817307,0.009133
3d,一般,1,0.481353134,Informed-RRT*,17,20261920,1,280.97590106729,0.4819553,0.0092882
3d,一般,1,0.481353134,PRM*,17,20261920,1,280.186137068228,0.4883621,0.000204
3d,一般,1,0.481353134,FMT*,17,20261920,1,276.915442721351,0.4822463,0.0092464
3d,一般,1,0.481353134,BIT*,17,20261920,1,325.340054031893,0.4830624,0.0276741
3d,一般,1,0.481353134,RRT#,17,20261920,1,284.40446115785,0.4824009,0.0114243
3d,一般,1,0.481353134,APF-only,17,20261920,1,442.385244950109,0.0064974,0.0062893
3d,一般,1,0.481353134,AB-IRRT*,17,20261920,1,263.931013618981,0.4820803,0.006065
3d,一般,1,0.481353134,RRT*,18,20261921,1,278.133562895462,0.4819946,0.0093413
3d,一般,1,0.481353134,Informed-RRT*,18,20261921,1,275.846560875678,0.4820576,0.0106517
3d,一般,1,0.481353134,PRM*,18,20261921,1,286.289555454438,0.4902922,0.0016442
3d,一般,1,0.481353134,FMT*,18,20261921,1,298.508180450319,0.4829232,0.0303434
3d,一般,1,0.481353134,BIT*,18,20261921,1,278.540731073359,0.4839185,0.0216585
3d,一般,1,0.481353134,RRT#,18,20261921,1,274.928562614875,0.4821069,0.0115901
3d,一般,1,0.481353134,APF-only,18,20261921,1,442.385244950109,0.0057966,0.0056333
3d,一般,1,0.481353134,AB-IRRT*,18,20261921,1,264.39310632619,0.4819255,0.0067521
3d,一般,1,0.481353134,RRT*,19,20261922,1,289.406981378435,0.4818325,0.0083298
3d,一般,1,0.481353134,Informed-RRT*,19,20261922,1,280.790092487721,0.4817816,0.0067798
3d,一般,1,0.481353134,PRM*,19,20261922,1,285.280165981147,0.4896834,0.0012247
3d,一般,1,0.481353134,FMT*,19,20261922,1,283.108030967376,0.4823396,0.0100849
3d,一般,1,0.481353134,BIT*,19,20261922,1,266.36921948617,0.4824845,0.0873088
3d,一般,1,0.481353134,RRT#,19,20261922,1,288.12999532156,0.4821729,0.0110868
3d,一般,1,0.481353134,APF-only,19,20261922,1,442.385244950109,0.0104348,0.010237
3d,一般,1,0.481353134,AB-IRRT*,19,20261922,1,272.334262085084,0.4819406,0.0066785
3d,一般,1,0.481353134,RRT*,20,20261923,1,279.277278314268,0.4817749,0.0097691
3d,一般,1,0.481353134,Informed-RRT*,20,20261923,1,275.754383492002,0.4820333,0.0151378
3d,一般,1,0.481353134,PRM*,20,20261923,1,283.086309641773,0.4878558,0.000579
3d,一般,1,0.481353134,FMT*,20,20261923,1,281.622158713735,0.4821771,0.0303106
3d,一般,1,0.481353134,BIT*,20,20261923,1,276.714558286491,0.4822815,0.0492304
3d,一般,1,0.481353134,RRT#,20,20261923,1,277.996833310907,0.4820334,0.0171278
3d,一般,1,0.481353134,APF-only,20,20261923,1,442.385244950109,0.0058558,0.0057167
3d,一般,1,0.481353134,AB-IRRT*,20,20261923,1,264.195309376766,0.4823713,0.0084541
3d,一般,1,0.481353134,RRT*,21,20261924,1,290.666444310199,0.4817241,0.0121621
3d,一般,1,0.481353134,Informed-RRT*,21,20261924,1,280.415654630775,0.4817438,0.0115368
3d,一般,1,0.481353134,PRM*,21,20261924,1,286.528900404983,0.4910258,0.0013569
3d,一般,1,0.481353134,FMT*,21,20261924,1,288.971088572849,0.4829783,0.0126381
3d,一般,1,0.481353134,BIT*,21,20261924,1,265.96499961529,0.4856936,0.0325704
3d,一般,1,0.481353134,RRT#,21,20261924,1,286.52862838549,0.4820773,0.0109081
3d,一般,1,0.481353134,APF-only,21,20261924,1,442.385244950109,0.0059566,0.0057579
3d,一般,1,0.481353134,AB-IRRT*,21,20261924,1,265.262954556696,0.4819878,0.0063976
3d,一般,1,0.481353134,RRT*,22,20261925,1,293.04487976306,0.482123,0.0112138
3d,一般,1,0.481353134,Informed-RRT*,22,20261925,1,301.921026580779,0.4818342,0.0115848
3d,一般,1,0.481353134,PRM*,22,20261925,1,293.394067071823,0.4914006,0.0009453
3d,一般,1,0.481353134,FMT*,22,20261925,1,279.388781878211,0.4826182,0.0474594
3d,一般,1,0.481353134,BIT*,22,20261925,1,272.367923788924,0.4822458,0.0686339
3d,一般,1,0.481353134,RRT#,22,20261925,1,298.327338009302,0.4820739,0.0122085
3d,一般,1,0.481353134,APF-only,22,20261925,1,442.385244950109,0.0060932,0.0059485
3d,一般,1,0.481353134,AB-IRRT*,22,20261925,1,266.679931530918,0.4820583,0.0066693
3d,一般,1,0.481353134,RRT*,23,20261926,1,283.688172352465,0.4817466,0.0094368
3d,一般,1,0.481353134,Informed-RRT*,23,20261926,1,275.38919053796,0.4818235,0.0104752
3d,一般,1,0.481353134,PRM*,23,20261926,1,284.676143760015,0.4915648,0.0054886
3d,一般,1,0.481353134,FMT*,23,20261926,1,280.291925601228,0.4831768,0.0110445
3d,一般,1,0.481353134,BIT*,23,20261926,1,288.717511602859,0.482748,0.0534821
3d,一般,1,0.481353134,RRT#,23,20261926,1,283.400341393008,0.4823656,0.0175812
3d,一般,1,0.481353134,APF-only,23,20261926,1,442.385244950109,0.0058799,0.0057327
3d,一般,1,0.481353134,AB-IRRT*,23,20261926,1,264.941134314449,0.4819204,0.0061551
3d,一般,1,0.481353134,RRT*,24,20261927,1,319.583282194693,0.4817845,0.01219
3d,一般,1,0.481353134,Informed-RRT*,24,20261927,1,301.309943135347,0.4817958,0.0132124
3d,一般,1,0.481353134,PRM*,24,20261927,1,281.331904531551,0.4891914,0.0002706
3d,一般,1,0.481353134,FMT*,24,20261927,1,278.760337679215,0.4822436,0.0345667
3d,一般,1,0.481353134,BIT*,24,20261927,1,267.761921610973,0.4838504,0.0377123
3d,一般,1,0.481353134,RRT#,24,20261927,1,311.268310599555,0.482382,0.0166932
3d,一般,1,0.481353134,APF-only,24,20261927,1,442.385244950109,0.0059807,0.0058331
3d,一般,1,0.481353134,AB-IRRT*,24,20261927,1,263.873203357361,0.4822794,0.0062913
3d,一般,1,0.481353134,RRT*,25,20261928,1,289.650575619845,0.481973,0.013676
3d,一般,1,0.481353134,Informed-RRT*,25,20261928,1,282.082631893682,0.4817857,0.016964
3d,一般,1,0.481353134,PRM*,25,20261928,1,276.792147955731,0.4893676,0.0007666
3d,一般,1,0.481353134,FMT*,25,20261928,1,282.242771643943,0.4823648,0.0135701
3d,一般,1,0.481353134,BIT*,25,20261928,1,277.058427720959,0.4832564,0.0238767
3d,一般,1,0.481353134,RRT#,25,20261928,1,278.359216264317,0.4823285,0.0193568
3d,一般,1,0.481353134,APF-only,25,20261928,1,442.385244950109,0.0056647,0.0055272
3d,一般,1,0.481353134,AB-IRRT*,25,20261928,1,265.890720436121,0.4821691,0.0070882
3d,一般,1,0.481353134,RRT*,26,20261929,1,288.471585684375,0.4817417,0.0143208
3d,一般,1,0.481353134,Informed-RRT*,26,20261929,1,280.527218100383,0.4818234,0.0161162
3d,一般,1,0.481353134,PRM*,26,20261929,1,287.37875037724,0.4891258,0.0006812
3d,一般,1,0.481353134,FMT*,26,20261929,1,282.256141025503,0.4824688,0.0267795
3d,一般,1,0.481353134,BIT*,26,20261929,1,272.209294700126,0.4835748,0.0718997
3d,一般,1,0.481353134,RRT#,26,20261929,1,288.030319765648,0.4822602,0.0158271
3d,一般,1,0.481353134,APF-only,26,20261929,1,442.385244950109,0.0095728,0.0093543
3d,一般,1,0.481353134,AB-IRRT*,26,20261929,1,264.214256837711,0.4819708,0.0064152
3d,一般,1,0.481353134,RRT*,27,20261930,1,277.502022182646,0.4818407,0.0147281
3d,一般,1,0.481353134,Informed-RRT*,27,20261930,1,275.229600128005,0.4817647,0.0147179
3d,一般,1,0.481353134,PRM*,27,20261930,1,275.738364327032,0.4935466,0.0019346
3d,一般,1,0.481353134,FMT*,27,20261930,1,280.563801918918,0.4834321,0.0265347
3d,一般,1,0.481353134,BIT*,27,20261930,1,279.214573940446,0.4834493,0.0762611
3d,一般,1,0.481353134,RRT#,27,20261930,1,276.543448694394,0.4820389,0.0141086
3d,一般,1,0.481353134,APF-only,27,20261930,1,442.385244950109,0.006266,0.0060899
3d,一般,1,0.481353134,AB-IRRT*,27,20261930,1,264.547566713817,0.4820865,0.0073562
3d,一般,1,0.481353134,RRT*,28,20261931,1,293.642065208395,0.4819989,0.0101673
3d,一般,1,0.481353134,Informed-RRT*,28,20261931,1,289.860074675227,0.4817744,0.0106516
3d,一般,1,0.481353134,PRM*,28,20261931,1,292.918175095162,0.4893225,0.0004219
3d,一般,1,0.481353134,FMT*,28,20261931,1,282.613600137815,0.4823942,0.014177
3d,一般,1,0.481353134,BIT*,28,20261931,1,269.126299537511,0.4826627,0.0374568
3d,一般,1,0.481353134,RRT#,28,20261931,1,292.668669133998,0.4822034,0.0106706
3d,一般,1,0.481353134,APF-only,28,20261931,1,442.385244950109,0.0067453,0.0065691
3d,一般,1,0.481353134,AB-IRRT*,28,20261931,1,265.796175505964,0.4820871,0.0067542
3d,一般,1,0.481353134,RRT*,29,20261932,1,311.895140149972,0.4817531,0.0227877
3d,一般,1,0.481353134,Informed-RRT*,29,20261932,1,288.440168075954,0.4817694,0.0257465
3d,一般,1,0.481353134,PRM*,29,20261932,1,277.758445451386,0.4893018,0.0001694
3d,一般,1,0.481353134,FMT*,29,20261932,1,274.910965038215,0.4837043,0.0264659
3d,一般,1,0.481353134,BIT*,29,20261932,1,268.561960644074,0.4826408,0.0708768
3d,一般,1,0.481353134,RRT#,29,20261932,1,300.586441593724,0.4819722,0.0198583
3d,一般,1,0.481353134,APF-only,29,20261932,1,442.385244950109,0.0060815,0.0059525
3d,一般,1,0.481353134,AB-IRRT*,29,20261932,1,264.380547330576,0.4819717,0.0104445
3d,一般,1,0.481353134,RRT*,30,20261933,1,287.552541484073,0.4817773,0.0082554
3d,一般,1,0.481353134,Informed-RRT*,30,20261933,1,284.284523151481,0.4823742,0.016636
3d,一般,1,0.481353134,PRM*,30,20261933,1,285.706739910618,0.4913579,0.0005246
3d,一般,1,0.481353134,FMT*,30,20261933,1,277.383792017303,0.4846391,0.0132406
3d,一般,1,0.481353134,BIT*,30,20261933,1,271.118946784482,0.4842312,0.0414053
3d,一般,1,0.481353134,RRT#,30,20261933,1,281.354110683372,0.4820423,0.0156505
3d,一般,1,0.481353134,APF-only,30,20261933,1,442.385244950109,0.0064409,0.0062489
3d,一般,1,0.481353134,AB-IRRT*,30,20261933,1,266.424032241077,0.4819674,0.0072097
3d,一般,2,0.962706268,RRT*,1,20261904,1,279.259972967613,0.9635297,0.0094202
3d,一般,2,0.962706268,Informed-RRT*,1,20261904,1,272.492958220905,0.9632259,0.011762
3d,一般,2,0.962706268,PRM*,1,20261904,1,281.861129064365,0.9859341,0.0006602
3d,一般,2,0.962706268,FMT*,1,20261904,1,288.028319087958,0.9642609,0.0093402
3d,一般,2,0.962706268,BIT*,1,20261904,1,272.955779559689,0.9645453,0.0062335
3d,一般,2,0.962706268,RRT#,1,20261904,1,278.928835432388,0.9634398,0.0107307
3d,一般,2,0.962706268,APF-only,1,20261904,1,442.385244950109,0.0061508,0.0060073
3d,一般,2,0.962706268,AB-IRRT*,1,20261904,1,265.071856967836,0.9633875,0.008655
3d,一般,2,0.962706268,RRT*,2,20261905,1,272.387461625662,0.9630037,0.0124551
3d,一般,2,0.962706268,Informed-RRT*,2,20261905,1,270.810171693808,0.9633637,0.0124797
3d,一般,2,0.962706268,PRM*,2,20261905,1,270.485647375174,0.9843208,0.0011306
3d,一般,2,0.962706268,FMT*,2,20261905,1,277.046942085574,0.9638197,0.0147143
3d,一般,2,0.962706268,BIT*,2,20261905,1,270.448603228589,0.9636866,0.0221311
3d,一般,2,0.962706268,RRT#,2,20261905,1,272.527416608224,0.9637271,0.0098108
3d,一般,2,0.962706268,APF-only,2,20261905,1,442.385244950109,0.0052345,0.0050918
3d,一般,2,0.962706268,AB-IRRT*,2,20261905,1,263.421406645681,0.9644177,0.0051408
3d,一般,2,0.962706268,RRT*,3,20261906,1,282.58522256582,0.963282,0.0182286
3d,一般,2,0.962706268,Informed-RRT*,3,20261906,1,278.763109070181,0.9632128,0.0181534
3d,一般,2,0.962706268,PRM*,3,20261906,1,279.50297829072,0.9859603,0.0005571
3d,一般,2,0.962706268,FMT*,3,20261906,1,295.012993426898,0.9637757,0.0429
3d,一般,2,0.962706268,BIT*,3,20261906,1,290.579961787086,0.9639731,0.0903935
3d,一般,2,0.962706268,RRT#,3,20261906,1,284.999257723695,0.9635121,0.0211384
3d,一般,2,0.962706268,APF-only,3,20261906,1,442.385244950109,0.0056435,0.0055051
3d,一般,2,0.962706268,AB-IRRT*,3,20261906,1,262.920297826118,0.9636841,0.0069513
3d,一般,2,0.962706268,RRT*,4,20261907,1,283.355127603584,0.9631609,0.0154331
3d,一般,2,0.962706268,Informed-RRT*,4,20261907,1,276.526060149218,0.96329,0.0214408
3d,一般,2,0.962706268,PRM*,4,20261907,1,276.382256582191,0.9837543,0.0030485
3d,一般,2,0.962706268,FMT*,4,20261907,1,282.390783272564,0.9637247,0.0194839
3d,一般,2,0.962706268,BIT*,4,20261907,1,272.359470547236,0.9640845,0.0294242
3d,一般,2,0.962706268,RRT#,4,20261907,1,281.711340305411,0.9636331,0.0183626
3d,一般,2,0.962706268,APF-only,4,20261907,1,442.385244950109,0.0060263,0.0058623
3d,一般,2,0.962706268,AB-IRRT*,4,20261907,1,264.340009770893,0.9632197,0.0060717
3d,一般,2,0.962706268,RRT*,5,20261908,1,281.556368407025,0.9631337,0.0085089
3d,一般,2,0.962706268,Informed-RRT*,5,20261908,1,274.039764293448,0.9632267,0.0119722
3d,一般,2,0.962706268,PRM*,5,20261908,1,275.117833677722,0.9858034,0.0003679
3d,一般,2,0.962706268,FMT*,5,20261908,1,273.77209584506,0.9639475,0.0089476
3d,一般,2,0.962706268,BIT*,5,20261908,1,269.388646214591,0.963806,0.0626161
3d,一般,2,0.962706268,RRT#,5,20261908,1,279.175827814912,0.9637095,0.0140074
3d,一般,2,0.962706268,APF-only,5,20261908,1,442.385244950109,0.0064984,0.0063238
3d,一般,2,0.962706268,AB-IRRT*,5,20261908,1,264.213552469226,0.9636486,0.007642
3d,一般,2,0.962706268,RRT*,6,20261909,1,277.338713273628,0.9630805,0.0080019
3d,一般,2,0.962706268,Informed-RRT*,6,20261909,1,273.892635733302,0.9630687,0.0056831
3d,一般,2,0.962706268,PRM*,6,20261909,1,274.117619504711,0.9858985,0.000587
3d,一般,2,0.962706268,FMT*,6,20261909,1,282.740970779134,0.9643753,0.0205124
3d,一般,2,0.962706268,BIT*,6,20261909,1,272.642306850408,0.9645934,0.445963
3d,一般,2,0.962706268,RRT#,6,20261909,1,276.071319722656,0.9635726,0.0097435
3d,一般,2,0.962706268,APF-only,6,20261909,1,442.385244950109,0.0046869,0.004568
3d,一般,2,0.962706268,AB-IRRT*,6,20261909,1,264.317039760248,0.9634262,0.008365
3d,一般,2,0.962706268,RRT*,7,20261910,1,282.925498804788,0.9630504,0.0120036
3d,一般,2,0.962706268,Informed-RRT*,7,20261910,1,275.287387924599,0.963404,0.0203607
3d,一般,2,0.962706268,PRM*,7,20261910,1,286.719999469154,0.9881775,0.0002031
3d,一般,2,0.962706268,FMT*,7,20261910,1,275.648497454603,0.9636387,0.0097634
3d,一般,2,0.962706268,BIT*,7,20261910,1,289.394359259954,0.9637566,0.0105374
3d,一般,2,0.962706268,RRT#,7,20261910,1,284.199848189549,0.9634193,0.0168225
3d,一般,2,0.962706268,APF-only,7,20261910,1,442.385244950109,0.006762,0.0066203
3d,一般,2,0.962706268,AB-IRRT*,7,20261910,1,263.697046597533,0.9640858,0.0093629
3d,一般,2,0.962706268,RRT*,8,20261911,1,290.415651463238,0.9637353,0.0148917
3d,一般,2,0.962706268,Informed-RRT*,8,20261911,1,287.335296878602,0.9632879,0.0163902
3d,一般,2,0.962706268,PRM*,8,20261911,1,281.702755585109,0.9831319,0.0013744
3d,一般,2,0.962706268,FMT*,8,20261911,1,277.560950544856,0.963837,0.0219998
3d,一般,2,0.962706268,BIT*,8,20261911,1,271.641593798199,0.9646486,0.0365072
3d,一般,2,0.962706268,RRT#,8,20261911,1,281.104053075331,0.9636865,0.0210405
3d,一般,2,0.962706268,APF-only,8,20261911,1,442.385244950109,0.006988,0.0066927
3d,一般,2,0.962706268,AB-IRRT*,8,20261911,1,264.179115429083,0.9640927,0.0069604
3d,一般,2,0.962706268,RRT*,9,20261912,1,272.381900718833,0.9631128,0.0119844
3d,一般,2,0.962706268,Informed-RRT*,9,20261912,1,268.649173320168,0.9632375,0.0129613
3d,一般,2,0.962706268,PRM*,9,20261912,1,274.80139533562,0.9862161,0.0002213
3d,一般,2,0.962706268,FMT*,9,20261912,1,281.231780876707,0.9643609,0.0276149
3d,一般,2,0.962706268,BIT*,9,20261912,1,271.959706439847,0.9647972,0.0211841
3d,一般,2,0.962706268,RRT#,9,20261912,1,271.599714328886,0.9635292,0.0127252
3d,一般,2,0.962706268,APF-only,9,20261912,1,442.385244950109,0.0042256,0.0041108
3d,一般,2,0.962706268,AB-IRRT*,9,20261912,1,263.998355136776,0.9632883,0.0053476
3d,一般,2,0.962706268,RRT*,10,20261913,1,281.454687414498,0.9630486,0.0178864
3d,一般,2,0.962706268,Informed-RRT*,10,20261913,1,279.15273867155,0.9630596,0.0115517
3d,一般,2,0.962706268,PRM*,10,20261913,1,274.027292548192,0.9838426,0.0010948
3d,一般,2,0.962706268,FMT*,10,20261913,1,284.379250244805,0.9638809,0.0303216
3d,一般,2,0.962706268,BIT*,10,20261913,1,282.582978386221,0.9637006,0.0376877
3d,一般,2,0.962706268,RRT#,10,20261913,1,276.224722971201,0.9635737,0.0154665
3d,一般,2,0.962706268,APF-only,10,20261913,1,442.385244950109,0.0056153,0.0054774
3d,一般,2,0.962706268,AB-IRRT*,10,20261913,1,264.195551265868,0.9635901,0.0063598
3d,一般,2,0.962706268,RRT*,11,20261914,1,282.395233684099,0.9630724,0.025715
3d,一般,2,0.962706268,Informed-RRT*,11,20261914,1,269.120268670835,0.9632011,0.0207658
3d,一般,2,0.962706268,PRM*,11,20261914,1,283.584357119813,0.9934226,0.0008884
3d,一般,2,0.962706268,FMT*,11,20261914,1,294.612763364474,0.9635288,0.0242303
3d,一般,2,0.962706268,BIT*,11,20261914,1,279.616772770774,0.9650419,0.0896198
3d,一般,2,0.962706268,RRT#,11,20261914,1,287.100672373862,0.9635149,0.0267819
3d,一般,2,0.962706268,APF-only,11,20261914,1,442.385244950109,0.0051725,0.0050324
3d,一般,2,0.962706268,AB-IRRT*,11,20261914,1,263.59082474848,0.9637129,0.0066405
3d,一般,2,0.962706268,RRT*,12,20261915,1,273.435611322037,0.9631504,0.0091099
3d,一般,2,0.962706268,Informed-RRT*,12,20261915,1,272.179404043027,0.963064,0.0103161
3d,一般,2,0.962706268,PRM*,12,20261915,1,277.001067457299,0.9795532,0.0006934
3d,一般,2,0.962706268,FMT*,12,20261915,1,276.086642014728,0.9678251,0.0324273
3d,一般,2,0.962706268,BIT*,12,20261915,1,269.846308078303,0.9637125,0.0368348
3d,一般,2,0.962706268,RRT#,12,20261915,1,273.796605317055,0.9640644,0.0101516
3d,一般,2,0.962706268,APF-only,12,20261915,1,442.385244950109,0.0108959,0.0106219
3d,一般,2,0.962706268,AB-IRRT*,12,20261915,1,265.567894750708,0.9633413,0.0076719
3d,一般,2,0.962706268,RRT*,13,20261916,1,278.751614271427,0.9631657,0.011121
3d,一般,2,0.962706268,Informed-RRT*,13,20261916,1,271.321659922443,0.9630822,0.0160483
3d,一般,2,0.962706268,PRM*,13,20261916,1,278.608997512609,0.9904533,0.0005458
3d,一般,2,0.962706268,FMT*,13,20261916,1,288.985718157451,0.9636536,0.0289243
3d,一般,2,0.962706268,BIT*,13,20261916,1,287.676015755972,0.9643524,0.0753626
3d,一般,2,0.962706268,RRT#,13,20261916,1,278.751614271427,0.9635409,0.01711
3d,一般,2,0.962706268,APF-only,13,20261916,1,442.385244950109,0.0051238,0.004992
3d,一般,2,0.962706268,AB-IRRT*,13,20261916,1,263.364949682853,0.9638768,0.0054514
3d,一般,2,0.962706268,RRT*,14,20261917,1,284.109726523984,0.9632939,0.0184851
3d,一般,2,0.962706268,Informed-RRT*,14,20261917,1,285.459550295531,0.9631624,0.0179538
3d,一般,2,0.962706268,PRM*,14,20261917,1,273.450254815711,0.9828842,0.0031563
3d,一般,2,0.962706268,FMT*,14,20261917,1,276.327465473412,0.9637856,0.0172287
3d,一般,2,0.962706268,BIT*,14,20261917,1,274.643929908258,0.9652662,0.0827552
3d,一般,2,0.962706268,RRT#,14,20261917,1,282.766312332272,0.9643263,0.0199077
3d,一般,2,0.962706268,APF-only,14,20261917,1,442.385244950109,0.0082926,0.0080566
3d,一般,2,0.962706268,AB-IRRT*,14,20261917,1,265.514847960477,0.9635401,0.0072947
3d,一般,2,0.962706268,RRT*,15,20261918,1,279.718805024142,0.9631067,0.0150551
3d,一般,2,0.962706268,Informed-RRT*,15,20261918,1,278.013202301492,0.9636595,0.0115243
3d,一般,2,0.962706268,PRM*,15,20261918,1,285.796778181393,0.9874425,0.0098178
3d,一般,2,0.962706268,FMT*,15,20261918,1,281.305323017115,0.9636545,0.0110313
3d,一般,2,0.962706268,BIT*,15,20261918,1,331.929730652212,0.9664567,0.038555
3d,一般,2,0.962706268,RRT#,15,20261918,1,281.951379914901,0.9634068,0.0181033
3d,一般,2,0.962706268,APF-only,15,20261918,1,442.385244950109,0.0084438,0.008269
3d,一般,2,0.962706268,AB-IRRT*,15,20261918,1,264.298324740212,0.9638353,0.0086504
3d,一般,2,0.962706268,RRT*,16,20261919,1,278.318946964218,0.9635418,0.0131909
3d,一般,2,0.962706268,Informed-RRT*,16,20261919,1,271.123138490459,0.9631702,0.0127713
3d,一般,2,0.962706268,PRM*,16,20261919,1,284.10565789177,0.9833375,0.0006207
3d,一般,2,0.962706268,FMT*,16,20261919,1,287.9270173895,0.964315,0.0153805
3d,一般,2,0.962706268,BIT*,16,20261919,1,268.969205904089,0.9636364,0.0345051
3d,一般,2,0.962706268,RRT#,16,20261919,1,277.51196459291,0.963499,0.01198
3d,一般,2,0.962706268,APF-only,16,20261919,1,442.385244950109,0.0064358,0.0062702
3d,一般,2,0.962706268,AB-IRRT*,16,20261919,1,265.848141841478,0.9634219,0.0087661
3d,一般,2,0.962706268,RRT*,17,20261920,1,284.07531392421,0.963366,0.0078899
3d,一般,2,0.962706268,Informed-RRT*,17,20261920,1,275.514362864493,0.9632713,0.0110987
3d,一般,2,0.962706268,PRM*,17,20261920,1,275.536276592212,0.9846871,0.0003128
3d,一般,2,0.962706268,FMT*,17,20261920,1,276.915442721351,0.96428,0.0086008
3d,一般,2,0.962706268,BIT*,17,20261920,1,319.665925119375,0.9638691,0.0345025
3d,一般,2,0.962706268,RRT#,17,20261920,1,280.035861464774,0.963969,0.0130424
3d,一般,2,0.962706268,APF-only,17,20261920,1,442.385244950109,0.0046842,0.0045563
3d,一般,2,0.962706268,AB-IRRT*,17,20261920,1,264.314384577663,0.9637055,0.0057769
3d,一般,2,0.962706268,RRT*,18,20261921,1,277.478687119372,0.9632687,0.010075
3d,一般,2,0.962706268,Informed-RRT*,18,20261921,1,273.367254856052,0.9631838,0.0088875
3d,一般,2,0.962706268,PRM*,18,20261921,1,282.08760497617,0.9856311,0.0006656
3d,一般,2,0.962706268,FMT*,18,20261921,1,298.508180450319,0.963431,0.0249781
3d,一般,2,0.962706268,BIT*,18,20261921,1,278.540731073359,0.96351,0.0229989
3d,一般,2,0.962706268,RRT#,18,20261921,1,270.433297610243,0.963723,0.0103509
3d,一般,2,0.962706268,APF-only,18,20261921,1,442.385244950109,0.0069044,0.0067477
3d,一般,2,0.962706268,AB-IRRT*,18,20261921,1,264.187373307654,0.9632644,0.0078813
3d,一般,2,0.962706268,RRT*,19,20261922,1,281.714506553289,0.9631573,0.0066598
3d,一般,2,0.962706268,Informed-RRT*,19,20261922,1,274.428358322977,0.963136,0.0101545
3d,一般,2,0.962706268,PRM*,19,20261922,1,276.763350498308,0.9858784,0.001432
3d,一般,2,0.962706268,FMT*,19,20261922,1,283.108030967376,0.9636834,0.0094893
3d,一般,2,0.962706268,BIT*,19,20261922,1,266.36921948617,0.9638772,0.0856664
3d,一般,2,0.962706268,RRT#,19,20261922,1,286.013808069252,0.9636981,0.0114156
3d,一般,2,0.962706268,APF-only,19,20261922,1,442.385244950109,0.0047222,0.0045926
3d,一般,2,0.962706268,AB-IRRT*,19,20261922,1,271.070832993441,0.9639214,0.0060316
3d,一般,2,0.962706268,RRT*,20,20261923,1,282.074684622481,0.9633642,0.0139501
3d,一般,2,0.962706268,Informed-RRT*,20,20261923,1,277.426918416171,0.9634221,0.0152382
3d,一般,2,0.962706268,PRM*,20,20261923,1,277.653572590826,0.9933499,0.000512
3d,一般,2,0.962706268,FMT*,20,20261923,1,281.622158713735,0.9640885,0.025697
3d,一般,2,0.962706268,BIT*,20,20261923,1,276.714558286491,0.9652405,0.0453696
3d,一般,2,0.962706268,RRT#,20,20261923,1,283.060545798502,0.9638466,0.019448
3d,一般,2,0.962706268,APF-only,20,20261923,1,442.385244950109,0.0053264,0.0051946
3d,一般,2,0.962706268,AB-IRRT*,20,20261923,1,264.446586232642,0.963571,0.0066678
3d,一般,2,0.962706268,RRT*,21,20261924,1,290.36718927493,0.9631854,0.0113446
3d,一般,2,0.962706268,Informed-RRT*,21,20261924,1,281.51586990115,0.9631495,0.0113054
3d,一般,2,0.962706268,PRM*,21,20261924,1,280.129934917203,0.983277,0.0016209
3d,一般,2,0.962706268,FMT*,21,20261924,1,288.971088572849,0.9665088,0.0155544
3d,一般,2,0.962706268,BIT*,21,20261924,1,265.96499961529,0.9667559,0.0234769
3d,一般,2,0.962706268,RRT#,21,20261924,1,284.486406997691,0.9635892,0.0120933
3d,一般,2,0.962706268,APF-only,21,20261924,1,442.385244950109,0.0092646,0.009114
3d,一般,2,0.962706268,AB-IRRT*,21,20261924,1,264.321051765332,0.9632864,0.005182
3d,一般,2,0.962706268,RRT*,22,20261925,1,295.396084656248,0.9630506,0.0090551
3d,一般,2,0.962706268,Informed-RRT*,22,20261925,1,283.090935893138,0.9633017,0.0091497
3d,一般,2,0.962706268,PRM*,22,20261925,1,289.348115099181,0.9875877,0.0009046
3d,一般,2,0.962706268,FMT*,22,20261925,1,279.388781878211,0.9637511,0.0460603
3d,一般,2,0.962706268,BIT*,22,20261925,1,273.256570987625,0.964269,0.058852
3d,一般,2,0.962706268,RRT#,22,20261925,1,276.857212219629,0.9636024,0.0089838
3d,一般,2,0.962706268,APF-only,22,20261925,1,442.385244950109,0.0057131,0.0055817
3d,一般,2,0.962706268,AB-IRRT*,22,20261925,1,263.044618291817,0.9635823,0.0057047
3d,一般,2,0.962706268,RRT*,23,20261926,1,283.737851024143,0.9630337,0.0105268
3d,一般,2,0.962706268,Informed-RRT*,23,20261926,1,274.212435783123,0.9631571,0.0103853
3d,一般,2,0.962706268,PRM*,23,20261926,1,284.676143760015,0.9825023,0.0059594
3d,一般,2,0.962706268,FMT*,23,20261926,1,280.291925601228,0.9635476,0.0087117
3d,一般,2,0.962706268,BIT*,23,20261926,1,283.000627946629,0.9637541,0.0490164
3d,一般,2,0.962706268,RRT#,23,20261926,1,282.247108943451,0.9634619,0.011663
3d,一般,2,0.962706268,APF-only,23,20261926,1,442.385244950109,0.0050438,0.0049209
3d,一般,2,0.962706268,AB-IRRT*,23,20261926,1,264.252982008637,0.9633089,0.005102
3d,一般,2,0.962706268,RRT*,24,20261927,1,292.780317858141,0.9630277,0.0131397
3d,一般,2,0.962706268,Informed-RRT*,24,20261927,1,287.119904344262,0.9630749,0.0125092
3d,一般,2,0.962706268,PRM*,24,20261927,1,281.331904531551,0.9854043,0.0002045
3d,一般,2,0.962706268,FMT*,24,20261927,1,278.760337679215,0.9638641,0.0248717
3d,一般,2,0.962706268,BIT*,24,20261927,1,267.440105347692,0.9642584,0.0356228
3d,一般,2,0.962706268,RRT#,24,20261927,1,288.25492034685,0.9633254,0.0176948
3d,一般,2,0.962706268,APF-only,24,20261927,1,442.385244950109,0.0041113,0.0040061
3d,一般,2,0.962706268,AB-IRRT*,24,20261927,1,263.28091652268,0.9632285,0.0047201
3d,一般,2,0.962706268,RRT*,25,20261928,1,279.762830002162,0.9631743,0.0123311
3d,一般,2,0.962706268,Informed-RRT*,25,20261928,1,277.041838570626,0.9633879,0.0160466
3d,一般,2,0.962706268,PRM*,25,20261928,1,276.792147955731,0.9909528,0.0010534
3d,一般,2,0.962706268,FMT*,25,20261928,1,282.242771643943,0.9636412,0.0135205
3d,一般,2,0.962706268,BIT*,25,20261928,1,277.058427720959,0.9635237,0.0170307
3d,一般,2,0.962706268,RRT#,25,20261928,1,278.944990764198,0.963375,0.0127013
3d,一般,2,0.962706268,APF-only,25,20261928,1,442.385244950109,0.0046622,0.0045481
3d,一般,2,0.962706268,AB-IRRT*,25,20261928,1,263.600561377819,0.9632183,0.0046898
3d,一般,2,0.962706268,RRT*,26,20261929,1,286.604850292551,0.9631806,0.0128858
3d,一般,2,0.962706268,Informed-RRT*,26,20261929,1,275.033196665552,0.9632496,0.014066
3d,一般,2,0.962706268,PRM*,26,20261929,1,287.373106684836,0.9862083,0.0007491
3d,一般,2,0.962706268,FMT*,26,20261929,1,282.256141025503,0.9635021,0.0273616
3d,一般,2,0.962706268,BIT*,26,20261929,1,271.996736456209,0.9637267,0.050934
3d,一般,2,0.962706268,RRT#,26,20261929,1,284.175489694228,0.9635885,0.0141577
3d,一般,2,0.962706268,APF-only,26,20261929,1,442.385244950109,0.0059508,0.0058102
3d,一般,2,0.962706268,AB-IRRT*,26,20261929,1,263.90495810433,0.9632724,0.0063717
3d,一般,2,0.962706268,RRT*,27,20261930,1,274.632131109615,0.9631541,0.0124542
3d,一般,2,0.962706268,Informed-RRT*,27,20261930,1,275.978492685336,0.9630874,0.01079
3d,一般,2,0.962706268,PRM*,27,20261930,1,267.586114317383,0.9879089,0.0020665
3d,一般,2,0.962706268,FMT*,27,20261930,1,280.563801918918,0.9638499,0.0225519
3d,一般,2,0.962706268,BIT*,27,20261930,1,274.46977791318,0.9636061,0.0496799
3d,一般,2,0.962706268,RRT#,27,20261930,1,275.475487010335,0.9634101,0.0114266
3d,一般,2,0.962706268,APF-only,27,20261930,1,442.385244950109,0.0048858,0.0047711
3d,一般,2,0.962706268,AB-IRRT*,27,20261930,1,263.557756952737,0.9637271,0.0081258
3d,一般,2,0.962706268,RRT*,28,20261931,1,282.91264994681,0.9630826,0.0095315
3d,一般,2,0.962706268,Informed-RRT*,28,20261931,1,294.520620675524,0.9631832,0.0131987
3d,一般,2,0.962706268,PRM*,28,20261931,1,279.648139133355,0.9892005,0.0004157
3d,一般,2,0.962706268,FMT*,28,20261931,1,282.613600137815,0.9638935,0.0105539
3d,一般,2,0.962706268,BIT*,28,20261931,1,268.847704205513,0.9639405,0.0318739
3d,一般,2,0.962706268,RRT#,28,20261931,1,277.908953024865,0.9633665,0.0100604
3d,一般,2,0.962706268,APF-only,28,20261931,1,442.385244950109,0.0044519,0.0043449
3d,一般,2,0.962706268,AB-IRRT*,28,20261931,1,264.175960160121,0.9632924,0.0045001
3d,一般,2,0.962706268,RRT*,29,20261932,1,291.654059143245,0.9630749,0.0174627
3d,一般,2,0.962706268,Informed-RRT*,29,20261932,1,283.696352618646,0.9631219,0.0175853
3d,一般,2,0.962706268,PRM*,29,20261932,1,276.932203082073,0.9913813,0.0001669
3d,一般,2,0.962706268,FMT*,29,20261932,1,274.910965038215,0.9636785,0.0245472
3d,一般,2,0.962706268,BIT*,29,20261932,1,268.561960644074,0.9654111,0.0532845
3d,一般,2,0.962706268,RRT#,29,20261932,1,288.65120232692,0.9635201,0.0210751
3d,一般,2,0.962706268,APF-only,29,20261932,1,442.385244950109,0.0051609,0.0050306
3d,一般,2,0.962706268,AB-IRRT*,29,20261932,1,264.270826413442,0.9636647,0.0060259
3d,一般,2,0.962706268,RRT*,30,20261933,1,294.157404661086,0.9632069,0.011332
3d,一般,2,0.962706268,Informed-RRT*,30,20261933,1,279.414587702629,0.9634979,0.0126658
3d,一般,2,0.962706268,PRM*,30,20261933,1,281.054433373668,0.9889803,0.0003067
3d,一般,2,0.962706268,FMT*,30,20261933,1,277.383792017303,0.9660935,0.0118526
3d,一般,2,0.962706268,BIT*,30,20261933,1,270.210417265522,0.9635855,0.0424236
3d,一般,2,0.962706268,RRT#,30,20261933,1,275.89411559165,0.9633736,0.0108522
3d,一般,2,0.962706268,APF-only,30,20261933,1,442.385244950109,0.0043467,0.0042338
3d,一般,2,0.962706268,AB-IRRT*,30,20261933,1,263.217257202159,0.9631548,0.0049354
3d,狭窄,1,0.817403694,RRT*,1,20262904,1,269.902246446534,0.8177701,0.0492052
3d,狭窄,1,0.817403694,Informed-RRT*,1,20262904,1,268.257783461988,0.8178475,0.0421247
3d,狭窄,1,0.817403694,PRM*,1,20262904,1,260.107879837621,0.8327118,0.0014456
3d,狭窄,1,0.817403694,FMT*,1,20262904,1,277.523055808054,0.8186066,0.0031853
3d,狭窄,1,0.817403694,BIT*,1,20262904,1,319.514617232949,0.8210505,0.0539534
3d,狭窄,1,0.817403694,RRT#,1,20262904,1,266.112318794045,0.8182486,0.0456001
3d,狭窄,1,0.817403694,APF-only,1,20262904,1,323.571846627543,0.0126791,0.0120406
3d,狭窄,1,0.817403694,AB-IRRT*,1,20262904,1,246.71063275019,0.8182078,0.0048061
3d,狭窄,1,0.817403694,RRT*,2,20262905,1,266.220542326237,0.8176941,0.0221317
3d,狭窄,1,0.817403694,Informed-RRT*,2,20262905,1,264.283758760132,0.8177935,0.0195462
3d,狭窄,1,0.817403694,PRM*,2,20262905,1,257.907763099813,0.8286729,0.0009047
3d,狭窄,1,0.817403694,FMT*,2,20262905,1,258.201762562581,0.8185473,0.0169519
3d,狭窄,1,0.817403694,BIT*,2,20262905,1,274.57580535545,0.8185863,0.0595323
3d,狭窄,1,0.817403694,RRT#,2,20262905,1,263.106853961017,0.8180518,0.0222053
3d,狭窄,1,0.817403694,APF-only,2,20262905,1,323.571846627543,0.0044335,0.0043099
3d,狭窄,1,0.817403694,AB-IRRT*,2,20262905,1,246.626754926404,0.8182579,0.004843
3d,狭窄,1,0.817403694,RRT*,3,20262906,1,259.444379135143,0.817775,0.0152091
3d,狭窄,1,0.817403694,Informed-RRT*,3,20262906,1,257.534938052321,0.817718,0.016317
3d,狭窄,1,0.817403694,PRM*,3,20262906,1,262.367756331857,0.8328269,0.0033591
3d,狭窄,1,0.817403694,FMT*,3,20262906,1,325.484026890712,0.818433,0.0088208
3d,狭窄,1,0.817403694,BIT*,3,20262906,1,270.65934508248,0.818512,0.0824169
3d,狭窄,1,0.817403694,RRT#,3,20262906,1,255.266297597652,0.8181658,0.0209967
3d,狭窄,1,0.817403694,APF-only,3,20262906,1,323.571846627543,0.0056041,0.0054741
3d,狭窄,1,0.817403694,AB-IRRT*,3,20262906,1,247.168196951058,0.8184944,0.0059107
3d,狭窄,1,0.817403694,RRT*,4,20262907,1,271.861499533008,0.8177414,0.0156325
3d,狭窄,1,0.817403694,Informed-RRT*,4,20262907,1,257.115726334009,0.8178513,0.016019
3d,狭窄,1,0.817403694,PRM*,4,20262907,1,263.623599949148,0.8319797,0.0024266
3d,狭窄,1,0.817403694,FMT*,4,20262907,1,266.570856208524,0.8189588,0.01412
3d,狭窄,1,0.817403694,BIT*,4,20262907,1,255.76146905858,0.8201344,0.0359627
3d,狭窄,1,0.817403694,RRT#,4,20262907,1,266.573988848461,0.8181095,0.0164812
3d,狭窄,1,0.817403694,APF-only,4,20262907,1,323.571846627543,0.0032614,0.0031651
3d,狭窄,1,0.817403694,AB-IRRT*,4,20262907,1,246.829797856512,0.819774,0.0039812
3d,狭窄,1,0.817403694,RRT*,5,20262908,1,262.352058652656,0.8181302,0.0117672
3d,狭窄,1,0.817403694,Informed-RRT*,5,20262908,1,253.102635728975,0.8179119,0.0105853
3d,狭窄,1,0.817403694,PRM*,5,20262908,1,261.93164564606,0.8309358,0.0003761
3d,狭窄,1,0.817403694,FMT*,5,20262908,1,262.418927998793,0.8187234,0.0133868
3d,狭窄,1,0.817403694,BIT*,5,20262908,1,262.077308818053,0.8189003,0.0209818
3d,狭窄,1,0.817403694,RRT#,5,20262908,1,256.170525041753,0.8181554,0.0126367
3d,狭窄,1,0.817403694,APF-only,5,20262908,1,323.571846627543,0.005837,0.0056772
3d,狭窄,1,0.817403694,AB-IRRT*,5,20262908,1,248.081522405792,0.8211217,0.0057558
3d,狭窄,1,0.817403694,RRT*,6,20262909,1,259.513409535449,0.8177919,0.0403051
3d,狭窄,1,0.817403694,Informed-RRT*,6,20262909,1,263.940715611801,0.8178055,0.029562
3d,狭窄,1,0.817403694,PRM*,6,20262909,1,263.918403503197,0.8313834,0.0017792
3d,狭窄,1,0.817403694,FMT*,6,20262909,1,266.929693643989,0.8186066,0.048965
3d,狭窄,1,0.817403694,BIT*,6,20262909,1,278.261310601666,0.8192945,0.0576091
3d,狭窄,1,0.817403694,RRT#,6,20262909,1,263.305723075347,0.8185886,0.0350659
3d,狭窄,1,0.817403694,APF-only,6,20262909,1,323.571846627543,0.0051373,0.0049993
3d,狭窄,1,0.817403694,AB-IRRT*,6,20262909,1,248.081522405792,0.8180876,0.0065853
3d,狭窄,1,0.817403694,RRT*,7,20262910,1,261.360628285428,0.8176831,0.0199123
3d,狭窄,1,0.817403694,Informed-RRT*,7,20262910,1,253.505159659339,0.8179824,0.0200865
3d,狭窄,1,0.817403694,PRM*,7,20262910,1,257.562623526521,0.8324553,0.0017403
3d,狭窄,1,0.817403694,FMT*,7,20262910,1,305.417726744048,0.8188712,0.0874678
3d,狭窄,1,0.817403694,BIT*,7,20262910,1,261.705009636456,0.8190177,0.2246192
3d,狭窄,1,0.817403694,RRT#,7,20262910,1,254.951052876594,0.8180846,0.027294
3d,狭窄,1,0.817403694,APF-only,7,20262910,1,323.571846627543,0.0046368,0.0044994
3d,狭窄,1,0.817403694,AB-IRRT*,7,20262910,1,248.081522405792,0.8178865,0.0046438
3d,狭窄,1,0.817403694,RRT*,8,20262911,1,255.39034328445,0.8179154,0.0122868
3d,狭窄,1,0.817403694,Informed-RRT*,8,20262911,1,253.486687244298,0.8177306,0.0119362
3d,狭窄,1,0.817403694,PRM*,8,20262911,1,259.986741411776,0.8309721,0.002288
3d,狭窄,1,0.817403694,FMT*,8,20262911,1,284.297495955295,0.8187721,0.0169568
3d,狭窄,1,0.817403694,BIT*,8,20262911,1,275.696358900533,0.8188632,0.0365164
3d,狭窄,1,0.817403694,RRT#,8,20262911,1,253.65294031191,0.8182852,0.0119703
3d,狭窄,1,0.817403694,APF-only,8,20262911,1,323.571846627543,0.0035665,0.003462
3d,狭窄,1,0.817403694,AB-IRRT*,8,20262911,1,248.081522405792,0.8178844,0.0039826
3d,狭窄,1,0.817403694,RRT*,9,20262912,1,260.978902358303,0.8178297,0.0145469
3d,狭窄,1,0.817403694,Informed-RRT*,9,20262912,1,253.725744813136,0.8177789,0.0137564
3d,狭窄,1,0.817403694,PRM*,9,20262912,1,264.22591813301,0.8326047,0.0008281
3d,狭窄,1,0.817403694,FMT*,9,20262912,1,264.504696043568,0.8195522,0.0119285
3d,狭窄,1,0.817403694,BIT*,9,20262912,1,258.461280504684,0.8197491,0.0202711
3d,狭窄,1,0.817403694,RRT#,9,20262912,1,258.069967319084,0.8180757,0.0193582
3d,狭窄,1,0.817403694,APF-only,9,20262912,1,323.571846627543,0.0039255,0.0038129
3d,狭窄,1,0.817403694,AB-IRRT*,9,20262912,1,248.081522405792,0.8183427,0.005028
3d,狭窄,1,0.817403694,RRT*,10,20262913,1,257.288765888846,0.8179241,0.0150571
3d,狭窄,1,0.817403694,Informed-RRT*,10,20262913,1,255.119394106417,0.8180486,0.0195726
3d,狭窄,1,0.817403694,PRM*,10,20262913,1,258.573547373021,0.8314506,0.0001939
3d,狭窄,1,0.817403694,FMT*,10,20262913,1,262.955923498398,0.8186601,0.0457419
3d,狭窄,1,0.817403694,BIT*,10,20262913,1,263.984864382545,0.8187778,0.6839608
3d,狭窄,1,0.817403694,RRT#,10,20262913,1,253.885716384407,0.8181074,0.0162282
3d,狭窄,1,0.817403694,APF-only,10,20262913,1,323.571846627543,0.0040605,0.0039267
3d,狭窄,1,0.817403694,AB-IRRT*,10,20262913,1,247.197205769956,0.8183036,0.0060838
3d,狭窄,1,0.817403694,RRT*,11,20262914,1,261.096429745212,0.8178853,0.010227
3d,狭窄,1,0.817403694,Informed-RRT*,11,20262914,1,254.948096998912,0.817735,0.0132933
3d,狭窄,1,0.817403694,PRM*,11,20262914,1,260.804877153451,0.8312588,0.0005701
3d,狭窄,1,0.817403694,FMT*,11,20262914,1,304.593165504281,0.8185272,0.0112019
3d,狭窄,1,0.817403694,BIT*,11,20262914,1,269.189289829898,0.8200514,0.0370874
3d,狭窄,1,0.817403694,RRT#,11,20262914,1,254.518031871886,0.8182127,0.0146351
3d,狭窄,1,0.817403694,APF-only,11,20262914,1,323.571846627543,0.0038969,0.0037906
3d,狭窄,1,0.817403694,AB-IRRT*,11,20262914,1,246.52570905176,0.8182081,0.0041916
3d,狭窄,1,0.817403694,RRT*,12,20262915,1,276.963366217065,0.8177053,0.0166637
3d,狭窄,1,0.817403694,Informed-RRT*,12,20262915,1,263.543385059331,0.8178612,0.009757
3d,狭窄,1,0.817403694,PRM*,12,20262915,1,262.204815772724,0.8329487,0.0093696
3d,狭窄,1,0.817403694,FMT*,12,20262915,1,286.218631614826,0.8186151,0.031003
3d,狭窄,1,0.817403694,BIT*,12,20262915,1,284.358259962897,0.820528,0.096577
3d,狭窄,1,0.817403694,RRT#,12,20262915,1,266.629931462548,0.8182761,0.0141077
3d,狭窄,1,0.817403694,APF-only,12,20262915,1,323.571846627543,0.0050148,0.0048778
3d,狭窄,1,0.817403694,AB-IRRT*,12,20262915,1,247.555078110735,0.8180301,0.0067426
3d,狭窄,1,0.817403694,RRT*,13,20262916,1,257.458711668242,0.8176796,0.0194872
3d,狭窄,1,0.817403694,Informed-RRT*,13,20262916,1,256.721594209654,0.817706,0.0187747
3d,狭窄,1,0.817403694,PRM*,13,20262916,1,262.475676128943,0.8321925,0.00308
3d,狭窄,1,0.817403694,FMT*,13,20262916,1,265.281198979327,0.818738,0.0642951
3d,狭窄,1,0.817403694,BIT*,13,20262916,1,328.992531119923,0.8189336,0.0197247
3d,狭窄,1,0.817403694,RRT#,13,20262916,1,255.024558067105,0.8179549,0.0272156
3d,狭窄,1,0.817403694,APF-only,13,20262916,1,323.571846627543,0.0034159,0.0033158
3d,狭窄,1,0.817403694,AB-IRRT*,13,20262916,1,247.191387747882,0.8178786,0.0040425
3d,狭窄,1,0.817403694,RRT*,14,20262917,1,264.774428382153,0.8177101,0.0099935
3d,狭窄,1,0.817403694,Informed-RRT*,14,20262917,1,261.164266333231,0.8178011,0.0135248
3d,狭窄,1,0.817403694,PRM*,14,20262917,1,267.342599821644,0.8312576,0.0250376
3d,狭窄,1,0.817403694,FMT*,14,20262917,1,272.063338517616,0.8187932,0.0103998
3d,狭窄,1,0.817403694,BIT*,14,20262917,1,265.200754315775,0.8193334,0.0569706
3d,狭窄,1,0.817403694,RRT#,14,20262917,1,259.392859966928,0.8188869,0.0134454
3d,狭窄,1,0.817403694,APF-only,14,20262917,1,323.571846627543,0.0096453,0.0093243
3d,狭窄,1,0.817403694,AB-IRRT*,14,20262917,1,247.506198093112,0.8183566,0.0120696
3d,狭窄,1,0.817403694,RRT*,15,20262918,1,262.271480087496,0.8178273,0.0317296
3d,狭窄,1,0.817403694,Informed-RRT*,15,20262918,1,253.441213098561,0.8178582,0.0396934
3d,狭窄,1,0.817403694,PRM*,15,20262918,1,256.886535668354,0.831694,0.0082205
3d,狭窄,1,0.817403694,FMT*,15,20262918,1,278.356129271727,0.8182633,0.0139033
3d,狭窄,1,0.817403694,BIT*,15,20262918,1,281.69467550594,0.8188891,0.0260528
3d,狭窄,1,0.817403694,RRT#,15,20262918,1,258.978796010764,0.8181855,0.0317849
3d,狭窄,1,0.817403694,APF-only,15,20262918,1,323.571846627543,0.0047833,0.004634
3d,狭窄,1,0.817403694,AB-IRRT*,15,20262918,1,247.319720413624,0.8181073,0.0041303
3d,狭窄,1,0.817403694,RRT*,16,20262919,1,260.838314681978,0.8181038,0.017908
3d,狭窄,1,0.817403694,Informed-RRT*,16,20262919,1,253.999213407935,0.8178946,0.0174636
3d,狭窄,1,0.817403694,PRM*,16,20262919,1,259.338992195863,0.8289614,0.0045455
3d,狭窄,1,0.817403694,FMT*,16,20262919,1,275.039300466743,0.8187899,0.0379462
3d,狭窄,1,0.817403694,BIT*,16,20262919,1,267.221699033855,0.8188688,0.0521815
3d,狭窄,1,0.817403694,RRT#,16,20262919,1,253.803836242732,0.8180731,0.0196477
3d,狭窄,1,0.817403694,APF-only,16,20262919,1,323.571846627543,0.0053038,0.0051637
3d,狭窄,1,0.817403694,AB-IRRT*,16,20262919,1,248.081522405792,0.8179938,0.0065384
3d,狭窄,1,0.817403694,RRT*,17,20262920,1,258.226588798277,0.8177186,0.0154054
3d,狭窄,1,0.817403694,Informed-RRT*,17,20262920,1,254.591091010119,0.8179653,0.015787
3d,狭窄,1,0.817403694,PRM*,17,20262920,1,263.535250968773,0.8329115,0.0003889
3d,狭窄,1,0.817403694,FMT*,17,20262920,1,271.784167116456,0.8187565,0.0132878
3d,狭窄,1,0.817403694,BIT*,17,20262920,1,270.097434557782,0.8186575,0.0269006
3d,狭窄,1,0.817403694,RRT#,17,20262920,1,255.549193759488,0.8183926,0.0152841
3d,狭窄,1,0.817403694,APF-only,17,20262920,1,323.571846627543,0.0061022,0.0059255
3d,狭窄,1,0.817403694,AB-IRRT*,17,20262920,1,246.753784079974,0.8185784,0.0058467
3d,狭窄,1,0.817403694,RRT*,18,20262921,1,263.448466736896,0.8180171,0.0066669
3d,狭窄,1,0.817403694,Informed-RRT*,18,20262921,1,260.077329680628,0.8178397,0.0064656
3d,狭窄,1,0.817403694,PRM*,18,20262921,1,258.654453834339,0.8325421,0.0020496
3d,狭窄,1,0.817403694,FMT*,18,20262921,1,284.717619231023,0.8185543,0.0178437
3d,狭窄,1,0.817403694,BIT*,18,20262921,1,272.301007039253,0.8188413,0.0192859
3d,狭窄,1,0.817403694,RRT#,18,20262921,1,256.765746920839,0.8180383,0.0080966
3d,狭窄,1,0.817403694,APF-only,18,20262921,1,323.571846627543,0.0041309,0.0040256
3d,狭窄,1,0.817403694,AB-IRRT*,18,20262921,1,247.222401674327,0.8185315,0.0056048
3d,狭窄,1,0.817403694,RRT*,19,20262922,1,270.449152908109,0.8181113,0.0410375
3d,狭窄,1,0.817403694,Informed-RRT*,19,20262922,1,260.227747477551,0.8177658,0.0424964
3d,狭窄,1,0.817403694,PRM*,19,20262922,1,262.314910424357,0.831642,0.00194
3d,狭窄,1,0.817403694,FMT*,19,20262922,1,302.719803305333,0.8183365,0.0168953
3d,狭窄,1,0.817403694,BIT*,19,20262922,1,263.944177769055,0.8191293,0.0172855
3d,狭窄,1,0.817403694,RRT#,19,20262922,1,266.595723718003,0.8180804,0.0479025
3d,狭窄,1,0.817403694,APF-only,19,20262922,1,323.571846627543,0.003388,0.0032816
3d,狭窄,1,0.817403694,AB-IRRT*,19,20262922,1,247.19710564616,0.8179971,0.0037192
3d,狭窄,1,0.817403694,RRT*,20,20262923,1,262.141149285621,0.8178378,0.0121977
3d,狭窄,1,0.817403694,Informed-RRT*,20,20262923,1,260.457022670043,0.8177019,0.0131559
3d,狭窄,1,0.817403694,PRM*,20,20262923,1,259.819516277191,0.8307574,0.0054841
3d,狭窄,1,0.817403694,FMT*,20,20262923,1,295.954929984463,0.8186866,0.0212834
3d,狭窄,1,0.817403694,BIT*,20,20262923,0,Inf,0.8187028,NaN
3d,狭窄,1,0.817403694,RRT#,20,20262923,1,264.222369741629,0.8181464,0.0179977
3d,狭窄,1,0.817403694,APF-only,20,20262923,1,323.571846627543,0.0038586,0.0037382
3d,狭窄,1,0.817403694,AB-IRRT*,20,20262923,1,246.85580560698,0.8178011,0.003523
3d,狭窄,1,0.817403694,RRT*,21,20262924,1,257.004553581801,0.8176921,0.0309334
3d,狭窄,1,0.817403694,Informed-RRT*,21,20262924,1,251.909540907601,0.8179269,0.0366916
3d,狭窄,1,0.817403694,PRM*,21,20262924,1,256.82926815538,0.831576,0.0001799
3d,狭窄,1,0.817403694,FMT*,21,20262924,1,276.604072432826,0.8185536,0.0181239
3d,狭窄,1,0.817403694,BIT*,21,20262924,1,274.863649423135,0.8188292,0.0707389
3d,狭窄,1,0.817403694,RRT#,21,20262924,1,253.811020459387,0.8179666,0.042612
3d,狭窄,1,0.817403694,APF-only,21,20262924,1,323.571846627543,0.0035543,0.0034499
3d,狭窄,1,0.817403694,AB-IRRT*,21,20262924,1,247.097058827451,0.8180289,0.0035121
3d,狭窄,1,0.817403694,RRT*,22,20262925,1,265.959176198756,0.8177237,0.0132865
3d,狭窄,1,0.817403694,Informed-RRT*,22,20262925,1,259.579842621204,0.8177486,0.0106039
3d,狭窄,1,0.817403694,PRM*,22,20262925,1,258.512029963026,0.8309848,0.0023373
3d,狭窄,1,0.817403694,FMT*,22,20262925,1,364.881847030859,0.8186185,0.0345695
3d,狭窄,1,0.817403694,BIT*,22,20262925,1,277.174809984546,0.8188868,0.1073767
3d,狭窄,1,0.817403694,RRT#,22,20262925,1,258.996054600272,0.8180441,0.0159097
3d,狭窄,1,0.817403694,APF-only,22,20262925,1,323.571846627543,0.0048686,0.0047384
3d,狭窄,1,0.817403694,AB-IRRT*,22,20262925,1,248.081522405792,0.8178705,0.0050439
3d,狭窄,1,0.817403694,RRT*,23,20262926,1,262.475942987015,0.8178016,0.0234126
3d,狭窄,1,0.817403694,Informed-RRT*,23,20262926,1,259.527362481561,0.8177699,0.0201467
3d,狭窄,1,0.817403694,PRM*,23,20262926,1,260.645183588064,0.8301018,0.0514256
3d,狭窄,1,0.817403694,FMT*,23,20262926,1,290.044975158307,0.8186153,0.0564777
3d,狭窄,1,0.817403694,BIT*,23,20262926,0,Inf,0.8191737,NaN
3d,狭窄,1,0.817403694,RRT#,23,20262926,1,257.644817891438,0.8182327,0.0283224
3d,狭窄,1,0.817403694,APF-only,23,20262926,1,323.571846627543,0.0051344,0.0049879
3d,狭窄,1,0.817403694,AB-IRRT*,23,20262926,1,247.163132572808,0.8179812,0.0054911
3d,狭窄,1,0.817403694,RRT*,24,20262927,1,260.45999046203,0.8177236,0.0321665
3d,狭窄,1,0.817403694,Informed-RRT*,24,20262927,1,256.879049200865,0.8177931,0.0367123
3d,狭窄,1,0.817403694,PRM*,24,20262927,1,261.766543413803,0.8326722,0.0060118
3d,狭窄,1,0.817403694,FMT*,24,20262927,1,319.448653236858,0.8184823,0.0495153
3d,狭窄,1,0.817403694,BIT*,24,20262927,0,Inf,0.8184654,NaN
3d,狭窄,1,0.817403694,RRT#,24,20262927,1,257.842221685177,0.8181544,0.0434803
3d,狭窄,1,0.817403694,APF-only,24,20262927,1,323.571846627543,0.0037944,0.0036823
3d,狭窄,1,0.817403694,AB-IRRT*,24,20262927,1,246.781390020869,0.8179003,0.0044152
3d,狭窄,1,0.817403694,RRT*,25,20262928,1,270.088110210627,0.8176657,0.0196335
3d,狭窄,1,0.817403694,Informed-RRT*,25,20262928,1,267.807693840029,0.8178471,0.0184698
3d,狭窄,1,0.817403694,PRM*,25,20262928,1,258.591819703561,0.8305938,0.0043022
3d,狭窄,1,0.817403694,FMT*,25,20262928,1,267.79296249216,0.818749,0.0140861
3d,狭窄,1,0.817403694,BIT*,25,20262928,1,273.312344580861,0.8221986,0.0934184
3d,狭窄,1,0.817403694,RRT#,25,20262928,1,260.808595248064,0.8184365,0.0217513
3d,狭窄,1,0.817403694,APF-only,25,20262928,1,323.571846627543,0.0059,0.0057312
3d,狭窄,1,0.817403694,AB-IRRT*,25,20262928,1,247.352405161875,0.8179582,0.0048598
3d,狭窄,1,0.817403694,RRT*,26,20262929,1,258.719057480841,0.8177229,0.0133634
3d,狭窄,1,0.817403694,Informed-RRT*,26,20262929,1,262.057739367339,0.8180505,0.0125168
3d,狭窄,1,0.817403694,PRM*,26,20262929,1,262.037733717829,0.8336082,0.0046555
3d,狭窄,1,0.817403694,FMT*,26,20262929,1,292.289201645456,0.8184696,0.0198359
3d,狭窄,1,0.817403694,BIT*,26,20262929,1,275.50750386691,0.8186679,0.0692041
3d,狭窄,1,0.817403694,RRT#,26,20262929,1,267.140295797238,0.8182357,0.0174557
3d,狭窄,1,0.817403694,APF-only,26,20262929,1,323.571846627543,0.0046626,0.0044587
3d,狭窄,1,0.817403694,AB-IRRT*,26,20262929,1,247.638112823542,0.8181192,0.0058112
3d,狭窄,1,0.817403694,RRT*,27,20262930,1,259.014678091384,0.8177874,0.0111799
3d,狭窄,1,0.817403694,Informed-RRT*,27,20262930,1,253.32013904665,0.8177022,0.0155537
3d,狭窄,1,0.817403694,PRM*,27,20262930,1,257.75790797018,0.8326158,0.0049214
3d,狭窄,1,0.817403694,FMT*,27,20262930,1,269.624439281891,0.8189103,0.0211312
3d,狭窄,1,0.817403694,BIT*,27,20262930,1,262.394642695313,0.8185997,0.1841139
3d,狭窄,1,0.817403694,RRT#,27,20262930,1,259.101101029026,0.8181292,0.0193388
3d,狭窄,1,0.817403694,APF-only,27,20262930,1,323.571846627543,0.0037657,0.003661
3d,狭窄,1,0.817403694,AB-IRRT*,27,20262930,1,248.081522405792,0.8180234,0.0040065
3d,狭窄,1,0.817403694,RRT*,28,20262931,1,249.795356843701,0.8176862,0.0090678
3d,狭窄,1,0.817403694,Informed-RRT*,28,20262931,1,249.169266937482,0.8177979,0.0089453
3d,狭窄,1,0.817403694,PRM*,28,20262931,1,260.693638188286,0.8312247,0.0050137
3d,狭窄,1,0.817403694,FMT*,28,20262931,1,294.128820114992,0.8186738,0.0187009
3d,狭窄,1,0.817403694,BIT*,28,20262931,1,261.159024704073,0.8189099,0.1523537
3d,狭窄,1,0.817403694,RRT#,28,20262931,1,249.70008287439,0.8181954,0.0124271
3d,狭窄,1,0.817403694,APF-only,28,20262931,1,323.571846627543,0.0051922,0.0050563
3d,狭窄,1,0.817403694,AB-IRRT*,28,20262931,1,246.338653028398,0.8187763,0.0060871
3d,狭窄,1,0.817403694,RRT*,29,20262932,1,261.697371621022,0.8176826,0.0305271
3d,狭窄,1,0.817403694,Informed-RRT*,29,20262932,1,258.734591760348,0.8178456,0.0279469
3d,狭窄,1,0.817403694,PRM*,29,20262932,1,262.515653818247,0.8283597,0.0001678
3d,狭窄,1,0.817403694,FMT*,29,20262932,1,284.211526125692,0.8193599,0.0240648
3d,狭窄,1,0.817403694,BIT*,29,20262932,1,272.999827528671,0.8186284,0.0463188
3d,狭窄,1,0.817403694,RRT#,29,20262932,1,257.825584987997,0.8181519,0.0332943
3d,狭窄,1,0.817403694,APF-only,29,20262932,1,323.571846627543,0.0037737,0.0036567
3d,狭窄,1,0.817403694,AB-IRRT*,29,20262932,1,248.081522405792,0.8180812,0.0039114
3d,狭窄,1,0.817403694,RRT*,30,20262933,1,268.940749366549,0.8177383,0.0452501
3d,狭窄,1,0.817403694,Informed-RRT*,30,20262933,1,272.975841693261,0.8177439,0.0424102
3d,狭窄,1,0.817403694,PRM*,30,20262933,1,263.898405408629,0.8323586,0.0008039
3d,狭窄,1,0.817403694,FMT*,30,20262933,1,264.855610305032,0.8187339,0.0145039
3d,狭窄,1,0.817403694,BIT*,30,20262933,1,259.926008011118,0.8187449,0.029363
3d,狭窄,1,0.817403694,RRT#,30,20262933,1,265.601641694479,0.8181039,0.0575184
3d,狭窄,1,0.817403694,APF-only,30,20262933,1,323.571846627543,0.0043891,0.004279
3d,狭窄,1,0.817403694,AB-IRRT*,30,20262933,1,248.081522405792,0.8181145,0.0049397
3d,狭窄,2,1.634807388,RRT*,1,20262904,1,263.843420349021,1.6353046,0.0387084
3d,狭窄,2,1.634807388,Informed-RRT*,1,20262904,1,251.553331013718,1.6354539,0.050805
3d,狭窄,2,1.634807388,PRM*,1,20262904,1,258.483796648355,1.6723784,0.002134
3d,狭窄,2,1.634807388,FMT*,1,20262904,1,277.523055808054,1.6358905,0.0041681
3d,狭窄,2,1.634807388,BIT*,1,20262904,1,319.2676577127,1.6364431,0.0528722
3d,狭窄,2,1.634807388,RRT#,1,20262904,1,260.161559920851,1.6355842,0.0494071
3d,狭窄,2,1.634807388,APF-only,1,20262904,1,323.571846627543,0.0038102,0.0036905
3d,狭窄,2,1.634807388,AB-IRRT*,1,20262904,1,246.371097724867,1.6354115,0.0067823
3d,狭窄,2,1.634807388,RRT*,2,20262905,1,262.042222439999,1.6350823,0.0199295
3d,狭窄,2,1.634807388,Informed-RRT*,2,20262905,1,253.704230600288,1.6351541,0.0204158
3d,狭窄,2,1.634807388,PRM*,2,20262905,1,257.68216047306,1.6740212,0.0008909
3d,狭窄,2,1.634807388,FMT*,2,20262905,1,258.201762562581,1.6360999,0.0161305
3d,狭窄,2,1.634807388,BIT*,2,20262905,1,274.57580535545,1.6363397,0.0680508
3d,狭窄,2,1.634807388,RRT#,2,20262905,1,256.363515764919,1.6358297,0.0159598
3d,狭窄,2,1.634807388,APF-only,2,20262905,1,323.571846627543,0.0052171,0.0050706
3d,狭窄,2,1.634807388,AB-IRRT*,2,20262905,1,246.617102785984,1.6358052,0.0043389
3d,狭窄,2,1.634807388,RRT*,3,20262906,1,256.997777848813,1.6352032,0.0159709
3d,狭窄,2,1.634807388,Informed-RRT*,3,20262906,1,249.874713973129,1.6351869,0.0227542
3d,狭窄,2,1.634807388,PRM*,3,20262906,1,259.962286261456,1.6710601,0.0037681
3d,狭窄,2,1.634807388,FMT*,3,20262906,1,325.484026890712,1.6360252,0.0130427
3d,狭窄,2,1.634807388,BIT*,3,20262906,1,268.861352961678,1.6360426,0.068215
3d,狭窄,2,1.634807388,RRT#,3,20262906,1,252.824431557749,1.6356809,0.0192337
3d,狭窄,2,1.634807388,APF-only,3,20262906,1,323.571846627543,0.0040682,0.0039585
3d,狭窄,2,1.634807388,AB-IRRT*,3,20262906,1,246.80070919529,1.6352634,0.0037394
3d,狭窄,2,1.634807388,RRT*,4,20262907,1,258.916999264643,1.6352339,0.0157184
3d,狭窄,2,1.634807388,Informed-RRT*,4,20262907,1,256.77503409042,1.6361212,0.0192313
3d,狭窄,2,1.634807388,PRM*,4,20262907,1,255.039425183115,1.6773254,0.004489
3d,狭窄,2,1.634807388,FMT*,4,20262907,1,266.570856208524,1.6360453,0.0146548
3d,狭窄,2,1.634807388,BIT*,4,20262907,1,255.76146905858,1.6361388,0.0294858
3d,狭窄,2,1.634807388,RRT#,4,20262907,1,254.788554790986,1.6357114,0.0152436
3d,狭窄,2,1.634807388,APF-only,4,20262907,1,323.571846627543,0.0045041,0.0043803
3d,狭窄,2,1.634807388,AB-IRRT*,4,20262907,1,246.476987809497,1.6355559,0.006859
3d,狭窄,2,1.634807388,RRT*,5,20262908,1,252.529927789123,1.6352331,0.0092515
3d,狭窄,2,1.634807388,Informed-RRT*,5,20262908,1,250.537365535749,1.635368,0.0111788
3d,狭窄,2,1.634807388,PRM*,5,20262908,1,261.93164564606,1.6792248,0.0004344
3d,狭窄,2,1.634807388,FMT*,5,20262908,1,262.418927998793,1.6360509,0.0159939
3d,狭窄,2,1.634807388,BIT*,5,20262908,1,262.077308818053,1.6362481,0.0157181
3d,狭窄,2,1.634807388,RRT#,5,20262908,1,251.529330233485,1.6355528,0.0143578
3d,狭窄,2,1.634807388,APF-only,5,20262908,1,323.571846627543,0.0037953,0.0036761
3d,狭窄,2,1.634807388,AB-IRRT*,5,20262908,1,246.744397695766,1.6355813,0.0054985
3d,狭窄,2,1.634807388,RRT*,6,20262909,1,256.270184868681,1.6350782,0.0272292
3d,狭窄,2,1.634807388,Informed-RRT*,6,20262909,1,255.822526786046,1.6352084,0.0234924
3d,狭窄,2,1.634807388,PRM*,6,20262909,1,260.131764936655,1.6723116,0.0016983
3d,狭窄,2,1.634807388,FMT*,6,20262909,1,266.929693643989,1.636171,0.0489149
3d,狭窄,2,1.634807388,BIT*,6,20262909,1,277.860308948433,1.6362001,0.0505232
3d,狭窄,2,1.634807388,RRT#,6,20262909,1,261.575444092965,1.6355921,0.0229681
3d,狭窄,2,1.634807388,APF-only,6,20262909,1,323.571846627543,0.00388,0.0037643
3d,狭窄,2,1.634807388,AB-IRRT*,6,20262909,1,247.019891776041,1.6353422,0.0038105
3d,狭窄,2,1.634807388,RRT*,7,20262910,1,257.853396786483,1.6352152,0.0196608
3d,狭窄,2,1.634807388,Informed-RRT*,7,20262910,1,252.289886494193,1.6352699,0.0260499
3d,狭窄,2,1.634807388,PRM*,7,20262910,1,256.895053924358,1.6744287,0.0020592
3d,狭窄,2,1.634807388,FMT*,7,20262910,1,305.417726744048,1.6363082,0.077666
3d,狭窄,2,1.634807388,BIT*,7,20262910,1,261.705009636456,1.6360014,0.2399126
3d,狭窄,2,1.634807388,RRT#,7,20262910,1,253.500531283451,1.6358387,0.0207152
3d,狭窄,2,1.634807388,APF-only,7,20262910,1,323.571846627543,0.0044962,0.0043629
3d,狭窄,2,1.634807388,AB-IRRT*,7,20262910,1,246.618749908192,1.6354901,0.0040508
3d,狭窄,2,1.634807388,RRT*,8,20262911,1,255.874729975419,1.6351053,0.0093626
3d,狭窄,2,1.634807388,Informed-RRT*,8,20262911,1,250.355650302902,1.6351835,0.0099903
3d,狭窄,2,1.634807388,PRM*,8,20262911,1,259.986741411776,1.6677009,0.0025852
3d,狭窄,2,1.634807388,FMT*,8,20262911,1,284.297495955295,1.6363161,0.0129579
3d,狭窄,2,1.634807388,BIT*,8,20262911,1,269.973527896729,1.6364273,0.042478
3d,狭窄,2,1.634807388,RRT#,8,20262911,1,253.28154671599,1.6357815,0.0125245
3d,狭窄,2,1.634807388,APF-only,8,20262911,1,323.571846627543,0.0035282,0.0034144
3d,狭窄,2,1.634807388,AB-IRRT*,8,20262911,1,247.309067884672,1.6354693,0.0038968
3d,狭窄,2,1.634807388,RRT*,9,20262912,1,258.332481432636,1.6357143,0.0125071
3d,狭窄,2,1.634807388,Informed-RRT*,9,20262912,1,253.339716327909,1.6353424,0.0219301
3d,狭窄,2,1.634807388,PRM*,9,20262912,1,263.443863205647,1.6745867,0.0010551
3d,狭窄,2,1.634807388,FMT*,9,20262912,1,264.504696043568,1.6358861,0.0137636
3d,狭窄,2,1.634807388,BIT*,9,20262912,1,257.117680024374,1.636369,0.0305652
3d,狭窄,2,1.634807388,RRT#,9,20262912,1,256.942781788214,1.6359424,0.021523
3d,狭窄,2,1.634807388,APF-only,9,20262912,1,323.571846627543,0.0059005,0.0057517
3d,狭窄,2,1.634807388,AB-IRRT*,9,20262912,1,248.081522405792,1.6353629,0.0076025
3d,狭窄,2,1.634807388,RRT*,10,20262913,1,259.639469560483,1.6351513,0.0239691
3d,狭窄,2,1.634807388,Informed-RRT*,10,20262913,1,252.194712792136,1.6352098,0.0113819
3d,狭窄,2,1.634807388,PRM*,10,20262913,1,255.262546089539,1.6797433,0.0001891
3d,狭窄,2,1.634807388,FMT*,10,20262913,1,262.955923498398,1.6362411,0.0467702
3d,狭窄,2,1.634807388,BIT*,10,20262913,1,260.658062861614,1.6365625,0.6584273
3d,狭窄,2,1.634807388,RRT#,10,20262913,1,255.422143727717,1.635877,0.0151834
3d,狭窄,2,1.634807388,APF-only,10,20262913,1,323.571846627543,0.004956,0.0048213
3d,狭窄,2,1.634807388,AB-IRRT*,10,20262913,1,246.970470829602,1.6352444,0.0045098
3d,狭窄,2,1.634807388,RRT*,11,20262914,1,261.885264279142,1.6351606,0.0100925
3d,狭窄,2,1.634807388,Informed-RRT*,11,20262914,1,251.871159130621,1.6351947,0.0100807
3d,狭窄,2,1.634807388,PRM*,11,20262914,1,258.97837134966,1.6744714,0.0007068
3d,狭窄,2,1.634807388,FMT*,11,20262914,1,304.593165504281,1.6361692,0.0134026
3d,狭窄,2,1.634807388,BIT*,11,20262914,1,269.189289829898,1.6372499,0.0338305
3d,狭窄,2,1.634807388,RRT#,11,20262914,1,254.345328471046,1.6355802,0.0126652
3d,狭窄,2,1.634807388,APF-only,11,20262914,1,323.571846627543,0.0041123,0.0039979
3d,狭窄,2,1.634807388,AB-IRRT*,11,20262914,1,246.31029745377,1.635865,0.0042918
3d,狭窄,2,1.634807388,RRT*,12,20262915,1,259.222840240815,1.6351918,0.0158732
3d,狭窄,2,1.634807388,Informed-RRT*,12,20262915,1,256.55145409359,1.6352275,0.013759
3d,狭窄,2,1.634807388,PRM*,12,20262915,1,257.046189151609,1.6751491,0.0059444
3d,狭窄,2,1.634807388,FMT*,12,20262915,1,286.218631614826,1.6362548,0.0305748
3d,狭窄,2,1.634807388,BIT*,12,20262915,1,281.358898472885,1.6366808,0.0898248
3d,狭窄,2,1.634807388,RRT#,12,20262915,1,257.253373271731,1.6358827,0.0144105
3d,狭窄,2,1.634807388,APF-only,12,20262915,1,323.571846627543,0.0049091,0.0047693
3d,狭窄,2,1.634807388,AB-IRRT*,12,20262915,1,247.006921600091,1.6354726,0.0049852
3d,狭窄,2,1.634807388,RRT*,13,20262916,1,258.509752822539,1.6351599,0.0190653
3d,狭窄,2,1.634807388,Informed-RRT*,13,20262916,1,250.306309027019,1.6351472,0.0196572
3d,狭窄,2,1.634807388,PRM*,13,20262916,1,261.754966983044,1.6783682,0.0029207
3d,狭窄,2,1.634807388,FMT*,13,20262916,1,265.281198979327,1.6362494,0.0621588
3d,狭窄,2,1.634807388,BIT*,13,20262916,1,328.755375740111,1.6364938,0.0197217
3d,狭窄,2,1.634807388,RRT#,13,20262916,1,254.016851107111,1.6357293,0.0257128
3d,狭窄,2,1.634807388,APF-only,13,20262916,1,323.571846627543,0.0045218,0.0043902
3d,狭窄,2,1.634807388,AB-IRRT*,13,20262916,1,247.552376255346,1.6353904,0.0049023
3d,狭窄,2,1.634807388,RRT*,14,20262917,1,259.951050058685,1.6351884,0.0106957
3d,狭窄,2,1.634807388,Informed-RRT*,14,20262917,1,252.295933409351,1.6353995,0.0113066
3d,狭窄,2,1.634807388,PRM*,14,20262917,1,260.98527170878,1.678068,0.0322559
3d,狭窄,2,1.634807388,FMT*,14,20262917,1,272.063338517616,1.6360322,0.0112927
3d,狭窄,2,1.634807388,BIT*,14,20262917,1,265.200754315775,1.6360631,0.062764
3d,狭窄,2,1.634807388,RRT#,14,20262917,1,255.047870816986,1.6356465,0.0152734
3d,狭窄,2,1.634807388,APF-only,14,20262917,1,323.571846627543,0.0041515,0.0040308
3d,狭窄,2,1.634807388,AB-IRRT*,14,20262917,1,247.019468582574,1.6353333,0.0039331
3d,狭窄,2,1.634807388,RRT*,15,20262918,1,256.295989702454,1.6352054,0.0345588
3d,狭窄,2,1.634807388,Informed-RRT*,15,20262918,1,252.113355696338,1.6353365,0.0255359
3d,狭窄,2,1.634807388,PRM*,15,20262918,1,256.886535668354,1.677792,0.0059328
3d,狭窄,2,1.634807388,FMT*,15,20262918,1,278.356129271727,1.6359443,0.0134974
3d,狭窄,2,1.634807388,BIT*,15,20262918,1,278.223524037314,1.6363212,0.027137
3d,狭窄,2,1.634807388,RRT#,15,20262918,1,252.69834160844,1.6358823,0.0341861
3d,狭窄,2,1.634807388,APF-only,15,20262918,1,323.571846627543,0.0056794,0.0055448
3d,狭窄,2,1.634807388,AB-IRRT*,15,20262918,1,246.896515002865,1.6354707,0.0066467
3d,狭窄,2,1.634807388,RRT*,16,20262919,1,252.638235598005,1.635124,0.0169987
3d,狭窄,2,1.634807388,Informed-RRT*,16,20262919,1,249.872750363052,1.6352103,0.0195621
3d,狭窄,2,1.634807388,PRM*,16,20262919,1,259.338992195863,1.6775252,0.0033664
3d,狭窄,2,1.634807388,FMT*,16,20262919,1,275.039300466743,1.6361975,0.0315174
3d,狭窄,2,1.634807388,BIT*,16,20262919,1,263.050697304116,1.6378696,0.0582309
3d,狭窄,2,1.634807388,RRT#,16,20262919,1,250.945257826635,1.6356283,0.0190317
3d,狭窄,2,1.634807388,APF-only,16,20262919,1,323.571846627543,0.004459,0.004327
3d,狭窄,2,1.634807388,AB-IRRT*,16,20262919,1,246.81144360303,1.6359487,0.0039636
3d,狭窄,2,1.634807388,RRT*,17,20262920,1,257.648617042079,1.6351864,0.0127932
3d,狭窄,2,1.634807388,Informed-RRT*,17,20262920,1,250.397560022931,1.6352422,0.0109825
3d,狭窄,2,1.634807388,PRM*,17,20262920,1,261.58636643357,1.6785148,0.0006011
3d,狭窄,2,1.634807388,FMT*,17,20262920,1,271.784167116456,1.6361905,0.0126638
3d,狭窄,2,1.634807388,BIT*,17,20262920,1,270.097434557782,1.6359979,0.0332929
3d,狭窄,2,1.634807388,RRT#,17,20262920,1,255.627885245562,1.6359099,0.0140063
3d,狭窄,2,1.634807388,APF-only,17,20262920,1,323.571846627543,0.0053365,0.0051882
3d,狭窄,2,1.634807388,AB-IRRT*,17,20262920,1,246.436595593705,1.6353497,0.005588
3d,狭窄,2,1.634807388,RRT*,18,20262921,1,257.432391245192,1.6351244,0.0059409
3d,狭窄,2,1.634807388,Informed-RRT*,18,20262921,1,254.150635034603,1.6351949,0.0063864
3d,狭窄,2,1.634807388,PRM*,18,20262921,1,258.654453834339,1.6778232,0.0017752
3d,狭窄,2,1.634807388,FMT*,18,20262921,1,284.717619231023,1.6359115,0.015145
3d,狭窄,2,1.634807388,BIT*,18,20262921,1,272.301007039253,1.6389013,0.0208581
3d,狭窄,2,1.634807388,RRT#,18,20262921,1,253.238840134872,1.6357544,0.0101577
3d,狭窄,2,1.634807388,APF-only,18,20262921,1,323.571846627543,0.0054581,0.0053151
3d,狭窄,2,1.634807388,AB-IRRT*,18,20262921,1,246.757074284812,1.6367149,0.0054989
3d,狭窄,2,1.634807388,RRT*,19,20262922,1,262.982092848059,1.6351569,0.0412611
3d,狭窄,2,1.634807388,Informed-RRT*,19,20262922,1,263.624245757922,1.6351976,0.0416832
3d,狭窄,2,1.634807388,PRM*,19,20262922,1,258.400926470213,1.6742402,0.0017545
3d,狭窄,2,1.634807388,FMT*,19,20262922,1,302.719803305333,1.6359519,0.0198435
3d,狭窄,2,1.634807388,BIT*,19,20262922,1,263.944177769055,1.636336,0.0265531
3d,狭窄,2,1.634807388,RRT#,19,20262922,1,253.833430271746,1.6356816,0.0445735
3d,狭窄,2,1.634807388,APF-only,19,20262922,1,323.571846627543,0.0041327,0.0040004
3d,狭窄,2,1.634807388,AB-IRRT*,19,20262922,1,247.176174692881,1.6355707,0.0052037
3d,狭窄,2,1.634807388,RRT*,20,20262923,1,255.646053091194,1.6354342,0.0155837
3d,狭窄,2,1.634807388,Informed-RRT*,20,20262923,1,252.844475577665,1.6354494,0.015925
3d,狭窄,2,1.634807388,PRM*,20,20262923,1,258.104623996714,1.6821676,0.0052852
3d,狭窄,2,1.634807388,FMT*,20,20262923,1,295.954929984463,1.6358437,0.0301822
3d,狭窄,2,1.634807388,BIT*,20,20262923,0,Inf,1.6363128,NaN
3d,狭窄,2,1.634807388,RRT#,20,20262923,1,255.024322066735,1.6356961,0.0172014
3d,狭窄,2,1.634807388,APF-only,20,20262923,1,323.571846627543,0.0045199,0.0043896
3d,狭窄,2,1.634807388,AB-IRRT*,20,20262923,1,246.773905936848,1.6352987,0.0049878
3d,狭窄,2,1.634807388,RRT*,21,20262924,1,254.433234916915,1.6353655,0.0314153
3d,狭窄,2,1.634807388,Informed-RRT*,21,20262924,1,250.019493704849,1.6352118,0.0318977
3d,狭窄,2,1.634807388,PRM*,21,20262924,1,256.467501703212,1.6778412,0.0002982
3d,狭窄,2,1.634807388,FMT*,21,20262924,1,276.604072432826,1.6358019,0.0191541
3d,狭窄,2,1.634807388,BIT*,21,20262924,1,277.653167491832,1.6367052,0.064582
3d,狭窄,2,1.634807388,RRT#,21,20262924,1,253.604239227846,1.6356751,0.0351279
3d,狭窄,2,1.634807388,APF-only,21,20262924,1,323.571846627543,0.0047434,0.0046041
3d,狭窄,2,1.634807388,AB-IRRT*,21,20262924,1,246.866016157745,1.6353224,0.0051263
3d,狭窄,2,1.634807388,RRT*,22,20262925,1,259.367684384176,1.6352194,0.0153626
3d,狭窄,2,1.634807388,Informed-RRT*,22,20262925,1,252.710190361506,1.635416,0.0135612
3d,狭窄,2,1.634807388,PRM*,22,20262925,1,257.370702086688,1.6861045,0.0029708
3d,狭窄,2,1.634807388,FMT*,22,20262925,1,364.881847030859,1.6360313,0.0348588
3d,狭窄,2,1.634807388,BIT*,22,20262925,1,277.174809984546,1.6359571,0.1142824
3d,狭窄,2,1.634807388,RRT#,22,20262925,1,255.845061417313,1.6356144,0.0119651
3d,狭窄,2,1.634807388,APF-only,22,20262925,1,323.571846627543,0.0047027,0.0045648
3d,狭窄,2,1.634807388,AB-IRRT*,22,20262925,1,247.27600198439,1.6353391,0.0057129
3d,狭窄,2,1.634807388,RRT*,23,20262926,1,261.970225364214,1.6351491,0.0239717
3d,狭窄,2,1.634807388,Informed-RRT*,23,20262926,1,251.192497759642,1.6351455,0.0261515
3d,狭窄,2,1.634807388,PRM*,23,20262926,1,259.28197501263,1.6754421,0.0504051
3d,狭窄,2,1.634807388,FMT*,23,20262926,1,290.044975158307,1.6358905,0.0532505
3d,狭窄,2,1.634807388,BIT*,23,20262926,0,Inf,1.6365686,NaN
3d,狭窄,2,1.634807388,RRT#,23,20262926,1,256.456373162852,1.6360919,0.0284233
3d,狭窄,2,1.634807388,APF-only,23,20262926,1,323.571846627543,0.0052105,0.0050593
3d,狭窄,2,1.634807388,AB-IRRT*,23,20262926,1,247.234606275298,1.6352916,0.0050709
3d,狭窄,2,1.634807388,RRT*,24,20262927,1,259.953195495,1.6358227,0.042779
3d,狭窄,2,1.634807388,Informed-RRT*,24,20262927,1,254.75345160466,1.6352013,0.0455164
3d,狭窄,2,1.634807388,PRM*,24,20262927,1,261.379559663613,1.6655626,0.0082806
3d,狭窄,2,1.634807388,FMT*,24,20262927,1,319.448653236858,1.6358836,0.0472924
3d,狭窄,2,1.634807388,BIT*,24,20262927,0,Inf,1.6363106,NaN
3d,狭窄,2,1.634807388,RRT#,24,20262927,1,258.665890853162,1.6359441,0.0445475
3d,狭窄,2,1.634807388,APF-only,24,20262927,1,323.571846627543,0.0049522,0.0048094
3d,狭窄,2,1.634807388,AB-IRRT*,24,20262927,1,246.898534608181,1.6353266,0.0060016
3d,狭窄,2,1.634807388,RRT*,25,20262928,1,260.213892881301,1.6351653,0.0186674
3d,狭窄,2,1.634807388,Informed-RRT*,25,20262928,1,254.536238395247,1.6352071,0.0195921
3d,狭窄,2,1.634807388,PRM*,25,20262928,1,258.591819703561,1.6694656,0.0036185
3d,狭窄,2,1.634807388,FMT*,25,20262928,1,267.79296249216,1.6361873,0.0124659
3d,狭窄,2,1.634807388,BIT*,25,20262928,1,273.312344580861,1.6362839,0.0881336
3d,狭窄,2,1.634807388,RRT#,25,20262928,1,255.923671019956,1.6356505,0.0177805
3d,狭窄,2,1.634807388,APF-only,25,20262928,1,323.571846627543,0.0036831,0.0035645
3d,狭窄,2,1.634807388,AB-IRRT*,25,20262928,1,246.562300928301,1.6354102,0.0041419
3d,狭窄,2,1.634807388,RRT*,26,20262929,1,257.534925102725,1.6352032,0.0165496
3d,狭窄,2,1.634807388,Informed-RRT*,26,20262929,1,252.903817537494,1.6351532,0.0146159
3d,狭窄,2,1.634807388,PRM*,26,20262929,1,260.83041487504,1.6708864,0.0040995
3d,狭窄,2,1.634807388,FMT*,26,20262929,1,292.289201645456,1.6358378,0.0154419
3d,狭窄,2,1.634807388,BIT*,26,20262929,1,275.292553629804,1.6366075,0.0642284
3d,狭窄,2,1.634807388,RRT#,26,20262929,1,251.912745967631,1.6356635,0.0173924
3d,狭窄,2,1.634807388,APF-only,26,20262929,1,323.571846627543,0.0041536,0.0040307
3d,狭窄,2,1.634807388,AB-IRRT*,26,20262929,1,246.992236788163,1.635317,0.0048676
3d,狭窄,2,1.634807388,RRT*,27,20262930,1,260.885631911391,1.6353766,0.0147812
3d,狭窄,2,1.634807388,Informed-RRT*,27,20262930,1,251.712465963214,1.635361,0.0139909
3d,狭窄,2,1.634807388,PRM*,27,20262930,1,257.643392651373,1.6711533,0.0057984
3d,狭窄,2,1.634807388,FMT*,27,20262930,1,269.624439281891,1.6359338,0.0249426
3d,狭窄,2,1.634807388,BIT*,27,20262930,1,262.394642695313,1.6361892,0.1731268
3d,狭窄,2,1.634807388,RRT#,27,20262930,1,259.521308597685,1.6356141,0.0162684
3d,狭窄,2,1.634807388,APF-only,27,20262930,1,323.571846627543,0.004787,0.0046646
3d,狭窄,2,1.634807388,AB-IRRT*,27,20262930,1,246.817245246882,1.6352837,0.0043237
3d,狭窄,2,1.634807388,RRT*,28,20262931,1,249.529105586542,1.6350758,0.0155828
3d,狭窄,2,1.634807388,Informed-RRT*,28,20262931,1,247.969865767302,1.6352528,0.0088249
3d,狭窄,2,1.634807388,PRM*,28,20262931,1,259.736970470187,1.6660002,0.0058041
3d,狭窄,2,1.634807388,FMT*,28,20262931,1,294.128820114992,1.6362557,0.0196482
3d,狭窄,2,1.634807388,BIT*,28,20262931,1,260.704503849149,1.6366001,0.1495076
3d,狭窄,2,1.634807388,RRT#,28,20262931,1,249.433831617232,1.6357262,0.0100422
3d,狭窄,2,1.634807388,APF-only,28,20262931,1,323.571846627543,0.0046421,0.0044931
3d,狭窄,2,1.634807388,AB-IRRT*,28,20262931,1,246.408849807854,1.6355028,0.004689
3d,狭窄,2,1.634807388,RRT*,29,20262932,1,257.525933274331,1.6353371,0.0368753
3d,狭窄,2,1.634807388,Informed-RRT*,29,20262932,1,256.807828121835,1.6353188,0.0320274
3d,狭窄,2,1.634807388,PRM*,29,20262932,1,261.754533770994,1.6767332,0.0002016
3d,狭窄,2,1.634807388,FMT*,29,20262932,1,284.211526125692,1.6359912,0.0283434
3d,狭窄,2,1.634807388,BIT*,29,20262932,1,271.430290872694,1.6358549,0.056206
3d,狭窄,2,1.634807388,RRT#,29,20262932,1,253.318049089257,1.6356161,0.0250764
3d,狭窄,2,1.634807388,APF-only,29,20262932,1,323.571846627543,0.0036914,0.0035815
3d,狭窄,2,1.634807388,AB-IRRT*,29,20262932,1,246.718946669087,1.6354414,0.0039882
3d,狭窄,2,1.634807388,RRT*,30,20262933,1,259.041926516994,1.6354537,0.0424544
3d,狭窄,2,1.634807388,Informed-RRT*,30,20262933,1,256.871666097696,1.6352902,0.0546703
3d,狭窄,2,1.634807388,PRM*,30,20262933,1,262.512483381591,1.675978,0.000982
3d,狭窄,2,1.634807388,FMT*,30,20262933,1,264.855610305032,1.6362752,0.0176175
3d,狭窄,2,1.634807388,BIT*,30,20262933,1,259.926008011118,1.6363664,0.0367891
3d,狭窄,2,1.634807388,RRT#,30,20262933,1,254.887106885505,1.6359323,0.0513518
3d,狭窄,2,1.634807388,APF-only,30,20262933,1,323.571846627543,0.004717,0.0045655
3d,狭窄,2,1.634807388,AB-IRRT*,30,20262933,1,246.658713110861,1.6353388,0.0047553
3d,悬空,1,0.814563222,RRT*,1,20263904,1,279.265041711016,0.814886,0.0090546
3d,悬空,1,0.814563222,Informed-RRT*,1,20263904,1,269.256503275669,0.8149219,0.0104513
3d,悬空,1,0.814563222,PRM*,1,20263904,1,283.529966924506,0.8392096,0.0002003
3d,悬空,1,0.814563222,FMT*,1,20263904,1,275.186208317345,0.8154153,0.0207914
3d,悬空,1,0.814563222,BIT*,1,20263904,1,264.137076489917,0.8155389,0.0330789
3d,悬空,1,0.814563222,RRT#,1,20263904,1,278.349041002163,0.8152432,0.0087419
3d,悬空,1,0.814563222,APF-only,1,20263904,1,368.719651450309,0.0073262,0.0072026
3d,悬空,1,0.814563222,AB-IRRT*,1,20263904,1,262.960918760903,0.8152574,0.002578
3d,悬空,1,0.814563222,RRT*,2,20263905,1,281.064811032155,0.8149363,0.012634
3d,悬空,1,0.814563222,Informed-RRT*,2,20263905,1,273.941721243184,0.8151391,0.0135029
3d,悬空,1,0.814563222,PRM*,2,20263905,1,270.92061050864,0.8363563,0.0005129
3d,悬空,1,0.814563222,FMT*,2,20263905,1,287.09337776041,0.8152602,0.0134663
3d,悬空,1,0.814563222,BIT*,2,20263905,1,270.94540744133,0.8164643,0.0250642
3d,悬空,1,0.814563222,RRT#,2,20263905,1,276.78201723461,0.8153137,0.0133114
3d,悬空,1,0.814563222,APF-only,2,20263905,1,368.719651450309,0.0031764,0.0030487
3d,悬空,1,0.814563222,AB-IRRT*,2,20263905,1,263.189156144629,0.8154283,0.0030677
3d,悬空,1,0.814563222,RRT*,3,20263906,1,275.751527379105,0.8150778,0.0134231
3d,悬空,1,0.814563222,Informed-RRT*,3,20263906,1,271.831315735179,0.8151416,0.0128763
3d,悬空,1,0.814563222,PRM*,3,20263906,1,274.732116308588,0.8344593,0.0003016
3d,悬空,1,0.814563222,FMT*,3,20263906,1,266.362054455524,0.8183934,0.0218866
3d,悬空,1,0.814563222,BIT*,3,20263906,1,269.66488804286,0.8159108,0.0255975
3d,悬空,1,0.814563222,RRT#,3,20263906,1,275.454006276239,0.8154611,0.0121315
3d,悬空,1,0.814563222,APF-only,3,20263906,1,368.719651450309,0.006041,0.0058922
3d,悬空,1,0.814563222,AB-IRRT*,3,20263906,1,263.020191358961,0.8156056,0.0038434
3d,悬空,1,0.814563222,RRT*,4,20263907,1,291.53766376611,0.8148505,0.0121793
3d,悬空,1,0.814563222,Informed-RRT*,4,20263907,1,273.348841695991,0.8149796,0.0120177
3d,悬空,1,0.814563222,PRM*,4,20263907,1,275.931720401029,0.8353346,0.001279
3d,悬空,1,0.814563222,FMT*,4,20263907,1,282.611577743566,0.8177932,0.0126883
3d,悬空,1,0.814563222,BIT*,4,20263907,1,266.507527903145,0.8155896,0.0829517
3d,悬空,1,0.814563222,RRT#,4,20263907,1,290.047603284307,0.8153699,0.0110702
3d,悬空,1,0.814563222,APF-only,4,20263907,1,368.719651450309,0.0027391,0.0026312
3d,悬空,1,0.814563222,AB-IRRT*,4,20263907,1,262.731872162787,0.8166036,0.0028914
3d,悬空,1,0.814563222,RRT*,5,20263908,1,302.628659922953,0.8149089,0.0157385
3d,悬空,1,0.814563222,Informed-RRT*,5,20263908,1,283.220674861713,0.814923,0.0128512
3d,悬空,1,0.814563222,PRM*,5,20263908,1,282.298431703046,0.83865,0.0005852
3d,悬空,1,0.814563222,FMT*,5,20263908,1,271.108869448044,0.8184657,0.0166955
3d,悬空,1,0.814563222,BIT*,5,20263908,1,266.545927262454,0.8172174,0.0267968
3d,悬空,1,0.814563222,RRT#,5,20263908,1,285.693850239834,0.8152442,0.0188062
3d,悬空,1,0.814563222,APF-only,5,20263908,1,368.719651450309,0.003517,0.0033927
3d,悬空,1,0.814563222,AB-IRRT*,5,20263908,1,262.756890521274,0.8151937,0.0037343
3d,悬空,1,0.814563222,RRT*,6,20263909,1,291.736789374085,0.8149046,0.0118722
3d,悬空,1,0.814563222,Informed-RRT*,6,20263909,1,291.67152932858,0.8149126,0.0138096
3d,悬空,1,0.814563222,PRM*,6,20263909,1,277.152215712863,0.833423,0.0003478
3d,悬空,1,0.814563222,FMT*,6,20263909,1,279.328667593029,0.8156281,0.0053352
3d,悬空,1,0.814563222,BIT*,6,20263909,1,284.383608001632,0.8172959,0.0257037
3d,悬空,1,0.814563222,RRT#,6,20263909,1,285.846603430746,0.8153882,0.0145787
3d,悬空,1,0.814563222,APF-only,6,20263909,1,368.719651450309,0.0030885,0.0029778
3d,悬空,1,0.814563222,AB-IRRT*,6,20263909,1,262.984675825143,0.8151579,0.0029794
3d,悬空,1,0.814563222,RRT*,7,20263910,1,285.289700842366,0.8149828,0.0100991
3d,悬空,1,0.814563222,Informed-RRT*,7,20263910,1,286.219780638973,0.8148784,0.009717
3d,悬空,1,0.814563222,PRM*,7,20263910,1,276.26586923254,0.8411888,0.0001899
3d,悬空,1,0.814563222,FMT*,7,20263910,1,271.731240161376,0.8154435,0.0153335
3d,悬空,1,0.814563222,BIT*,7,20263910,1,266.704032800485,0.8176907,0.0274601
3d,悬空,1,0.814563222,RRT#,7,20263910,1,292.581415131135,0.8154689,0.0132315
3d,悬空,1,0.814563222,APF-only,7,20263910,1,368.719651450309,0.0043041,0.00416
3d,悬空,1,0.814563222,AB-IRRT*,7,20263910,1,264.15791033315,0.8152134,0.0046096
3d,悬空,1,0.814563222,RRT*,8,20263911,1,281.923093177769,0.8149045,0.0106421
3d,悬空,1,0.814563222,Informed-RRT*,8,20263911,1,281.034307994894,0.8150543,0.0107397
3d,悬空,1,0.814563222,PRM*,8,20263911,1,272.74851162447,0.8329288,0.0004703
3d,悬空,1,0.814563222,FMT*,8,20263911,1,269.360771055628,0.8155858,0.0095908
3d,悬空,1,0.814563222,BIT*,8,20263911,1,264.942307526082,0.8199185,0.0272501
3d,悬空,1,0.814563222,RRT#,8,20263911,1,290.050693377907,0.8156165,0.0107588
3d,悬空,1,0.814563222,APF-only,8,20263911,1,368.719651450309,0.0056486,0.0054182
3d,悬空,1,0.814563222,AB-IRRT*,8,20263911,1,263.346771056776,0.8150367,0.0044716
3d,悬空,1,0.814563222,RRT*,9,20263912,1,283.767977349688,0.8149234,0.0090077
3d,悬空,1,0.814563222,Informed-RRT*,9,20263912,1,281.382359693178,0.8150511,0.0140987
3d,悬空,1,0.814563222,PRM*,9,20263912,1,272.726925434124,0.835119,0.0001433
3d,悬空,1,0.814563222,FMT*,9,20263912,1,269.264725401493,0.8187408,0.0107166
3d,悬空,1,0.814563222,BIT*,9,20263912,1,266.209690725898,0.8198913,0.0327648
3d,悬空,1,0.814563222,RRT#,9,20263912,1,278.853508092413,0.8157092,0.0117138
3d,悬空,1,0.814563222,APF-only,9,20263912,1,368.719651450309,0.0038687,0.003729
3d,悬空,1,0.814563222,AB-IRRT*,9,20263912,1,262.843403469,0.8151923,0.0043458
3d,悬空,1,0.814563222,RRT*,10,20263913,1,278.776979556731,0.8152313,0.011287
3d,悬空,1,0.814563222,Informed-RRT*,10,20263913,1,276.703268067608,0.8149598,0.0117509
3d,悬空,1,0.814563222,PRM*,10,20263913,1,274.494305683532,0.8344885,0.0017578
3d,悬空,1,0.814563222,FMT*,10,20263913,1,272.088391270231,0.8154971,0.019961
3d,悬空,1,0.814563222,BIT*,10,20263913,1,264.692181207566,0.8161003,0.0847783
3d,悬空,1,0.814563222,RRT#,10,20263913,1,283.902057517491,0.8153107,0.0108729
3d,悬空,1,0.814563222,APF-only,10,20263913,1,368.719651450309,0.0040411,0.0038973
3d,悬空,1,0.814563222,AB-IRRT*,10,20263913,1,263.304649901496,0.8151785,0.0035527
3d,悬空,1,0.814563222,RRT*,11,20263914,1,285.491424204202,0.814863,0.0143733
3d,悬空,1,0.814563222,Informed-RRT*,11,20263914,1,268.69466532342,0.8150531,0.0083754
3d,悬空,1,0.814563222,PRM*,11,20263914,1,277.541659575124,0.8445666,0.0001575
3d,悬空,1,0.814563222,FMT*,11,20263914,1,276.932718575916,0.8155103,0.009869
3d,悬空,1,0.814563222,BIT*,11,20263914,1,269.789281503479,0.8155522,0.042594
3d,悬空,1,0.814563222,RRT#,11,20263914,1,290.325859304858,0.8152408,0.0105478
3d,悬空,1,0.814563222,APF-only,11,20263914,1,368.719651450309,0.003418,0.0032891
3d,悬空,1,0.814563222,AB-IRRT*,11,20263914,1,263.053675348635,0.8150406,0.0035438
3d,悬空,1,0.814563222,RRT*,12,20263915,1,290.155278415688,0.8149624,0.0114176
3d,悬空,1,0.814563222,Informed-RRT*,12,20263915,1,300.60868306521,0.8149199,0.0107274
3d,悬空,1,0.814563222,PRM*,12,20263915,1,274.782762553816,0.8359438,0.0004257
3d,悬空,1,0.814563222,FMT*,12,20263915,1,268.530651119521,0.8154912,0.0127534
3d,悬空,1,0.814563222,BIT*,12,20263915,1,264.760658363405,0.8158221,0.0273724
3d,悬空,1,0.814563222,RRT#,12,20263915,1,281.927567026719,0.8153492,0.0099797
3d,悬空,1,0.814563222,APF-only,12,20263915,1,368.719651450309,0.0046141,0.0044644
3d,悬空,1,0.814563222,AB-IRRT*,12,20263915,1,263.225826893033,0.8153498,0.0041899
3d,悬空,1,0.814563222,RRT*,13,20263916,1,273.600778016013,0.8149173,0.0056443
3d,悬空,1,0.814563222,Informed-RRT*,13,20263916,1,269.004700220443,0.8149755,0.0065888
3d,悬空,1,0.814563222,PRM*,13,20263916,1,275.369643205519,0.8348604,0.0004625
3d,悬空,1,0.814563222,FMT*,13,20263916,1,268.192266640297,0.8154021,0.0325498
3d,悬空,1,0.814563222,BIT*,13,20263916,1,266.182974356542,0.8174261,0.0552071
3d,悬空,1,0.814563222,RRT#,13,20263916,1,274.953970370786,0.8152035,0.0053096
3d,悬空,1,0.814563222,APF-only,13,20263916,1,368.719651450309,0.003343,0.0032184
3d,悬空,1,0.814563222,AB-IRRT*,13,20263916,1,262.739827548109,0.8153644,0.0036523
3d,悬空,1,0.814563222,RRT*,14,20263917,1,294.647624212053,0.8148927,0.012945
3d,悬空,1,0.814563222,Informed-RRT*,14,20263917,1,280.894566145076,0.8149185,0.0147684
3d,悬空,1,0.814563222,PRM*,14,20263917,1,276.249111251318,0.8335783,0.0009942
3d,悬空,1,0.814563222,FMT*,14,20263917,1,273.116676895792,0.819956,0.0053918
3d,悬空,1,0.814563222,BIT*,14,20263917,1,264.884452668236,0.8175664,0.0395992
3d,悬空,1,0.814563222,RRT#,14,20263917,1,289.711245777482,0.8153563,0.015017
3d,悬空,1,0.814563222,APF-only,14,20263917,1,368.719651450309,0.0031943,0.003084
3d,悬空,1,0.814563222,AB-IRRT*,14,20263917,1,263.243727198481,0.815237,0.0029987
3d,悬空,1,0.814563222,RRT*,15,20263918,1,297.487899967675,0.8148239,0.0104422
3d,悬空,1,0.814563222,Informed-RRT*,15,20263918,1,293.54016913582,0.8149203,0.0097072
3d,悬空,1,0.814563222,PRM*,15,20263918,1,278.844193256057,0.8360938,0.0004448
3d,悬空,1,0.814563222,FMT*,15,20263918,1,269.938871709836,0.8154068,0.0125246
3d,悬空,1,0.814563222,BIT*,15,20263918,1,265.05860166126,0.8173141,0.0296527
3d,悬空,1,0.814563222,RRT#,15,20263918,1,286.624499437976,0.815351,0.008881
3d,悬空,1,0.814563222,APF-only,15,20263918,1,368.719651450309,0.0034584,0.0033236
3d,悬空,1,0.814563222,AB-IRRT*,15,20263918,1,263.923486356721,0.8152529,0.0040748
3d,悬空,1,0.814563222,RRT*,16,20263919,1,288.137575944292,0.8148988,0.009314
3d,悬空,1,0.814563222,Informed-RRT*,16,20263919,1,285.992984088364,0.8149897,0.0109456
3d,悬空,1,0.814563222,PRM*,16,20263919,1,278.456218408894,0.8338119,0.0002938
3d,悬空,1,0.814563222,FMT*,16,20263919,1,271.242854431556,0.8156942,0.008824
3d,悬空,1,0.814563222,BIT*,16,20263919,1,267.121503175545,0.816041,0.0216913
3d,悬空,1,0.814563222,RRT#,16,20263919,1,280.876121048988,0.8153929,0.013027
3d,悬空,1,0.814563222,APF-only,16,20263919,1,368.719651450309,0.0036299,0.0034974
3d,悬空,1,0.814563222,AB-IRRT*,16,20263919,1,263.2358003006,0.8151565,0.0038847
3d,悬空,1,0.814563222,RRT*,17,20263920,1,278.218359528695,0.8148154,0.009051
3d,悬空,1,0.814563222,Informed-RRT*,17,20263920,1,277.507335915514,0.8151374,0.008104
3d,悬空,1,0.814563222,PRM*,17,20263920,1,270.870634112009,0.8346439,0.00175
3d,悬空,1,0.814563222,FMT*,17,20263920,1,274.655013112021,0.8154044,0.0040618
3d,悬空,1,0.814563222,BIT*,17,20263920,1,270.715375255731,0.8166488,0.0196223
3d,悬空,1,0.814563222,RRT#,17,20263920,1,278.102600915925,0.8152841,0.0098591
3d,悬空,1,0.814563222,APF-only,17,20263920,1,368.719651450309,0.002749,0.0026402
3d,悬空,1,0.814563222,AB-IRRT*,17,20263920,1,262.830869926792,0.8149686,0.0026221
3d,悬空,1,0.814563222,RRT*,18,20263921,1,278.460366349337,0.8150135,0.0135365
3d,悬空,1,0.814563222,Informed-RRT*,18,20263921,1,274.312746574507,0.8153474,0.0118555
3d,悬空,1,0.814563222,PRM*,18,20263921,1,282.674280320992,0.8352167,0.0017205
3d,悬空,1,0.814563222,FMT*,18,20263921,1,287.036817208496,0.8155984,0.0361937
3d,悬空,1,0.814563222,BIT*,18,20263921,1,265.72554204894,0.8156051,0.1766758
3d,悬空,1,0.814563222,RRT#,18,20263921,1,281.197749929027,0.8154956,0.015159
3d,悬空,1,0.814563222,APF-only,18,20263921,1,368.719651450309,0.005212,0.0050196
3d,悬空,1,0.814563222,AB-IRRT*,18,20263921,1,262.980688488008,0.8157162,0.0057659
3d,悬空,1,0.814563222,RRT*,19,20263922,1,277.382114227946,0.8148604,0.0073908
3d,悬空,1,0.814563222,Informed-RRT*,19,20263922,1,274.45169728037,0.8151027,0.0058636
3d,悬空,1,0.814563222,PRM*,19,20263922,1,278.144158064558,0.8339193,0.0001558
3d,悬空,1,0.814563222,FMT*,19,20263922,1,273.070474527351,0.8154568,0.0106091
3d,悬空,1,0.814563222,BIT*,19,20263922,1,265.174140574627,0.8172608,0.0328726
3d,悬空,1,0.814563222,RRT#,19,20263922,1,274.641988269633,0.8152035,0.0063889
3d,悬空,1,0.814563222,APF-only,19,20263922,1,368.719651450309,0.0029043,0.0027929
3d,悬空,1,0.814563222,AB-IRRT*,19,20263922,1,263.765666153723,0.8150771,0.0026079
3d,悬空,1,0.814563222,RRT*,20,20263923,1,271.797463508533,0.8152952,0.0072544
3d,悬空,1,0.814563222,Informed-RRT*,20,20263923,1,266.60665081927,0.8149572,0.0090936
3d,悬空,1,0.814563222,PRM*,20,20263923,1,264.503017495282,0.8354424,0.000504
3d,悬空,1,0.814563222,FMT*,20,20263923,1,273.462977389717,0.8156615,0.0073626
3d,悬空,1,0.814563222,BIT*,20,20263923,1,266.746327296002,0.8170782,0.0266016
3d,悬空,1,0.814563222,RRT#,20,20263923,1,270.997720042858,0.8152144,0.0085742
3d,悬空,1,0.814563222,APF-only,20,20263923,1,368.719651450309,0.0029113,0.0028023
3d,悬空,1,0.814563222,AB-IRRT*,20,20263923,1,263.396608145917,0.8151528,0.0041301
3d,悬空,1,0.814563222,RRT*,21,20263924,1,292.778636894587,0.8149041,0.0099187
3d,悬空,1,0.814563222,Informed-RRT*,21,20263924,1,285.969525382344,0.814931,0.0074171
3d,悬空,1,0.814563222,PRM*,21,20263924,1,276.15027384813,0.8346553,0.0002006
3d,悬空,1,0.814563222,FMT*,21,20263924,1,272.888690672125,0.8170806,0.0178692
3d,悬空,1,0.814563222,BIT*,21,20263924,1,277.099582859112,0.8153331,0.0197582
3d,悬空,1,0.814563222,RRT#,21,20263924,1,287.970743024699,0.8160696,0.0111163
3d,悬空,1,0.814563222,APF-only,21,20263924,1,368.719651450309,0.005019,0.004847
3d,悬空,1,0.814563222,AB-IRRT*,21,20263924,1,262.686776639288,0.8150962,0.0042334
3d,悬空,1,0.814563222,RRT*,22,20263925,1,287.557762051077,0.8148313,0.0134792
3d,悬空,1,0.814563222,Informed-RRT*,22,20263925,1,277.617154478577,0.8150303,0.0163762
3d,悬空,1,0.814563222,PRM*,22,20263925,1,283.191553706218,0.8354209,0.0007959
3d,悬空,1,0.814563222,FMT*,22,20263925,1,279.126451486793,0.8154162,0.0161387
3d,悬空,1,0.814563222,BIT*,22,20263925,1,273.777319922158,0.8153976,0.019772
3d,悬空,1,0.814563222,RRT#,22,20263925,1,290.778219736407,0.815346,0.0153861
3d,悬空,1,0.814563222,APF-only,22,20263925,1,368.719651450309,0.0043771,0.0042098
3d,悬空,1,0.814563222,AB-IRRT*,22,20263925,1,263.055713163819,0.8154407,0.004146
3d,悬空,1,0.814563222,RRT*,23,20263926,1,279.223304508274,0.8149429,0.0096905
3d,悬空,1,0.814563222,Informed-RRT*,23,20263926,1,273.693700380521,0.8148738,0.009286
3d,悬空,1,0.814563222,PRM*,23,20263926,1,275.954756076259,0.8330684,0.0030522
3d,悬空,1,0.814563222,FMT*,23,20263926,1,270.988743552275,0.8154266,0.0048768
3d,悬空,1,0.814563222,BIT*,23,20263926,1,265.282624826384,0.81917,0.0583287
3d,悬空,1,0.814563222,RRT#,23,20263926,1,276.466338400392,0.8154511,0.0082459
3d,悬空,1,0.814563222,APF-only,23,20263926,1,368.719651450309,0.0042308,0.0040693
3d,悬空,1,0.814563222,AB-IRRT*,23,20263926,1,263.23219718687,0.8151783,0.0038145
3d,悬空,1,0.814563222,RRT*,24,20263927,1,283.810836457693,0.8149033,0.0103549
3d,悬空,1,0.814563222,Informed-RRT*,24,20263927,1,284.223407210735,0.8149812,0.010641
3d,悬空,1,0.814563222,PRM*,24,20263927,1,273.917463001844,0.8364453,0.0007914
3d,悬空,1,0.814563222,FMT*,24,20263927,1,265.209339043591,0.8156263,0.0102576
3d,悬空,1,0.814563222,BIT*,24,20263927,1,265.427242941363,0.8168609,0.0360562
3d,悬空,1,0.814563222,RRT#,24,20263927,1,279.847693585149,0.8152677,0.0103267
3d,悬空,1,0.814563222,APF-only,24,20263927,1,368.719651450309,0.0026676,0.0025654
3d,悬空,1,0.814563222,AB-IRRT*,24,20263927,1,262.853625818766,0.8152181,0.0026655
3d,悬空,1,0.814563222,RRT*,25,20263928,1,301.753372458849,0.8149034,0.020584
3d,悬空,1,0.814563222,Informed-RRT*,25,20263928,1,274.018429971863,0.8149935,0.0150179
3d,悬空,1,0.814563222,PRM*,25,20263928,1,274.280819523444,0.8362987,0.0005595
3d,悬空,1,0.814563222,FMT*,25,20263928,1,272.685798192308,0.8158542,0.0125531
3d,悬空,1,0.814563222,BIT*,25,20263928,1,264.30440655674,0.8226009,0.031417
3d,悬空,1,0.814563222,RRT#,25,20263928,1,292.1866498851,0.8152471,0.0247985
3d,悬空,1,0.814563222,APF-only,25,20263928,1,368.719651450309,0.0028108,0.0027005
3d,悬空,1,0.814563222,AB-IRRT*,25,20263928,1,262.753350697914,0.8150957,0.0028183
3d,悬空,1,0.814563222,RRT*,26,20263929,1,290.28636683155,0.8149599,0.0058785
3d,悬空,1,0.814563222,Informed-RRT*,26,20263929,1,275.841807502941,0.814945,0.0049431
3d,悬空,1,0.814563222,PRM*,26,20263929,1,276.546170196476,0.8370585,0.0005751
3d,悬空,1,0.814563222,FMT*,26,20263929,1,267.597700050165,0.8157541,0.0224496
3d,悬空,1,0.814563222,BIT*,26,20263929,1,265.090949799712,0.8194743,0.0275402
3d,悬空,1,0.814563222,RRT#,26,20263929,1,285.630460192357,0.8151898,0.0062562
3d,悬空,1,0.814563222,APF-only,26,20263929,1,368.719651450309,0.0036541,0.0035283
3d,悬空,1,0.814563222,AB-IRRT*,26,20263929,1,262.970937435918,0.8151201,0.0037274
3d,悬空,1,0.814563222,RRT*,27,20263930,1,296.921220006438,0.8149705,0.0137938
3d,悬空,1,0.814563222,Informed-RRT*,27,20263930,1,281.747164134381,0.8149951,0.0146827
3d,悬空,1,0.814563222,PRM*,27,20263930,1,276.126373135328,0.835059,0.0003526
3d,悬空,1,0.814563222,FMT*,27,20263930,1,275.207876295251,0.8153549,0.026571
3d,悬空,1,0.814563222,BIT*,27,20263930,1,268.369326547278,0.8153925,0.0685248
3d,悬空,1,0.814563222,RRT#,27,20263930,1,289.691848153795,0.8152393,0.0100482
3d,悬空,1,0.814563222,APF-only,27,20263930,1,368.719651450309,0.0030396,0.0029282
3d,悬空,1,0.814563222,AB-IRRT*,27,20263930,1,262.926816311554,0.8153146,0.0027427
3d,悬空,1,0.814563222,RRT*,28,20263931,1,287.90713839995,0.8149205,0.0071533
3d,悬空,1,0.814563222,Informed-RRT*,28,20263931,1,275.146567185824,0.8149507,0.0069102
3d,悬空,1,0.814563222,PRM*,28,20263931,1,277.9802015857,0.8383166,0.0003161
3d,悬空,1,0.814563222,FMT*,28,20263931,1,273.884179105205,0.8156945,0.0099833
3d,悬空,1,0.814563222,BIT*,28,20263931,1,266.805404346896,0.8204582,0.0101077
3d,悬空,1,0.814563222,RRT#,28,20263931,1,287.75051890089,0.8153721,0.0094563
3d,悬空,1,0.814563222,APF-only,28,20263931,1,368.719651450309,0.0036967,0.0035522
3d,悬空,1,0.814563222,AB-IRRT*,28,20263931,1,263.00278675857,0.8153562,0.0038349
3d,悬空,1,0.814563222,RRT*,29,20263932,1,302.252194341449,0.8149785,0.0131747
3d,悬空,1,0.814563222,Informed-RRT*,29,20263932,1,289.684782613457,0.8149655,0.0087638
3d,悬空,1,0.814563222,PRM*,29,20263932,1,273.276374866789,0.8360151,0.0011094
3d,悬空,1,0.814563222,FMT*,29,20263932,1,272.640336250365,0.8154847,0.0077191
3d,悬空,1,0.814563222,BIT*,29,20263932,1,267.318386538617,0.8185937,0.0471189
3d,悬空,1,0.814563222,RRT#,29,20263932,1,295.215519258007,0.8153045,0.0116247
3d,悬空,1,0.814563222,APF-only,29,20263932,1,368.719651450309,0.0042011,0.0040693
3d,悬空,1,0.814563222,AB-IRRT*,29,20263932,1,263.647316122956,0.8150546,0.003901
3d,悬空,1,0.814563222,RRT*,30,20263933,1,290.115421671882,0.8148562,0.0094768
3d,悬空,1,0.814563222,Informed-RRT*,30,20263933,1,287.288404007861,0.8154833,0.0125938
3d,悬空,1,0.814563222,PRM*,30,20263933,1,268.243212663999,0.8349788,0.0009445
3d,悬空,1,0.814563222,FMT*,30,20263933,1,266.303459007946,0.8173632,0.0115382
3d,悬空,1,0.814563222,BIT*,30,20263933,1,267.831884637254,0.8171689,0.0213082
3d,悬空,1,0.814563222,RRT#,30,20263933,1,292.907704645304,0.8157339,0.0116539
3d,悬空,1,0.814563222,APF-only,30,20263933,1,368.719651450309,0.005998,0.0057231
3d,悬空,1,0.814563222,AB-IRRT*,30,20263933,1,263.149829878507,0.8152525,0.0054058
3d,悬空,2,1.629126444,RRT*,1,20263904,1,276.234300933386,1.6293947,0.0092209
3d,悬空,2,1.629126444,Informed-RRT*,1,20263904,1,269.887927963021,1.6295299,0.0170926
3d,悬空,2,1.629126444,PRM*,1,20263904,1,281.635366185702,1.7033233,0.0002998
3d,悬空,2,1.629126444,FMT*,1,20263904,1,275.186208317345,1.6299608,0.0237059
3d,悬空,2,1.629126444,BIT*,1,20263904,1,264.137076489917,1.6349713,0.0193849
3d,悬空,2,1.629126444,RRT#,1,20263904,1,274.654542366099,1.630065,0.0081652
3d,悬空,2,1.629126444,APF-only,1,20263904,1,368.719651450309,0.0034062,0.0032819
3d,悬空,2,1.629126444,AB-IRRT*,1,20263904,1,262.667135418691,1.6297306,0.0043595
3d,悬空,2,1.629126444,RRT*,2,20263905,1,279.248168499705,1.6296669,0.0099107
3d,悬空,2,1.629126444,Informed-RRT*,2,20263905,1,267.541762428402,1.6294727,0.0131749
3d,悬空,2,1.629126444,PRM*,2,20263905,1,270.92061050864,1.6901472,0.0005197
3d,悬空,2,1.629126444,FMT*,2,20263905,1,287.09337776041,1.6302667,0.0120108
3d,悬空,2,1.629126444,BIT*,2,20263905,1,270.94540744133,1.6332197,0.0231247
3d,悬空,2,1.629126444,RRT#,2,20263905,1,275.478559633071,1.6301312,0.0223109
3d,悬空,2,1.629126444,APF-only,2,20263905,1,368.719651450309,0.0031141,0.0029935
3d,悬空,2,1.629126444,AB-IRRT*,2,20263905,1,262.929721952848,1.6296246,0.0028659
3d,悬空,2,1.629126444,RRT*,3,20263906,1,280.289712939136,1.6297247,0.0160567
3d,悬空,2,1.629126444,Informed-RRT*,3,20263906,1,267.47723003907,1.6294668,0.0156483
3d,悬空,2,1.629126444,PRM*,3,20263906,1,274.732116308588,1.6848683,0.0002495
3d,悬空,2,1.629126444,FMT*,3,20263906,1,266.362054455524,1.6343044,0.0205304
3d,悬空,2,1.629126444,BIT*,3,20263906,1,269.112821806291,1.6308642,0.0189732
3d,悬空,2,1.629126444,RRT#,3,20263906,1,274.003035384178,1.6301464,0.0120361
3d,悬空,2,1.629126444,APF-only,3,20263906,1,368.719651450309,0.0035497,0.0034211
3d,悬空,2,1.629126444,AB-IRRT*,3,20263906,1,262.698207616717,1.6297648,0.0029484
3d,悬空,2,1.629126444,RRT*,4,20263907,1,280.264436308901,1.6294791,0.0119912
3d,悬空,2,1.629126444,Informed-RRT*,4,20263907,1,272.011192248568,1.6297312,0.0117177
3d,悬空,2,1.629126444,PRM*,4,20263907,1,275.586172523076,1.6836949,0.0011083
3d,悬空,2,1.629126444,FMT*,4,20263907,1,282.611577743566,1.6303357,0.0152357
3d,悬空,2,1.629126444,BIT*,4,20263907,1,266.507527903145,1.6338925,0.0971034
3d,悬空,2,1.629126444,RRT#,4,20263907,1,286.647467173609,1.6307843,0.0131499
3d,悬空,2,1.629126444,APF-only,4,20263907,1,368.719651450309,0.0048464,0.0046413
3d,悬空,2,1.629126444,AB-IRRT*,4,20263907,1,262.705222841131,1.6302846,0.0048961
3d,悬空,2,1.629126444,RRT*,5,20263908,1,288.944497137564,1.6295595,0.0157217
3d,悬空,2,1.629126444,Informed-RRT*,5,20263908,1,271.640858491156,1.6299226,0.0185423
3d,悬空,2,1.629126444,PRM*,5,20263908,1,279.180777126434,1.6821367,0.0007159
3d,悬空,2,1.629126444,FMT*,5,20263908,1,271.108869448044,1.6302895,0.0173619
3d,悬空,2,1.629126444,BIT*,5,20263908,1,266.360964098889,1.6318522,0.0392502
3d,悬空,2,1.629126444,RRT#,5,20263908,1,286.843361930094,1.6305183,0.0174557
3d,悬空,2,1.629126444,APF-only,5,20263908,1,368.719651450309,0.0058439,0.0055935
3d,悬空,2,1.629126444,AB-IRRT*,5,20263908,1,262.693839099091,1.6302258,0.0043832
3d,悬空,2,1.629126444,RRT*,6,20263909,1,291.647666452299,1.6295841,0.0124172
3d,悬空,2,1.629126444,Informed-RRT*,6,20263909,1,270.284415748064,1.6295929,0.0128831
3d,悬空,2,1.629126444,PRM*,6,20263909,1,273.827759277829,1.6830648,0.000452
3d,悬空,2,1.629126444,FMT*,6,20263909,1,279.328667593029,1.6309526,0.0060871
3d,悬空,2,1.629126444,BIT*,6,20263909,1,281.485895636857,1.6300472,0.0319133
3d,悬空,2,1.629126444,RRT#,6,20263909,1,283.464153043595,1.629879,0.0126998
3d,悬空,2,1.629126444,APF-only,6,20263909,1,368.719651450309,0.0029222,0.0028127
3d,悬空,2,1.629126444,AB-IRRT*,6,20263909,1,262.546443366534,1.6297994,0.0026434
3d,悬空,2,1.629126444,RRT*,7,20263910,1,283.485247637072,1.6294741,0.0103102
3d,悬空,2,1.629126444,Informed-RRT*,7,20263910,1,280.034433625116,1.6295848,0.01326
3d,悬空,2,1.629126444,PRM*,7,20263910,1,276.26586923254,1.6918085,0.0002573
3d,悬空,2,1.629126444,FMT*,7,20263910,1,271.731240161376,1.6300364,0.0155838
3d,悬空,2,1.629126444,BIT*,7,20263910,1,266.704032800485,1.6306983,0.0208567
3d,悬空,2,1.629126444,RRT#,7,20263910,1,277.768799662547,1.6301686,0.0221759
3d,悬空,2,1.629126444,APF-only,7,20263910,1,368.719651450309,0.003505,0.0033654
3d,悬空,2,1.629126444,AB-IRRT*,7,20263910,1,262.71048665926,1.6301813,0.0058138
3d,悬空,2,1.629126444,RRT*,8,20263911,1,278.664263160175,1.6295761,0.0126062
3d,悬空,2,1.629126444,Informed-RRT*,8,20263911,1,274.141304853735,1.629498,0.0110909
3d,悬空,2,1.629126444,PRM*,8,20263911,1,272.74851162447,1.6903736,0.0004663
3d,悬空,2,1.629126444,FMT*,8,20263911,1,269.360771055628,1.630195,0.0088126
3d,悬空,2,1.629126444,BIT*,8,20263911,1,264.929955115769,1.6333606,0.0267569
3d,悬空,2,1.629126444,RRT#,8,20263911,1,272.609741773043,1.6300302,0.0090154
3d,悬空,2,1.629126444,APF-only,8,20263911,1,368.719651450309,0.0036091,0.0034858
3d,悬空,2,1.629126444,AB-IRRT*,8,20263911,1,262.698997872818,1.6296164,0.0031735
3d,悬空,2,1.629126444,RRT*,9,20263912,1,284.836306322478,1.6294491,0.0089535
3d,悬空,2,1.629126444,Informed-RRT*,9,20263912,1,270.334843725679,1.6300185,0.0132797
3d,悬空,2,1.629126444,PRM*,9,20263912,1,272.726925434124,1.6855208,0.0001967
3d,悬空,2,1.629126444,FMT*,9,20263912,1,269.264725401493,1.6302314,0.0085658
3d,悬空,2,1.629126444,BIT*,9,20263912,1,265.472575027289,1.6298402,0.0293873
3d,悬空,2,1.629126444,RRT#,9,20263912,1,281.450673016315,1.6300429,0.0106687
3d,悬空,2,1.629126444,APF-only,9,20263912,1,368.719651450309,0.0029079,0.0027867
3d,悬空,2,1.629126444,AB-IRRT*,9,20263912,1,262.662249400639,1.6295651,0.0028975
3d,悬空,2,1.629126444,RRT*,10,20263913,1,280.767822322398,1.6294852,0.0084187
3d,悬空,2,1.629126444,Informed-RRT*,10,20263913,1,268.968594868774,1.6294916,0.0089132
3d,悬空,2,1.629126444,PRM*,10,20263913,1,273.578650325215,1.6882638,0.00138
3d,悬空,2,1.629126444,FMT*,10,20263913,1,272.088391270231,1.6302258,0.0192207
3d,悬空,2,1.629126444,BIT*,10,20263913,1,264.689662368026,1.6317103,0.0873572
3d,悬空,2,1.629126444,RRT#,10,20263913,1,278.043572899383,1.6299855,0.0124866
3d,悬空,2,1.629126444,APF-only,10,20263913,1,368.719651450309,0.0030628,0.0029514
3d,悬空,2,1.629126444,AB-IRRT*,10,20263913,1,262.725582362677,1.6300269,0.0027276
3d,悬空,2,1.629126444,RRT*,11,20263914,1,274.897766288171,1.6295323,0.0078083
3d,悬空,2,1.629126444,Informed-RRT*,11,20263914,1,265.926682973633,1.6295883,0.0144592
3d,悬空,2,1.629126444,PRM*,11,20263914,1,277.541659575124,1.693186,0.0002602
3d,悬空,2,1.629126444,FMT*,11,20263914,1,276.932718575916,1.6299507,0.0106921
3d,悬空,2,1.629126444,BIT*,11,20263914,1,269.277108688717,1.6322985,0.0461078
3d,悬空,2,1.629126444,RRT#,11,20263914,1,272.884573370652,1.6301781,0.0118132
3d,悬空,2,1.629126444,APF-only,11,20263914,1,368.719651450309,0.0047446,0.0045907
3d,悬空,2,1.629126444,AB-IRRT*,11,20263914,1,262.942749399855,1.6298815,0.0038494
3d,悬空,2,1.629126444,RRT*,12,20263915,1,277.118056607785,1.6295136,0.010777
3d,悬空,2,1.629126444,Informed-RRT*,12,20263915,1,279.427755041874,1.6297333,0.0112782
3d,悬空,2,1.629126444,PRM*,12,20263915,1,274.782762553816,1.6822448,0.0005091
3d,悬空,2,1.629126444,FMT*,12,20263915,1,268.530651119521,1.6303869,0.0199616
3d,悬空,2,1.629126444,BIT*,12,20263915,1,264.760658363405,1.6372983,0.0204985
3d,悬空,2,1.629126444,RRT#,12,20263915,1,273.939672486596,1.6302696,0.0130696
3d,悬空,2,1.629126444,APF-only,12,20263915,1,368.719651450309,0.0032185,0.0031003
3d,悬空,2,1.629126444,AB-IRRT*,12,20263915,1,262.952705860449,1.6296795,0.0028757
3d,悬空,2,1.629126444,RRT*,13,20263916,1,272.97949468796,1.6294449,0.005641
3d,悬空,2,1.629126444,Informed-RRT*,13,20263916,1,265.657629438357,1.6298236,0.0061301
3d,悬空,2,1.629126444,PRM*,13,20263916,1,275.369643205519,1.6873658,0.0005282
3d,悬空,2,1.629126444,FMT*,13,20263916,1,268.192266640297,1.63059,0.0320334
3d,悬空,2,1.629126444,BIT*,13,20263916,1,265.72603332154,1.6316539,0.0618546
3d,悬空,2,1.629126444,RRT#,13,20263916,1,269.51776063081,1.6302304,0.0068183
3d,悬空,2,1.629126444,APF-only,13,20263916,1,368.719651450309,0.0034015,0.0032724
3d,悬空,2,1.629126444,AB-IRRT*,13,20263916,1,262.668155729998,1.6298749,0.0031631
3d,悬空,2,1.629126444,RRT*,14,20263917,1,281.660774301582,1.6294417,0.0098316
3d,悬空,2,1.629126444,Informed-RRT*,14,20263917,1,272.301577244262,1.6295199,0.0099419
3d,悬空,2,1.629126444,PRM*,14,20263917,1,276.249111251318,1.683796,0.0008918
3d,悬空,2,1.629126444,FMT*,14,20263917,1,273.116676895792,1.629958,0.0061379
3d,悬空,2,1.629126444,BIT*,14,20263917,1,264.782878724736,1.6303085,0.0341319
3d,悬空,2,1.629126444,RRT#,14,20263917,1,277.820309927661,1.6301183,0.0125242
3d,悬空,2,1.629126444,APF-only,14,20263917,1,368.719651450309,0.0031537,0.0030394
3d,悬空,2,1.629126444,AB-IRRT*,14,20263917,1,262.501533557097,1.6297022,0.003041
3d,悬空,2,1.629126444,RRT*,15,20263918,1,284.455683539356,1.6295069,0.0090491
3d,悬空,2,1.629126444,Informed-RRT*,15,20263918,1,272.021931907285,1.6296285,0.0084768
3d,悬空,2,1.629126444,PRM*,15,20263918,1,278.844193256057,1.6954891,0.0004851
3d,悬空,2,1.629126444,FMT*,15,20263918,1,269.938871709836,1.6299412,0.0132795
3d,悬空,2,1.629126444,BIT*,15,20263918,1,265.05860166126,1.6299849,0.0316321
3d,悬空,2,1.629126444,RRT#,15,20263918,1,284.395981332903,1.6301215,0.0097527
3d,悬空,2,1.629126444,APF-only,15,20263918,1,368.719651450309,0.0036473,0.0035067
3d,悬空,2,1.629126444,AB-IRRT*,15,20263918,1,262.887975801229,1.6308283,0.0045765
3d,悬空,2,1.629126444,RRT*,16,20263919,1,276.982824713079,1.629791,0.0236809
3d,悬空,2,1.629126444,Informed-RRT*,16,20263919,1,269.766146247208,1.6296713,0.0131637
3d,悬空,2,1.629126444,PRM*,16,20263919,1,277.277550723047,1.6978828,0.0002764
3d,悬空,2,1.629126444,FMT*,16,20263919,1,271.242854431556,1.6305301,0.0092963
3d,悬空,2,1.629126444,BIT*,16,20263919,1,267.020261765459,1.6316455,0.0244954
3d,悬空,2,1.629126444,RRT#,16,20263919,1,274.000636474881,1.6304122,0.0093226
3d,悬空,2,1.629126444,APF-only,16,20263919,1,368.719651450309,0.0061833,0.0059856
3d,悬空,2,1.629126444,AB-IRRT*,16,20263919,1,262.729341496021,1.6298862,0.0048929
3d,悬空,2,1.629126444,RRT*,17,20263920,1,281.927126377965,1.6296081,0.0093289
3d,悬空,2,1.629126444,Informed-RRT*,17,20263920,1,268.89173961641,1.6297545,0.008769
3d,悬空,2,1.629126444,PRM*,17,20263920,1,270.576872523267,1.6979316,0.0011851
3d,悬空,2,1.629126444,FMT*,17,20263920,1,274.655013112021,1.630515,0.0050484
3d,悬空,2,1.629126444,BIT*,17,20263920,1,270.09719150847,1.6318619,0.0222734
3d,悬空,2,1.629126444,RRT#,17,20263920,1,278.242321092274,1.6301811,0.0107619
3d,悬空,2,1.629126444,APF-only,17,20263920,1,368.719651450309,0.0034838,0.0032859
3d,悬空,2,1.629126444,AB-IRRT*,17,20263920,1,262.916682409313,1.6298801,0.0034928
3d,悬空,2,1.629126444,RRT*,18,20263921,1,280.68137850237,1.6295166,0.0101985
3d,悬空,2,1.629126444,Informed-RRT*,18,20263921,1,267.173905170757,1.6296165,0.0102378
3d,悬空,2,1.629126444,PRM*,18,20263921,1,275.116197375499,1.6883255,0.000698
3d,悬空,2,1.629126444,FMT*,18,20263921,1,287.036817208496,1.6301404,0.0294849
3d,悬空,2,1.629126444,BIT*,18,20263921,1,265.509138827175,1.6324526,0.1851428
3d,悬空,2,1.629126444,RRT#,18,20263921,1,276.986343509367,1.6304345,0.0133525
3d,悬空,2,1.629126444,APF-only,18,20263921,1,368.719651450309,0.0047112,0.0045484
3d,悬空,2,1.629126444,AB-IRRT*,18,20263921,1,262.842218920715,1.6298503,0.0043107
3d,悬空,2,1.629126444,RRT*,19,20263922,1,283.381871876571,1.6297428,0.0081411
3d,悬空,2,1.629126444,Informed-RRT*,19,20263922,1,270.958604430372,1.6296579,0.0080061
3d,悬空,2,1.629126444,PRM*,19,20263922,1,277.913141754856,1.6897931,0.0001458
3d,悬空,2,1.629126444,FMT*,19,20263922,1,273.070474527351,1.6322551,0.0080091
3d,悬空,2,1.629126444,BIT*,19,20263922,1,265.816593918555,1.6299607,0.0397567
3d,悬空,2,1.629126444,RRT#,19,20263922,1,273.920838412521,1.6299592,0.0086971
3d,悬空,2,1.629126444,APF-only,19,20263922,1,368.719651450309,0.0033321,0.0032107
3d,悬空,2,1.629126444,AB-IRRT*,19,20263922,1,262.970868075413,1.6298338,0.0044775
3d,悬空,2,1.629126444,RRT*,20,20263923,1,274.123138936461,1.6294023,0.0074922
3d,悬空,2,1.629126444,Informed-RRT*,20,20263923,1,265.599155216208,1.6297649,0.0059214
3d,悬空,2,1.629126444,PRM*,20,20263923,1,264.503017495282,1.6974973,0.0005457
3d,悬空,2,1.629126444,FMT*,20,20263923,1,273.462977389717,1.6300583,0.0065663
3d,悬空,2,1.629126444,BIT*,20,20263923,1,266.726551581403,1.6306715,0.0253736
3d,悬空,2,1.629126444,RRT#,20,20263923,1,272.559998647826,1.6299434,0.0086989
3d,悬空,2,1.629126444,APF-only,20,20263923,1,368.719651450309,0.0029829,0.0028716
3d,悬空,2,1.629126444,AB-IRRT*,20,20263923,1,263.000891705648,1.6298257,0.0031047
3d,悬空,2,1.629126444,RRT*,21,20263924,1,289.397896630791,1.6295426,0.0102086
3d,悬空,2,1.629126444,Informed-RRT*,21,20263924,1,271.049812784393,1.6294923,0.0085217
3d,悬空,2,1.629126444,PRM*,21,20263924,1,271.575706988004,1.6904473,0.0001743
3d,悬空,2,1.629126444,FMT*,21,20263924,1,272.888690672125,1.6304022,0.0189883
3d,悬空,2,1.629126444,BIT*,21,20263924,1,276.297741408457,1.6313981,0.0275075
3d,悬空,2,1.629126444,RRT#,21,20263924,1,286.77581077525,1.6301149,0.0119679
3d,悬空,2,1.629126444,APF-only,21,20263924,1,368.719651450309,0.0035291,0.0034043
3d,悬空,2,1.629126444,AB-IRRT*,21,20263924,1,262.596830169591,1.6299288,0.0041736
3d,悬空,2,1.629126444,RRT*,22,20263925,1,284.164239332243,1.6295612,0.0149017
3d,悬空,2,1.629126444,Informed-RRT*,22,20263925,1,268.567596171618,1.6296658,0.0153834
3d,悬空,2,1.629126444,PRM*,22,20263925,1,282.194753491117,1.6880862,0.000544
3d,悬空,2,1.629126444,FMT*,22,20263925,1,279.126451486793,1.6308318,0.0174427
3d,悬空,2,1.629126444,BIT*,22,20263925,1,273.197972698629,1.6307214,0.019723
3d,悬空,2,1.629126444,RRT#,22,20263925,1,281.137705401467,1.6304477,0.0132983
3d,悬空,2,1.629126444,APF-only,22,20263925,1,368.719651450309,0.0064096,0.0061771
3d,悬空,2,1.629126444,AB-IRRT*,22,20263925,1,262.512670907253,1.6301165,0.0061255
3d,悬空,2,1.629126444,RRT*,23,20263926,1,275.23589625338,1.6296967,0.0077795
3d,悬空,2,1.629126444,Informed-RRT*,23,20263926,1,267.5271953858,1.6297396,0.0099519
3d,悬空,2,1.629126444,PRM*,23,20263926,1,275.954756076259,1.691431,0.0038859
3d,悬空,2,1.629126444,FMT*,23,20263926,1,270.988743552275,1.6306464,0.0056323
3d,悬空,2,1.629126444,BIT*,23,20263926,1,265.282624826384,1.6300629,0.06041
3d,悬空,2,1.629126444,RRT#,23,20263926,1,272.758464343415,1.6304273,0.0095527
3d,悬空,2,1.629126444,APF-only,23,20263926,1,368.719651450309,0.0060381,0.0058076
3d,悬空,2,1.629126444,AB-IRRT*,23,20263926,1,263.011279910776,1.6297434,0.0058538
3d,悬空,2,1.629126444,RRT*,24,20263927,1,280.292360302522,1.6294763,0.0142483
3d,悬空,2,1.629126444,Informed-RRT*,24,20263927,1,268.124283434318,1.6297561,0.0134844
3d,悬空,2,1.629126444,PRM*,24,20263927,1,272.8558872802,1.684755,0.0006886
3d,悬空,2,1.629126444,FMT*,24,20263927,1,265.209339043591,1.6301791,0.0089988
3d,悬空,2,1.629126444,BIT*,24,20263927,1,265.427242941363,1.6301426,0.0293329
3d,悬空,2,1.629126444,RRT#,24,20263927,1,278.39416239906,1.6300432,0.0104612
3d,悬空,2,1.629126444,APF-only,24,20263927,1,368.719651450309,0.0029177,0.0027902
3d,悬空,2,1.629126444,AB-IRRT*,24,20263927,1,262.741087418923,1.630104,0.0034434
3d,悬空,2,1.629126444,RRT*,25,20263928,1,289.87091486843,1.6297877,0.0212765
3d,悬空,2,1.629126444,Informed-RRT*,25,20263928,1,268.989668942255,1.6296385,0.0161707
3d,悬空,2,1.629126444,PRM*,25,20263928,1,273.464734000877,1.6949342,0.000469
3d,悬空,2,1.629126444,FMT*,25,20263928,1,272.685798192308,1.6305662,0.0160807
3d,悬空,2,1.629126444,BIT*,25,20263928,1,264.211852345954,1.6299352,0.028348
3d,悬空,2,1.629126444,RRT#,25,20263928,1,280.803286298534,1.6300287,0.0227384
3d,悬空,2,1.629126444,APF-only,25,20263928,1,368.719651450309,0.0037066,0.0035704
3d,悬空,2,1.629126444,AB-IRRT*,25,20263928,1,262.939428882289,1.6296906,0.0031445
3d,悬空,2,1.629126444,RRT*,26,20263929,1,286.64529259627,1.6295789,0.0067473
3d,悬空,2,1.629126444,Informed-RRT*,26,20263929,1,268.505734420628,1.6296911,0.0081862
3d,悬空,2,1.629126444,PRM*,26,20263929,1,276.546170196476,1.6786752,0.0005191
3d,悬空,2,1.629126444,FMT*,26,20263929,1,267.597700050165,1.6305179,0.020723
3d,悬空,2,1.629126444,BIT*,26,20263929,1,265.090949799712,1.6301701,0.0318622
3d,悬空,2,1.629126444,RRT#,26,20263929,1,278.598634199555,1.630093,0.0076681
3d,悬空,2,1.629126444,APF-only,26,20263929,1,368.719651450309,0.003312,0.0031379
3d,悬空,2,1.629126444,AB-IRRT*,26,20263929,1,262.699094315317,1.6297386,0.0039333
3d,悬空,2,1.629126444,RRT*,27,20263930,1,292.185817250562,1.6294924,0.0152935
3d,悬空,2,1.629126444,Informed-RRT*,27,20263930,1,271.733807648164,1.6295651,0.0137125
3d,悬空,2,1.629126444,PRM*,27,20263930,1,275.385957134996,1.6928857,0.0003829
3d,悬空,2,1.629126444,FMT*,27,20263930,1,275.207876295251,1.6325558,0.036118
3d,悬空,2,1.629126444,BIT*,27,20263930,1,268.188307071418,1.6304211,0.0646762
3d,悬空,2,1.629126444,RRT#,27,20263930,1,282.151556122818,1.630056,0.0126613
3d,悬空,2,1.629126444,APF-only,27,20263930,1,368.719651450309,0.003089,0.0029585
3d,悬空,2,1.629126444,AB-IRRT*,27,20263930,1,262.966813948295,1.6297948,0.0031855
3d,悬空,2,1.629126444,RRT*,28,20263931,1,282.222406588766,1.629614,0.0088289
3d,悬空,2,1.629126444,Informed-RRT*,28,20263931,1,270.345104736785,1.6296802,0.0102467
3d,悬空,2,1.629126444,PRM*,28,20263931,1,277.9802015857,1.6821268,0.0004014
3d,悬空,2,1.629126444,FMT*,28,20263931,1,273.884179105205,1.6303247,0.0095968
3d,悬空,2,1.629126444,BIT*,28,20263931,1,266.317675682191,1.6306039,0.0080999
3d,悬空,2,1.629126444,RRT#,28,20263931,1,278.732792862359,1.6306391,0.0096827
3d,悬空,2,1.629126444,APF-only,28,20263931,1,368.719651450309,0.0046938,0.0045149
3d,悬空,2,1.629126444,AB-IRRT*,28,20263931,1,262.833399738491,1.6301951,0.0035669
3d,悬空,2,1.629126444,RRT*,29,20263932,1,281.994531304977,1.6294703,0.0126053
3d,悬空,2,1.629126444,Informed-RRT*,29,20263932,1,272.209276134092,1.6297986,0.0126573
3d,悬空,2,1.629126444,PRM*,29,20263932,1,273.145385811062,1.6795258,0.0014093
3d,悬空,2,1.629126444,FMT*,29,20263932,1,272.640336250365,1.6305923,0.0073296
3d,悬空,2,1.629126444,BIT*,29,20263932,1,266.777311705448,1.6311848,0.0372006
3d,悬空,2,1.629126444,RRT#,29,20263932,1,280.940438901706,1.6300153,0.0095385
3d,悬空,2,1.629126444,APF-only,29,20263932,1,368.719651450309,0.0034146,0.0032939
3d,悬空,2,1.629126444,AB-IRRT*,29,20263932,1,263.259200580765,1.6298164,0.0040539
3d,悬空,2,1.629126444,RRT*,30,20263933,1,290.327041568624,1.6295522,0.0126805
3d,悬空,2,1.629126444,Informed-RRT*,30,20263933,1,279.611061026051,1.6295818,0.0137979
3d,悬空,2,1.629126444,PRM*,30,20263933,1,268.243212663999,1.6921438,0.0010957
3d,悬空,2,1.629126444,FMT*,30,20263933,1,266.303459007946,1.6301105,0.0115521
3d,悬空,2,1.629126444,BIT*,30,20263933,1,267.351844453986,1.6307405,0.0180776
3d,悬空,2,1.629126444,RRT#,30,20263933,1,283.560722791884,1.6299533,0.0111185
3d,悬空,2,1.629126444,APF-only,30,20263933,1,368.719651450309,0.0032582,0.003139
3d,悬空,2,1.629126444,AB-IRRT*,30,20263933,1,262.823135373398,1.6296753,0.0027191
3d,环廊,1,1.00159533,RRT*,1,20264904,1,186.168822339143,1.0018498,0.0159051
3d,环廊,1,1.00159533,Informed-RRT*,1,20264904,1,177.545737723368,1.0021331,0.0222755
3d,环廊,1,1.00159533,PRM*,1,20264904,1,186.870770939429,1.0163616,0.0010379
3d,环廊,1,1.00159533,FMT*,1,20264904,1,239.030097660598,1.0027317,0.0143455
3d,环廊,1,1.00159533,BIT*,1,20264904,1,190.023095155296,1.0033241,0.5081703
3d,环廊,1,1.00159533,RRT#,1,20264904,1,185.109500387355,1.0025314,0.0147971
3d,环廊,1,1.00159533,APF-only,1,20264904,1,235.942780406757,0.0059689,0.0058582
3d,环廊,1,1.00159533,AB-IRRT*,1,20264904,1,174.019804451244,1.0025537,0.003355
3d,环廊,1,1.00159533,RRT*,2,20264905,1,186.133620693125,1.0019533,0.0090667
3d,环廊,1,1.00159533,Informed-RRT*,2,20264905,1,175.60698863277,1.0022065,0.0063492
3d,环廊,1,1.00159533,PRM*,2,20264905,1,185.902328053554,1.0199469,0.0018385
3d,环廊,1,1.00159533,FMT*,2,20264905,1,195.922806648068,1.0023621,0.0246031
3d,环廊,1,1.00159533,BIT*,2,20264905,1,202.343059975523,1.0023606,0.0602037
3d,环廊,1,1.00159533,RRT#,2,20264905,1,182.665296167767,1.0022909,0.0062928
3d,环廊,1,1.00159533,APF-only,2,20264905,1,235.942780406757,0.0036534,0.0035072
3d,环廊,1,1.00159533,AB-IRRT*,2,20264905,1,174.149680140617,1.0029773,0.0050574
3d,环廊,1,1.00159533,RRT*,3,20264906,1,191.561388366499,1.0020669,0.0158893
3d,环廊,1,1.00159533,Informed-RRT*,3,20264906,1,178.25665176239,1.0019918,0.0193503
3d,环廊,1,1.00159533,PRM*,3,20264906,1,183.015846772959,1.0176159,0.0008336
3d,环廊,1,1.00159533,FMT*,3,20264906,1,203.092595504535,1.0024758,0.0138465
3d,环廊,1,1.00159533,BIT*,3,20264906,1,203.092595504535,1.0026243,0.0517565
3d,环廊,1,1.00159533,RRT#,3,20264906,1,188.688047546643,1.002582,0.0170157
3d,环廊,1,1.00159533,APF-only,3,20264906,1,235.942780406757,0.0030156,0.0028987
3d,环廊,1,1.00159533,AB-IRRT*,3,20264906,1,173.963295603442,1.002826,0.0038106
3d,环廊,1,1.00159533,RRT*,4,20264907,1,192.957177934094,1.0018575,0.0172201
3d,环廊,1,1.00159533,Informed-RRT*,4,20264907,1,176.618363561188,1.0019151,0.0179575
3d,环廊,1,1.00159533,PRM*,4,20264907,1,191.1716272841,1.0201297,0.0027125
3d,环廊,1,1.00159533,FMT*,4,20264907,1,213.089645099721,1.0023916,0.0222515
3d,环廊,1,1.00159533,BIT*,4,20264907,1,195.534451475846,1.0033496,0.0234067
3d,环廊,1,1.00159533,RRT#,4,20264907,1,192.504559748552,1.0022272,0.0202858
3d,环廊,1,1.00159533,APF-only,4,20264907,1,235.942780406757,0.0028087,0.0026078
3d,环廊,1,1.00159533,AB-IRRT*,4,20264907,1,174.597321125861,1.0064691,0.004767
3d,环廊,1,1.00159533,RRT*,5,20264908,1,179.557712528631,1.0018445,0.0095662
3d,环廊,1,1.00159533,Informed-RRT*,5,20264908,1,175.825493729259,1.0020234,0.0076804
3d,环廊,1,1.00159533,PRM*,5,20264908,1,188.900467876613,1.0177135,0.000752
3d,环廊,1,1.00159533,FMT*,5,20264908,1,227.746838717028,1.0022828,0.0502645
3d,环廊,1,1.00159533,BIT*,5,20264908,1,211.683384988607,1.0026693,0.1013471
3d,环廊,1,1.00159533,RRT#,5,20264908,1,184.153971201188,1.0022777,0.0102996
3d,环廊,1,1.00159533,APF-only,5,20264908,1,235.942780406757,0.0031327,0.0028814
3d,环廊,1,1.00159533,AB-IRRT*,5,20264908,1,174.19092632158,1.0022189,0.0035552
3d,环廊,1,1.00159533,RRT*,6,20264909,1,187.939861569617,1.0019632,0.0076385
3d,环廊,1,1.00159533,Informed-RRT*,6,20264909,1,176.798857620389,1.0019783,0.0078573
3d,环廊,1,1.00159533,PRM*,6,20264909,1,187.323334270437,1.0171588,0.0005035
3d,环廊,1,1.00159533,FMT*,6,20264909,1,195.374088875763,1.0028267,0.0206095
3d,环廊,1,1.00159533,BIT*,6,20264909,1,188.872777239159,1.0026922,0.0444641
3d,环廊,1,1.00159533,RRT#,6,20264909,1,185.571868971247,1.002445,0.0104549
3d,环廊,1,1.00159533,APF-only,6,20264909,1,235.942780406757,0.0032177,0.0030965
3d,环廊,1,1.00159533,AB-IRRT*,6,20264909,1,174.07348874501,1.0021159,0.0046768
3d,环廊,1,1.00159533,RRT*,7,20264910,1,183.463213167022,1.00204,0.0090284
3d,环廊,1,1.00159533,Informed-RRT*,7,20264910,1,176.892908725357,1.0020318,0.0077782
3d,环廊,1,1.00159533,PRM*,7,20264910,1,188.36610927146,1.0228839,0.0017386
3d,环廊,1,1.00159533,FMT*,7,20264910,1,213.740185835362,1.0031054,0.014535
3d,环廊,1,1.00159533,BIT*,7,20264910,1,199.229557935474,1.0025853,0.0790761
3d,环廊,1,1.00159533,RRT#,7,20264910,1,187.47113206543,1.0023273,0.0079674
3d,环廊,1,1.00159533,APF-only,7,20264910,1,235.942780406757,0.0031218,0.0029958
3d,环廊,1,1.00159533,AB-IRRT*,7,20264910,1,174.103935070864,1.0025186,0.0039381
3d,环廊,1,1.00159533,RRT*,8,20264911,1,191.574586351427,1.0019469,0.0165539
3d,环廊,1,1.00159533,Informed-RRT*,8,20264911,1,182.192676717825,1.0022619,0.0200045
3d,环廊,1,1.00159533,PRM*,8,20264911,1,184.807341534824,1.0206659,0.0004677
3d,环廊,1,1.00159533,FMT*,8,20264911,1,199.879137011177,1.002316,0.0103963
3d,环廊,1,1.00159533,BIT*,8,20264911,1,225.408745730961,1.0026692,0.0341169
3d,环廊,1,1.00159533,RRT#,8,20264911,1,187.588335433102,1.0029085,0.0172981
3d,环廊,1,1.00159533,APF-only,8,20264911,1,235.942780406757,0.0045687,0.0043885
3d,环廊,1,1.00159533,AB-IRRT*,8,20264911,1,174.107125149784,1.0025059,0.0048271
3d,环廊,1,1.00159533,RRT*,9,20264912,1,183.961593875389,1.0019672,0.019955
3d,环廊,1,1.00159533,Informed-RRT*,9,20264912,1,175.849158039273,1.0019746,0.0170255
3d,环廊,1,1.00159533,PRM*,9,20264912,1,189.490806101004,1.0163265,0.0008665
3d,环廊,1,1.00159533,FMT*,9,20264912,1,221.920826881075,1.0026233,0.0262603
3d,环廊,1,1.00159533,BIT*,9,20264912,1,218.059238035374,1.0030196,0.096568
3d,环廊,1,1.00159533,RRT#,9,20264912,1,183.421877144057,1.0023599,0.0206219
3d,环廊,1,1.00159533,APF-only,9,20264912,1,235.942780406757,0.0029197,0.0028026
3d,环廊,1,1.00159533,AB-IRRT*,9,20264912,1,174.160170272994,1.0038772,0.0048947
3d,环廊,1,1.00159533,RRT*,10,20264913,1,183.167799120448,1.0018709,0.0117558
3d,环廊,1,1.00159533,Informed-RRT*,10,20264913,1,177.522701597967,1.0019409,0.0095186
3d,环廊,1,1.00159533,PRM*,10,20264913,1,188.035743584412,1.0175165,0.0037217
3d,环廊,1,1.00159533,FMT*,10,20264913,1,234.336900262181,1.0025267,0.0469475
3d,环廊,1,1.00159533,BIT*,10,20264913,1,213.815938631833,1.002734,0.1615503
3d,环廊,1,1.00159533,RRT#,10,20264913,1,181.696675754313,1.0025679,0.0125524
3d,环廊,1,1.00159533,APF-only,10,20264913,1,235.942780406757,0.0032607,0.0031335
3d,环廊,1,1.00159533,AB-IRRT*,10,20264913,1,174.273419571189,1.0021744,0.0034293
3d,环廊,1,1.00159533,RRT*,11,20264914,1,184.113691621786,1.0020221,0.0094045
3d,环廊,1,1.00159533,Informed-RRT*,11,20264914,1,175.354071345628,1.0023055,0.0143463
3d,环廊,1,1.00159533,PRM*,11,20264914,1,195.785064478284,1.0151081,0.0003837
3d,环廊,1,1.00159533,FMT*,11,20264914,1,230.674290929628,1.0022218,0.0105641
3d,环廊,1,1.00159533,BIT*,11,20264914,1,194.448929935308,1.0030667,0.0362312
3d,环廊,1,1.00159533,RRT#,11,20264914,1,184.113691621786,1.0024616,0.0155135
3d,环廊,1,1.00159533,APF-only,11,20264914,1,235.942780406757,0.0034416,0.0033077
3d,环廊,1,1.00159533,AB-IRRT*,11,20264914,1,174.656131946242,1.0030133,0.00496
3d,环廊,1,1.00159533,RRT*,12,20264915,1,197.537659571077,1.0020774,0.0156893
3d,环廊,1,1.00159533,Informed-RRT*,12,20264915,1,178.578487687414,1.0019022,0.0164187
3d,环廊,1,1.00159533,PRM*,12,20264915,1,188.494164516624,1.016636,0.0012129
3d,环廊,1,1.00159533,FMT*,12,20264915,1,217.184674944158,1.0027172,0.0081795
3d,环廊,1,1.00159533,BIT*,12,20264915,1,236.328140132245,1.0024564,0.0228484
3d,环廊,1,1.00159533,RRT#,12,20264915,1,187.55485967708,1.0022884,0.0178798
3d,环廊,1,1.00159533,APF-only,12,20264915,1,235.942780406757,0.0027908,0.0026776
3d,环廊,1,1.00159533,AB-IRRT*,12,20264915,1,174.516955560273,1.0021733,0.0033947
3d,环廊,1,1.00159533,RRT*,13,20264916,1,188.476415620507,1.0020235,0.0091192
3d,环廊,1,1.00159533,Informed-RRT*,13,20264916,1,176.717099802958,1.0023432,0.0123606
3d,环廊,1,1.00159533,PRM*,13,20264916,1,183.090329201677,1.0164674,0.0002771
3d,环廊,1,1.00159533,FMT*,13,20264916,1,223.426417614365,1.002892,0.0078082
3d,环廊,1,1.00159533,BIT*,13,20264916,1,186.204961944421,1.0025517,0.0382542
3d,环廊,1,1.00159533,RRT#,13,20264916,1,182.506300283698,1.0022145,0.0118082
3d,环廊,1,1.00159533,APF-only,13,20264916,1,235.942780406757,0.0025923,0.0024834
3d,环廊,1,1.00159533,AB-IRRT*,13,20264916,1,174.563485569842,1.0020491,0.0036427
3d,环廊,1,1.00159533,RRT*,14,20264917,1,181.425312104099,1.0020979,0.0084656
3d,环廊,1,1.00159533,Informed-RRT*,14,20264917,1,177.004188455495,1.0021696,0.0097248
3d,环廊,1,1.00159533,PRM*,14,20264917,1,190.291945801342,1.0176114,0.0003288
3d,环廊,1,1.00159533,FMT*,14,20264917,1,229.351395568481,1.0025772,0.0175984
3d,环廊,1,1.00159533,BIT*,14,20264917,1,190.633477227983,1.0033853,0.0870733
3d,环廊,1,1.00159533,RRT#,14,20264917,1,182.926148739638,1.0023083,0.0122594
3d,环廊,1,1.00159533,APF-only,14,20264917,1,235.942780406757,0.0039363,0.0037957
3d,环廊,1,1.00159533,AB-IRRT*,14,20264917,1,174.383294496461,1.0021197,0.0040932
3d,环廊,1,1.00159533,RRT*,15,20264918,1,198.586241810284,1.0023845,0.007602
3d,环廊,1,1.00159533,Informed-RRT*,15,20264918,1,175.929140508559,1.0024018,0.0172947
3d,环廊,1,1.00159533,PRM*,15,20264918,1,188.928710491489,1.0138236,0.0013163
3d,环廊,1,1.00159533,FMT*,15,20264918,1,204.071233995941,1.0034816,0.0138096
3d,环廊,1,1.00159533,BIT*,15,20264918,1,219.421456491882,1.0027855,0.0235994
3d,环廊,1,1.00159533,RRT#,15,20264918,1,185.215253819842,1.0023603,0.0085337
3d,环廊,1,1.00159533,APF-only,15,20264918,1,235.942780406757,0.003982,0.0038264
3d,环廊,1,1.00159533,AB-IRRT*,15,20264918,1,174.102528153156,1.0022098,0.0054692
3d,环廊,1,1.00159533,RRT*,16,20264919,1,183.861236189237,1.0018748,0.0133523
3d,环廊,1,1.00159533,Informed-RRT*,16,20264919,1,176.255700325065,1.0020127,0.0139384
3d,环廊,1,1.00159533,PRM*,16,20264919,1,185.985167984435,1.0195621,0.0016717
3d,环廊,1,1.00159533,FMT*,16,20264919,1,201.857686003571,1.0031325,0.0119451
3d,环廊,1,1.00159533,BIT*,16,20264919,1,248.903528160774,1.0026168,0.0361162
3d,环廊,1,1.00159533,RRT#,16,20264919,1,185.44050000962,1.0022794,0.0171986
3d,环廊,1,1.00159533,APF-only,16,20264919,1,235.942780406757,0.0028233,0.0027009
3d,环廊,1,1.00159533,AB-IRRT*,16,20264919,1,174.807268991192,1.0021821,0.0041375
3d,环廊,1,1.00159533,RRT*,17,20264920,1,183.761662091215,1.0021426,0.0067107
3d,环廊,1,1.00159533,Informed-RRT*,17,20264920,1,177.25171620714,1.0022965,0.0094304
3d,环廊,1,1.00159533,PRM*,17,20264920,1,189.54927691907,1.0218528,0.001326
3d,环廊,1,1.00159533,FMT*,17,20264920,1,214.519167680009,1.0023412,0.0098698
3d,环廊,1,1.00159533,BIT*,17,20264920,1,229.881561057449,1.002204,0.0289555
3d,环廊,1,1.00159533,RRT#,17,20264920,1,183.211939022217,1.002203,0.0077654
3d,环廊,1,1.00159533,APF-only,17,20264920,1,235.942780406757,0.0030763,0.0029546
3d,环廊,1,1.00159533,AB-IRRT*,17,20264920,1,174.289597546015,1.0026592,0.0050641
3d,环廊,1,1.00159533,RRT*,18,20264921,1,187.223424653894,1.0018872,0.0148447
3d,环廊,1,1.00159533,Informed-RRT*,18,20264921,1,179.014358704111,1.0022334,0.0148668
3d,环廊,1,1.00159533,PRM*,18,20264921,1,187.949549198247,1.0159467,0.0007969
3d,环廊,1,1.00159533,FMT*,18,20264921,1,223.955594687632,1.0024235,0.0083487
3d,环廊,1,1.00159533,BIT*,18,20264921,1,192.833436000445,1.0040692,0.0287614
3d,环廊,1,1.00159533,RRT#,18,20264921,1,186.24439329382,1.0023967,0.0195325
3d,环廊,1,1.00159533,APF-only,18,20264921,1,235.942780406757,0.0026149,0.0025031
3d,环廊,1,1.00159533,AB-IRRT*,18,20264921,1,174.232859197576,1.0022787,0.0031309
3d,环廊,1,1.00159533,RRT*,19,20264922,1,190.064395354045,1.0020576,0.0084609
3d,环廊,1,1.00159533,Informed-RRT*,19,20264922,1,174.98875276033,1.0019378,0.0078945
3d,环廊,1,1.00159533,PRM*,19,20264922,1,183.387654181937,1.0171787,0.0004176
3d,环廊,1,1.00159533,FMT*,19,20264922,1,199.284413507135,1.0024943,0.0105012
3d,环廊,1,1.00159533,BIT*,19,20264922,1,193.130753148778,1.0035004,0.0213721
3d,环廊,1,1.00159533,RRT#,19,20264922,1,185.156559153004,1.0024685,0.0073556
3d,环廊,1,1.00159533,APF-only,19,20264922,1,235.942780406757,0.0031876,0.0030647
3d,环廊,1,1.00159533,AB-IRRT*,19,20264922,1,174.101764395456,1.0024574,0.0039979
3d,环廊,1,1.00159533,RRT*,20,20264923,1,191.940513223062,1.0021212,0.0068598
3d,环廊,1,1.00159533,Informed-RRT*,20,20264923,1,177.745287575514,1.0019949,0.0105101
3d,环廊,1,1.00159533,PRM*,20,20264923,1,192.878387685389,1.0192901,0.0004879
3d,环廊,1,1.00159533,FMT*,20,20264923,1,199.247683934928,1.0026929,0.0162339
3d,环廊,1,1.00159533,BIT*,20,20264923,1,194.549879484443,1.0034384,0.029112
3d,环廊,1,1.00159533,RRT#,20,20264923,1,189.11876457392,1.002564,0.0096787
3d,环廊,1,1.00159533,APF-only,20,20264923,1,235.942780406757,0.0041703,0.0039907
3d,环廊,1,1.00159533,AB-IRRT*,20,20264923,1,174.379712745831,1.0023253,0.0042993
3d,环廊,1,1.00159533,RRT*,21,20264924,1,188.3280727371,1.0019197,0.0059059
3d,环廊,1,1.00159533,Informed-RRT*,21,20264924,1,176.064709273254,1.0021086,0.0076986
3d,环廊,1,1.00159533,PRM*,21,20264924,1,190.004893321515,1.0181886,0.0006466
3d,环廊,1,1.00159533,FMT*,21,20264924,1,190.458716506885,1.0027052,0.008978
3d,环廊,1,1.00159533,BIT*,21,20264924,1,192.213678288578,1.0028254,0.066154
3d,环廊,1,1.00159533,RRT#,21,20264924,1,184.851991668663,1.0026619,0.007209
3d,环廊,1,1.00159533,APF-only,21,20264924,1,235.942780406757,0.0047214,0.0045224
3d,环廊,1,1.00159533,AB-IRRT*,21,20264924,1,174.173179574726,1.0022021,0.0055254
3d,环廊,1,1.00159533,RRT*,22,20264925,1,189.967549183629,1.0020362,0.0163059
3d,环廊,1,1.00159533,Informed-RRT*,22,20264925,1,178.109765663773,1.0020328,0.0148885
3d,环廊,1,1.00159533,PRM*,22,20264925,1,181.608212532088,1.0162386,0.001237
3d,环廊,1,1.00159533,FMT*,22,20264925,1,214.548284643467,1.0028025,0.0158463
3d,环廊,1,1.00159533,BIT*,22,20264925,1,204.088445896621,1.0033032,0.0290691
3d,环廊,1,1.00159533,RRT#,22,20264925,1,185.670195710857,1.0025867,0.0120467
3d,环廊,1,1.00159533,APF-only,22,20264925,1,235.942780406757,0.0028825,0.0027639
3d,环廊,1,1.00159533,AB-IRRT*,22,20264925,1,174.602063249842,1.0032918,0.0036766
3d,环廊,1,1.00159533,RRT*,23,20264926,1,183.030128467245,1.0018446,0.0082267
3d,环廊,1,1.00159533,Informed-RRT*,23,20264926,1,176.172798488731,1.0020336,0.0082399
3d,环廊,1,1.00159533,PRM*,23,20264926,1,191.706289530629,1.0142399,0.0003879
3d,环廊,1,1.00159533,FMT*,23,20264926,1,218.945498417524,1.0025675,0.0141458
3d,环廊,1,1.00159533,BIT*,23,20264926,1,200.614239705168,1.0023937,0.0342008
3d,环廊,1,1.00159533,RRT#,23,20264926,1,183.442239171683,1.0023599,0.0109167
3d,环廊,1,1.00159533,APF-only,23,20264926,1,235.942780406757,0.0029946,0.0028655
3d,环廊,1,1.00159533,AB-IRRT*,23,20264926,1,174.601405146956,1.0020524,0.0039869
3d,环廊,1,1.00159533,RRT*,24,20264927,1,191.088849512255,1.0019086,0.0228396
3d,环廊,1,1.00159533,Informed-RRT*,24,20264927,1,177.302091791147,1.0019399,0.0179394
3d,环廊,1,1.00159533,PRM*,24,20264927,1,181.603336150576,1.0174211,0.0004453
3d,环廊,1,1.00159533,FMT*,24,20264927,1,209.568872051922,1.0024451,0.0227023
3d,环廊,1,1.00159533,BIT*,24,20264927,0,Inf,1.0033429,NaN
3d,环廊,1,1.00159533,RRT#,24,20264927,1,187.788772232281,1.0024038,0.0180441
3d,环廊,1,1.00159533,APF-only,24,20264927,1,235.942780406757,0.0027896,0.0026731
3d,环廊,1,1.00159533,AB-IRRT*,24,20264927,1,174.321377687722,1.0029171,0.0040062
3d,环廊,1,1.00159533,RRT*,25,20264928,1,186.298974959407,1.0025499,0.0186137
3d,环廊,1,1.00159533,Informed-RRT*,25,20264928,1,178.766123906305,1.0020455,0.0255069
3d,环廊,1,1.00159533,PRM*,25,20264928,1,188.3854617307,1.0171794,0.0031496
3d,环廊,1,1.00159533,FMT*,25,20264928,1,214.183620120793,1.0026629,0.0157288
3d,环廊,1,1.00159533,BIT*,25,20264928,1,191.257613188681,1.0024972,0.0439622
3d,环廊,1,1.00159533,RRT#,25,20264928,1,182.427553578264,1.0027017,0.0250828
3d,环廊,1,1.00159533,APF-only,25,20264928,1,235.942780406757,0.0030226,0.0028927
3d,环廊,1,1.00159533,AB-IRRT*,25,20264928,1,174.499574503767,1.0025679,0.003856
3d,环廊,1,1.00159533,RRT*,26,20264929,1,186.4987253047,1.0019052,0.0141799
3d,环廊,1,1.00159533,Informed-RRT*,26,20264929,1,176.294807582138,1.0019353,0.0173317
3d,环廊,1,1.00159533,PRM*,26,20264929,1,188.975676772271,1.0166753,0.0013919
3d,环廊,1,1.00159533,FMT*,26,20264929,1,201.105935248841,1.0025749,0.0191484
3d,环廊,1,1.00159533,BIT*,26,20264929,1,187.882059323493,1.0022909,0.0331949
3d,环廊,1,1.00159533,RRT#,26,20264929,1,186.196104902044,1.0023556,0.0167869
3d,环廊,1,1.00159533,APF-only,26,20264929,1,235.942780406757,0.0029704,0.0028505
3d,环廊,1,1.00159533,AB-IRRT*,26,20264929,1,174.194498601113,1.0023722,0.0046494
3d,环廊,1,1.00159533,RRT*,27,20264930,1,192.234065669289,1.0021515,0.0132246
3d,环廊,1,1.00159533,Informed-RRT*,27,20264930,1,179.372222419616,1.0024372,0.0100107
3d,环廊,1,1.00159533,PRM*,27,20264930,1,190.556790974643,1.0182242,0.005801
3d,环廊,1,1.00159533,FMT*,27,20264930,1,192.457518554373,1.0026073,0.0115022
3d,环廊,1,1.00159533,BIT*,27,20264930,1,193.924053861628,1.0036969,0.0268642
3d,环廊,1,1.00159533,RRT#,27,20264930,1,187.388645291086,1.0023326,0.0105665
3d,环廊,1,1.00159533,APF-only,27,20264930,1,235.942780406757,0.003631,0.0035029
3d,环廊,1,1.00159533,AB-IRRT*,27,20264930,1,174.041565290491,1.0020689,0.0030649
3d,环廊,1,1.00159533,RRT*,28,20264931,1,187.565844676015,1.0019693,0.0105624
3d,环廊,1,1.00159533,Informed-RRT*,28,20264931,1,178.426011194243,1.0020362,0.00977
3d,环廊,1,1.00159533,PRM*,28,20264931,1,186.057546677435,1.0188783,0.0011749
3d,环廊,1,1.00159533,FMT*,28,20264931,1,187.259434278643,1.0029995,0.0084166
3d,环廊,1,1.00159533,BIT*,28,20264931,1,186.458123225871,1.002263,0.0246941
3d,环廊,1,1.00159533,RRT#,28,20264931,1,184.665509349754,1.0023247,0.0117766
3d,环廊,1,1.00159533,APF-only,28,20264931,1,235.942780406757,0.0031341,0.0030046
3d,环廊,1,1.00159533,AB-IRRT*,28,20264931,1,174.37808522113,1.002077,0.0033775
3d,环廊,1,1.00159533,RRT*,29,20264932,1,190.90843130666,1.001941,0.0077399
3d,环廊,1,1.00159533,Informed-RRT*,29,20264932,1,176.785188320178,1.0021345,0.0110838
3d,环廊,1,1.00159533,PRM*,29,20264932,1,185.050756620439,1.0166031,0.0003466
3d,环廊,1,1.00159533,FMT*,29,20264932,1,192.918992525239,1.0028088,0.0170706
3d,环廊,1,1.00159533,BIT*,29,20264932,1,190.096657953727,1.0036817,0.0277233
3d,环廊,1,1.00159533,RRT#,29,20264932,1,187.38211244376,1.0021628,0.0070753
3d,环廊,1,1.00159533,APF-only,29,20264932,1,235.942780406757,0.0022058,0.0020887
3d,环廊,1,1.00159533,AB-IRRT*,29,20264932,1,173.991275180919,1.0021307,0.003378
3d,环廊,1,1.00159533,RRT*,30,20264933,1,185.186009965715,1.001887,0.013567
3d,环廊,1,1.00159533,Informed-RRT*,30,20264933,1,176.563039086399,1.0021083,0.0183207
3d,环廊,1,1.00159533,PRM*,30,20264933,1,182.131017768352,1.0165321,0.0008756
3d,环廊,1,1.00159533,FMT*,30,20264933,1,190.580034197774,1.0028799,0.0148298
3d,环廊,1,1.00159533,BIT*,30,20264933,1,195.346086896079,1.0030533,0.0262431
3d,环廊,1,1.00159533,RRT#,30,20264933,1,184.114592468073,1.0024033,0.0171731
3d,环廊,1,1.00159533,APF-only,30,20264933,1,235.942780406757,0.0032486,0.0031001
3d,环廊,1,1.00159533,AB-IRRT*,30,20264933,1,174.060133941743,1.0021009,0.0037151
3d,环廊,2,2.00319066,RRT*,1,20264904,1,179.690622689395,2.0035048,0.0144
3d,环廊,2,2.00319066,Informed-RRT*,1,20264904,1,174.705795405994,2.0037133,0.0128798
3d,环廊,2,2.00319066,PRM*,1,20264904,1,186.870770939429,2.0556505,0.0007834
3d,环廊,2,2.00319066,FMT*,1,20264904,1,239.030097660598,2.0043187,0.013275
3d,环廊,2,2.00319066,BIT*,1,20264904,1,188.156804906319,2.0039123,0.4606565
3d,环廊,2,2.00319066,RRT#,1,20264904,1,179.03226648849,2.0041686,0.0129665
3d,环廊,2,2.00319066,APF-only,1,20264904,1,235.942780406757,0.0029132,0.0027894
3d,环廊,2,2.00319066,AB-IRRT*,1,20264904,1,174.15169972909,2.0036382,0.0035081
3d,环廊,2,2.00319066,RRT*,2,20264905,1,179.621757173678,2.0036603,0.0062269
3d,环廊,2,2.00319066,Informed-RRT*,2,20264905,1,174.692980399621,2.0036557,0.0058841
3d,环廊,2,2.00319066,PRM*,2,20264905,1,184.681503273753,2.0421236,0.0022897
3d,环廊,2,2.00319066,FMT*,2,20264905,1,195.922806648068,2.0040015,0.0245934
3d,环廊,2,2.00319066,BIT*,2,20264905,1,202.343059975523,2.0043562,0.0655645
3d,环廊,2,2.00319066,RRT#,2,20264905,1,178.93707706135,2.0039773,0.0064238
3d,环廊,2,2.00319066,APF-only,2,20264905,1,235.942780406757,0.0024941,0.0023829
3d,环廊,2,2.00319066,AB-IRRT*,2,20264905,1,174.072603498799,2.0042657,0.0032803
3d,环廊,2,2.00319066,RRT*,3,20264906,1,188.912605207958,2.0037243,0.0133848
3d,环廊,2,2.00319066,Informed-RRT*,3,20264906,1,175.087232660868,2.003692,0.0169994
3d,环廊,2,2.00319066,PRM*,3,20264906,1,183.015846772959,2.0502506,0.0006579
3d,环廊,2,2.00319066,FMT*,3,20264906,1,203.092595504535,2.0041694,0.0136107
3d,环廊,2,2.00319066,BIT*,3,20264906,1,203.092595504535,2.0040874,0.0471533
3d,环廊,2,2.00319066,RRT#,3,20264906,1,185.343176805798,2.004275,0.0172618
3d,环廊,2,2.00319066,APF-only,3,20264906,1,235.942780406757,0.0029052,0.0027792
3d,环廊,2,2.00319066,AB-IRRT*,3,20264906,1,173.893710076734,2.0052985,0.0035722
3d,环廊,2,2.00319066,RRT*,4,20264907,1,187.719316388298,2.0036806,0.0234524
3d,环廊,2,2.00319066,Informed-RRT*,4,20264907,1,175.475718117696,2.0039507,0.0263954
3d,环廊,2,2.00319066,PRM*,4,20264907,1,188.370463036357,2.0414748,0.0025217
3d,环廊,2,2.00319066,FMT*,4,20264907,1,213.089645099721,2.0038737,0.0222456
3d,环廊,2,2.00319066,BIT*,4,20264907,1,195.534451475846,2.004283,0.030253
3d,环廊,2,2.00319066,RRT#,4,20264907,1,186.510182954827,2.0040477,0.0208202
3d,环廊,2,2.00319066,APF-only,4,20264907,1,235.942780406757,0.0027413,0.0026254
3d,环廊,2,2.00319066,AB-IRRT*,4,20264907,1,173.976274436573,2.0058155,0.0049542
3d,环廊,2,2.00319066,RRT*,5,20264908,1,179.432597370036,2.0039426,0.0088665
3d,环廊,2,2.00319066,Informed-RRT*,5,20264908,1,174.368021178024,2.0036234,0.0091175
3d,环廊,2,2.00319066,PRM*,5,20264908,1,188.900467876613,2.0532612,0.0005588
3d,环廊,2,2.00319066,FMT*,5,20264908,1,227.746838717028,2.0040562,0.04923
3d,环廊,2,2.00319066,BIT*,5,20264908,1,211.683384988607,2.0044814,0.0741861
3d,环廊,2,2.00319066,RRT#,5,20264908,1,178.631468118625,2.0043818,0.0094687
3d,环廊,2,2.00319066,APF-only,5,20264908,1,235.942780406757,0.0029526,0.0028318
3d,环廊,2,2.00319066,AB-IRRT*,5,20264908,1,174.075879382185,2.0040241,0.0048448
3d,环廊,2,2.00319066,RRT*,6,20264909,1,186.267385107697,2.0037492,0.0091907
3d,环廊,2,2.00319066,Informed-RRT*,6,20264909,1,174.873458278736,2.0036628,0.0078608
3d,环廊,2,2.00319066,PRM*,6,20264909,1,187.323334270437,2.0518928,0.0006164
3d,环廊,2,2.00319066,FMT*,6,20264909,1,195.374088875763,2.0045888,0.0183886
3d,环廊,2,2.00319066,BIT*,6,20264909,1,188.376123429745,2.0050758,0.0450144
3d,环廊,2,2.00319066,RRT#,6,20264909,1,182.978643815319,2.0041817,0.0093112
3d,环廊,2,2.00319066,APF-only,6,20264909,1,235.942780406757,0.0029651,0.002841
3d,环廊,2,2.00319066,AB-IRRT*,6,20264909,1,173.900744683253,2.003874,0.0038744
3d,环廊,2,2.00319066,RRT*,7,20264910,1,181.754529076089,2.0036043,0.0070996
3d,环廊,2,2.00319066,Informed-RRT*,7,20264910,1,175.410476394578,2.0036686,0.0074226
3d,环廊,2,2.00319066,PRM*,7,20264910,1,185.786590940776,2.0459273,0.0011938
3d,环廊,2,2.00319066,FMT*,7,20264910,1,213.740185835362,2.0041603,0.0167897
3d,环廊,2,2.00319066,BIT*,7,20264910,1,194.900779867271,2.0042111,0.0769749
3d,环廊,2,2.00319066,RRT#,7,20264910,1,181.495131484431,2.0041304,0.0082965
3d,环廊,2,2.00319066,APF-only,7,20264910,1,235.942780406757,0.0049994,0.0048406
3d,环廊,2,2.00319066,AB-IRRT*,7,20264910,1,174.009311203207,2.0042199,0.0064292
3d,环廊,2,2.00319066,RRT*,8,20264911,1,182.178627009806,2.0036313,0.0128215
3d,环廊,2,2.00319066,Informed-RRT*,8,20264911,1,175.746907240521,2.0035765,0.011645
3d,环廊,2,2.00319066,PRM*,8,20264911,1,184.807341534824,2.045807,0.0003842
3d,环廊,2,2.00319066,FMT*,8,20264911,1,199.879137011177,2.004557,0.0087024
3d,环廊,2,2.00319066,BIT*,8,20264911,1,225.048923293821,2.0047317,0.0314154
3d,环廊,2,2.00319066,RRT#,8,20264911,1,179.311266556865,2.0044852,0.0153583
3d,环廊,2,2.00319066,APF-only,8,20264911,1,235.942780406757,0.0040333,0.0038452
3d,环廊,2,2.00319066,AB-IRRT*,8,20264911,1,174.12348281792,2.0037788,0.0044804
3d,环廊,2,2.00319066,RRT*,9,20264912,1,179.433692176085,2.0038874,0.0173573
3d,环廊,2,2.00319066,Informed-RRT*,9,20264912,1,174.68051576654,2.0037663,0.0249633
3d,环廊,2,2.00319066,PRM*,9,20264912,1,186.033539456654,2.0490525,0.0033351
3d,环廊,2,2.00319066,FMT*,9,20264912,1,221.920826881075,2.0049918,0.0309892
3d,环廊,2,2.00319066,BIT*,9,20264912,1,213.783875903438,2.0042392,0.0833055
3d,环廊,2,2.00319066,RRT#,9,20264912,1,178.529514685707,2.0041877,0.0168122
3d,环廊,2,2.00319066,APF-only,9,20264912,1,235.942780406757,0.0027511,0.0025474
3d,环廊,2,2.00319066,AB-IRRT*,9,20264912,1,173.906220955392,2.0040906,0.003515
3d,环廊,2,2.00319066,RRT*,10,20264913,1,183.238969938277,2.0037041,0.0125527
3d,环廊,2,2.00319066,Informed-RRT*,10,20264913,1,174.67567797325,2.0036031,0.0178558
3d,环廊,2,2.00319066,PRM*,10,20264913,1,186.307911075256,2.0504867,0.0034042
3d,环廊,2,2.00319066,FMT*,10,20264913,1,234.336900262181,2.0045996,0.0257258
3d,环廊,2,2.00319066,BIT*,10,20264913,1,213.815938631833,2.004048,0.1220455
3d,环廊,2,2.00319066,RRT#,10,20264913,1,182.164966136295,2.0041675,0.010786
3d,环廊,2,2.00319066,APF-only,10,20264913,1,235.942780406757,0.0030638,0.0029411
3d,环廊,2,2.00319066,AB-IRRT*,10,20264913,1,173.985116137776,2.0038964,0.0046354
3d,环廊,2,2.00319066,RRT*,11,20264914,1,181.688909990517,2.0037515,0.0104281
3d,环廊,2,2.00319066,Informed-RRT*,11,20264914,1,174.229765802841,2.0035736,0.0133975
3d,环廊,2,2.00319066,PRM*,11,20264914,1,192.744272980221,2.050574,0.0003712
3d,环廊,2,2.00319066,FMT*,11,20264914,1,230.674290929628,2.0040924,0.0073896
3d,环廊,2,2.00319066,BIT*,11,20264914,1,192.862330219791,2.0040452,0.032127
3d,环廊,2,2.00319066,RRT#,11,20264914,1,181.485731005905,2.0040229,0.0127919
3d,环廊,2,2.00319066,APF-only,11,20264914,1,235.942780406757,0.0027366,0.0026253
3d,环廊,2,2.00319066,AB-IRRT*,11,20264914,1,174.156678000988,2.0037652,0.0040768
3d,环廊,2,2.00319066,RRT*,12,20264915,1,182.695582506153,2.0039642,0.0118588
3d,环廊,2,2.00319066,Informed-RRT*,12,20264915,1,175.129192555105,2.0036823,0.0167132
3d,环廊,2,2.00319066,PRM*,12,20264915,1,188.494164516624,2.05957,0.0015389
3d,环廊,2,2.00319066,FMT*,12,20264915,1,217.184674944158,2.0046735,0.0078183
3d,环廊,2,2.00319066,BIT*,12,20264915,1,224.730566472305,2.0047089,0.0295628
3d,环廊,2,2.00319066,RRT#,12,20264915,1,179.316917749153,2.0044972,0.0251691
3d,环廊,2,2.00319066,APF-only,12,20264915,1,235.942780406757,0.0026814,0.0025677
3d,环廊,2,2.00319066,AB-IRRT*,12,20264915,1,174.190071227748,2.0037139,0.0048926
3d,环廊,2,2.00319066,RRT*,13,20264916,1,181.039223035599,2.0034795,0.0091622
3d,环廊,2,2.00319066,Informed-RRT*,13,20264916,1,174.547376882621,2.0038871,0.0145488
3d,环廊,2,2.00319066,PRM*,13,20264916,1,183.090329201677,2.0468928,0.0002427
3d,环廊,2,2.00319066,FMT*,13,20264916,1,223.426417614365,2.0043786,0.0081759
3d,环廊,2,2.00319066,BIT*,13,20264916,1,185.845388021155,2.0050278,0.0387919
3d,环廊,2,2.00319066,RRT#,13,20264916,1,179.52637016711,2.0041531,0.0152019
3d,环廊,2,2.00319066,APF-only,13,20264916,1,235.942780406757,0.0028217,0.0027099
3d,环廊,2,2.00319066,AB-IRRT*,13,20264916,1,174.158347383118,2.0037024,0.0033794
3d,环廊,2,2.00319066,RRT*,14,20264917,1,181.272110143791,2.0034951,0.0087249
3d,环廊,2,2.00319066,Informed-RRT*,14,20264917,1,174.622904598515,2.0037079,0.0097323
3d,环廊,2,2.00319066,PRM*,14,20264917,1,186.960030013072,2.0441489,0.0002827
3d,环廊,2,2.00319066,FMT*,14,20264917,1,229.351395568481,2.0038808,0.019365
3d,环廊,2,2.00319066,BIT*,14,20264917,1,189.97613689246,2.0044611,0.090734
3d,环廊,2,2.00319066,RRT#,14,20264917,1,180.29854440918,2.0041046,0.0090299
3d,环廊,2,2.00319066,APF-only,14,20264917,1,235.942780406757,0.0027366,0.0026216
3d,环廊,2,2.00319066,AB-IRRT*,14,20264917,1,174.253858609223,2.0039726,0.0035772
3d,环廊,2,2.00319066,RRT*,15,20264918,1,185.855552305819,2.0037154,0.0090275
3d,环廊,2,2.00319066,Informed-RRT*,15,20264918,1,174.707554716836,2.0037438,0.011307
3d,环廊,2,2.00319066,PRM*,15,20264918,1,188.19154684424,2.0484469,0.0013846
3d,环廊,2,2.00319066,FMT*,15,20264918,1,204.071233995941,2.0040299,0.0133951
3d,环廊,2,2.00319066,BIT*,15,20264918,1,218.735410783727,2.0039279,0.0253837
3d,环廊,2,2.00319066,RRT#,15,20264918,1,184.984176452072,2.00428,0.0083724
3d,环廊,2,2.00319066,APF-only,15,20264918,1,235.942780406757,0.0027812,0.0026512
3d,环廊,2,2.00319066,AB-IRRT*,15,20264918,1,174.282251350109,2.0038401,0.00341
3d,环廊,2,2.00319066,RRT*,16,20264919,1,185.658599659552,2.0036028,0.0194767
3d,环廊,2,2.00319066,Informed-RRT*,16,20264919,1,175.342661689131,2.0037518,0.0191118
3d,环廊,2,2.00319066,PRM*,16,20264919,1,185.985167984435,2.0391692,0.0020486
3d,环廊,2,2.00319066,FMT*,16,20264919,1,201.857686003571,2.0042196,0.0097033
3d,环廊,2,2.00319066,BIT*,16,20264919,1,248.903528160774,2.0042347,0.0304303
3d,环廊,2,2.00319066,RRT#,16,20264919,1,184.029772569951,2.0041983,0.0172552
3d,环廊,2,2.00319066,APF-only,16,20264919,1,235.942780406757,0.0035659,0.0034195
3d,环廊,2,2.00319066,AB-IRRT*,16,20264919,1,173.875561272222,2.0044526,0.0041784
3d,环廊,2,2.00319066,RRT*,17,20264920,1,182.132516735419,2.003709,0.0086038
3d,环廊,2,2.00319066,Informed-RRT*,17,20264920,1,174.52816041952,2.0038803,0.0071074
3d,环廊,2,2.00319066,PRM*,17,20264920,1,188.028659954005,2.0518171,0.0012598
3d,环廊,2,2.00319066,FMT*,17,20264920,1,214.519167680009,2.0047223,0.0090494
3d,环廊,2,2.00319066,BIT*,17,20264920,1,229.659031813544,2.0039705,0.0267181
3d,环廊,2,2.00319066,RRT#,17,20264920,1,181.472563472144,2.0040305,0.0075467
3d,环廊,2,2.00319066,APF-only,17,20264920,1,235.942780406757,0.0023625,0.002254
3d,环廊,2,2.00319066,AB-IRRT*,17,20264920,1,174.201074470504,2.0037977,0.0031918
3d,环廊,2,2.00319066,RRT*,18,20264921,1,181.819971999824,2.0036739,0.0180831
3d,环廊,2,2.00319066,Informed-RRT*,18,20264921,1,174.808059526038,2.0036072,0.0149295
3d,环廊,2,2.00319066,PRM*,18,20264921,1,187.949549198247,2.0517496,0.0005455
3d,环廊,2,2.00319066,FMT*,18,20264921,1,223.955594687632,2.0042552,0.0099042
3d,环廊,2,2.00319066,BIT*,18,20264921,1,190.68771753536,2.0041846,0.0240402
3d,环廊,2,2.00319066,RRT#,18,20264921,1,182.544315229857,2.003967,0.0197952
3d,环廊,2,2.00319066,APF-only,18,20264921,1,235.942780406757,0.0027326,0.0026136
3d,环廊,2,2.00319066,AB-IRRT*,18,20264921,1,173.933356619691,2.0038061,0.0040585
3d,环廊,2,2.00319066,RRT*,19,20264922,1,184.538401793636,2.0034825,0.0065001
3d,环廊,2,2.00319066,Informed-RRT*,19,20264922,1,174.603836198297,2.0036911,0.009841
3d,环廊,2,2.00319066,PRM*,19,20264922,1,183.387654181937,2.0477488,0.0004298
3d,环廊,2,2.00319066,FMT*,19,20264922,1,199.284413507135,2.0049905,0.0112796
3d,环廊,2,2.00319066,BIT*,19,20264922,1,192.95507826719,2.0046851,0.020296
3d,环廊,2,2.00319066,RRT#,19,20264922,1,180.405321714477,2.0041637,0.0070148
3d,环廊,2,2.00319066,APF-only,19,20264922,1,235.942780406757,0.0030532,0.0029347
3d,环廊,2,2.00319066,AB-IRRT*,19,20264922,1,173.867553827431,2.0039332,0.003599
3d,环廊,2,2.00319066,RRT*,20,20264923,1,186.379453100584,2.0035217,0.008092
3d,环廊,2,2.00319066,Informed-RRT*,20,20264923,1,174.894252382414,2.0046229,0.0110868
3d,环廊,2,2.00319066,PRM*,20,20264923,1,192.878387685389,2.0488509,0.0011004
3d,环廊,2,2.00319066,FMT*,20,20264923,1,199.247683934928,2.004433,0.0161424
3d,环廊,2,2.00319066,BIT*,20,20264923,1,193.28317659811,2.0045208,0.0283697
3d,环廊,2,2.00319066,RRT#,20,20264923,1,181.186250458237,2.0040178,0.0088928
3d,环廊,2,2.00319066,APF-only,20,20264923,1,235.942780406757,0.0028513,0.0027261
3d,环廊,2,2.00319066,AB-IRRT*,20,20264923,1,174.196297116952,2.0038149,0.0038488
3d,环廊,2,2.00319066,RRT*,21,20264924,1,181.821890180261,2.0034894,0.0061797
3d,环廊,2,2.00319066,Informed-RRT*,21,20264924,1,175.052895931887,2.0035489,0.00628
3d,环廊,2,2.00319066,PRM*,21,20264924,1,188.265661747963,2.048277,0.0008112
3d,环廊,2,2.00319066,FMT*,21,20264924,1,190.458716506885,2.0043192,0.0102965
3d,环廊,2,2.00319066,BIT*,21,20264924,1,192.213678288578,2.0044183,0.0654933
3d,环廊,2,2.00319066,RRT#,21,20264924,1,180.141524979861,2.0041164,0.0057646
3d,环廊,2,2.00319066,APF-only,21,20264924,1,235.942780406757,0.0027474,0.0026225
3d,环廊,2,2.00319066,AB-IRRT*,21,20264924,1,173.979011154231,2.0038234,0.0046345
3d,环廊,2,2.00319066,RRT*,22,20264925,1,184.367366471126,2.0036045,0.0194168
3d,环廊,2,2.00319066,Informed-RRT*,22,20264925,1,174.997058354147,2.0036588,0.0150013
3d,环廊,2,2.00319066,PRM*,22,20264925,1,181.608212532088,2.0497426,0.0011191
3d,环廊,2,2.00319066,FMT*,22,20264925,1,214.548284643467,2.0042297,0.0208596
3d,环廊,2,2.00319066,BIT*,22,20264925,1,204.088445896621,2.0047746,0.027135
3d,环廊,2,2.00319066,RRT#,22,20264925,1,183.388538373915,2.0042789,0.0133005
3d,环廊,2,2.00319066,APF-only,22,20264925,1,235.942780406757,0.0034264,0.0032901
3d,环廊,2,2.00319066,AB-IRRT*,22,20264925,1,174.216202257808,2.0038563,0.005107
3d,环廊,2,2.00319066,RRT*,23,20264926,1,184.369016742157,2.0037032,0.0109828
3d,环廊,2,2.00319066,Informed-RRT*,23,20264926,1,174.85292107951,2.0036907,0.0085879
3d,环廊,2,2.00319066,PRM*,23,20264926,1,190.389602061696,2.0525477,0.0003051
3d,环廊,2,2.00319066,FMT*,23,20264926,1,218.945498417524,2.0041706,0.0154427
3d,环廊,2,2.00319066,BIT*,23,20264926,1,197.08257651244,2.0039202,0.0284431
3d,环廊,2,2.00319066,RRT#,23,20264926,1,182.117584623338,2.0042122,0.011718
3d,环廊,2,2.00319066,APF-only,23,20264926,1,235.942780406757,0.0031189,0.0029892
3d,环廊,2,2.00319066,AB-IRRT*,23,20264926,1,174.147215384195,2.0039724,0.0045346
3d,环廊,2,2.00319066,RRT*,24,20264927,1,183.167966616292,2.0035232,0.0175526
3d,环廊,2,2.00319066,Informed-RRT*,24,20264927,1,174.918756807723,2.0037065,0.0179249
3d,环廊,2,2.00319066,PRM*,24,20264927,1,181.603336150576,2.0454247,0.0004935
3d,环廊,2,2.00319066,FMT*,24,20264927,1,209.568872051922,2.0039149,0.0187236
3d,环廊,2,2.00319066,BIT*,24,20264927,0,Inf,2.0039521,NaN
3d,环廊,2,2.00319066,RRT#,24,20264927,1,182.2403279121,2.004426,0.0241893
3d,环廊,2,2.00319066,APF-only,24,20264927,1,235.942780406757,0.0029459,0.0028193
3d,环廊,2,2.00319066,AB-IRRT*,24,20264927,1,174.372230406905,2.004004,0.003997
3d,环廊,2,2.00319066,RRT*,25,20264928,1,182.935774785295,2.0037089,0.0197458
3d,环廊,2,2.00319066,Informed-RRT*,25,20264928,1,175.053552999192,2.0037951,0.0214254
3d,环廊,2,2.00319066,PRM*,25,20264928,1,186.988459999911,2.0439823,0.0029779
3d,环廊,2,2.00319066,FMT*,25,20264928,1,214.183620120793,2.0049524,0.0175758
3d,环廊,2,2.00319066,BIT*,25,20264928,1,189.036878449714,2.0043937,0.049275
3d,环廊,2,2.00319066,RRT#,25,20264928,1,179.446497316671,2.0040436,0.0296508
3d,环廊,2,2.00319066,APF-only,25,20264928,1,235.942780406757,0.0029063,0.0027893
3d,环廊,2,2.00319066,AB-IRRT*,25,20264928,1,174.264863782226,2.0036587,0.0034881
3d,环廊,2,2.00319066,RRT*,26,20264929,1,186.381309062096,2.0036183,0.0163081
3d,环廊,2,2.00319066,Informed-RRT*,26,20264929,1,174.458656679514,2.003597,0.0131463
3d,环廊,2,2.00319066,PRM*,26,20264929,1,186.393971639745,2.0472179,0.0017509
3d,环廊,2,2.00319066,FMT*,26,20264929,1,201.105935248841,2.0039546,0.0215872
3d,环廊,2,2.00319066,BIT*,26,20264929,1,187.882059323493,2.004127,0.0363323
3d,环廊,2,2.00319066,RRT#,26,20264929,1,184.087584429392,2.0040657,0.0189238
3d,环廊,2,2.00319066,APF-only,26,20264929,1,235.942780406757,0.0026146,0.0024983
3d,环廊,2,2.00319066,AB-IRRT*,26,20264929,1,174.175946787122,2.004226,0.003345
3d,环廊,2,2.00319066,RRT*,27,20264930,1,187.283601628492,2.0043554,0.0082431
3d,环廊,2,2.00319066,Informed-RRT*,27,20264930,1,175.190800106836,2.0036851,0.0104369
3d,环廊,2,2.00319066,PRM*,27,20264930,1,186.636779563295,2.0534945,0.0046113
3d,环廊,2,2.00319066,FMT*,27,20264930,1,192.457518554373,2.0041469,0.0119849
3d,环廊,2,2.00319066,BIT*,27,20264930,1,193.924053861628,2.0048509,0.0206516
3d,环廊,2,2.00319066,RRT#,27,20264930,1,183.100793424474,2.0044522,0.0077231
3d,环廊,2,2.00319066,APF-only,27,20264930,1,235.942780406757,0.0032689,0.0031275
3d,环廊,2,2.00319066,AB-IRRT*,27,20264930,1,173.94177519183,2.0038446,0.0065223
3d,环廊,2,2.00319066,RRT*,28,20264931,1,186.436148101482,2.0037491,0.0143892
3d,环廊,2,2.00319066,Informed-RRT*,28,20264931,1,176.732193276536,2.003943,0.0137258
3d,环廊,2,2.00319066,PRM*,28,20264931,1,186.057546677435,2.0478384,0.0020245
3d,环廊,2,2.00319066,FMT*,28,20264931,1,187.259434278643,2.0055683,0.0085241
3d,环廊,2,2.00319066,BIT*,28,20264931,1,186.458123225871,2.0049888,0.0211337
3d,环廊,2,2.00319066,RRT#,28,20264931,1,182.940459084313,2.0040742,0.0144919
3d,环廊,2,2.00319066,APF-only,28,20264931,1,235.942780406757,0.0031934,0.0029603
3d,环廊,2,2.00319066,AB-IRRT*,28,20264931,1,173.989815209783,2.0037617,0.0039079
3d,环廊,2,2.00319066,RRT*,29,20264932,1,188.740126453181,2.0036114,0.0090898
3d,环廊,2,2.00319066,Informed-RRT*,29,20264932,1,174.44612599267,2.0038851,0.0104629
3d,环廊,2,2.00319066,PRM*,29,20264932,1,185.050756620439,2.0513904,0.0003704
3d,环廊,2,2.00319066,FMT*,29,20264932,1,192.918992525239,2.0041474,0.0200693
3d,环廊,2,2.00319066,BIT*,29,20264932,1,189.285289679528,2.0044787,0.038102
3d,环廊,2,2.00319066,RRT#,29,20264932,1,185.744990301488,2.0040263,0.0082417
3d,环廊,2,2.00319066,APF-only,29,20264932,1,235.942780406757,0.0033677,0.0032114
3d,环廊,2,2.00319066,AB-IRRT*,29,20264932,1,173.915462371808,2.0041765,0.0047805
3d,环廊,2,2.00319066,RRT*,30,20264933,1,185.375837171029,2.003559,0.0143246
3d,环廊,2,2.00319066,Informed-RRT*,30,20264933,1,174.700552329242,2.0039068,0.0214707
3d,环廊,2,2.00319066,PRM*,30,20264933,1,182.05783113684,2.0542291,0.0005556
3d,环廊,2,2.00319066,FMT*,30,20264933,1,190.580034197774,2.0062741,0.0123993
3d,环廊,2,2.00319066,BIT*,30,20264933,1,195.064982905929,2.0041084,0.0250729
3d,环廊,2,2.00319066,RRT#,30,20264933,1,183.853650460574,2.0043997,0.0184077
3d,环廊,2,2.00319066,APF-only,30,20264933,1,235.942780406757,0.0037236,0.0035658
3d,环廊,2,2.00319066,AB-IRRT*,30,20264933,1,174.150011164199,2.003921,0.0047856
3d,悬挑,1,0.784944336,RRT*,1,20265904,1,264.950931156997,0.7854078,0.0071291
3d,悬挑,1,0.784944336,Informed-RRT*,1,20265904,1,256.553896219551,0.7855241,0.0076417
3d,悬挑,1,0.784944336,PRM*,1,20265904,1,265.376855066272,0.8101983,0.00067
3d,悬挑,1,0.784944336,FMT*,1,20265904,1,262.53030009521,0.7857683,0.006961
3d,悬挑,1,0.784944336,BIT*,1,20265904,1,255.30877069967,0.7856939,0.0150254
3d,悬挑,1,0.784944336,RRT#,1,20265904,1,266.859256724483,0.7857655,0.0092583
3d,悬挑,1,0.784944336,APF-only,1,20265904,1,323.969580313845,0.002786,0.0026685
3d,悬挑,1,0.784944336,AB-IRRT*,1,20265904,1,249.596619658949,0.7863659,0.0040192
3d,悬挑,1,0.784944336,RRT*,2,20265905,1,264.407548017251,0.7853132,0.0081642
3d,悬挑,1,0.784944336,Informed-RRT*,2,20265905,1,256.45647738405,0.7854117,0.0070001
3d,悬挑,1,0.784944336,PRM*,2,20265905,1,257.954418257107,0.8063843,0.0050001
3d,悬挑,1,0.784944336,FMT*,2,20265905,1,255.804722659504,0.7858286,0.0249283
3d,悬挑,1,0.784944336,BIT*,2,20265905,1,254.518088959027,0.7866029,0.0245213
3d,悬挑,1,0.784944336,RRT#,2,20265905,1,261.792779979323,0.7859671,0.0058743
3d,悬挑,1,0.784944336,APF-only,2,20265905,1,323.969580313845,0.0044792,0.0043043
3d,悬挑,1,0.784944336,AB-IRRT*,2,20265905,1,249.912344035873,0.7859555,0.0051442
3d,悬挑,1,0.784944336,RRT*,3,20265906,1,264.650936283725,0.7853557,0.0065063
3d,悬挑,1,0.784944336,Informed-RRT*,3,20265906,1,254.718640698907,0.7852936,0.0104528
3d,悬挑,1,0.784944336,PRM*,3,20265906,1,258.501497832936,0.8130192,0.0004927
3d,悬挑,1,0.784944336,FMT*,3,20265906,1,256.298374165711,0.7860984,0.0134163
3d,悬挑,1,0.784944336,BIT*,3,20265906,1,251.665978471128,0.7879094,0.0201162
3d,悬挑,1,0.784944336,RRT#,3,20265906,1,262.31393025508,0.7855774,0.0069046
3d,悬挑,1,0.784944336,APF-only,3,20265906,1,323.969580313845,0.0033458,0.0032089
3d,悬挑,1,0.784944336,AB-IRRT*,3,20265906,1,249.808671418903,0.7859799,0.0049578
3d,悬挑,1,0.784944336,RRT*,4,20265907,1,262.656399445085,0.7852452,0.0080106
3d,悬挑,1,0.784944336,Informed-RRT*,4,20265907,1,256.932239020194,0.785343,0.0073464
3d,悬挑,1,0.784944336,PRM*,4,20265907,1,261.669829168177,0.8081198,0.0004428
3d,悬挑,1,0.784944336,FMT*,4,20265907,1,255.032722775954,0.7861838,0.0114216
3d,悬挑,1,0.784944336,BIT*,4,20265907,1,255.545492201609,0.7864134,0.0176696
3d,悬挑,1,0.784944336,RRT#,4,20265907,1,260.942477260146,0.7856629,0.0079341
3d,悬挑,1,0.784944336,APF-only,4,20265907,1,323.969580313845,0.0026773,0.0025672
3d,悬挑,1,0.784944336,AB-IRRT*,4,20265907,1,249.67782622664,0.7871434,0.0027837
3d,悬挑,1,0.784944336,RRT*,5,20265908,1,261.531394324005,0.7853099,0.007087
3d,悬挑,1,0.784944336,Informed-RRT*,5,20265908,1,255.931626827142,0.7852573,0.0072495
3d,悬挑,1,0.784944336,PRM*,5,20265908,1,261.730245789569,0.8091524,0.0005839
3d,悬挑,1,0.784944336,FMT*,5,20265908,1,257.879331580118,0.7858204,0.0120933
3d,悬挑,1,0.784944336,BIT*,5,20265908,1,266.113480978958,0.7865888,0.0546991
3d,悬挑,1,0.784944336,RRT#,5,20265908,1,258.967428521096,0.7856163,0.007872
3d,悬挑,1,0.784944336,APF-only,5,20265908,1,323.969580313845,0.0029949,0.0028749
3d,悬挑,1,0.784944336,AB-IRRT*,5,20265908,1,249.850404408045,0.7856331,0.0038033
3d,悬挑,1,0.784944336,RRT*,6,20265909,1,263.551447737871,0.7852968,0.008491
3d,悬挑,1,0.784944336,Informed-RRT*,6,20265909,1,255.906426269619,0.7853394,0.0094917
3d,悬挑,1,0.784944336,PRM*,6,20265909,1,265.757090402425,0.808665,0.0006663
3d,悬挑,1,0.784944336,FMT*,6,20265909,1,259.965947427056,0.7865596,0.0277904
3d,悬挑,1,0.784944336,BIT*,6,20265909,1,253.448558690812,0.7857656,0.0357727
3d,悬挑,1,0.784944336,RRT#,6,20265909,1,261.11826021067,0.7856677,0.0108376
3d,悬挑,1,0.784944336,APF-only,6,20265909,1,323.969580313845,0.0027461,0.0026403
3d,悬挑,1,0.784944336,AB-IRRT*,6,20265909,1,249.64016938443,0.785811,0.0035596
3d,悬挑,1,0.784944336,RRT*,7,20265910,1,259.93476109917,0.7852737,0.0082831
3d,悬挑,1,0.784944336,Informed-RRT*,7,20265910,1,255.240391138054,0.7853574,0.0073106
3d,悬挑,1,0.784944336,PRM*,7,20265910,1,262.86105462763,0.8131315,0.00026
3d,悬挑,1,0.784944336,FMT*,7,20265910,1,258.703467736871,0.7864535,0.0201282
3d,悬挑,1,0.784944336,BIT*,7,20265910,1,252.09428948722,0.7876368,0.0244926
3d,悬挑,1,0.784944336,RRT#,7,20265910,1,262.367171499749,0.7858667,0.0068107
3d,悬挑,1,0.784944336,APF-only,7,20265910,1,323.969580313845,0.0028399,0.0027211
3d,悬挑,1,0.784944336,AB-IRRT*,7,20265910,1,250.082707719306,0.7855249,0.003007
3d,悬挑,1,0.784944336,RRT*,8,20265911,1,264.752199305247,0.7852984,0.0061369
3d,悬挑,1,0.784944336,Informed-RRT*,8,20265911,1,256.583936574854,0.7852992,0.0093275
3d,悬挑,1,0.784944336,PRM*,8,20265911,1,259.148639087859,0.8027185,0.0004969
3d,悬挑,1,0.784944336,FMT*,8,20265911,1,254.851551253195,0.7859903,0.0169984
3d,悬挑,1,0.784944336,BIT*,8,20265911,1,255.152237797953,0.7862826,0.0280634
3d,悬挑,1,0.784944336,RRT#,8,20265911,1,260.786620570229,0.7856979,0.0093807
3d,悬挑,1,0.784944336,APF-only,8,20265911,1,323.969580313845,0.0032989,0.0031539
3d,悬挑,1,0.784944336,AB-IRRT*,8,20265911,1,250.045659282163,0.7856533,0.0042726
3d,悬挑,1,0.784944336,RRT*,9,20265912,1,261.488148061749,0.7852809,0.009574
3d,悬挑,1,0.784944336,Informed-RRT*,9,20265912,1,255.009338431682,0.7855369,0.0110828
3d,悬挑,1,0.784944336,PRM*,9,20265912,1,260.688037406296,0.8099616,0.0001407
3d,悬挑,1,0.784944336,FMT*,9,20265912,1,263.256841856522,0.7857268,0.0137074
3d,悬挑,1,0.784944336,BIT*,9,20265912,1,254.52422920668,0.7868905,0.0158535
3d,悬挑,1,0.784944336,RRT#,9,20265912,1,259.216809595853,0.7857928,0.0090452
3d,悬挑,1,0.784944336,APF-only,9,20265912,1,323.969580313845,0.0038113,0.0036639
3d,悬挑,1,0.784944336,AB-IRRT*,9,20265912,1,249.842679319916,0.7854254,0.0039378
3d,悬挑,1,0.784944336,RRT*,10,20265913,1,257.395927302678,0.7852855,0.0066273
3d,悬挑,1,0.784944336,Informed-RRT*,10,20265913,1,255.575961382233,0.7853872,0.0058026
3d,悬挑,1,0.784944336,PRM*,10,20265913,1,258.78930158686,0.8084281,0.0002393
3d,悬挑,1,0.784944336,FMT*,10,20265913,1,261.567203304741,0.7859395,0.0093017
3d,悬挑,1,0.784944336,BIT*,10,20265913,1,254.711508249654,0.7869543,0.0195443
3d,悬挑,1,0.784944336,RRT#,10,20265913,1,260.521662255184,0.785644,0.0102805
3d,悬挑,1,0.784944336,APF-only,10,20265913,1,323.969580313845,0.0033278,0.0030655
3d,悬挑,1,0.784944336,AB-IRRT*,10,20265913,1,250.678299886115,0.7855521,0.0035543
3d,悬挑,1,0.784944336,RRT*,11,20265914,1,256.708930954393,0.785411,0.0056919
3d,悬挑,1,0.784944336,Informed-RRT*,11,20265914,1,254.602031458163,0.7853901,0.0078636
3d,悬挑,1,0.784944336,PRM*,11,20265914,1,261.536161224336,0.8081968,0.0001126
3d,悬挑,1,0.784944336,FMT*,11,20265914,1,253.061223387724,0.7872497,0.007263
3d,悬挑,1,0.784944336,BIT*,11,20265914,1,251.890480249402,0.7857639,0.0557423
3d,悬挑,1,0.784944336,RRT#,11,20265914,1,256.490898369533,0.7858234,0.0055755
3d,悬挑,1,0.784944336,APF-only,11,20265914,1,323.969580313845,0.0041706,0.0040062
3d,悬挑,1,0.784944336,AB-IRRT*,11,20265914,1,249.773987534288,0.7858581,0.00484
3d,悬挑,1,0.784944336,RRT*,12,20265915,1,259.903689604501,0.7852451,0.0135213
3d,悬挑,1,0.784944336,Informed-RRT*,12,20265915,1,253.843159043901,0.7854108,0.0092596
3d,悬挑,1,0.784944336,PRM*,12,20265915,1,258.417828100064,0.8070756,0.000122
3d,悬挑,1,0.784944336,FMT*,12,20265915,1,252.462349106915,0.7857494,0.0200329
3d,悬挑,1,0.784944336,BIT*,12,20265915,1,261.262960195271,0.7866763,0.0313473
3d,悬挑,1,0.784944336,RRT#,12,20265915,1,259.903689604501,0.7856101,0.0110864
3d,悬挑,1,0.784944336,APF-only,12,20265915,1,323.969580313845,0.0027269,0.0026119
3d,悬挑,1,0.784944336,AB-IRRT*,12,20265915,1,249.649916619096,0.7855309,0.0035049
3d,悬挑,1,0.784944336,RRT*,13,20265916,1,262.888351341244,0.7853019,0.0090297
3d,悬挑,1,0.784944336,Informed-RRT*,13,20265916,1,256.752852864511,0.7853132,0.0114298
3d,悬挑,1,0.784944336,PRM*,13,20265916,1,258.798474594385,0.8101573,0.0002541
3d,悬挑,1,0.784944336,FMT*,13,20265916,1,256.849047803747,0.7857064,0.0093248
3d,悬挑,1,0.784944336,BIT*,13,20265916,1,254.054684513477,0.7873752,0.0271171
3d,悬挑,1,0.784944336,RRT#,13,20265916,1,263.357456911051,0.7857637,0.0082897
3d,悬挑,1,0.784944336,APF-only,13,20265916,1,323.969580313845,0.0029838,0.0028633
3d,悬挑,1,0.784944336,AB-IRRT*,13,20265916,1,250.464961796349,0.7860583,0.0041321
3d,悬挑,1,0.784944336,RRT*,14,20265917,1,262.091951018157,0.785321,0.0071004
3d,悬挑,1,0.784944336,Informed-RRT*,14,20265917,1,257.566791567967,0.7853008,0.0072996
3d,悬挑,1,0.784944336,PRM*,14,20265917,1,269.205971496575,0.807458,0.000219
3d,悬挑,1,0.784944336,FMT*,14,20265917,1,262.50059422407,0.7858326,0.0091337
3d,悬挑,1,0.784944336,BIT*,14,20265917,1,253.782407653065,0.786051,0.0187647
3d,悬挑,1,0.784944336,RRT#,14,20265917,1,258.817651788837,0.7855829,0.0090481
3d,悬挑,1,0.784944336,APF-only,14,20265917,1,323.969580313845,0.0028264,0.0027113
3d,悬挑,1,0.784944336,AB-IRRT*,14,20265917,1,249.731658767495,0.7858521,0.0034706
3d,悬挑,1,0.784944336,RRT*,15,20265918,1,268.491308034516,0.7854649,0.0077136
3d,悬挑,1,0.784944336,Informed-RRT*,15,20265918,1,261.591140901237,0.7852627,0.0086917
3d,悬挑,1,0.784944336,PRM*,15,20265918,1,262.020378114764,0.809195,0.000519
3d,悬挑,1,0.784944336,FMT*,15,20265918,1,255.963010689766,0.785856,0.0152321
3d,悬挑,1,0.784944336,BIT*,15,20265918,1,256.064268233791,0.786441,0.0217033
3d,悬挑,1,0.784944336,RRT#,15,20265918,1,267.171901288041,0.7857641,0.0082486
3d,悬挑,1,0.784944336,APF-only,15,20265918,1,323.969580313845,0.0028269,0.0026932
3d,悬挑,1,0.784944336,AB-IRRT*,15,20265918,1,249.891587779854,0.7855949,0.0033011
3d,悬挑,1,0.784944336,RRT*,16,20265919,1,268.207933641233,0.7853041,0.0067982
3d,悬挑,1,0.784944336,Informed-RRT*,16,20265919,1,267.792618606958,0.7853702,0.0063212
3d,悬挑,1,0.784944336,PRM*,16,20265919,1,261.573981279597,0.8093473,0.0003167
3d,悬挑,1,0.784944336,FMT*,16,20265919,1,272.015614530448,0.7855881,0.0111009
3d,悬挑,1,0.784944336,BIT*,16,20265919,1,251.706431219345,0.7885181,0.0305585
3d,悬挑,1,0.784944336,RRT#,16,20265919,1,265.258669872674,0.7858392,0.0073603
3d,悬挑,1,0.784944336,APF-only,16,20265919,1,323.969580313845,0.0029558,0.0028078
3d,悬挑,1,0.784944336,AB-IRRT*,16,20265919,1,250.775784622495,0.785472,0.0033172
3d,悬挑,1,0.784944336,RRT*,17,20265920,1,265.806295684923,0.7852597,0.0082247
3d,悬挑,1,0.784944336,Informed-RRT*,17,20265920,1,261.389330217938,0.7852694,0.0090464
3d,悬挑,1,0.784944336,PRM*,17,20265920,1,261.557478073755,0.8084381,0.000876
3d,悬挑,1,0.784944336,FMT*,17,20265920,1,257.708325852797,0.7862485,0.0057259
3d,悬挑,1,0.784944336,BIT*,17,20265920,1,254.751590232077,0.7884808,0.0175105
3d,悬挑,1,0.784944336,RRT#,17,20265920,1,263.256342505632,0.7856443,0.007868
3d,悬挑,1,0.784944336,APF-only,17,20265920,1,323.969580313845,0.00378,0.0036223
3d,悬挑,1,0.784944336,AB-IRRT*,17,20265920,1,249.588533834075,0.785464,0.0044815
3d,悬挑,1,0.784944336,RRT*,18,20265921,1,261.040293316222,0.7852474,0.0077846
3d,悬挑,1,0.784944336,Informed-RRT*,18,20265921,1,254.90035302978,0.7854772,0.0053316
3d,悬挑,1,0.784944336,PRM*,18,20265921,1,257.970615118286,0.8137445,0.0003764
3d,悬挑,1,0.784944336,FMT*,18,20265921,1,258.07180499924,0.7858702,0.007486
3d,悬挑,1,0.784944336,BIT*,18,20265921,1,253.463559050279,0.7928605,0.0013899
3d,悬挑,1,0.784944336,RRT#,18,20265921,1,258.336687542379,0.785808,0.0061417
3d,悬挑,1,0.784944336,APF-only,18,20265921,1,323.969580313845,0.0037434,0.0035782
3d,悬挑,1,0.784944336,AB-IRRT*,18,20265921,1,249.665981409755,0.7855193,0.0041158
3d,悬挑,1,0.784944336,RRT*,19,20265922,1,264.337819311394,0.7853113,0.0066889
3d,悬挑,1,0.784944336,Informed-RRT*,19,20265922,1,260.914666985923,0.7852874,0.005293
3d,悬挑,1,0.784944336,PRM*,19,20265922,1,259.492329339387,0.8047589,0.0002571
3d,悬挑,1,0.784944336,FMT*,19,20265922,1,260.133425797771,0.785848,0.0093232
3d,悬挑,1,0.784944336,BIT*,19,20265922,1,252.998264455625,0.7911075,0.0212078
3d,悬挑,1,0.784944336,RRT#,19,20265922,1,268.437356264266,0.7856483,0.0067532
3d,悬挑,1,0.784944336,APF-only,19,20265922,1,323.969580313845,0.002682,0.002571
3d,悬挑,1,0.784944336,AB-IRRT*,19,20265922,1,249.507555431276,0.7858756,0.003945
3d,悬挑,1,0.784944336,RRT*,20,20265923,1,263.821875381983,0.7854655,0.0051335
3d,悬挑,1,0.784944336,Informed-RRT*,20,20265923,1,260.645261364581,0.7852396,0.006438
3d,悬挑,1,0.784944336,PRM*,20,20265923,1,260.080458749571,0.8089744,0.0010168
3d,悬挑,1,0.784944336,FMT*,20,20265923,1,258.51556383601,0.7857817,0.0086903
3d,悬挑,1,0.784944336,BIT*,20,20265923,1,252.006322382876,0.7884641,0.0195305
3d,悬挑,1,0.784944336,RRT#,20,20265923,1,262.758993635004,0.7855602,0.0062863
3d,悬挑,1,0.784944336,APF-only,20,20265923,1,323.969580313845,0.0028741,0.0027592
3d,悬挑,1,0.784944336,AB-IRRT*,20,20265923,1,249.657651045603,0.7853937,0.0031638
3d,悬挑,1,0.784944336,RRT*,21,20265924,1,259.740319443293,0.7852645,0.0059416
3d,悬挑,1,0.784944336,Informed-RRT*,21,20265924,1,255.769351874572,0.7853144,0.0076572
3d,悬挑,1,0.784944336,PRM*,21,20265924,1,263.883481745335,0.807611,0.0003077
3d,悬挑,1,0.784944336,FMT*,21,20265924,1,269.235735785804,0.7857034,0.0342158
3d,悬挑,1,0.784944336,BIT*,21,20265924,1,254.121562355174,0.7876576,0.1624221
3d,悬挑,1,0.784944336,RRT#,21,20265924,1,260.453370264128,0.7856605,0.0080551
3d,悬挑,1,0.784944336,APF-only,21,20265924,1,323.969580313845,0.0025236,0.0024064
3d,悬挑,1,0.784944336,AB-IRRT*,21,20265924,1,249.375040538517,0.7854602,0.0041219
3d,悬挑,1,0.784944336,RRT*,22,20265925,1,267.067482972541,0.7852931,0.0094299
3d,悬挑,1,0.784944336,Informed-RRT*,22,20265925,1,258.041663718846,0.7853409,0.0083596
3d,悬挑,1,0.784944336,PRM*,22,20265925,1,259.220503253867,0.8121317,0.0013596
3d,悬挑,1,0.784944336,FMT*,22,20265925,1,257.800441148699,0.7859577,0.0165596
3d,悬挑,1,0.784944336,BIT*,22,20265925,1,257.028489201212,0.7862998,0.0408884
3d,悬挑,1,0.784944336,RRT#,22,20265925,1,266.637696516574,0.7857838,0.0113172
3d,悬挑,1,0.784944336,APF-only,22,20265925,1,323.969580313845,0.0030091,0.0028882
3d,悬挑,1,0.784944336,AB-IRRT*,22,20265925,1,249.597230924292,0.7853628,0.0032142
3d,悬挑,1,0.784944336,RRT*,23,20265926,1,260.597427605042,0.7853117,0.0074138
3d,悬挑,1,0.784944336,Informed-RRT*,23,20265926,1,252.87036277091,0.7853074,0.0076307
3d,悬挑,1,0.784944336,PRM*,23,20265926,1,266.38259091552,0.8096357,0.0004675
3d,悬挑,1,0.784944336,FMT*,23,20265926,1,257.294377390342,0.7859487,0.0076383
3d,悬挑,1,0.784944336,BIT*,23,20265926,1,256.489554437249,0.7856855,0.0234751
3d,悬挑,1,0.784944336,RRT#,23,20265926,1,257.406765432178,0.7855589,0.0097502
3d,悬挑,1,0.784944336,APF-only,23,20265926,1,323.969580313845,0.0025509,0.0024271
3d,悬挑,1,0.784944336,AB-IRRT*,23,20265926,1,249.891332034172,0.7855058,0.0037901
3d,悬挑,1,0.784944336,RRT*,24,20265927,1,257.69419340806,0.7852983,0.0067752
3d,悬挑,1,0.784944336,Informed-RRT*,24,20265927,1,254.416889264972,0.7852741,0.0063477
3d,悬挑,1,0.784944336,PRM*,24,20265927,1,259.721613961625,0.8037244,0.0001749
3d,悬挑,1,0.784944336,FMT*,24,20265927,1,256.28939924622,0.7857137,0.0091632
3d,悬挑,1,0.784944336,BIT*,24,20265927,1,256.736962954553,0.78667,0.0442304
3d,悬挑,1,0.784944336,RRT#,24,20265927,1,257.69419340806,0.7855626,0.0050633
3d,悬挑,1,0.784944336,APF-only,24,20265927,1,323.969580313845,0.0030755,0.0029608
3d,悬挑,1,0.784944336,AB-IRRT*,24,20265927,1,249.588485346258,0.7865824,0.0029688
3d,悬挑,1,0.784944336,RRT*,25,20265928,1,262.776452317395,0.7852573,0.0072464
3d,悬挑,1,0.784944336,Informed-RRT*,25,20265928,1,258.067212350915,0.7855447,0.0067796
3d,悬挑,1,0.784944336,PRM*,25,20265928,1,266.396308617206,0.8130979,0.001061
3d,悬挑,1,0.784944336,FMT*,25,20265928,1,255.881718439193,0.7859234,0.0095066
3d,悬挑,1,0.784944336,BIT*,25,20265928,1,255.415057241569,0.7876222,0.0314913
3d,悬挑,1,0.784944336,RRT#,25,20265928,1,262.073991318261,0.7858206,0.010021
3d,悬挑,1,0.784944336,APF-only,25,20265928,1,323.969580313845,0.003659,0.0035083
3d,悬挑,1,0.784944336,AB-IRRT*,25,20265928,1,249.79488573521,0.7855468,0.004752
3d,悬挑,1,0.784944336,RRT*,26,20265929,1,279.048133053263,0.7853097,0.0089869
3d,悬挑,1,0.784944336,Informed-RRT*,26,20265929,1,263.883906419954,0.7854823,0.0064325
3d,悬挑,1,0.784944336,PRM*,26,20265929,1,264.134851910058,0.8092918,0.0001994
3d,悬挑,1,0.784944336,FMT*,26,20265929,1,261.15842775961,0.7861419,0.0096883
3d,悬挑,1,0.784944336,BIT*,26,20265929,1,253.482279283637,0.7862839,0.0279864
3d,悬挑,1,0.784944336,RRT#,26,20265929,1,265.368709684848,0.7857099,0.0074749
3d,悬挑,1,0.784944336,APF-only,26,20265929,1,323.969580313845,0.0026328,0.0025216
3d,悬挑,1,0.784944336,AB-IRRT*,26,20265929,1,249.809190151843,0.7857371,0.0030646
3d,悬挑,1,0.784944336,RRT*,27,20265930,1,265.663393574038,0.7854506,0.0080491
3d,悬挑,1,0.784944336,Informed-RRT*,27,20265930,1,258.128993112256,0.785256,0.0073539
3d,悬挑,1,0.784944336,PRM*,27,20265930,1,258.447005503483,0.8090016,0.0005034
3d,悬挑,1,0.784944336,FMT*,27,20265930,1,254.050722149989,0.7862888,0.0146068
3d,悬挑,1,0.784944336,BIT*,27,20265930,1,252.262558576784,0.7870041,0.0061821
3d,悬挑,1,0.784944336,RRT#,27,20265930,1,268.572266470998,0.7856173,0.0089331
3d,悬挑,1,0.784944336,APF-only,27,20265930,1,323.969580313845,0.002658,0.0025528
3d,悬挑,1,0.784944336,AB-IRRT*,27,20265930,1,249.8005316025,0.7858454,0.0043809
3d,悬挑,1,0.784944336,RRT*,28,20265931,1,274.743850941999,0.7853087,0.0102504
3d,悬挑,1,0.784944336,Informed-RRT*,28,20265931,1,260.222121900186,0.7855531,0.0085865
3d,悬挑,1,0.784944336,PRM*,28,20265931,1,268.804750943601,0.8088752,0.000799
3d,悬挑,1,0.784944336,FMT*,28,20265931,1,255.666363367197,0.7866862,0.012746
3d,悬挑,1,0.784944336,BIT*,28,20265931,1,255.268557024486,0.7857898,0.0237403
3d,悬挑,1,0.784944336,RRT#,28,20265931,1,265.790580548298,0.785882,0.0085091
3d,悬挑,1,0.784944336,APF-only,28,20265931,1,323.969580313845,0.003608,0.0034679
3d,悬挑,1,0.784944336,AB-IRRT*,28,20265931,1,250.088871449623,0.7854301,0.0041502
3d,悬挑,1,0.784944336,RRT*,29,20265932,1,265.049972469248,0.7852735,0.0109772
3d,悬挑,1,0.784944336,Informed-RRT*,29,20265932,1,257.42555974238,0.7853932,0.0109145
3d,悬挑,1,0.784944336,PRM*,29,20265932,1,262.902892839736,0.8072809,0.0003193
3d,悬挑,1,0.784944336,FMT*,29,20265932,1,270.285709081606,0.7857713,0.0047144
3d,悬挑,1,0.784944336,BIT*,29,20265932,1,258.642913911016,0.7856891,0.0182893
3d,悬挑,1,0.784944336,RRT#,29,20265932,1,261.453060358529,0.7886248,0.0098936
3d,悬挑,1,0.784944336,APF-only,29,20265932,1,323.969580313845,0.0034289,0.0032901
3d,悬挑,1,0.784944336,AB-IRRT*,29,20265932,1,249.848999351694,0.7857437,0.0037326
3d,悬挑,1,0.784944336,RRT*,30,20265933,1,266.487421038182,0.7853456,0.0121584
3d,悬挑,1,0.784944336,Informed-RRT*,30,20265933,1,257.748944101775,0.7852784,0.0096328
3d,悬挑,1,0.784944336,PRM*,30,20265933,1,260.519055115528,0.8065809,0.0005111
3d,悬挑,1,0.784944336,FMT*,30,20265933,1,258.704145549554,0.7862263,0.0124749
3d,悬挑,1,0.784944336,BIT*,30,20265933,1,252.893812931791,0.7873705,0.0193832
3d,悬挑,1,0.784944336,RRT#,30,20265933,1,270.258294473812,0.7856591,0.0102212
3d,悬挑,1,0.784944336,APF-only,30,20265933,1,323.969580313845,0.0024986,0.0023944
3d,悬挑,1,0.784944336,AB-IRRT*,30,20265933,1,249.506310277815,0.7854704,0.0027664
3d,悬挑,2,1.569888672,RRT*,1,20265904,1,264.005561628331,1.5702553,0.0075448
3d,悬挑,2,1.569888672,Informed-RRT*,1,20265904,1,254.989720626525,1.5703677,0.0097591
3d,悬挑,2,1.569888672,PRM*,1,20265904,1,264.401867949759,1.6479266,0.0003658
3d,悬挑,2,1.569888672,FMT*,1,20265904,1,262.53030009521,1.5718004,0.007484
3d,悬挑,2,1.569888672,BIT*,1,20265904,1,254.373504535363,1.5737921,0.0251277
3d,悬挑,2,1.569888672,RRT#,1,20265904,1,257.922453568426,1.570831,0.0080298
3d,悬挑,2,1.569888672,APF-only,1,20265904,1,323.969580313845,0.0035839,0.0034409
3d,悬挑,2,1.569888672,AB-IRRT*,1,20265904,1,249.451633525217,1.5707,0.0058745
3d,悬挑,2,1.569888672,RRT*,2,20265905,1,261.232241249056,1.5702676,0.0066367
3d,悬挑,2,1.569888672,Informed-RRT*,2,20265905,1,251.248353313853,1.5702708,0.0067105
3d,悬挑,2,1.569888672,PRM*,2,20265905,1,257.954418257107,1.64037,0.0053833
3d,悬挑,2,1.569888672,FMT*,2,20265905,1,255.804722659504,1.5708714,0.0184944
3d,悬挑,2,1.569888672,BIT*,2,20265905,1,254.35947878991,1.5769581,0.0265696
3d,悬挑,2,1.569888672,RRT#,2,20265905,1,259.347261640637,1.5707599,0.0079979
3d,悬挑,2,1.569888672,APF-only,2,20265905,1,323.969580313845,0.0034252,0.0032925
3d,悬挑,2,1.569888672,AB-IRRT*,2,20265905,1,249.510293263551,1.5706425,0.0051744
3d,悬挑,2,1.569888672,RRT*,3,20265906,1,264.360980297992,1.5702372,0.0089993
3d,悬挑,2,1.569888672,Informed-RRT*,3,20265906,1,252.749876864558,1.5702365,0.0119858
3d,悬挑,2,1.569888672,PRM*,3,20265906,1,258.501497832936,1.6339122,0.0004708
3d,悬挑,2,1.569888672,FMT*,3,20265906,1,256.298374165711,1.5735089,0.0142732
3d,悬挑,2,1.569888672,BIT*,3,20265906,1,251.665978471128,1.5713759,0.0217424
3d,悬挑,2,1.569888672,RRT#,3,20265906,1,262.110767852144,1.5708935,0.0080609
3d,悬挑,2,1.569888672,APF-only,3,20265906,1,323.969580313845,0.0026084,0.002495
3d,悬挑,2,1.569888672,AB-IRRT*,3,20265906,1,249.705859994218,1.5707233,0.0038483
3d,悬挑,2,1.569888672,RRT*,4,20265907,1,258.030368057491,1.570357,0.0072012
3d,悬挑,2,1.569888672,Informed-RRT*,4,20265907,1,251.581561839943,1.5702491,0.010213
3d,悬挑,2,1.569888672,PRM*,4,20265907,1,259.06480355247,1.6372109,0.0002393
3d,悬挑,2,1.569888672,FMT*,4,20265907,1,255.032722775954,1.57126,0.0093605
3d,悬挑,2,1.569888672,BIT*,4,20265907,1,255.545492201609,1.571095,0.0167517
3d,悬挑,2,1.569888672,RRT#,4,20265907,1,257.180827509869,1.5708644,0.0087492
3d,悬挑,2,1.569888672,APF-only,4,20265907,1,323.969580313845,0.0034602,0.0033383
3d,悬挑,2,1.569888672,AB-IRRT*,4,20265907,1,249.58205895425,1.5705108,0.004027
3d,悬挑,2,1.569888672,RRT*,5,20265908,1,255.328840234654,1.5703341,0.007932
3d,悬挑,2,1.569888672,Informed-RRT*,5,20265908,1,253.13074861102,1.5703143,0.0093592
3d,悬挑,2,1.569888672,PRM*,5,20265908,1,261.730245789569,1.6206401,0.0005839
3d,悬挑,2,1.569888672,FMT*,5,20265908,1,257.879331580118,1.5710645,0.0108592
3d,悬挑,2,1.569888672,BIT*,5,20265908,1,266.113480978958,1.5722065,0.0518975
3d,悬挑,2,1.569888672,RRT#,5,20265908,1,255.166314766355,1.5714296,0.0074267
3d,悬挑,2,1.569888672,APF-only,5,20265908,1,323.969580313845,0.0046984,0.0045229
3d,悬挑,2,1.569888672,AB-IRRT*,5,20265908,1,249.649443219905,1.5706702,0.0045338
3d,悬挑,2,1.569888672,RRT*,6,20265909,1,262.50096666227,1.5703302,0.0098831
3d,悬挑,2,1.569888672,Informed-RRT*,6,20265909,1,257.453839069281,1.570332,0.0092802
3d,悬挑,2,1.569888672,PRM*,6,20265909,1,262.737240715433,1.6286781,0.0006298
3d,悬挑,2,1.569888672,FMT*,6,20265909,1,259.965947427056,1.5711649,0.0224256
3d,悬挑,2,1.569888672,BIT*,6,20265909,1,253.11302856581,1.5707006,0.0357831
3d,悬挑,2,1.569888672,RRT#,6,20265909,1,259.17017898967,1.5709659,0.0075532
3d,悬挑,2,1.569888672,APF-only,6,20265909,1,323.969580313845,0.0027564,0.0026433
3d,悬挑,2,1.569888672,AB-IRRT*,6,20265909,1,249.566656362151,1.5709543,0.0031831
3d,悬挑,2,1.569888672,RRT*,7,20265910,1,261.369813947498,1.570348,0.0056799
3d,悬挑,2,1.569888672,Informed-RRT*,7,20265910,1,252.157508555528,1.5704183,0.0096324
3d,悬挑,2,1.569888672,PRM*,7,20265910,1,262.41737719223,1.6332623,0.0002929
3d,悬挑,2,1.569888672,FMT*,7,20265910,1,258.703467736871,1.5710144,0.0177756
3d,悬挑,2,1.569888672,BIT*,7,20265910,1,252.09428948722,1.5748112,0.0336089
3d,悬挑,2,1.569888672,RRT#,7,20265910,1,258.098480006965,1.5706877,0.0065191
3d,悬挑,2,1.569888672,APF-only,7,20265910,1,323.969580313845,0.0026435,0.0025358
3d,悬挑,2,1.569888672,AB-IRRT*,7,20265910,1,249.33887052389,1.5703395,0.0028646
3d,悬挑,2,1.569888672,RRT*,8,20265911,1,260.765740638634,1.5702805,0.0087906
3d,悬挑,2,1.569888672,Informed-RRT*,8,20265911,1,252.915081787076,1.5702747,0.0082477
3d,悬挑,2,1.569888672,PRM*,8,20265911,1,258.526415728675,1.6365234,0.0007929
3d,悬挑,2,1.569888672,FMT*,8,20265911,1,254.851551253195,1.5714965,0.0171308
3d,悬挑,2,1.569888672,BIT*,8,20265911,1,253.445594682588,1.570972,0.0248068
3d,悬挑,2,1.569888672,RRT#,8,20265911,1,257.355337242592,1.5714348,0.007483
3d,悬挑,2,1.569888672,APF-only,8,20265911,1,323.969580313845,0.0029527,0.0028123
3d,悬挑,2,1.569888672,AB-IRRT*,8,20265911,1,249.545179155138,1.5704178,0.0030811
3d,悬挑,2,1.569888672,RRT*,9,20265912,1,261.0360471329,1.5705595,0.0096116
3d,悬挑,2,1.569888672,Informed-RRT*,9,20265912,1,251.846613045376,1.57041,0.0135954
3d,悬挑,2,1.569888672,PRM*,9,20265912,1,260.183153218276,1.6377799,0.0001647
3d,悬挑,2,1.569888672,FMT*,9,20265912,1,263.256841856522,1.5710534,0.0106229
3d,悬挑,2,1.569888672,BIT*,9,20265912,1,254.52422920668,1.5734798,0.0167936
3d,悬挑,2,1.569888672,RRT#,9,20265912,1,259.515446774021,1.5706993,0.0084783
3d,悬挑,2,1.569888672,APF-only,9,20265912,1,323.969580313845,0.0027851,0.0026531
3d,悬挑,2,1.569888672,AB-IRRT*,9,20265912,1,249.519170551596,1.5705683,0.0031246
3d,悬挑,2,1.569888672,RRT*,10,20265913,1,260.115824330602,1.5703644,0.0067534
3d,悬挑,2,1.569888672,Informed-RRT*,10,20265913,1,254.487269615274,1.5704821,0.0074462
3d,悬挑,2,1.569888672,PRM*,10,20265913,1,257.91625416326,1.636432,0.0002336
3d,悬挑,2,1.569888672,FMT*,10,20265913,1,261.567203304741,1.5714824,0.0088254
3d,悬挑,2,1.569888672,BIT*,10,20265913,1,254.5107264577,1.5720548,0.0193078
3d,悬挑,2,1.569888672,RRT#,10,20265913,1,259.914510755891,1.5708782,0.0076929
3d,悬挑,2,1.569888672,APF-only,10,20265913,1,323.969580313845,0.0026198,0.0025036
3d,悬挑,2,1.569888672,AB-IRRT*,10,20265913,1,249.830474137789,1.5705904,0.0029061
3d,悬挑,2,1.569888672,RRT*,11,20265914,1,260.088161654569,1.5702848,0.0060171
3d,悬挑,2,1.569888672,Informed-RRT*,11,20265914,1,251.750485655732,1.5706377,0.008395
3d,悬挑,2,1.569888672,PRM*,11,20265914,1,261.536161224336,1.6418506,0.0001994
3d,悬挑,2,1.569888672,FMT*,11,20265914,1,253.061223387724,1.5710901,0.0080304
3d,悬挑,2,1.569888672,BIT*,11,20265914,1,251.823084124358,1.5743477,0.0567172
3d,悬挑,2,1.569888672,RRT#,11,20265914,1,256.116665284266,1.5708597,0.0066507
3d,悬挑,2,1.569888672,APF-only,11,20265914,1,323.969580313845,0.0040949,0.003941
3d,悬挑,2,1.569888672,AB-IRRT*,11,20265914,1,249.539076447987,1.5707442,0.0061719
3d,悬挑,2,1.569888672,RRT*,12,20265915,1,262.227861734939,1.5701961,0.0091106
3d,悬挑,2,1.569888672,Informed-RRT*,12,20265915,1,251.366587283444,1.5704759,0.0097884
3d,悬挑,2,1.569888672,PRM*,12,20265915,1,258.417828100064,1.6389157,0.000129
3d,悬挑,2,1.569888672,FMT*,12,20265915,1,252.462349106915,1.5732959,0.0188375
3d,悬挑,2,1.569888672,BIT*,12,20265915,1,259.688834427489,1.5710468,0.0338714
3d,悬挑,2,1.569888672,RRT#,12,20265915,1,258.521329138248,1.5709161,0.0096557
3d,悬挑,2,1.569888672,APF-only,12,20265915,1,323.969580313845,0.0034608,0.00331
3d,悬挑,2,1.569888672,AB-IRRT*,12,20265915,1,249.279564365926,1.5710808,0.0041231
3d,悬挑,2,1.569888672,RRT*,13,20265916,1,263.768184059399,1.5703854,0.007261
3d,悬挑,2,1.569888672,Informed-RRT*,13,20265916,1,250.81033772077,1.5703829,0.0088901
3d,悬挑,2,1.569888672,PRM*,13,20265916,1,257.383958208653,1.6449863,0.0002996
3d,悬挑,2,1.569888672,FMT*,13,20265916,1,256.849047803747,1.5708285,0.0085008
3d,悬挑,2,1.569888672,BIT*,13,20265916,1,252.267614103298,1.571981,0.0295423
3d,悬挑,2,1.569888672,RRT#,13,20265916,1,260.426199728387,1.5709302,0.0100573
3d,悬挑,2,1.569888672,APF-only,13,20265916,1,323.969580313845,0.0031676,0.0030393
3d,悬挑,2,1.569888672,AB-IRRT*,13,20265916,1,249.632510695779,1.5704999,0.0040342
3d,悬挑,2,1.569888672,RRT*,14,20265917,1,262.119082820886,1.5702832,0.006996
3d,悬挑,2,1.569888672,Informed-RRT*,14,20265917,1,254.127310189943,1.570553,0.0066709
3d,悬挑,2,1.569888672,PRM*,14,20265917,1,268.326989928827,1.6378453,0.0001847
3d,悬挑,2,1.569888672,FMT*,14,20265917,1,262.50059422407,1.5708869,0.0108192
3d,悬挑,2,1.569888672,BIT*,14,20265917,1,253.782407653065,1.575033,0.0229005
3d,悬挑,2,1.569888672,RRT#,14,20265917,1,259.42358302256,1.5708445,0.0066312
3d,悬挑,2,1.569888672,APF-only,14,20265917,1,323.969580313845,0.0030393,0.0029182
3d,悬挑,2,1.569888672,AB-IRRT*,14,20265917,1,249.406914349028,1.5710747,0.0036456
3d,悬挑,2,1.569888672,RRT*,15,20265918,1,263.776569675449,1.5706391,0.0083205
3d,悬挑,2,1.569888672,Informed-RRT*,15,20265918,1,253.707857975596,1.5706311,0.013715
3d,悬挑,2,1.569888672,PRM*,15,20265918,1,262.020378114764,1.6432874,0.0010358
3d,悬挑,2,1.569888672,FMT*,15,20265918,1,255.963010689766,1.5720672,0.0129573
3d,悬挑,2,1.569888672,BIT*,15,20265918,1,256.064268233791,1.5731649,0.0226012
3d,悬挑,2,1.569888672,RRT#,15,20265918,1,261.469302264864,1.570822,0.0076771
3d,悬挑,2,1.569888672,APF-only,15,20265918,1,323.969580313845,0.0038269,0.0036736
3d,悬挑,2,1.569888672,AB-IRRT*,15,20265918,1,249.6722028599,1.5706996,0.0048194
3d,悬挑,2,1.569888672,RRT*,16,20265919,1,264.910469686517,1.5703065,0.0085006
3d,悬挑,2,1.569888672,Informed-RRT*,16,20265919,1,253.861157384285,1.5703233,0.0072362
3d,悬挑,2,1.569888672,PRM*,16,20265919,1,260.45511549482,1.6377187,0.0003273
3d,悬挑,2,1.569888672,FMT*,16,20265919,1,272.015614530448,1.5718171,0.0106534
3d,悬挑,2,1.569888672,BIT*,16,20265919,1,251.706431219345,1.57441,0.0180873
3d,悬挑,2,1.569888672,RRT#,16,20265919,1,265.063278904087,1.5708297,0.0074173
3d,悬挑,2,1.569888672,APF-only,16,20265919,1,323.969580313845,0.0036125,0.0034833
3d,悬挑,2,1.569888672,AB-IRRT*,16,20265919,1,249.689135304716,1.5705872,0.0040553
3d,悬挑,2,1.569888672,RRT*,17,20265920,1,269.255485338773,1.5703504,0.0117652
3d,悬挑,2,1.569888672,Informed-RRT*,17,20265920,1,254.760923765949,1.5703245,0.0107271
3d,悬挑,2,1.569888672,PRM*,17,20265920,1,261.557478073755,1.6309444,0.0007743
3d,悬挑,2,1.569888672,FMT*,17,20265920,1,257.708325852797,1.5705612,0.006842
3d,悬挑,2,1.569888672,BIT*,17,20265920,1,254.501493928221,1.5705852,0.016383
3d,悬挑,2,1.569888672,RRT#,17,20265920,1,261.989591885788,1.5708868,0.0101389
3d,悬挑,2,1.569888672,APF-only,17,20265920,1,323.969580313845,0.0032396,0.0031081
3d,悬挑,2,1.569888672,AB-IRRT*,17,20265920,1,249.634895933302,1.5707997,0.0042587
3d,悬挑,2,1.569888672,RRT*,18,20265921,1,262.248445295385,1.5703174,0.0064956
3d,悬挑,2,1.569888672,Informed-RRT*,18,20265921,1,251.999300502873,1.5704237,0.0065846
3d,悬挑,2,1.569888672,PRM*,18,20265921,1,257.970615118286,1.6386822,0.0003062
3d,悬挑,2,1.569888672,FMT*,18,20265921,1,258.07180499924,1.5709671,0.0102393
3d,悬挑,2,1.569888672,BIT*,18,20265921,1,253.463559050279,1.5718115,0.0014509
3d,悬挑,2,1.569888672,RRT#,18,20265921,1,257.64450619084,1.5712273,0.00553
3d,悬挑,2,1.569888672,APF-only,18,20265921,1,323.969580313845,0.0039234,0.0036551
3d,悬挑,2,1.569888672,AB-IRRT*,18,20265921,1,249.487445265815,1.5716743,0.0047587
3d,悬挑,2,1.569888672,RRT*,19,20265922,1,265.126809014604,1.5703057,0.0052533
3d,悬挑,2,1.569888672,Informed-RRT*,19,20265922,1,252.89806787724,1.5703828,0.0066459
3d,悬挑,2,1.569888672,PRM*,19,20265922,1,255.743076148162,1.6327551,0.0002549
3d,悬挑,2,1.569888672,FMT*,19,20265922,1,260.133425797771,1.5709386,0.0099818
3d,悬挑,2,1.569888672,BIT*,19,20265922,1,252.998264455625,1.5810947,0.0210313
3d,悬挑,2,1.569888672,RRT#,19,20265922,1,257.322105702466,1.5707401,0.0054963
3d,悬挑,2,1.569888672,APF-only,19,20265922,1,323.969580313845,0.0028796,0.0027645
3d,悬挑,2,1.569888672,AB-IRRT*,19,20265922,1,249.327617770652,1.570469,0.0031488
3d,悬挑,2,1.569888672,RRT*,20,20265923,1,264.003613924591,1.570248,0.0074526
3d,悬挑,2,1.569888672,Informed-RRT*,20,20265923,1,254.55177854017,1.5703069,0.0065758
3d,悬挑,2,1.569888672,PRM*,20,20265923,1,260.080458749571,1.6298436,0.0017688
3d,悬挑,2,1.569888672,FMT*,20,20265923,1,258.51556383601,1.571156,0.0069432
3d,悬挑,2,1.569888672,BIT*,20,20265923,1,252.006322382876,1.5756347,0.0185671
3d,悬挑,2,1.569888672,RRT#,20,20265923,1,260.654063432045,1.5709543,0.0059529
3d,悬挑,2,1.569888672,APF-only,20,20265923,1,323.969580313845,0.0032151,0.0030853
3d,悬挑,2,1.569888672,AB-IRRT*,20,20265923,1,249.720815495331,1.5707139,0.005132
3d,悬挑,2,1.569888672,RRT*,21,20265924,1,260.302375852962,1.5702342,0.0061823
3d,悬挑,2,1.569888672,Informed-RRT*,21,20265924,1,251.717299609053,1.5702401,0.0074705
3d,悬挑,2,1.569888672,PRM*,21,20265924,1,261.873700319187,1.6379246,0.0002131
3d,悬挑,2,1.569888672,FMT*,21,20265924,1,269.235735785804,1.5709356,0.0331849
3d,悬挑,2,1.569888672,BIT*,21,20265924,1,254.121562355174,1.5722368,0.1974457
3d,悬挑,2,1.569888672,RRT#,21,20265924,1,256.500973740311,1.5708892,0.0081572
3d,悬挑,2,1.569888672,APF-only,21,20265924,1,323.969580313845,0.0029577,0.0028285
3d,悬挑,2,1.569888672,AB-IRRT*,21,20265924,1,249.320084311087,1.5709934,0.0034395
3d,悬挑,2,1.569888672,RRT*,22,20265925,1,267.066390784246,1.5702153,0.0078772
3d,悬挑,2,1.569888672,Informed-RRT*,22,20265925,1,252.597489716011,1.5704182,0.0114185
3d,悬挑,2,1.569888672,PRM*,22,20265925,1,259.220503253867,1.634462,0.0018497
3d,悬挑,2,1.569888672,FMT*,22,20265925,1,257.800441148699,1.5711707,0.0156102
3d,悬挑,2,1.569888672,BIT*,22,20265925,1,256.502383566791,1.5710323,0.0538598
3d,悬挑,2,1.569888672,RRT#,22,20265925,1,265.157962698443,1.5708196,0.0104872
3d,悬挑,2,1.569888672,APF-only,22,20265925,1,323.969580313845,0.0032199,0.0030794
3d,悬挑,2,1.569888672,AB-IRRT*,22,20265925,1,249.498024436482,1.5705592,0.0055768
3d,悬挑,2,1.569888672,RRT*,23,20265926,1,258.108716717531,1.5702703,0.0081494
3d,悬挑,2,1.569888672,Informed-RRT*,23,20265926,1,252.197302215292,1.5705316,0.0110108
3d,悬挑,2,1.569888672,PRM*,23,20265926,1,262.406314886041,1.6300918,0.0006029
3d,悬挑,2,1.569888672,FMT*,23,20265926,1,257.294377390342,1.5711481,0.0096715
3d,悬挑,2,1.569888672,BIT*,23,20265926,1,256.489554437249,1.5706831,0.0221701
3d,悬挑,2,1.569888672,RRT#,23,20265926,1,256.534888774168,1.5708064,0.0080939
3d,悬挑,2,1.569888672,APF-only,23,20265926,1,323.969580313845,0.0028146,0.0026999
3d,悬挑,2,1.569888672,AB-IRRT*,23,20265926,1,249.496120404758,1.5704763,0.0031124
3d,悬挑,2,1.569888672,RRT*,24,20265927,1,257.653858210694,1.5703515,0.0047926
3d,悬挑,2,1.569888672,Informed-RRT*,24,20265927,1,250.815492368302,1.5703356,0.0050416
3d,悬挑,2,1.569888672,PRM*,24,20265927,1,259.155990754713,1.6312053,0.0003148
3d,悬挑,2,1.569888672,FMT*,24,20265927,1,256.28939924622,1.5733472,0.0136191
3d,悬挑,2,1.569888672,BIT*,24,20265927,1,256.736962954553,1.5712348,0.0532716
3d,悬挑,2,1.569888672,RRT#,24,20265927,1,257.629435284367,1.5709899,0.0059153
3d,悬挑,2,1.569888672,APF-only,24,20265927,1,323.969580313845,0.0034346,0.0032841
3d,悬挑,2,1.569888672,AB-IRRT*,24,20265927,1,249.471979655203,1.5704584,0.0044424
3d,悬挑,2,1.569888672,RRT*,25,20265928,1,264.382572385398,1.5702387,0.0072736
3d,悬挑,2,1.569888672,Informed-RRT*,25,20265928,1,252.704072114952,1.5705968,0.0089675
3d,悬挑,2,1.569888672,PRM*,25,20265928,1,263.486737567272,1.6370625,0.0012331
3d,悬挑,2,1.569888672,FMT*,25,20265928,1,255.881718439193,1.5710884,0.0089574
3d,悬挑,2,1.569888672,BIT*,25,20265928,1,255.415057241569,1.5709941,0.0335961
3d,悬挑,2,1.569888672,RRT#,25,20265928,1,260.930908002397,1.5707654,0.0087639
3d,悬挑,2,1.569888672,APF-only,25,20265928,1,323.969580313845,0.0027667,0.0026584
3d,悬挑,2,1.569888672,AB-IRRT*,25,20265928,1,249.712846783897,1.5707184,0.0028884
3d,悬挑,2,1.569888672,RRT*,26,20265929,1,264.827635039677,1.570178,0.00646
3d,悬挑,2,1.569888672,Informed-RRT*,26,20265929,1,254.434954395015,1.5703672,0.0063207
3d,悬挑,2,1.569888672,PRM*,26,20265929,1,261.714188111799,1.639349,0.0002516
3d,悬挑,2,1.569888672,FMT*,26,20265929,1,261.15842775961,1.5708709,0.0094865
3d,悬挑,2,1.569888672,BIT*,26,20265929,1,253.482279283637,1.5785418,0.0289835
3d,悬挑,2,1.569888672,RRT#,26,20265929,1,260.800464193032,1.5709125,0.0065934
3d,悬挑,2,1.569888672,APF-only,26,20265929,1,323.969580313845,0.0028935,0.0027704
3d,悬挑,2,1.569888672,AB-IRRT*,26,20265929,1,249.634515619793,1.5704588,0.0037789
3d,悬挑,2,1.569888672,RRT*,27,20265930,1,261.893561484569,1.5702506,0.0094629
3d,悬挑,2,1.569888672,Informed-RRT*,27,20265930,1,258.890042961343,1.5705192,0.0078662
3d,悬挑,2,1.569888672,PRM*,27,20265930,1,258.447005503483,1.636988,0.000755
3d,悬挑,2,1.569888672,FMT*,27,20265930,1,254.050722149989,1.5717191,0.0142774
3d,悬挑,2,1.569888672,BIT*,27,20265930,1,252.262558576784,1.575301,0.0050803
3d,悬挑,2,1.569888672,RRT#,27,20265930,1,259.463608976217,1.5707941,0.008505
3d,悬挑,2,1.569888672,APF-only,27,20265930,1,323.969580313845,0.0029358,0.0028138
3d,悬挑,2,1.569888672,AB-IRRT*,27,20265930,1,249.479766577269,1.5703793,0.0044068
3d,悬挑,2,1.569888672,RRT*,28,20265931,1,263.297574643633,1.5701628,0.0079857
3d,悬挑,2,1.569888672,Informed-RRT*,28,20265931,1,253.832905849924,1.5702815,0.0105214
3d,悬挑,2,1.569888672,PRM*,28,20265931,1,266.728260879875,1.6386522,0.0006884
3d,悬挑,2,1.569888672,FMT*,28,20265931,1,255.666363367197,1.5775796,0.0103261
3d,悬挑,2,1.569888672,BIT*,28,20265931,1,251.538664684672,1.5719315,0.0264995
3d,悬挑,2,1.569888672,RRT#,28,20265931,1,260.358964889446,1.5709079,0.0165229
3d,悬挑,2,1.569888672,APF-only,28,20265931,1,323.969580313845,0.0034147,0.0032785
3d,悬挑,2,1.569888672,AB-IRRT*,28,20265931,1,249.531824779387,1.5704622,0.0039758
3d,悬挑,2,1.569888672,RRT*,29,20265932,1,262.991947925489,1.570337,0.0074268
3d,悬挑,2,1.569888672,Informed-RRT*,29,20265932,1,252.118389581509,1.5702256,0.0079692
3d,悬挑,2,1.569888672,PRM*,29,20265932,1,262.902892839736,1.6367055,0.0002935
3d,悬挑,2,1.569888672,FMT*,29,20265932,1,270.285709081606,1.5712395,0.0039074
3d,悬挑,2,1.569888672,BIT*,29,20265932,1,257.65468281795,1.571292,0.0243392
3d,悬挑,2,1.569888672,RRT#,29,20265932,1,258.111293609506,1.5709923,0.0107877
3d,悬挑,2,1.569888672,APF-only,29,20265932,1,323.969580313845,0.0032297,0.0031051
3d,悬挑,2,1.569888672,AB-IRRT*,29,20265932,1,249.419728592381,1.5718403,0.0043018
3d,悬挑,2,1.569888672,RRT*,30,20265933,1,260.262610759594,1.5704289,0.011631
3d,悬挑,2,1.569888672,Informed-RRT*,30,20265933,1,252.899570877281,1.5706373,0.0139774
3d,悬挑,2,1.569888672,PRM*,30,20265933,1,259.043257187431,1.6440377,0.0005917
3d,悬挑,2,1.569888672,FMT*,30,20265933,1,258.704145549554,1.5709542,0.0110174
3d,悬挑,2,1.569888672,BIT*,30,20265933,1,252.893812931791,1.5822467,0.0301587
3d,悬挑,2,1.569888672,RRT#,30,20265933,1,260.262610759594,1.5709378,0.0111156
3d,悬挑,2,1.569888672,APF-only,30,20265933,1,323.969580313845,0.002843,0.0027148
3d,悬挑,2,1.569888672,AB-IRRT*,30,20265933,1,249.308461733293,1.5708699,0.0031639
