dim,scenario,algorithm,run,seed,success,length,time,firstSolutionTime,tPlanner,tShortcut,tPre,tOpt,nodes,iterations,turnSum,minClear,straightness,escapes,sideFlips,fallback
2d,一般,APF-only,1,20261904,1,229.358753,0.097837,0.077163,0.097837,NaN,NaN,NaN,NaN,52.0,16.513567,0.402765,0.887896,1.0,5.0,0
2d,一般,AB-IRRT*,1,20261904,1,208.929869,0.247723,0.012894,0.196212,0.003286,0.012894,0.212416,1363.0,2000.0,0.612369,0.567420,0.974713,1.0,5.0,0
2d,一般,APF-only,2,20261905,1,229.358753,0.003832,0.002913,0.003832,NaN,NaN,NaN,NaN,52.0,16.513567,0.402765,0.887896,1.0,5.0,0
2d,一般,AB-IRRT*,2,20261905,1,208.555537,0.146272,0.003196,0.138863,0.001314,0.003196,0.142143,1332.0,2000.0,0.576791,0.040146,0.976463,1.0,5.0,0
2d,一般,APF-only,3,20261906,1,229.358753,0.008566,0.005749,0.008566,NaN,NaN,NaN,NaN,52.0,16.513567,0.402765,0.887896,1.0,5.0,0
2d,一般,AB-IRRT*,3,20261906,1,208.830173,0.131633,0.006491,0.120491,0.001028,0.006491,0.123242,1366.0,2000.0,0.606031,0.121741,0.975179,1.0,5.0,0
2d,一般,APF-only,4,20261907,1,229.358753,0.001959,0.001679,0.001959,NaN,NaN,NaN,NaN,52.0,16.513567,0.402765,0.887896,1.0,5.0,0
2d,一般,AB-IRRT*,4,20261907,1,208.514039,0.099932,0.002166,0.095053,0.000193,0.002166,0.095884,1286.0,2000.0,0.600703,0.059075,0.976657,1.0,5.0,0
2d,一般,APF-only,5,20261908,1,229.358753,0.002255,0.001695,0.002255,NaN,NaN,NaN,NaN,52.0,16.513567,0.402765,0.887896,1.0,5.0,0
2d,一般,AB-IRRT*,5,20261908,1,208.970246,0.128261,0.005989,0.109614,0.000961,0.005989,0.115778,1304.0,2000.0,0.632438,0.128536,0.974525,1.0,5.0,0
2d,一般,APF-only,6,20261909,1,229.358753,0.002336,0.002160,0.002336,NaN,NaN,NaN,NaN,52.0,16.513567,0.402765,0.887896,1.0,5.0,0
2d,一般,AB-IRRT*,6,20261909,1,208.469112,0.114895,0.002035,0.110397,0.000232,0.002035,0.112481,1349.0,2000.0,0.581507,0.003631,0.976868,1.0,5.0,0
2d,一般,APF-only,7,20261910,1,229.358753,0.002062,0.001886,0.002062,NaN,NaN,NaN,NaN,52.0,16.513567,0.402765,0.887896,1.0,5.0,0
2d,一般,AB-IRRT*,7,20261910,1,208.793220,0.096234,0.001836,0.093986,0.000138,0.001836,0.094289,1349.0,2000.0,0.575162,0.065121,0.975351,1.0,5.0,0
2d,一般,APF-only,8,20261911,1,229.358753,0.001940,0.001798,0.001940,NaN,NaN,NaN,NaN,52.0,16.513567,0.402765,0.887896,1.0,5.0,0
2d,一般,AB-IRRT*,8,20261911,1,208.523245,0.101564,0.001809,0.099305,0.000148,0.001809,0.099623,1360.0,2000.0,0.583342,0.010694,0.976614,1.0,5.0,0
2d,一般,APF-only,9,20261912,1,229.358753,0.001809,0.001685,0.001809,NaN,NaN,NaN,NaN,52.0,16.513567,0.402765,0.887896,1.0,5.0,0
2d,一般,AB-IRRT*,9,20261912,1,208.849222,0.092428,0.001648,0.090325,0.000172,0.001648,0.090676,1375.0,2000.0,0.598240,0.129292,0.975090,1.0,5.0,0
2d,一般,APF-only,10,20261913,1,229.358753,0.001964,0.001850,0.001964,NaN,NaN,NaN,NaN,52.0,16.513567,0.402765,0.887896,1.0,5.0,0
2d,一般,AB-IRRT*,10,20261913,1,208.972429,0.104958,0.001961,0.102130,0.000423,0.001961,0.102849,1353.0,2000.0,0.640238,0.059355,0.974515,1.0,5.0,0
2d,一般,APF-only,11,20261914,1,229.358753,0.001850,0.001728,0.001850,NaN,NaN,NaN,NaN,52.0,16.513567,0.402765,0.887896,1.0,5.0,0
2d,一般,AB-IRRT*,11,20261914,1,208.531453,0.096662,0.002003,0.094081,0.000222,0.002003,0.094519,1364.0,2000.0,0.588577,0.081655,0.976576,1.0,5.0,0
2d,一般,APF-only,12,20261915,1,229.358753,0.002317,0.002151,0.002317,NaN,NaN,NaN,NaN,52.0,16.513567,0.402765,0.887896,1.0,5.0,0
2d,一般,AB-IRRT*,12,20261915,1,208.772594,0.092443,0.001680,0.090323,0.000152,0.001680,0.090653,1345.0,2000.0,0.620645,0.121197,0.975448,1.0,5.0,0
2d,一般,APF-only,13,20261916,1,229.358753,0.002230,0.002076,0.002230,NaN,NaN,NaN,NaN,52.0,16.513567,0.402765,0.887896,1.0,5.0,0
2d,一般,AB-IRRT*,13,20261916,1,209.100512,0.090965,0.001862,0.088416,0.000257,0.001862,0.088973,1357.0,2000.0,0.668714,0.365404,0.973918,1.0,5.0,0
2d,一般,APF-only,14,20261917,1,229.358753,0.002123,0.001996,0.002123,NaN,NaN,NaN,NaN,52.0,16.513567,0.402765,0.887896,1.0,5.0,0
2d,一般,AB-IRRT*,14,20261917,1,208.584176,0.093937,0.002470,0.090978,0.000181,0.002470,0.091345,1388.0,2000.0,0.592649,0.029422,0.976329,1.0,5.0,0
2d,一般,APF-only,15,20261918,1,229.358753,0.001953,0.001795,0.001953,NaN,NaN,NaN,NaN,52.0,16.513567,0.402765,0.887896,1.0,5.0,0
2d,一般,AB-IRRT*,15,20261918,1,208.540914,0.092148,0.001663,0.090052,0.000150,0.001663,0.090372,1352.0,2000.0,0.584632,0.242946,0.976531,1.0,5.0,0
2d,一般,APF-only,16,20261919,1,229.358753,0.002502,0.002370,0.002502,NaN,NaN,NaN,NaN,52.0,16.513567,0.402765,0.887896,1.0,5.0,0
2d,一般,AB-IRRT*,16,20261919,1,208.459047,0.092982,0.002125,0.090375,0.000174,0.002125,0.090725,1338.0,2000.0,0.578415,0.107837,0.976915,1.0,5.0,0
2d,一般,APF-only,17,20261920,1,229.358753,0.001860,0.001731,0.001860,NaN,NaN,NaN,NaN,52.0,16.513567,0.402765,0.887896,1.0,5.0,0
2d,一般,AB-IRRT*,17,20261920,1,208.615213,0.085978,0.001726,0.083711,0.000246,0.001726,0.084133,1336.0,2000.0,0.595257,0.173020,0.976184,1.0,5.0,0
2d,一般,APF-only,18,20261921,1,229.358753,0.001881,0.001761,0.001881,NaN,NaN,NaN,NaN,52.0,16.513567,0.402765,0.887896,1.0,5.0,0
2d,一般,AB-IRRT*,18,20261921,1,208.979754,0.085040,0.001733,0.082753,0.000210,0.001733,0.083136,1314.0,2000.0,0.628729,0.282901,0.974481,1.0,5.0,0
2d,一般,APF-only,19,20261922,1,229.358753,0.001374,0.001277,0.001374,NaN,NaN,NaN,NaN,52.0,16.513567,0.402765,0.887896,1.0,5.0,0
2d,一般,AB-IRRT*,19,20261922,1,208.830480,0.089145,0.001722,0.086996,0.000134,0.001722,0.087312,1306.0,2000.0,0.616369,0.250524,0.975177,1.0,5.0,0
2d,一般,APF-only,20,20261923,1,229.358753,0.001316,0.001221,0.001316,NaN,NaN,NaN,NaN,52.0,16.513567,0.402765,0.887896,1.0,5.0,0
2d,一般,AB-IRRT*,20,20261923,1,208.851150,0.088086,0.002430,0.085232,0.000113,0.002430,0.085545,1357.0,2000.0,0.602618,0.026911,0.975081,1.0,5.0,0
2d,一般,APF-only,21,20261924,1,229.358753,0.001230,0.001143,0.001230,NaN,NaN,NaN,NaN,52.0,16.513567,0.402765,0.887896,1.0,5.0,0
2d,一般,AB-IRRT*,21,20261924,1,208.772346,0.091631,0.002609,0.088559,0.000110,0.002609,0.088882,1352.0,2000.0,0.610044,0.214340,0.975449,1.0,5.0,0
2d,一般,APF-only,22,20261925,1,229.358753,0.001646,0.001517,0.001646,NaN,NaN,NaN,NaN,52.0,16.513567,0.402765,0.887896,1.0,5.0,0
2d,一般,AB-IRRT*,22,20261925,1,208.506761,0.089746,0.001697,0.087622,0.000159,0.001697,0.087946,1372.0,2000.0,0.579910,0.010960,0.976691,1.0,5.0,0
2d,一般,APF-only,23,20261926,1,229.358753,0.001325,0.001226,0.001325,NaN,NaN,NaN,NaN,52.0,16.513567,0.402765,0.887896,1.0,5.0,0
2d,一般,AB-IRRT*,23,20261926,1,208.671310,0.090333,0.001386,0.088498,0.000188,0.001386,0.088852,1343.0,2000.0,0.625957,0.111722,0.975921,1.0,5.0,0
2d,一般,APF-only,24,20261927,1,229.358753,0.001620,0.001502,0.001620,NaN,NaN,NaN,NaN,52.0,16.513567,0.402765,0.887896,1.0,5.0,0
2d,一般,AB-IRRT*,24,20261927,1,208.610416,0.085006,0.001609,0.082840,0.000239,0.001609,0.083276,1343.0,2000.0,0.599569,0.016087,0.976206,1.0,5.0,0
2d,一般,APF-only,25,20261928,1,229.358753,0.002122,0.002001,0.002122,NaN,NaN,NaN,NaN,52.0,16.513567,0.402765,0.887896,1.0,5.0,0
2d,一般,AB-IRRT*,25,20261928,1,208.739988,0.080846,0.001982,0.078034,0.000449,0.001982,0.078739,1349.0,2000.0,0.623046,0.209665,0.975600,1.0,5.0,0
2d,一般,APF-only,26,20261929,1,229.358753,0.001164,0.001080,0.001164,NaN,NaN,NaN,NaN,52.0,16.513567,0.402765,0.887896,1.0,5.0,0
2d,一般,AB-IRRT*,26,20261929,1,209.037985,0.088805,0.003366,0.084914,0.000178,0.003366,0.085288,1309.0,2000.0,0.654961,0.253278,0.974209,1.0,5.0,0
2d,一般,APF-only,27,20261930,1,229.358753,0.001637,0.001513,0.001637,NaN,NaN,NaN,NaN,52.0,16.513567,0.402765,0.887896,1.0,5.0,0
2d,一般,AB-IRRT*,27,20261930,1,209.418785,0.086811,0.001469,0.084924,0.000154,0.001469,0.085238,1324.0,2000.0,0.676107,0.800949,0.972438,1.0,5.0,0
2d,一般,APF-only,28,20261931,1,229.358753,0.001421,0.001315,0.001421,NaN,NaN,NaN,NaN,52.0,16.513567,0.402765,0.887896,1.0,5.0,0
2d,一般,AB-IRRT*,28,20261931,1,208.941946,0.085709,0.002018,0.082888,0.000106,0.002018,0.083210,1357.0,2000.0,0.662379,0.036432,0.974657,1.0,5.0,0
2d,一般,APF-only,29,20261932,1,229.358753,0.001163,0.001065,0.001163,NaN,NaN,NaN,NaN,52.0,16.513567,0.402765,0.887896,1.0,5.0,0
2d,一般,AB-IRRT*,29,20261932,1,208.702989,0.084007,0.001171,0.082228,0.000301,0.001171,0.082747,1352.0,2000.0,0.616087,0.111592,0.975773,1.0,5.0,0
2d,一般,APF-only,30,20261933,1,229.358753,0.001235,0.001145,0.001235,NaN,NaN,NaN,NaN,52.0,16.513567,0.402765,0.887896,1.0,5.0,0
2d,一般,AB-IRRT*,30,20261933,1,208.739316,0.081265,0.001273,0.079596,0.000147,0.001273,0.079900,1363.0,2000.0,0.589559,0.101559,0.975603,1.0,5.0,0
2d,一般,APF-only,31,20261934,1,229.358753,0.001233,0.001135,0.001233,NaN,NaN,NaN,NaN,52.0,16.513567,0.402765,0.887896,1.0,5.0,0
2d,一般,AB-IRRT*,31,20261934,1,208.573424,0.087288,0.001411,0.085121,0.000439,0.001411,0.085764,1318.0,2000.0,0.607104,0.033371,0.976379,1.0,5.0,0
2d,一般,APF-only,32,20261935,1,229.358753,0.001808,0.001683,0.001808,NaN,NaN,NaN,NaN,52.0,16.513567,0.402765,0.887896,1.0,5.0,0
2d,一般,AB-IRRT*,32,20261935,1,208.869272,0.087952,0.001566,0.085908,0.000175,0.001566,0.086274,1371.0,2000.0,0.607319,0.023667,0.974996,1.0,5.0,0
2d,一般,APF-only,33,20261936,1,229.358753,0.001698,0.001518,0.001698,NaN,NaN,NaN,NaN,52.0,16.513567,0.402765,0.887896,1.0,5.0,0
2d,一般,AB-IRRT*,33,20261936,1,208.648127,0.073063,0.001395,0.071190,0.000184,0.001395,0.071559,1319.0,2000.0,0.596789,0.006866,0.976030,1.0,5.0,0
2d,一般,APF-only,34,20261937,1,229.358753,0.002518,0.002326,0.002518,NaN,NaN,NaN,NaN,52.0,16.513567,0.402765,0.887896,1.0,5.0,0
2d,一般,AB-IRRT*,34,20261937,1,208.454059,0.091667,0.001801,0.089420,0.000152,0.001801,0.089729,1377.0,2000.0,0.580017,0.033527,0.976938,1.0,5.0,0
2d,一般,APF-only,35,20261938,1,229.358753,0.002435,0.002275,0.002435,NaN,NaN,NaN,NaN,52.0,16.513567,0.402765,0.887896,1.0,5.0,0
2d,一般,AB-IRRT*,35,20261938,1,208.851150,0.090931,0.002355,0.088106,0.000156,0.002355,0.088450,1346.0,2000.0,0.602618,0.026911,0.975081,1.0,5.0,0
2d,一般,APF-only,36,20261939,1,229.358753,0.001813,0.001694,0.001813,NaN,NaN,NaN,NaN,52.0,16.513567,0.402765,0.887896,1.0,5.0,0
2d,一般,AB-IRRT*,36,20261939,1,209.185205,0.084103,0.001343,0.082282,0.000197,0.001343,0.082662,1334.0,2000.0,0.669511,0.613839,0.973524,1.0,5.0,0
2d,一般,APF-only,37,20261940,1,229.358753,0.002019,0.001885,0.002019,NaN,NaN,NaN,NaN,52.0,16.513567,0.402765,0.887896,1.0,5.0,0
2d,一般,AB-IRRT*,37,20261940,1,208.520832,0.083076,0.001476,0.081176,0.000155,0.001476,0.081501,1364.0,2000.0,0.607679,0.013699,0.976625,1.0,5.0,0
2d,一般,APF-only,38,20261941,1,229.358753,0.001121,0.001044,0.001121,NaN,NaN,NaN,NaN,52.0,16.513567,0.402765,0.887896,1.0,5.0,0
2d,一般,AB-IRRT*,38,20261941,1,208.466768,0.086743,0.001630,0.084765,0.000097,0.001630,0.085023,1338.0,2000.0,0.576614,0.210289,0.976879,1.0,5.0,0
2d,一般,APF-only,39,20261942,1,229.358753,0.001357,0.001258,0.001357,NaN,NaN,NaN,NaN,52.0,16.513567,0.402765,0.887896,1.0,5.0,0
2d,一般,AB-IRRT*,39,20261942,1,208.903701,0.083245,0.001362,0.081492,0.000136,0.001362,0.081785,1339.0,2000.0,0.606580,0.055162,0.974836,1.0,5.0,0
2d,一般,APF-only,40,20261943,1,229.358753,0.001344,0.001235,0.001344,NaN,NaN,NaN,NaN,52.0,16.513567,0.402765,0.887896,1.0,5.0,0
2d,一般,AB-IRRT*,40,20261943,1,208.733204,0.088113,0.001253,0.086430,0.000167,0.001253,0.086764,1334.0,2000.0,0.589942,0.086061,0.975632,1.0,5.0,0
2d,一般,APF-only,41,20261944,1,229.358753,0.001827,0.001648,0.001827,NaN,NaN,NaN,NaN,52.0,16.513567,0.402765,0.887896,1.0,5.0,0
2d,一般,AB-IRRT*,41,20261944,1,208.885909,0.086095,0.001272,0.084394,0.000167,0.001272,0.084726,1341.0,2000.0,0.602618,0.402781,0.974919,1.0,5.0,0
2d,一般,APF-only,42,20261945,1,229.358753,0.001379,0.001283,0.001379,NaN,NaN,NaN,NaN,52.0,16.513567,0.402765,0.887896,1.0,5.0,0
2d,一般,AB-IRRT*,42,20261945,1,208.722927,0.080411,0.001437,0.078583,0.000111,0.001437,0.078875,1374.0,2000.0,0.612959,0.194480,0.975680,1.0,5.0,0
2d,一般,APF-only,43,20261946,1,229.358753,0.001283,0.001197,0.001283,NaN,NaN,NaN,NaN,52.0,16.513567,0.402765,0.887896,1.0,5.0,0
2d,一般,AB-IRRT*,43,20261946,1,208.926797,0.079411,0.001278,0.077818,0.000085,0.001278,0.078049,1366.0,2000.0,0.614250,0.420671,0.974728,1.0,5.0,0
2d,一般,APF-only,44,20261947,1,229.358753,0.001508,0.001394,0.001508,NaN,NaN,NaN,NaN,52.0,16.513567,0.402765,0.887896,1.0,5.0,0
2d,一般,AB-IRRT*,44,20261947,1,208.818493,0.089077,0.003334,0.085071,0.000130,0.003334,0.085595,1405.0,2000.0,0.622507,0.172519,0.975233,1.0,5.0,0
2d,一般,APF-only,45,20261948,1,229.358753,0.002846,0.002693,0.002846,NaN,NaN,NaN,NaN,52.0,16.513567,0.402765,0.887896,1.0,5.0,0
2d,一般,AB-IRRT*,45,20261948,1,208.611546,0.075038,0.002087,0.072367,0.000163,0.002087,0.072812,1356.0,2000.0,0.585458,0.143936,0.976201,1.0,5.0,0
2d,一般,APF-only,46,20261949,1,229.358753,0.001218,0.001125,0.001218,NaN,NaN,NaN,NaN,52.0,16.513567,0.402765,0.887896,1.0,5.0,0
2d,一般,AB-IRRT*,46,20261949,1,209.181378,0.063587,0.001232,0.061953,0.000142,0.001232,0.062257,1328.0,2000.0,0.591097,0.544719,0.973542,1.0,5.0,0
2d,一般,APF-only,47,20261950,1,229.358753,0.002890,0.002711,0.002890,NaN,NaN,NaN,NaN,52.0,16.513567,0.402765,0.887896,1.0,5.0,0
2d,一般,AB-IRRT*,47,20261950,1,208.745900,0.074663,0.001834,0.072452,0.000092,0.001834,0.072709,1348.0,2000.0,0.608358,0.219627,0.975572,1.0,5.0,0
2d,一般,APF-only,48,20261951,1,229.358753,0.001312,0.001217,0.001312,NaN,NaN,NaN,NaN,52.0,16.513567,0.402765,0.887896,1.0,5.0,0
2d,一般,AB-IRRT*,48,20261951,1,209.049966,0.077317,0.001277,0.075515,0.000261,0.001277,0.075947,1331.0,2000.0,0.603869,0.221834,0.974153,1.0,5.0,0
2d,一般,APF-only,49,20261952,1,229.358753,0.002210,0.002068,0.002210,NaN,NaN,NaN,NaN,52.0,16.513567,0.402765,0.887896,1.0,5.0,0
2d,一般,AB-IRRT*,49,20261952,1,208.966032,0.067917,0.001497,0.066087,0.000085,0.001497,0.066325,1331.0,2000.0,0.622045,0.042725,0.974545,1.0,5.0,0
2d,一般,APF-only,50,20261953,1,229.358753,0.001650,0.001557,0.001650,NaN,NaN,NaN,NaN,52.0,16.513567,0.402765,0.887896,1.0,5.0,0
2d,一般,AB-IRRT*,50,20261953,1,208.746224,0.074758,0.001116,0.073020,0.000347,0.001116,0.073548,1348.0,2000.0,0.616602,0.129508,0.975571,1.0,5.0,0
2d,狭窄,APF-only,1,20262904,1,279.791130,0.012927,0.012372,0.012927,NaN,NaN,NaN,NaN,64.0,46.450218,0.063261,0.727853,3.0,5.0,0
2d,狭窄,AB-IRRT*,1,20262904,1,212.885244,0.060177,0.008830,0.048619,0.000000,0.008830,0.050139,683.0,2000.0,2.346565,0.316946,0.956603,3.0,5.0,0
2d,狭窄,APF-only,2,20262905,1,279.791130,0.008741,0.008586,0.008741,NaN,NaN,NaN,NaN,64.0,46.450218,0.063261,0.727853,3.0,5.0,0
2d,狭窄,AB-IRRT*,2,20262905,1,212.885244,0.059061,0.008288,0.050323,0.000000,0.008288,0.050582,976.0,2000.0,2.346565,0.316946,0.956603,3.0,5.0,0
2d,狭窄,APF-only,3,20262906,1,279.791130,0.014420,0.014220,0.014420,NaN,NaN,NaN,NaN,64.0,46.450218,0.063261,0.727853,3.0,5.0,0
2d,狭窄,AB-IRRT*,3,20262906,1,212.885244,0.027474,0.007632,0.018861,0.000000,0.007632,0.019623,171.0,2000.0,2.346565,0.316946,0.956603,3.0,5.0,0
2d,狭窄,APF-only,4,20262907,1,279.791130,0.008578,0.008456,0.008578,NaN,NaN,NaN,NaN,64.0,46.450218,0.063261,0.727853,3.0,5.0,0
2d,狭窄,AB-IRRT*,4,20262907,1,212.885244,0.027169,0.008723,0.017753,0.000000,0.008723,0.017955,147.0,2000.0,2.346565,0.316946,0.956603,3.0,5.0,0
2d,狭窄,APF-only,5,20262908,1,279.791130,0.008273,0.008153,0.008273,NaN,NaN,NaN,NaN,64.0,46.450218,0.063261,0.727853,3.0,5.0,0
2d,狭窄,AB-IRRT*,5,20262908,1,212.885244,0.027363,0.010204,0.016622,0.000000,0.010204,0.017022,186.0,2000.0,2.346565,0.316946,0.956603,3.0,5.0,0
2d,狭窄,APF-only,6,20262909,1,279.791130,0.005613,0.005522,0.005613,NaN,NaN,NaN,NaN,64.0,46.450218,0.063261,0.727853,3.0,5.0,0
2d,狭窄,AB-IRRT*,6,20262909,1,212.885244,0.020533,0.007254,0.013026,0.000000,0.007254,0.013180,166.0,2000.0,2.346565,0.316946,0.956603,3.0,5.0,0
2d,狭窄,APF-only,7,20262910,1,279.791130,0.007078,0.006965,0.007078,NaN,NaN,NaN,NaN,64.0,46.450218,0.063261,0.727853,3.0,5.0,0
2d,狭窄,AB-IRRT*,7,20262910,1,212.885244,0.063403,0.005891,0.057200,0.000000,0.005891,0.057398,1218.0,2000.0,2.346565,0.316946,0.956603,3.0,5.0,0
2d,狭窄,APF-only,8,20262911,1,279.791130,0.006191,0.006098,0.006191,NaN,NaN,NaN,NaN,64.0,46.450218,0.063261,0.727853,3.0,5.0,0
2d,狭窄,AB-IRRT*,8,20262911,1,212.885244,0.064265,0.006488,0.057522,0.000000,0.006488,0.057678,1111.0,2000.0,2.346565,0.316946,0.956603,3.0,5.0,0
2d,狭窄,APF-only,9,20262912,1,279.791130,0.006988,0.006855,0.006988,NaN,NaN,NaN,NaN,64.0,46.450218,0.063261,0.727853,3.0,5.0,0
2d,狭窄,AB-IRRT*,9,20262912,1,212.885244,0.043707,0.006276,0.037203,0.000000,0.006276,0.037332,640.0,2000.0,2.346565,0.316946,0.956603,3.0,5.0,0
2d,狭窄,APF-only,10,20262913,1,279.791130,0.006687,0.006592,0.006687,NaN,NaN,NaN,NaN,64.0,46.450218,0.063261,0.727853,3.0,5.0,0
2d,狭窄,AB-IRRT*,10,20262913,1,212.885244,0.087276,0.006931,0.080021,0.000000,0.006931,0.080197,1175.0,2000.0,2.346565,0.316946,0.956603,3.0,5.0,0
2d,狭窄,APF-only,11,20262914,1,279.791130,0.006810,0.006692,0.006810,NaN,NaN,NaN,NaN,64.0,46.450218,0.063261,0.727853,3.0,5.0,0
2d,狭窄,AB-IRRT*,11,20262914,1,212.885244,0.033668,0.015007,0.018324,0.000000,0.015007,0.018487,191.0,2000.0,2.346565,0.316946,0.956603,3.0,5.0,0
2d,狭窄,APF-only,12,20262915,1,279.791130,0.010440,0.010182,0.010440,NaN,NaN,NaN,NaN,64.0,46.450218,0.063261,0.727853,3.0,5.0,0
2d,狭窄,AB-IRRT*,12,20262915,1,212.885244,0.028315,0.009454,0.018494,0.000000,0.009454,0.018724,189.0,2000.0,2.346565,0.316946,0.956603,3.0,5.0,0
2d,狭窄,APF-only,13,20262916,1,279.791130,0.015007,0.014832,0.015007,NaN,NaN,NaN,NaN,64.0,46.450218,0.063261,0.727853,3.0,5.0,0
2d,狭窄,AB-IRRT*,13,20262916,1,212.885244,0.026885,0.009689,0.016917,0.000000,0.009689,0.017063,172.0,2000.0,2.346565,0.316946,0.956603,3.0,5.0,0
2d,狭窄,APF-only,14,20262917,1,279.791130,0.008812,0.008672,0.008812,NaN,NaN,NaN,NaN,64.0,46.450218,0.063261,0.727853,3.0,5.0,0
2d,狭窄,AB-IRRT*,14,20262917,1,212.885244,0.069512,0.009592,0.059650,0.000000,0.009592,0.059802,1102.0,2000.0,2.346565,0.316946,0.956603,3.0,5.0,0
2d,狭窄,APF-only,15,20262918,1,279.791130,0.018236,0.017902,0.018236,NaN,NaN,NaN,NaN,64.0,46.450218,0.063261,0.727853,3.0,5.0,0
2d,狭窄,AB-IRRT*,15,20262918,1,212.885244,0.023799,0.008127,0.015407,0.000000,0.008127,0.015545,168.0,2000.0,2.346565,0.316946,0.956603,3.0,5.0,0
2d,狭窄,APF-only,16,20262919,1,279.791130,0.010383,0.010262,0.010383,NaN,NaN,NaN,NaN,64.0,46.450218,0.063261,0.727853,3.0,5.0,0
2d,狭窄,AB-IRRT*,16,20262919,1,212.885244,0.081626,0.009508,0.071829,0.000000,0.009508,0.071986,1206.0,2000.0,2.346565,0.316946,0.956603,3.0,5.0,0
2d,狭窄,APF-only,17,20262920,1,279.791130,0.007690,0.007467,0.007690,NaN,NaN,NaN,NaN,64.0,46.450218,0.063261,0.727853,3.0,5.0,0
2d,狭窄,AB-IRRT*,17,20262920,1,212.885244,0.061911,0.008140,0.053320,0.000000,0.008140,0.053642,1074.0,2000.0,2.346565,0.316946,0.956603,3.0,5.0,0
2d,狭窄,APF-only,18,20262921,1,279.791130,0.006065,0.005968,0.006065,NaN,NaN,NaN,NaN,64.0,46.450218,0.063261,0.727853,3.0,5.0,0
2d,狭窄,AB-IRRT*,18,20262921,1,212.885244,0.069773,0.006518,0.062785,0.000000,0.006518,0.063107,982.0,2000.0,2.346565,0.316946,0.956603,3.0,5.0,0
2d,狭窄,APF-only,19,20262922,1,279.791130,0.008932,0.008797,0.008932,NaN,NaN,NaN,NaN,64.0,46.450218,0.063261,0.727853,3.0,5.0,0
2d,狭窄,AB-IRRT*,19,20262922,1,212.885244,0.052788,0.007447,0.045005,0.000000,0.007447,0.045215,1107.0,2000.0,2.346565,0.316946,0.956603,3.0,5.0,0
2d,狭窄,APF-only,20,20262923,1,279.791130,0.008295,0.008162,0.008295,NaN,NaN,NaN,NaN,64.0,46.450218,0.063261,0.727853,3.0,5.0,0
2d,狭窄,AB-IRRT*,20,20262923,1,212.885244,0.062304,0.006299,0.055708,0.000000,0.006299,0.055883,1086.0,2000.0,2.346565,0.316946,0.956603,3.0,5.0,0
2d,狭窄,APF-only,21,20262924,1,279.791130,0.009354,0.009197,0.009354,NaN,NaN,NaN,NaN,64.0,46.450218,0.063261,0.727853,3.0,5.0,0
2d,狭窄,AB-IRRT*,21,20262924,1,212.885244,0.081626,0.008084,0.073282,0.000000,0.008084,0.073427,1218.0,2000.0,2.346565,0.316946,0.956603,3.0,5.0,0
2d,狭窄,APF-only,22,20262925,1,279.791130,0.006958,0.006846,0.006958,NaN,NaN,NaN,NaN,64.0,46.450218,0.063261,0.727853,3.0,5.0,0
2d,狭窄,AB-IRRT*,22,20262925,1,212.885244,0.029922,0.006348,0.023247,0.000000,0.006348,0.023441,182.0,2000.0,2.346565,0.316946,0.956603,3.0,5.0,0
2d,狭窄,APF-only,23,20262926,1,279.791130,0.007507,0.007397,0.007507,NaN,NaN,NaN,NaN,64.0,46.450218,0.063261,0.727853,3.0,5.0,0
2d,狭窄,AB-IRRT*,23,20262926,1,212.885244,0.026507,0.010634,0.015464,0.000000,0.010634,0.015661,189.0,2000.0,2.346565,0.316946,0.956603,3.0,5.0,0
2d,狭窄,APF-only,24,20262927,1,279.791130,0.009945,0.009768,0.009945,NaN,NaN,NaN,NaN,64.0,46.450218,0.063261,0.727853,3.0,5.0,0
2d,狭窄,AB-IRRT*,24,20262927,1,212.885244,0.018833,0.006586,0.012021,0.000000,0.006586,0.012147,152.0,2000.0,2.346565,0.316946,0.956603,3.0,5.0,0
2d,狭窄,APF-only,25,20262928,1,279.791130,0.005826,0.005700,0.005826,NaN,NaN,NaN,NaN,64.0,46.450218,0.063261,0.727853,3.0,5.0,0
2d,狭窄,AB-IRRT*,25,20262928,1,212.885244,0.036583,0.019069,0.017211,0.000000,0.019069,0.017389,179.0,2000.0,2.346565,0.316946,0.956603,3.0,5.0,0
2d,狭窄,APF-only,26,20262929,1,279.791130,0.008769,0.008637,0.008769,NaN,NaN,NaN,NaN,64.0,46.450218,0.063261,0.727853,3.0,5.0,0
2d,狭窄,AB-IRRT*,26,20262929,1,212.885244,0.057947,0.008670,0.048981,0.000000,0.008670,0.049149,1002.0,2000.0,2.346565,0.316946,0.956603,3.0,5.0,0
2d,狭窄,APF-only,27,20262930,1,279.791130,0.007988,0.007847,0.007988,NaN,NaN,NaN,NaN,64.0,46.450218,0.063261,0.727853,3.0,5.0,0
2d,狭窄,AB-IRRT*,27,20262930,1,212.885244,0.019199,0.006012,0.012775,0.000000,0.006012,0.012999,164.0,2000.0,2.346565,0.316946,0.956603,3.0,5.0,0
2d,狭窄,APF-only,28,20262931,1,279.791130,0.007666,0.007528,0.007666,NaN,NaN,NaN,NaN,64.0,46.450218,0.063261,0.727853,3.0,5.0,0
2d,狭窄,AB-IRRT*,28,20262931,1,212.885244,0.019861,0.006482,0.013125,0.000000,0.006482,0.013279,176.0,2000.0,2.346565,0.316946,0.956603,3.0,5.0,0
2d,狭窄,APF-only,29,20262932,1,279.791130,0.008978,0.008867,0.008978,NaN,NaN,NaN,NaN,64.0,46.450218,0.063261,0.727853,3.0,5.0,0
2d,狭窄,AB-IRRT*,29,20262932,1,212.885244,0.023938,0.006792,0.016852,0.000000,0.006792,0.017031,166.0,2000.0,2.346565,0.316946,0.956603,3.0,5.0,0
2d,狭窄,APF-only,30,20262933,1,279.791130,0.007896,0.007773,0.007896,NaN,NaN,NaN,NaN,64.0,46.450218,0.063261,0.727853,3.0,5.0,0
2d,狭窄,AB-IRRT*,30,20262933,1,212.885244,0.027624,0.006031,0.021340,0.000000,0.006031,0.021493,181.0,2000.0,2.346565,0.316946,0.956603,3.0,5.0,0
2d,狭窄,APF-only,31,20262934,1,279.791130,0.005934,0.005834,0.005934,NaN,NaN,NaN,NaN,64.0,46.450218,0.063261,0.727853,3.0,5.0,0
2d,狭窄,AB-IRRT*,31,20262934,1,212.885244,0.027235,0.011183,0.015753,0.000000,0.011183,0.015917,171.0,2000.0,2.346565,0.316946,0.956603,3.0,5.0,0
2d,狭窄,APF-only,32,20262935,1,279.791130,0.014196,0.014057,0.014196,NaN,NaN,NaN,NaN,64.0,46.450218,0.063261,0.727853,3.0,5.0,0
2d,狭窄,AB-IRRT*,32,20262935,1,212.885244,0.020186,0.007870,0.012083,0.000000,0.007870,0.012207,158.0,2000.0,2.346565,0.316946,0.956603,3.0,5.0,0
2d,狭窄,APF-only,33,20262936,1,279.791130,0.006625,0.006492,0.006625,NaN,NaN,NaN,NaN,64.0,46.450218,0.063261,0.727853,3.0,5.0,0
2d,狭窄,AB-IRRT*,33,20262936,1,212.885244,0.060970,0.008449,0.052238,0.000000,0.008449,0.052403,1155.0,2000.0,2.346565,0.316946,0.956603,3.0,5.0,0
2d,狭窄,APF-only,34,20262937,1,279.791130,0.009978,0.009859,0.009978,NaN,NaN,NaN,NaN,64.0,46.450218,0.063261,0.727853,3.0,5.0,0
2d,狭窄,AB-IRRT*,34,20262937,1,212.885244,0.026984,0.009174,0.017531,0.000000,0.009174,0.017681,174.0,2000.0,2.346565,0.316946,0.956603,3.0,5.0,0
2d,狭窄,APF-only,35,20262938,1,279.791130,0.006849,0.006694,0.006849,NaN,NaN,NaN,NaN,64.0,46.450218,0.063261,0.727853,3.0,5.0,0
2d,狭窄,AB-IRRT*,35,20262938,1,212.885244,0.024797,0.007304,0.017224,0.000000,0.007304,0.017387,177.0,2000.0,2.346565,0.316946,0.956603,3.0,5.0,0
2d,狭窄,APF-only,36,20262939,1,279.791130,0.006581,0.006470,0.006581,NaN,NaN,NaN,NaN,64.0,46.450218,0.063261,0.727853,3.0,5.0,0
2d,狭窄,AB-IRRT*,36,20262939,1,212.885244,0.026626,0.006977,0.019375,0.000000,0.006977,0.019512,165.0,2000.0,2.346565,0.316946,0.956603,3.0,5.0,0
2d,狭窄,APF-only,37,20262940,1,279.791130,0.007408,0.007200,0.007408,NaN,NaN,NaN,NaN,64.0,46.450218,0.063261,0.727853,3.0,5.0,0
2d,狭窄,AB-IRRT*,37,20262940,1,212.885244,0.083290,0.006215,0.076777,0.000000,0.006215,0.076963,1126.0,2000.0,2.346565,0.316946,0.956603,3.0,5.0,0
2d,狭窄,APF-only,38,20262941,1,279.791130,0.008622,0.008492,0.008622,NaN,NaN,NaN,NaN,64.0,46.450218,0.063261,0.727853,3.0,5.0,0
2d,狭窄,AB-IRRT*,38,20262941,1,212.885244,0.074403,0.009011,0.065029,0.000000,0.009011,0.065243,1174.0,2000.0,2.346565,0.316946,0.956603,3.0,5.0,0
2d,狭窄,APF-only,39,20262942,1,279.791130,0.009765,0.009613,0.009765,NaN,NaN,NaN,NaN,64.0,46.450218,0.063261,0.727853,3.0,5.0,0
2d,狭窄,AB-IRRT*,39,20262942,1,212.885244,0.027781,0.007878,0.019604,0.000000,0.007878,0.019777,176.0,2000.0,2.346565,0.316946,0.956603,3.0,5.0,0
2d,狭窄,APF-only,40,20262943,1,279.791130,0.010230,0.010067,0.010230,NaN,NaN,NaN,NaN,64.0,46.450218,0.063261,0.727853,3.0,5.0,0
2d,狭窄,AB-IRRT*,40,20262943,1,212.885244,0.053719,0.007851,0.045593,0.000000,0.007851,0.045740,1103.0,2000.0,2.346565,0.316946,0.956603,3.0,5.0,0
2d,狭窄,APF-only,41,20262944,1,279.791130,0.006225,0.006127,0.006225,NaN,NaN,NaN,NaN,64.0,46.450218,0.063261,0.727853,3.0,5.0,0
2d,狭窄,AB-IRRT*,41,20262944,1,212.885244,0.045501,0.010843,0.034320,0.000000,0.010843,0.034510,622.0,2000.0,2.346565,0.316946,0.956603,3.0,5.0,0
2d,狭窄,APF-only,42,20262945,1,279.791130,0.009620,0.009480,0.009620,NaN,NaN,NaN,NaN,64.0,46.450218,0.063261,0.727853,3.0,5.0,0
2d,狭窄,AB-IRRT*,42,20262945,1,212.885244,0.057956,0.007082,0.050635,0.000000,0.007082,0.050765,1179.0,2000.0,2.346565,0.316946,0.956603,3.0,5.0,0
2d,狭窄,APF-only,43,20262946,1,279.791130,0.006803,0.006704,0.006803,NaN,NaN,NaN,NaN,64.0,46.450218,0.063261,0.727853,3.0,5.0,0
2d,狭窄,AB-IRRT*,43,20262946,1,212.885244,0.033760,0.006533,0.026956,0.000000,0.006533,0.027115,639.0,2000.0,2.346565,0.316946,0.956603,3.0,5.0,0
2d,狭窄,APF-only,44,20262947,1,279.791130,0.006663,0.006556,0.006663,NaN,NaN,NaN,NaN,64.0,46.450218,0.063261,0.727853,3.0,5.0,0
2d,狭窄,AB-IRRT*,44,20262947,1,212.885244,0.023762,0.007382,0.015993,0.000000,0.007382,0.016256,190.0,2000.0,2.346565,0.316946,0.956603,3.0,5.0,0
2d,狭窄,APF-only,45,20262948,1,279.791130,0.009734,0.009617,0.009734,NaN,NaN,NaN,NaN,64.0,46.450218,0.063261,0.727853,3.0,5.0,0
2d,狭窄,AB-IRRT*,45,20262948,1,212.885244,0.066841,0.007719,0.058826,0.000000,0.007719,0.058984,1155.0,2000.0,2.346565,0.316946,0.956603,3.0,5.0,0
2d,狭窄,APF-only,46,20262949,1,279.791130,0.008468,0.008350,0.008468,NaN,NaN,NaN,NaN,64.0,46.450218,0.063261,0.727853,3.0,5.0,0
2d,狭窄,AB-IRRT*,46,20262949,1,212.885244,0.029799,0.010549,0.018975,0.000000,0.010549,0.019124,143.0,2000.0,2.346565,0.316946,0.956603,3.0,5.0,0
2d,狭窄,APF-only,47,20262950,1,279.791130,0.010352,0.010227,0.010352,NaN,NaN,NaN,NaN,64.0,46.450218,0.063261,0.727853,3.0,5.0,0
2d,狭窄,AB-IRRT*,47,20262950,1,212.885244,0.020127,0.007122,0.012741,0.000000,0.007122,0.012890,157.0,2000.0,2.346565,0.316946,0.956603,3.0,5.0,0
2d,狭窄,APF-only,48,20262951,1,279.791130,0.006024,0.005934,0.006024,NaN,NaN,NaN,NaN,64.0,46.450218,0.063261,0.727853,3.0,5.0,0
2d,狭窄,AB-IRRT*,48,20262951,1,212.885244,0.067835,0.006318,0.061246,0.000000,0.006318,0.061403,1237.0,2000.0,2.346565,0.316946,0.956603,3.0,5.0,0
2d,狭窄,APF-only,49,20262952,1,279.791130,0.009613,0.009489,0.009613,NaN,NaN,NaN,NaN,64.0,46.450218,0.063261,0.727853,3.0,5.0,0
2d,狭窄,AB-IRRT*,49,20262952,1,212.885244,0.027380,0.006346,0.020772,0.000000,0.006346,0.020917,151.0,2000.0,2.346565,0.316946,0.956603,3.0,5.0,0
2d,狭窄,APF-only,50,20262953,1,279.791130,0.005671,0.005572,0.005671,NaN,NaN,NaN,NaN,64.0,46.450218,0.063261,0.727853,3.0,5.0,0
2d,狭窄,AB-IRRT*,50,20262953,1,212.885244,0.049782,0.006421,0.043140,0.000000,0.006421,0.043268,886.0,2000.0,2.346565,0.316946,0.956603,3.0,5.0,0
2d,广阔,APF-only,1,20263904,1,301.840642,0.002802,0.002717,0.002802,NaN,NaN,NaN,NaN,72.0,53.671042,0.127432,0.674683,1.0,8.0,0
2d,广阔,AB-IRRT*,1,20263904,1,209.295009,0.087524,0.002051,0.084809,0.000293,0.002051,0.085322,1309.0,2000.0,0.631700,0.636250,0.973013,1.0,8.0,0
2d,广阔,APF-only,2,20263905,1,301.840642,0.002417,0.002293,0.002417,NaN,NaN,NaN,NaN,72.0,53.671042,0.127432,0.674683,1.0,8.0,0
2d,广阔,AB-IRRT*,2,20263905,1,209.620910,0.077037,0.002010,0.074539,0.000206,0.002010,0.074895,1321.0,2000.0,0.744361,0.017164,0.971500,1.0,8.0,0
2d,广阔,APF-only,3,20263906,1,301.840642,0.001831,0.001733,0.001831,NaN,NaN,NaN,NaN,72.0,53.671042,0.127432,0.674683,1.0,8.0,0
2d,广阔,AB-IRRT*,3,20263906,1,208.781264,0.070013,0.001859,0.067732,0.000144,0.001859,0.068031,1356.0,2000.0,0.583515,0.193567,0.975407,1.0,8.0,0
2d,广阔,APF-only,4,20263907,1,301.840642,0.002920,0.002783,0.002920,NaN,NaN,NaN,NaN,72.0,53.671042,0.127432,0.674683,1.0,8.0,0
2d,广阔,AB-IRRT*,4,20263907,1,209.873753,0.079429,0.002811,0.075904,0.000095,0.002811,0.076157,1368.0,2000.0,0.805065,0.817200,0.970330,1.0,8.0,0
2d,广阔,APF-only,5,20263908,1,301.840642,0.001629,0.001544,0.001629,NaN,NaN,NaN,NaN,72.0,53.671042,0.127432,0.674683,1.0,8.0,0
2d,广阔,AB-IRRT*,5,20263908,1,208.946929,0.075273,0.001711,0.073042,0.000242,0.001711,0.073456,1293.0,2000.0,0.628853,0.300963,0.974634,1.0,8.0,0
2d,广阔,APF-only,6,20263909,1,301.840642,0.001885,0.001770,0.001885,NaN,NaN,NaN,NaN,72.0,53.671042,0.127432,0.674683,1.0,8.0,0
2d,广阔,AB-IRRT*,6,20263909,1,208.493213,0.081451,0.002080,0.078942,0.000154,0.002080,0.079266,1331.0,2000.0,0.572032,0.095565,0.976755,1.0,8.0,0
2d,广阔,APF-only,7,20263910,1,301.840642,0.002002,0.001887,0.002002,NaN,NaN,NaN,NaN,72.0,53.671042,0.127432,0.674683,1.0,8.0,0
2d,广阔,AB-IRRT*,7,20263910,1,208.628178,0.074621,0.002499,0.071574,0.000217,0.002499,0.072014,1263.0,2000.0,0.596380,0.107285,0.976123,1.0,8.0,0
2d,广阔,APF-only,8,20263911,1,301.840642,0.001524,0.001438,0.001524,NaN,NaN,NaN,NaN,72.0,53.671042,0.127432,0.674683,1.0,8.0,0
2d,广阔,AB-IRRT*,8,20263911,1,208.640824,0.068196,0.001806,0.066035,0.000132,0.001806,0.066305,1254.0,2000.0,0.624036,0.036616,0.976064,1.0,8.0,0
2d,广阔,APF-only,9,20263912,1,301.840642,0.001601,0.001506,0.001601,NaN,NaN,NaN,NaN,72.0,53.671042,0.127432,0.674683,1.0,8.0,0
2d,广阔,AB-IRRT*,9,20263912,1,208.656464,0.068265,0.003571,0.064208,0.000127,0.003571,0.064552,1337.0,2000.0,0.609588,0.162978,0.975991,1.0,8.0,0
2d,广阔,APF-only,10,20263913,1,301.840642,0.001798,0.001703,0.001798,NaN,NaN,NaN,NaN,72.0,53.671042,0.127432,0.674683,1.0,8.0,0
2d,广阔,AB-IRRT*,10,20263913,1,208.787165,0.076683,0.003101,0.073062,0.000184,0.003101,0.073439,1323.0,2000.0,0.598634,0.136451,0.975380,1.0,8.0,0
2d,广阔,APF-only,11,20263914,1,301.840642,0.002608,0.002467,0.002608,NaN,NaN,NaN,NaN,72.0,53.671042,0.127432,0.674683,1.0,8.0,0
2d,广阔,AB-IRRT*,11,20263914,1,209.045055,0.098261,0.002271,0.095392,0.000250,0.002271,0.095856,1365.0,2000.0,0.625456,0.295371,0.974176,1.0,8.0,0
2d,广阔,APF-only,12,20263915,1,301.840642,0.001594,0.001484,0.001594,NaN,NaN,NaN,NaN,72.0,53.671042,0.127432,0.674683,1.0,8.0,0
2d,广阔,AB-IRRT*,12,20263915,1,208.668156,0.099367,0.007840,0.090879,0.000174,0.007840,0.091336,1321.0,2000.0,0.577000,0.204105,0.975936,1.0,8.0,0
2d,广阔,APF-only,13,20263916,1,301.840642,0.001996,0.001866,0.001996,NaN,NaN,NaN,NaN,72.0,53.671042,0.127432,0.674683,1.0,8.0,0
2d,广阔,AB-IRRT*,13,20263916,1,209.456055,0.090948,0.002206,0.088139,0.000233,0.002206,0.088628,1330.0,2000.0,0.657892,0.689062,0.972265,1.0,8.0,0
2d,广阔,APF-only,14,20263917,1,301.840642,0.002147,0.002026,0.002147,NaN,NaN,NaN,NaN,72.0,53.671042,0.127432,0.674683,1.0,8.0,0
2d,广阔,AB-IRRT*,14,20263917,1,208.641907,0.090036,0.002036,0.087478,0.000246,0.002036,0.087901,1328.0,2000.0,0.590894,0.030992,0.976059,1.0,8.0,0
2d,广阔,APF-only,15,20263918,1,301.840642,0.002227,0.002111,0.002227,NaN,NaN,NaN,NaN,72.0,53.671042,0.127432,0.674683,1.0,8.0,0
2d,广阔,AB-IRRT*,15,20263918,1,214.672931,0.092986,0.002598,0.089718,0.000368,0.002598,0.090272,1375.0,2000.0,1.570784,0.010951,0.948637,1.0,8.0,0
2d,广阔,APF-only,16,20263919,1,301.840642,0.002502,0.002376,0.002502,NaN,NaN,NaN,NaN,72.0,53.671042,0.127432,0.674683,1.0,8.0,0
2d,广阔,AB-IRRT*,16,20263919,1,208.772197,0.084447,0.002951,0.081046,0.000156,0.002951,0.081385,1270.0,2000.0,0.600983,0.471080,0.975450,1.0,8.0,0
2d,广阔,APF-only,17,20263920,1,301.840642,0.001885,0.001784,0.001885,NaN,NaN,NaN,NaN,72.0,53.671042,0.127432,0.674683,1.0,8.0,0
2d,广阔,AB-IRRT*,17,20263920,1,209.086244,0.097005,0.002116,0.094220,0.000291,0.002116,0.094725,1345.0,2000.0,0.698511,0.106325,0.973984,1.0,8.0,0
2d,广阔,APF-only,18,20263921,1,301.840642,0.003175,0.003050,0.003175,NaN,NaN,NaN,NaN,72.0,53.671042,0.127432,0.674683,1.0,8.0,0
2d,广阔,AB-IRRT*,18,20263921,1,209.046085,0.091657,0.002837,0.088203,0.000180,0.002837,0.088571,1288.0,2000.0,0.615629,0.299268,0.974172,1.0,8.0,0
2d,广阔,APF-only,19,20263922,1,301.840642,0.002350,0.002217,0.002350,NaN,NaN,NaN,NaN,72.0,53.671042,0.127432,0.674683,1.0,8.0,0
2d,广阔,AB-IRRT*,19,20263922,1,208.944768,0.079952,0.002784,0.076672,0.000200,0.002784,0.077054,1279.0,2000.0,0.632026,0.100547,0.974644,1.0,8.0,0
2d,广阔,APF-only,20,20263923,1,301.840642,0.002444,0.002291,0.002444,NaN,NaN,NaN,NaN,72.0,53.671042,0.127432,0.674683,1.0,8.0,0
2d,广阔,AB-IRRT*,20,20263923,1,208.777779,0.097388,0.002778,0.093992,0.000182,0.002778,0.094489,1317.0,2000.0,0.595716,0.375229,0.975424,1.0,8.0,0
2d,广阔,APF-only,21,20263924,1,301.840642,0.002241,0.002119,0.002241,NaN,NaN,NaN,NaN,72.0,53.671042,0.127432,0.674683,1.0,8.0,0
2d,广阔,AB-IRRT*,21,20263924,1,209.231519,0.089398,0.003043,0.085866,0.000174,0.003043,0.086219,1280.0,2000.0,0.648329,0.251041,0.973308,1.0,8.0,0
2d,广阔,APF-only,22,20263925,1,301.840642,0.001987,0.001882,0.001987,NaN,NaN,NaN,NaN,72.0,53.671042,0.127432,0.674683,1.0,8.0,0
2d,广阔,AB-IRRT*,22,20263925,1,209.017940,0.087936,0.002380,0.085062,0.000185,0.002380,0.085431,1343.0,2000.0,0.648874,0.167273,0.974303,1.0,8.0,0
2d,广阔,APF-only,23,20263926,1,301.840642,0.002615,0.002467,0.002615,NaN,NaN,NaN,NaN,72.0,53.671042,0.127432,0.674683,1.0,8.0,0
2d,广阔,AB-IRRT*,23,20263926,1,208.628526,0.085549,0.002967,0.082063,0.000191,0.002967,0.082452,1374.0,2000.0,0.587479,0.185625,0.976121,1.0,8.0,0
2d,广阔,APF-only,24,20263927,1,301.840642,0.002438,0.002315,0.002438,NaN,NaN,NaN,NaN,72.0,53.671042,0.127432,0.674683,1.0,8.0,0
2d,广阔,AB-IRRT*,24,20263927,1,208.821165,0.089351,0.002640,0.086283,0.000147,0.002640,0.086594,1395.0,2000.0,0.614885,0.004243,0.975221,1.0,8.0,0
2d,广阔,APF-only,25,20263928,1,301.840642,0.002946,0.002813,0.002946,NaN,NaN,NaN,NaN,72.0,53.671042,0.127432,0.674683,1.0,8.0,0
2d,广阔,AB-IRRT*,25,20263928,1,208.822208,0.089245,0.003021,0.085782,0.000155,0.003021,0.086110,1340.0,2000.0,0.610143,0.003293,0.975216,1.0,8.0,0
2d,广阔,APF-only,26,20263929,1,301.840642,0.002142,0.002032,0.002142,NaN,NaN,NaN,NaN,72.0,53.671042,0.127432,0.674683,1.0,8.0,0
2d,广阔,AB-IRRT*,26,20263929,1,208.882348,0.089816,0.002964,0.086337,0.000207,0.002964,0.086729,1385.0,2000.0,0.596787,0.457146,0.974935,1.0,8.0,0
2d,广阔,APF-only,27,20263930,1,301.840642,0.002883,0.002747,0.002883,NaN,NaN,NaN,NaN,72.0,53.671042,0.127432,0.674683,1.0,8.0,0
2d,广阔,AB-IRRT*,27,20263930,1,208.946819,0.102587,0.002357,0.099778,0.000146,0.002357,0.100117,1375.0,2000.0,0.597945,0.152811,0.974634,1.0,8.0,0
2d,广阔,APF-only,28,20263931,1,301.840642,0.002662,0.002525,0.002662,NaN,NaN,NaN,NaN,72.0,53.671042,0.127432,0.674683,1.0,8.0,0
2d,广阔,AB-IRRT*,28,20263931,1,208.490941,0.084239,0.002930,0.080713,0.000167,0.002930,0.081168,1318.0,2000.0,0.590621,0.030341,0.976765,1.0,8.0,0
2d,广阔,APF-only,29,20263932,1,301.840642,0.002276,0.002159,0.002276,NaN,NaN,NaN,NaN,72.0,53.671042,0.127432,0.674683,1.0,8.0,0
2d,广阔,AB-IRRT*,29,20263932,1,208.658518,0.080246,0.002579,0.077266,0.000122,0.002579,0.077570,1338.0,2000.0,0.617811,0.043151,0.975981,1.0,8.0,0
2d,广阔,APF-only,30,20263933,1,301.840642,0.001922,0.001834,0.001922,NaN,NaN,NaN,NaN,72.0,53.671042,0.127432,0.674683,1.0,8.0,0
2d,广阔,AB-IRRT*,30,20263933,1,209.463619,0.111705,0.004227,0.106872,0.000198,0.004227,0.107322,1327.0,2000.0,0.763923,0.019731,0.972230,1.0,8.0,0
2d,广阔,APF-only,31,20263934,1,301.840642,0.003217,0.003092,0.003217,NaN,NaN,NaN,NaN,72.0,53.671042,0.127432,0.674683,1.0,8.0,0
2d,广阔,AB-IRRT*,31,20263934,1,208.701278,0.085717,0.002561,0.082712,0.000178,0.002561,0.083054,1329.0,2000.0,0.595002,0.013924,0.975781,1.0,8.0,0
2d,广阔,APF-only,32,20263935,1,301.840642,0.002577,0.002449,0.002577,NaN,NaN,NaN,NaN,72.0,53.671042,0.127432,0.674683,1.0,8.0,0
2d,广阔,AB-IRRT*,32,20263935,1,208.974298,0.084096,0.002213,0.081249,0.000340,0.002213,0.081776,1307.0,2000.0,0.607259,0.674735,0.974506,1.0,8.0,0
2d,广阔,APF-only,33,20263936,1,301.840642,0.001992,0.001889,0.001992,NaN,NaN,NaN,NaN,72.0,53.671042,0.127432,0.674683,1.0,8.0,0
2d,广阔,AB-IRRT*,33,20263936,1,209.562815,0.083526,0.001969,0.081202,0.000115,0.001969,0.081468,1350.0,2000.0,0.780373,0.263438,0.971770,1.0,8.0,0
2d,广阔,APF-only,34,20263937,1,301.840642,0.002687,0.002552,0.002687,NaN,NaN,NaN,NaN,72.0,53.671042,0.127432,0.674683,1.0,8.0,0
2d,广阔,AB-IRRT*,34,20263937,1,208.998406,0.080084,0.003340,0.076152,0.000221,0.003340,0.076604,1289.0,2000.0,0.638658,0.298543,0.974394,1.0,8.0,0
2d,广阔,APF-only,35,20263938,1,301.840642,0.002503,0.002381,0.002503,NaN,NaN,NaN,NaN,72.0,53.671042,0.127432,0.674683,1.0,8.0,0
2d,广阔,AB-IRRT*,35,20263938,1,208.772267,0.086846,0.002535,0.083451,0.000123,0.002535,0.084036,1349.0,2000.0,0.631414,0.092690,0.975449,1.0,8.0,0
2d,广阔,APF-only,36,20263939,1,301.840642,0.001513,0.001426,0.001513,NaN,NaN,NaN,NaN,72.0,53.671042,0.127432,0.674683,1.0,8.0,0
2d,广阔,AB-IRRT*,36,20263939,1,208.879958,0.084147,0.002742,0.080868,0.000151,0.002742,0.081288,1375.0,2000.0,0.656305,0.298933,0.974946,1.0,8.0,0
2d,广阔,APF-only,37,20263940,1,301.840642,0.001856,0.001751,0.001856,NaN,NaN,NaN,NaN,72.0,53.671042,0.127432,0.674683,1.0,8.0,0
2d,广阔,AB-IRRT*,37,20263940,1,208.750922,0.088526,0.001955,0.086139,0.000153,0.001955,0.086471,1362.0,2000.0,0.572843,0.018314,0.975549,1.0,8.0,0
2d,广阔,APF-only,38,20263941,1,301.840642,0.001848,0.001643,0.001848,NaN,NaN,NaN,NaN,72.0,53.671042,0.127432,0.674683,1.0,8.0,0
2d,广阔,AB-IRRT*,38,20263941,1,209.045323,0.084258,0.001874,0.081717,0.000258,0.001874,0.082208,1257.0,2000.0,0.678637,0.163649,0.974175,1.0,8.0,0
2d,广阔,APF-only,39,20263942,1,301.840642,0.002567,0.002416,0.002567,NaN,NaN,NaN,NaN,72.0,53.671042,0.127432,0.674683,1.0,8.0,0
2d,广阔,AB-IRRT*,39,20263942,1,209.749846,0.088280,0.002511,0.085355,0.000142,0.002511,0.085662,1396.0,2000.0,0.625330,1.281545,0.970903,1.0,8.0,0
2d,广阔,APF-only,40,20263943,1,301.840642,0.002440,0.002319,0.002440,NaN,NaN,NaN,NaN,72.0,53.671042,0.127432,0.674683,1.0,8.0,0
2d,广阔,AB-IRRT*,40,20263943,1,208.947943,0.090918,0.002820,0.087625,0.000137,0.002820,0.087971,1399.0,2000.0,0.621531,0.611441,0.974629,1.0,8.0,0
2d,广阔,APF-only,41,20263944,1,301.840642,0.002069,0.001959,0.002069,NaN,NaN,NaN,NaN,72.0,53.671042,0.127432,0.674683,1.0,8.0,0
2d,广阔,AB-IRRT*,41,20263944,1,208.761290,0.085017,0.002493,0.082044,0.000159,0.002493,0.082411,1306.0,2000.0,0.601710,0.286433,0.975501,1.0,8.0,0
2d,广阔,APF-only,42,20263945,1,301.840642,0.001562,0.001473,0.001562,NaN,NaN,NaN,NaN,72.0,53.671042,0.127432,0.674683,1.0,8.0,0
2d,广阔,AB-IRRT*,42,20263945,1,209.078560,0.089172,0.002774,0.085889,0.000162,0.002774,0.086282,1352.0,2000.0,0.630231,0.505135,0.974020,1.0,8.0,0
2d,广阔,APF-only,43,20263946,1,301.840642,0.002405,0.002278,0.002405,NaN,NaN,NaN,NaN,72.0,53.671042,0.127432,0.674683,1.0,8.0,0
2d,广阔,AB-IRRT*,43,20263946,1,210.106745,0.095881,0.002551,0.092897,0.000126,0.002551,0.093218,1362.0,2000.0,0.864463,0.221126,0.969254,1.0,8.0,0
2d,广阔,APF-only,44,20263947,1,301.840642,0.003309,0.003159,0.003309,NaN,NaN,NaN,NaN,72.0,53.671042,0.127432,0.674683,1.0,8.0,0
2d,广阔,AB-IRRT*,44,20263947,1,209.390084,0.085796,0.002890,0.081936,0.000205,0.002890,0.082717,1269.0,2000.0,0.750420,0.020772,0.972571,1.0,8.0,0
2d,广阔,APF-only,45,20263948,1,301.840642,0.001803,0.001708,0.001803,NaN,NaN,NaN,NaN,72.0,53.671042,0.127432,0.674683,1.0,8.0,0
2d,广阔,AB-IRRT*,45,20263948,1,208.895230,0.093058,0.002447,0.090147,0.000141,0.002447,0.090494,1410.0,2000.0,0.632146,0.111902,0.974875,1.0,8.0,0
2d,广阔,APF-only,46,20263949,1,301.840642,0.002827,0.002678,0.002827,NaN,NaN,NaN,NaN,72.0,53.671042,0.127432,0.674683,1.0,8.0,0
2d,广阔,AB-IRRT*,46,20263949,1,210.212274,0.094182,0.002536,0.091142,0.000179,0.002536,0.091532,1360.0,2000.0,0.868029,0.008856,0.968767,1.0,8.0,0
2d,广阔,APF-only,47,20263950,1,301.840642,0.002783,0.002481,0.002783,NaN,NaN,NaN,NaN,72.0,53.671042,0.127432,0.674683,1.0,8.0,0
2d,广阔,AB-IRRT*,47,20263950,1,208.526692,0.087210,0.002511,0.084283,0.000137,0.002511,0.084600,1312.0,2000.0,0.583310,0.215739,0.976598,1.0,8.0,0
2d,广阔,APF-only,48,20263951,1,301.840642,0.001891,0.001791,0.001891,NaN,NaN,NaN,NaN,72.0,53.671042,0.127432,0.674683,1.0,8.0,0
2d,广阔,AB-IRRT*,48,20263951,1,208.888055,0.089080,0.003678,0.084866,0.000131,0.003678,0.085272,1369.0,2000.0,0.604324,0.410285,0.974909,1.0,8.0,0
2d,广阔,APF-only,49,20263952,1,301.840642,0.002859,0.002664,0.002859,NaN,NaN,NaN,NaN,72.0,53.671042,0.127432,0.674683,1.0,8.0,0
2d,广阔,AB-IRRT*,49,20263952,1,209.472809,0.089653,0.002404,0.086822,0.000147,0.002404,0.087147,1328.0,2000.0,0.658696,0.689287,0.972187,1.0,8.0,0
2d,广阔,APF-only,50,20263953,1,301.840642,0.002351,0.002083,0.002351,NaN,NaN,NaN,NaN,72.0,53.671042,0.127432,0.674683,1.0,8.0,0
2d,广阔,AB-IRRT*,50,20263953,1,208.589981,0.077960,0.002963,0.074525,0.000153,0.002963,0.074882,1262.0,2000.0,0.585917,0.093999,0.976302,1.0,8.0,0
3d,一般,APF-only,1,20261904,1,716.427491,0.105457,0.096524,0.105457,NaN,NaN,NaN,NaN,118.0,147.402736,0.120433,0.360226,5.0,11.0,0
3d,一般,AB-IRRT*,1,20261904,1,277.482075,0.734697,0.045047,0.669261,0.003246,0.045047,0.679262,3950.0,6000.0,3.495230,0.415826,0.930062,5.0,11.0,0
3d,一般,APF-only,2,20261905,1,716.427491,0.019981,0.019437,0.019981,NaN,NaN,NaN,NaN,118.0,147.402736,0.120433,0.360226,5.0,11.0,0
3d,一般,AB-IRRT*,2,20261905,1,273.629930,0.603459,0.021776,0.577331,0.001692,0.021776,0.580475,3629.0,6000.0,2.773939,0.034043,0.943155,5.0,11.0,0
3d,一般,APF-only,3,20261906,1,716.427491,0.024766,0.021981,0.024766,NaN,NaN,NaN,NaN,118.0,147.402736,0.120433,0.360226,5.0,11.0,0
3d,一般,AB-IRRT*,3,20261906,1,280.859043,0.575369,0.021646,0.549671,0.001700,0.021646,0.552198,3957.0,6000.0,4.247079,0.186032,0.918879,5.0,11.0,0
3d,一般,APF-only,4,20261907,1,716.427491,0.018045,0.017756,0.018045,NaN,NaN,NaN,NaN,118.0,147.402736,0.120433,0.360226,5.0,11.0,0
3d,一般,AB-IRRT*,4,20261907,1,293.601860,0.509866,0.019662,0.485435,0.000804,0.019662,0.487104,3991.0,6000.0,4.769629,0.033888,0.878998,5.0,11.0,0
3d,一般,APF-only,5,20261908,1,716.427491,0.022638,0.022053,0.022638,NaN,NaN,NaN,NaN,118.0,147.402736,0.120433,0.360226,5.0,11.0,0
3d,一般,AB-IRRT*,5,20261908,1,273.930521,0.584638,0.021880,0.552375,0.001820,0.021880,0.558741,3698.0,6000.0,2.893353,0.049408,0.942121,5.0,11.0,0
3d,一般,APF-only,6,20261909,1,716.427491,0.016769,0.016590,0.016769,NaN,NaN,NaN,NaN,118.0,147.402736,0.120433,0.360226,5.0,11.0,0
3d,一般,AB-IRRT*,6,20261909,1,277.776400,0.525450,0.016012,0.507080,0.000545,0.016012,0.509103,4058.0,6000.0,2.848551,0.422263,0.929077,5.0,11.0,0
3d,一般,APF-only,7,20261910,1,716.427491,0.011357,0.011224,0.011357,NaN,NaN,NaN,NaN,118.0,147.402736,0.120433,0.360226,5.0,11.0,0
3d,一般,AB-IRRT*,7,20261910,1,273.254038,0.463814,0.018186,0.444845,0.000460,0.018186,0.445474,3613.0,6000.0,2.596828,0.062113,0.944453,5.0,11.0,0
3d,一般,APF-only,8,20261911,1,716.427491,0.011089,0.010958,0.011089,NaN,NaN,NaN,NaN,118.0,147.402736,0.120433,0.360226,5.0,11.0,0
3d,一般,AB-IRRT*,8,20261911,1,277.773478,0.499895,0.014431,0.484212,0.000902,0.014431,0.485305,3996.0,6000.0,3.011079,0.382321,0.929086,5.0,11.0,0
3d,一般,APF-only,9,20261912,1,716.427491,0.011178,0.011036,0.011178,NaN,NaN,NaN,NaN,118.0,147.402736,0.120433,0.360226,5.0,11.0,0
3d,一般,AB-IRRT*,9,20261912,1,292.172550,0.463789,0.014826,0.447407,0.001158,0.014826,0.448785,3811.0,6000.0,4.859139,0.089225,0.883298,5.0,11.0,0
3d,一般,APF-only,10,20261913,1,716.427491,0.011284,0.011132,0.011284,NaN,NaN,NaN,NaN,118.0,147.402736,0.120433,0.360226,5.0,11.0,0
3d,一般,AB-IRRT*,10,20261913,1,277.595711,0.506076,0.017857,0.487083,0.000785,0.017857,0.488070,3895.0,6000.0,2.696373,0.132444,0.929681,5.0,11.0,0
3d,一般,APF-only,11,20261914,1,716.427491,0.017420,0.017237,0.017420,NaN,NaN,NaN,NaN,118.0,147.402736,0.120433,0.360226,5.0,11.0,0
3d,一般,AB-IRRT*,11,20261914,1,275.506932,0.566968,0.019828,0.545983,0.000794,0.019828,0.546978,3898.0,6000.0,2.734020,0.086077,0.936730,5.0,11.0,0
3d,一般,APF-only,12,20261915,1,716.427491,0.011195,0.011060,0.011195,NaN,NaN,NaN,NaN,118.0,147.402736,0.120433,0.360226,5.0,11.0,0
3d,一般,AB-IRRT*,12,20261915,1,282.878638,0.501990,0.014292,0.486823,0.000547,0.014292,0.487555,3872.0,6000.0,1.887786,0.160773,0.912319,5.0,11.0,0
3d,一般,APF-only,13,20261916,1,716.427491,0.010759,0.010613,0.010759,NaN,NaN,NaN,NaN,118.0,147.402736,0.120433,0.360226,5.0,11.0,0
3d,一般,AB-IRRT*,13,20261916,1,281.675677,0.472765,0.013955,0.457456,0.000967,0.013955,0.458666,3915.0,6000.0,4.784595,0.291118,0.916215,5.0,11.0,0
3d,一般,APF-only,14,20261917,1,716.427491,0.015521,0.015372,0.015521,NaN,NaN,NaN,NaN,118.0,147.402736,0.120433,0.360226,5.0,11.0,0
3d,一般,AB-IRRT*,14,20261917,1,285.276346,0.514808,0.021153,0.492534,0.000713,0.021153,0.493486,3991.0,6000.0,3.211909,0.182118,0.904651,5.0,11.0,0
3d,一般,APF-only,15,20261918,1,716.427491,0.015270,0.015106,0.015270,NaN,NaN,NaN,NaN,118.0,147.402736,0.120433,0.360226,5.0,11.0,0
3d,一般,AB-IRRT*,15,20261918,1,275.494862,0.523793,0.016238,0.506381,0.000803,0.016238,0.507400,3818.0,6000.0,2.896005,0.111157,0.936771,5.0,11.0,0
3d,一般,APF-only,16,20261919,1,716.427491,0.016223,0.016033,0.016223,NaN,NaN,NaN,NaN,118.0,147.402736,0.120433,0.360226,5.0,11.0,0
3d,一般,AB-IRRT*,16,20261919,1,277.226330,0.520344,0.021422,0.497211,0.001234,0.021422,0.498716,3937.0,6000.0,2.567095,0.264225,0.930920,5.0,11.0,0
3d,一般,APF-only,17,20261920,1,716.427491,0.016839,0.016629,0.016839,NaN,NaN,NaN,NaN,118.0,147.402736,0.120433,0.360226,5.0,11.0,0
3d,一般,AB-IRRT*,17,20261920,1,279.957131,0.540622,0.020504,0.518022,0.001576,0.020504,0.519888,3845.0,6000.0,3.462036,0.306374,0.921840,5.0,11.0,0
3d,一般,APF-only,18,20261921,1,716.427491,0.017482,0.017312,0.017482,NaN,NaN,NaN,NaN,118.0,147.402736,0.120433,0.360226,5.0,11.0,0
3d,一般,AB-IRRT*,18,20261921,1,271.231909,0.521567,0.020599,0.498978,0.001561,0.020599,0.500763,3662.0,6000.0,2.568857,0.002683,0.951494,5.0,11.0,0
3d,一般,APF-only,19,20261922,1,716.427491,0.017116,0.016842,0.017116,NaN,NaN,NaN,NaN,118.0,147.402736,0.120433,0.360226,5.0,11.0,0
3d,一般,AB-IRRT*,19,20261922,1,278.533335,0.579922,0.013981,0.564781,0.000767,0.013981,0.565787,4009.0,6000.0,3.121041,0.008851,0.926552,5.0,11.0,0
3d,一般,APF-only,20,20261923,1,716.427491,0.020156,0.019977,0.020156,NaN,NaN,NaN,NaN,118.0,147.402736,0.120433,0.360226,5.0,11.0,0
3d,一般,AB-IRRT*,20,20261923,1,281.681473,0.568910,0.016325,0.551343,0.000871,0.016325,0.552430,3955.0,6000.0,3.436401,0.323808,0.916196,5.0,11.0,0
3d,一般,APF-only,21,20261924,1,716.427491,0.014666,0.014500,0.014666,NaN,NaN,NaN,NaN,118.0,147.402736,0.120433,0.360226,5.0,11.0,0
3d,一般,AB-IRRT*,21,20261924,1,292.613462,0.518212,0.018830,0.498534,0.000455,0.018830,0.499216,3904.0,6000.0,2.181477,0.439231,0.881968,5.0,11.0,0
3d,一般,APF-only,22,20261925,1,716.427491,0.016801,0.016605,0.016801,NaN,NaN,NaN,NaN,118.0,147.402736,0.120433,0.360226,5.0,11.0,0
3d,一般,AB-IRRT*,22,20261925,1,290.438410,0.553240,0.021094,0.531051,0.000701,0.021094,0.531984,3941.0,6000.0,3.326071,0.020905,0.888572,5.0,11.0,0
3d,一般,APF-only,23,20261926,1,716.427491,0.017063,0.016859,0.017063,NaN,NaN,NaN,NaN,118.0,147.402736,0.120433,0.360226,5.0,11.0,0
3d,一般,AB-IRRT*,23,20261926,1,291.591095,0.457279,0.022160,0.434189,0.000526,0.022160,0.434953,3619.0,6000.0,2.719459,0.150298,0.885060,5.0,11.0,0
3d,一般,APF-only,24,20261927,1,716.427491,0.010639,0.010518,0.010639,NaN,NaN,NaN,NaN,118.0,147.402736,0.120433,0.360226,5.0,11.0,0
3d,一般,AB-IRRT*,24,20261927,1,291.161468,0.493843,0.020737,0.471504,0.001114,0.020737,0.472903,3815.0,6000.0,2.384278,0.164488,0.886366,5.0,11.0,0
3d,一般,APF-only,25,20261928,1,716.427491,0.010926,0.010767,0.010926,NaN,NaN,NaN,NaN,118.0,147.402736,0.120433,0.360226,5.0,11.0,0
3d,一般,AB-IRRT*,25,20261928,1,298.586273,0.434068,0.019320,0.414046,0.000333,0.019320,0.414569,3714.0,6000.0,2.202715,0.592627,0.864325,5.0,11.0,0
3d,一般,APF-only,26,20261929,1,716.427491,0.011063,0.010930,0.011063,NaN,NaN,NaN,NaN,118.0,147.402736,0.120433,0.360226,5.0,11.0,0
3d,一般,AB-IRRT*,26,20261929,1,285.237591,0.514769,0.014392,0.498583,0.001439,0.014392,0.500209,3960.0,6000.0,3.130349,0.135825,0.904774,5.0,11.0,0
3d,一般,APF-only,27,20261930,1,716.427491,0.015904,0.015710,0.015904,NaN,NaN,NaN,NaN,118.0,147.402736,0.120433,0.360226,5.0,11.0,0
3d,一般,AB-IRRT*,27,20261930,1,278.572561,0.575021,0.020540,0.553108,0.000967,0.020540,0.554331,3967.0,6000.0,4.029585,0.017659,0.926421,5.0,11.0,0
3d,一般,APF-only,28,20261931,1,716.427491,0.015472,0.015302,0.015472,NaN,NaN,NaN,NaN,118.0,147.402736,0.120433,0.360226,5.0,11.0,0
3d,一般,AB-IRRT*,28,20261931,1,280.023653,0.593193,0.014060,0.577478,0.001264,0.014060,0.578959,4024.0,6000.0,3.843009,0.083770,0.921621,5.0,11.0,0
3d,一般,APF-only,29,20261932,1,716.427491,0.016551,0.016370,0.016551,NaN,NaN,NaN,NaN,118.0,147.402736,0.120433,0.360226,5.0,11.0,0
3d,一般,AB-IRRT*,29,20261932,1,284.454805,0.547835,0.017611,0.528793,0.001064,0.017611,0.530066,4006.0,6000.0,4.298611,0.050008,0.907264,5.0,11.0,0
3d,一般,APF-only,30,20261933,1,716.427491,0.014471,0.014283,0.014471,NaN,NaN,NaN,NaN,118.0,147.402736,0.120433,0.360226,5.0,11.0,0
3d,一般,AB-IRRT*,30,20261933,1,277.539119,0.554981,0.020228,0.533737,0.000666,0.020228,0.534597,3998.0,6000.0,3.053322,0.336943,0.929871,5.0,11.0,0
3d,一般,APF-only,31,20261934,1,716.427491,0.013190,0.012911,0.013190,NaN,NaN,NaN,NaN,118.0,147.402736,0.120433,0.360226,5.0,11.0,0
3d,一般,AB-IRRT*,31,20261934,1,285.806872,0.606361,0.018538,0.587020,0.000433,0.018538,0.587658,3948.0,6000.0,2.025975,0.184863,0.902972,5.0,11.0,0
3d,一般,APF-only,32,20261935,1,716.427491,0.011027,0.010899,0.011027,NaN,NaN,NaN,NaN,118.0,147.402736,0.120433,0.360226,5.0,11.0,0
3d,一般,AB-IRRT*,32,20261935,1,290.490553,0.442307,0.021004,0.420547,0.000288,0.021004,0.421105,3836.0,6000.0,1.762842,0.345052,0.888413,5.0,11.0,0
3d,一般,APF-only,33,20261936,1,716.427491,0.010430,0.010279,0.010430,NaN,NaN,NaN,NaN,118.0,147.402736,0.120433,0.360226,5.0,11.0,0
3d,一般,AB-IRRT*,33,20261936,1,304.987296,0.380210,0.014051,0.365347,0.000415,0.014051,0.366004,3599.0,6000.0,2.247580,2.441997,0.846185,5.0,11.0,0
3d,一般,APF-only,34,20261937,1,716.427491,0.010637,0.010493,0.010637,NaN,NaN,NaN,NaN,118.0,147.402736,0.120433,0.360226,5.0,11.0,0
3d,一般,AB-IRRT*,34,20261937,1,296.259533,0.443799,0.021308,0.421115,0.001014,0.021308,0.422314,3941.0,6000.0,6.736078,0.075100,0.871113,5.0,11.0,0
3d,一般,APF-only,35,20261938,1,716.427491,0.014423,0.014235,0.014423,NaN,NaN,NaN,NaN,118.0,147.402736,0.120433,0.360226,5.0,11.0,0
3d,一般,AB-IRRT*,35,20261938,1,278.837019,0.531938,0.015180,0.515771,0.000630,0.015180,0.516607,3865.0,6000.0,2.757903,0.704672,0.925543,5.0,11.0,0
3d,一般,APF-only,36,20261939,1,716.427491,0.017208,0.017018,0.017208,NaN,NaN,NaN,NaN,118.0,147.402736,0.120433,0.360226,5.0,11.0,0
3d,一般,AB-IRRT*,36,20261939,1,279.052440,0.544272,0.019959,0.523102,0.000801,0.019959,0.524150,3923.0,6000.0,3.250957,0.121294,0.924828,5.0,11.0,0
3d,一般,APF-only,37,20261940,1,716.427491,0.013322,0.013134,0.013322,NaN,NaN,NaN,NaN,118.0,147.402736,0.120433,0.360226,5.0,11.0,0
3d,一般,AB-IRRT*,37,20261940,1,276.142869,0.467489,0.019227,0.446739,0.001128,0.019227,0.448090,3765.0,6000.0,2.196705,0.201081,0.934573,5.0,11.0,0
3d,一般,APF-only,38,20261941,1,716.427491,0.017615,0.017429,0.017615,NaN,NaN,NaN,NaN,118.0,147.402736,0.120433,0.360226,5.0,11.0,0
3d,一般,AB-IRRT*,38,20261941,1,294.888956,0.511699,0.020914,0.489623,0.000763,0.020914,0.490622,4012.0,6000.0,4.749653,0.093746,0.875162,5.0,11.0,0
3d,一般,APF-only,39,20261942,1,716.427491,0.016714,0.016532,0.016714,NaN,NaN,NaN,NaN,118.0,147.402736,0.120433,0.360226,5.0,11.0,0
3d,一般,AB-IRRT*,39,20261942,1,284.573583,0.552952,0.016290,0.534905,0.001293,0.016290,0.536496,3965.0,6000.0,4.463054,0.231254,0.906885,5.0,11.0,0
3d,一般,APF-only,40,20261943,1,716.427491,0.016344,0.016164,0.016344,NaN,NaN,NaN,NaN,118.0,147.402736,0.120433,0.360226,5.0,11.0,0
3d,一般,AB-IRRT*,40,20261943,1,331.957100,0.400262,0.020707,0.377373,0.000000,0.020707,0.378437,3468.0,6000.0,8.087012,0.045066,0.777437,5.0,11.0,0
3d,一般,APF-only,41,20261944,1,716.427491,0.016974,0.016794,0.016974,NaN,NaN,NaN,NaN,118.0,147.402736,0.120433,0.360226,5.0,11.0,0
3d,一般,AB-IRRT*,41,20261944,1,279.463076,0.602024,0.019608,0.580562,0.001411,0.019608,0.582226,3687.0,6000.0,3.715036,0.027823,0.923469,5.0,11.0,0
3d,一般,APF-only,42,20261945,1,716.427491,0.014751,0.014581,0.014751,NaN,NaN,NaN,NaN,118.0,147.402736,0.120433,0.360226,5.0,11.0,0
3d,一般,AB-IRRT*,42,20261945,1,277.144798,0.543814,0.022669,0.520053,0.000674,0.022669,0.520958,3932.0,6000.0,3.589040,0.085197,0.931194,5.0,11.0,0
3d,一般,APF-only,43,20261946,1,716.427491,0.023170,0.022813,0.023170,NaN,NaN,NaN,NaN,118.0,147.402736,0.120433,0.360226,5.0,11.0,0
3d,一般,AB-IRRT*,43,20261946,1,291.906649,0.494243,0.019940,0.473074,0.000843,0.019940,0.474123,3879.0,6000.0,3.375720,0.018509,0.884103,5.0,11.0,0
3d,一般,APF-only,44,20261947,1,716.427491,0.015014,0.014854,0.015014,NaN,NaN,NaN,NaN,118.0,147.402736,0.120433,0.360226,5.0,11.0,0
3d,一般,AB-IRRT*,44,20261947,1,277.198476,0.570071,0.028560,0.539731,0.001352,0.028560,0.541340,3930.0,6000.0,3.042987,0.033125,0.931014,5.0,11.0,0
3d,一般,APF-only,45,20261948,1,716.427491,0.015308,0.015129,0.015308,NaN,NaN,NaN,NaN,118.0,147.402736,0.120433,0.360226,5.0,11.0,0
3d,一般,AB-IRRT*,45,20261948,1,281.462398,0.525785,0.017574,0.507013,0.000836,0.017574,0.508056,3891.0,6000.0,3.050849,0.753619,0.916910,5.0,11.0,0
3d,一般,APF-only,46,20261949,1,716.427491,0.016306,0.016143,0.016306,NaN,NaN,NaN,NaN,118.0,147.402736,0.120433,0.360226,5.0,11.0,0
3d,一般,AB-IRRT*,46,20261949,1,279.095995,0.586823,0.026427,0.559068,0.000935,0.026427,0.560228,3929.0,6000.0,2.610365,0.454349,0.924684,5.0,11.0,0
3d,一般,APF-only,47,20261950,1,716.427491,0.010998,0.010859,0.010998,NaN,NaN,NaN,NaN,118.0,147.402736,0.120433,0.360226,5.0,11.0,0
3d,一般,AB-IRRT*,47,20261950,1,277.800027,0.542676,0.020490,0.521040,0.000757,0.020490,0.521990,3883.0,6000.0,3.113380,0.192870,0.928998,5.0,11.0,0
3d,一般,APF-only,48,20261951,1,716.427491,0.019314,0.019140,0.019314,NaN,NaN,NaN,NaN,118.0,147.402736,0.120433,0.360226,5.0,11.0,0
3d,一般,AB-IRRT*,48,20261951,1,297.527672,0.514200,0.016193,0.496889,0.000737,0.016193,0.497827,3909.0,6000.0,3.031625,0.813041,0.867400,5.0,11.0,0
3d,一般,APF-only,49,20261952,1,716.427491,0.017530,0.017320,0.017530,NaN,NaN,NaN,NaN,118.0,147.402736,0.120433,0.360226,5.0,11.0,0
3d,一般,AB-IRRT*,49,20261952,1,274.979932,0.509270,0.020568,0.487202,0.000929,0.020568,0.488539,3865.0,6000.0,2.427000,0.045507,0.938525,5.0,11.0,0
3d,一般,APF-only,50,20261953,1,716.427491,0.011284,0.011156,0.011284,NaN,NaN,NaN,NaN,118.0,147.402736,0.120433,0.360226,5.0,11.0,0
3d,一般,AB-IRRT*,50,20261953,1,276.346909,0.556334,0.020769,0.534142,0.000922,0.020769,0.535292,3733.0,6000.0,3.241855,0.120715,0.933883,5.0,11.0,0
3d,狭窄,APF-only,1,20262904,1,323.571847,0.007340,0.007174,0.007340,NaN,NaN,NaN,NaN,51.0,32.912131,0.193027,0.741212,0.0,5.0,0
3d,狭窄,AB-IRRT*,1,20262904,1,247.103482,0.476319,0.006187,0.469061,0.000528,0.006187,0.469830,3448.0,6000.0,0.907589,0.003911,0.970587,0.0,5.0,0
3d,狭窄,APF-only,2,20262905,1,323.571847,0.005377,0.005212,0.005377,NaN,NaN,NaN,NaN,51.0,32.912131,0.193027,0.741212,0.0,5.0,0
3d,狭窄,AB-IRRT*,2,20262905,1,248.081522,0.514345,0.005838,0.507973,0.000000,0.005838,0.508243,3521.0,6000.0,0.601373,0.172790,0.966760,0.0,5.0,0
3d,狭窄,APF-only,3,20262906,1,323.571847,0.005189,0.005021,0.005189,NaN,NaN,NaN,NaN,51.0,32.912131,0.193027,0.741212,0.0,5.0,0
3d,狭窄,AB-IRRT*,3,20262906,1,248.081522,0.508681,0.005814,0.502393,0.000000,0.005814,0.502599,3485.0,6000.0,0.601373,0.172790,0.966760,0.0,5.0,0
3d,狭窄,APF-only,4,20262907,1,323.571847,0.004917,0.004785,0.004917,NaN,NaN,NaN,NaN,51.0,32.912131,0.193027,0.741212,0.0,5.0,0
3d,狭窄,AB-IRRT*,4,20262907,1,246.946465,0.534057,0.005658,0.526897,0.000509,0.005658,0.527663,3551.0,6000.0,1.252496,0.225803,0.971204,0.0,5.0,0
3d,狭窄,APF-only,5,20262908,1,323.571847,0.004903,0.004753,0.004903,NaN,NaN,NaN,NaN,51.0,32.912131,0.193027,0.741212,0.0,5.0,0
3d,狭窄,AB-IRRT*,5,20262908,1,248.081522,0.578736,0.005808,0.572472,0.000000,0.005808,0.572745,3592.0,6000.0,0.601373,0.172790,0.966760,0.0,5.0,0
3d,狭窄,APF-only,6,20262909,1,323.571847,0.004595,0.004463,0.004595,NaN,NaN,NaN,NaN,51.0,32.912131,0.193027,0.741212,0.0,5.0,0
3d,狭窄,AB-IRRT*,6,20262909,1,248.081522,0.557430,0.006990,0.549773,0.000000,0.006990,0.550277,3528.0,6000.0,0.601373,0.172790,0.966760,0.0,5.0,0
3d,狭窄,APF-only,7,20262910,1,323.571847,0.006203,0.006013,0.006203,NaN,NaN,NaN,NaN,51.0,32.912131,0.193027,0.741212,0.0,5.0,0
3d,狭窄,AB-IRRT*,7,20262910,1,248.081522,0.494272,0.005524,0.488401,0.000000,0.005524,0.488596,3428.0,6000.0,0.601373,0.172790,0.966760,0.0,5.0,0
3d,狭窄,APF-only,8,20262911,1,323.571847,0.005729,0.005544,0.005729,NaN,NaN,NaN,NaN,51.0,32.912131,0.193027,0.741212,0.0,5.0,0
3d,狭窄,AB-IRRT*,8,20262911,1,248.081522,0.522619,0.005732,0.516569,0.000000,0.005732,0.516735,3573.0,6000.0,0.601373,0.172790,0.966760,0.0,5.0,0
3d,狭窄,APF-only,9,20262912,1,323.571847,0.006203,0.005980,0.006203,NaN,NaN,NaN,NaN,51.0,32.912131,0.193027,0.741212,0.0,5.0,0
3d,狭窄,AB-IRRT*,9,20262912,1,248.081522,0.506833,0.005764,0.500769,0.000000,0.005764,0.500914,3502.0,6000.0,0.601373,0.172790,0.966760,0.0,5.0,0
3d,狭窄,APF-only,10,20262913,1,323.571847,0.006032,0.005850,0.006032,NaN,NaN,NaN,NaN,51.0,32.912131,0.193027,0.741212,0.0,5.0,0
3d,狭窄,AB-IRRT*,10,20262913,1,248.081522,0.523964,0.005854,0.517746,0.000000,0.005854,0.517935,3504.0,6000.0,0.601373,0.172790,0.966760,0.0,5.0,0
3d,狭窄,APF-only,11,20262914,1,323.571847,0.004818,0.004679,0.004818,NaN,NaN,NaN,NaN,51.0,32.912131,0.193027,0.741212,0.0,5.0,0
3d,狭窄,AB-IRRT*,11,20262914,1,248.081522,0.497584,0.006382,0.490855,0.000000,0.006382,0.491034,3442.0,6000.0,0.601373,0.172790,0.966760,0.0,5.0,0
3d,狭窄,APF-only,12,20262915,1,323.571847,0.006012,0.005846,0.006012,NaN,NaN,NaN,NaN,51.0,32.912131,0.193027,0.741212,0.0,5.0,0
3d,狭窄,AB-IRRT*,12,20262915,1,248.081522,0.538081,0.005980,0.531714,0.000000,0.005980,0.531919,3590.0,6000.0,0.601373,0.172790,0.966760,0.0,5.0,0
3d,狭窄,APF-only,13,20262916,1,323.571847,0.005521,0.005341,0.005521,NaN,NaN,NaN,NaN,51.0,32.912131,0.193027,0.741212,0.0,5.0,0
3d,狭窄,AB-IRRT*,13,20262916,1,248.081522,0.509977,0.004541,0.505136,0.000000,0.004541,0.505294,3504.0,6000.0,0.601373,0.172790,0.966760,0.0,5.0,0
3d,狭窄,APF-only,14,20262917,1,323.571847,0.005343,0.005130,0.005343,NaN,NaN,NaN,NaN,51.0,32.912131,0.193027,0.741212,0.0,5.0,0
3d,狭窄,AB-IRRT*,14,20262917,1,248.081522,0.557196,0.005726,0.551137,0.000000,0.005726,0.551305,3569.0,6000.0,0.601373,0.172790,0.966760,0.0,5.0,0
3d,狭窄,APF-only,15,20262918,1,323.571847,0.006028,0.005838,0.006028,NaN,NaN,NaN,NaN,51.0,32.912131,0.193027,0.741212,0.0,5.0,0
3d,狭窄,AB-IRRT*,15,20262918,1,248.081522,0.522534,0.005793,0.516410,0.000000,0.005793,0.516578,3489.0,6000.0,0.601373,0.172790,0.966760,0.0,5.0,0
3d,狭窄,APF-only,16,20262919,1,323.571847,0.005390,0.005234,0.005390,NaN,NaN,NaN,NaN,51.0,32.912131,0.193027,0.741212,0.0,5.0,0
3d,狭窄,AB-IRRT*,16,20262919,1,248.081522,0.527914,0.005414,0.522193,0.000000,0.005414,0.522354,3499.0,6000.0,0.601373,0.172790,0.966760,0.0,5.0,0
3d,狭窄,APF-only,17,20262920,1,323.571847,0.004975,0.004823,0.004975,NaN,NaN,NaN,NaN,51.0,32.912131,0.193027,0.741212,0.0,5.0,0
3d,狭窄,AB-IRRT*,17,20262920,1,248.081522,0.539975,0.005253,0.534397,0.000000,0.005253,0.534574,3554.0,6000.0,0.601373,0.172790,0.966760,0.0,5.0,0
3d,狭窄,APF-only,18,20262921,1,323.571847,0.004768,0.004598,0.004768,NaN,NaN,NaN,NaN,51.0,32.912131,0.193027,0.741212,0.0,5.0,0
3d,狭窄,AB-IRRT*,18,20262921,1,248.081522,0.516677,0.005981,0.510344,0.000000,0.005981,0.510523,3588.0,6000.0,0.601373,0.172790,0.966760,0.0,5.0,0
3d,狭窄,APF-only,19,20262922,1,323.571847,0.004480,0.004316,0.004480,NaN,NaN,NaN,NaN,51.0,32.912131,0.193027,0.741212,0.0,5.0,0
3d,狭窄,AB-IRRT*,19,20262922,1,246.738375,0.547758,0.006658,0.540232,0.000446,0.006658,0.540902,3579.0,6000.0,1.260529,0.036313,0.972023,0.0,5.0,0
3d,狭窄,APF-only,20,20262923,1,323.571847,0.005635,0.005460,0.005635,NaN,NaN,NaN,NaN,51.0,32.912131,0.193027,0.741212,0.0,5.0,0
3d,狭窄,AB-IRRT*,20,20262923,1,248.081522,0.506227,0.004936,0.500931,0.000000,0.004936,0.501110,3616.0,6000.0,0.601373,0.172790,0.966760,0.0,5.0,0
3d,狭窄,APF-only,21,20262924,1,323.571847,0.006505,0.006311,0.006505,NaN,NaN,NaN,NaN,51.0,32.912131,0.193027,0.741212,0.0,5.0,0
3d,狭窄,AB-IRRT*,21,20262924,1,248.081522,0.501309,0.005405,0.495580,0.000000,0.005405,0.495742,3485.0,6000.0,0.601373,0.172790,0.966760,0.0,5.0,0
3d,狭窄,APF-only,22,20262925,1,323.571847,0.007228,0.007020,0.007228,NaN,NaN,NaN,NaN,51.0,32.912131,0.193027,0.741212,0.0,5.0,0
3d,狭窄,AB-IRRT*,22,20262925,1,248.081522,0.494286,0.003585,0.490420,0.000000,0.003585,0.490567,3501.0,6000.0,0.601373,0.172790,0.966760,0.0,5.0,0
3d,狭窄,APF-only,23,20262926,1,323.571847,0.007951,0.007710,0.007951,NaN,NaN,NaN,NaN,51.0,32.912131,0.193027,0.741212,0.0,5.0,0
3d,狭窄,AB-IRRT*,23,20262926,1,248.081522,0.456957,0.005487,0.451134,0.000000,0.005487,0.451292,3490.0,6000.0,0.601373,0.172790,0.966760,0.0,5.0,0
3d,狭窄,APF-only,24,20262927,1,323.571847,0.003949,0.003826,0.003949,NaN,NaN,NaN,NaN,51.0,32.912131,0.193027,0.741212,0.0,5.0,0
3d,狭窄,AB-IRRT*,24,20262927,1,247.575087,0.494938,0.003931,0.490223,0.000435,0.003931,0.490867,3503.0,6000.0,1.632634,0.136683,0.968738,0.0,5.0,0
3d,狭窄,APF-only,25,20262928,1,323.571847,0.003334,0.003215,0.003334,NaN,NaN,NaN,NaN,51.0,32.912131,0.193027,0.741212,0.0,5.0,0
3d,狭窄,AB-IRRT*,25,20262928,1,248.081522,0.526444,0.003920,0.522252,0.000000,0.003920,0.522382,3483.0,6000.0,0.601373,0.172790,0.966760,0.0,5.0,0
3d,狭窄,APF-only,26,20262929,1,323.571847,0.003343,0.003230,0.003343,NaN,NaN,NaN,NaN,51.0,32.912131,0.193027,0.741212,0.0,5.0,0
3d,狭窄,AB-IRRT*,26,20262929,1,248.081522,0.521726,0.003765,0.517649,0.000000,0.003765,0.517821,3592.0,6000.0,0.601373,0.172790,0.966760,0.0,5.0,0
3d,狭窄,APF-only,27,20262930,1,323.571847,0.005087,0.004920,0.005087,NaN,NaN,NaN,NaN,51.0,32.912131,0.193027,0.741212,0.0,5.0,0
3d,狭窄,AB-IRRT*,27,20262930,1,248.081522,0.586026,0.006175,0.579504,0.000000,0.006175,0.579690,3456.0,6000.0,0.601373,0.172790,0.966760,0.0,5.0,0
3d,狭窄,APF-only,28,20262931,1,323.571847,0.004574,0.004399,0.004574,NaN,NaN,NaN,NaN,51.0,32.912131,0.193027,0.741212,0.0,5.0,0
3d,狭窄,AB-IRRT*,28,20262931,1,246.931576,0.571681,0.005136,0.566006,0.000195,0.005136,0.566387,3644.0,6000.0,0.700661,0.041682,0.971262,0.0,5.0,0
3d,狭窄,APF-only,29,20262932,1,323.571847,0.003740,0.003605,0.003740,NaN,NaN,NaN,NaN,51.0,32.912131,0.193027,0.741212,0.0,5.0,0
3d,狭窄,AB-IRRT*,29,20262932,1,248.081522,0.556060,0.006761,0.548917,0.000000,0.006761,0.549084,3500.0,6000.0,0.601373,0.172790,0.966760,0.0,5.0,0
3d,狭窄,APF-only,30,20262933,1,323.571847,0.007065,0.006837,0.007065,NaN,NaN,NaN,NaN,51.0,32.912131,0.193027,0.741212,0.0,5.0,0
3d,狭窄,AB-IRRT*,30,20262933,1,248.081522,0.515158,0.004540,0.510318,0.000000,0.004540,0.510475,3514.0,6000.0,0.601373,0.172790,0.966760,0.0,5.0,0
3d,狭窄,APF-only,31,20262934,1,323.571847,0.003923,0.003783,0.003923,NaN,NaN,NaN,NaN,51.0,32.912131,0.193027,0.741212,0.0,5.0,0
3d,狭窄,AB-IRRT*,31,20262934,1,248.081522,0.615802,0.008918,0.606360,0.000000,0.008918,0.606575,3607.0,6000.0,0.601373,0.172790,0.966760,0.0,5.0,0
3d,狭窄,APF-only,32,20262935,1,323.571847,0.005057,0.004879,0.005057,NaN,NaN,NaN,NaN,51.0,32.912131,0.193027,0.741212,0.0,5.0,0
3d,狭窄,AB-IRRT*,32,20262935,1,248.081522,0.554255,0.006403,0.547445,0.000000,0.006403,0.547634,3542.0,6000.0,0.601373,0.172790,0.966760,0.0,5.0,0
3d,狭窄,APF-only,33,20262936,1,323.571847,0.003746,0.003626,0.003746,NaN,NaN,NaN,NaN,51.0,32.912131,0.193027,0.741212,0.0,5.0,0
3d,狭窄,AB-IRRT*,33,20262936,1,246.542936,0.501110,0.003779,0.496668,0.000349,0.003779,0.497201,3462.0,6000.0,0.761730,0.114041,0.972793,0.0,5.0,0
3d,狭窄,APF-only,34,20262937,1,323.571847,0.005390,0.005194,0.005390,NaN,NaN,NaN,NaN,51.0,32.912131,0.193027,0.741212,0.0,5.0,0
3d,狭窄,AB-IRRT*,34,20262937,1,248.081522,0.509042,0.005275,0.503436,0.000000,0.005275,0.503623,3432.0,6000.0,0.601373,0.172790,0.966760,0.0,5.0,0
3d,狭窄,APF-only,35,20262938,1,323.571847,0.006105,0.005915,0.006105,NaN,NaN,NaN,NaN,51.0,32.912131,0.193027,0.741212,0.0,5.0,0
3d,狭窄,AB-IRRT*,35,20262938,1,248.081522,0.506733,0.004941,0.501485,0.000000,0.004941,0.501631,3411.0,6000.0,0.601373,0.172790,0.966760,0.0,5.0,0
3d,狭窄,APF-only,36,20262939,1,323.571847,0.005171,0.005006,0.005171,NaN,NaN,NaN,NaN,51.0,32.912131,0.193027,0.741212,0.0,5.0,0
3d,狭窄,AB-IRRT*,36,20262939,1,248.081522,0.525242,0.005288,0.519606,0.000000,0.005288,0.519782,3460.0,6000.0,0.601373,0.172790,0.966760,0.0,5.0,0
3d,狭窄,APF-only,37,20262940,1,323.571847,0.005852,0.005679,0.005852,NaN,NaN,NaN,NaN,51.0,32.912131,0.193027,0.741212,0.0,5.0,0
3d,狭窄,AB-IRRT*,37,20262940,1,248.081522,0.525348,0.005726,0.519289,0.000000,0.005726,0.519459,3549.0,6000.0,0.601373,0.172790,0.966760,0.0,5.0,0
3d,狭窄,APF-only,38,20262941,1,323.571847,0.006315,0.006168,0.006315,NaN,NaN,NaN,NaN,51.0,32.912131,0.193027,0.741212,0.0,5.0,0
3d,狭窄,AB-IRRT*,38,20262941,1,248.081522,0.534264,0.005495,0.528452,0.000000,0.005495,0.528607,3556.0,6000.0,0.601373,0.172790,0.966760,0.0,5.0,0
3d,狭窄,APF-only,39,20262942,1,323.571847,0.003305,0.003177,0.003305,NaN,NaN,NaN,NaN,51.0,32.912131,0.193027,0.741212,0.0,5.0,0
3d,狭窄,AB-IRRT*,39,20262942,1,248.081522,0.498429,0.003781,0.494341,0.000000,0.003781,0.494517,3614.0,6000.0,0.601373,0.172790,0.966760,0.0,5.0,0
3d,狭窄,APF-only,40,20262943,1,323.571847,0.005451,0.005268,0.005451,NaN,NaN,NaN,NaN,51.0,32.912131,0.193027,0.741212,0.0,5.0,0
3d,狭窄,AB-IRRT*,40,20262943,1,248.081522,0.501175,0.003582,0.497267,0.000000,0.003582,0.497469,3575.0,6000.0,0.601373,0.172790,0.966760,0.0,5.0,0
3d,狭窄,APF-only,41,20262944,1,323.571847,0.003626,0.003509,0.003626,NaN,NaN,NaN,NaN,51.0,32.912131,0.193027,0.741212,0.0,5.0,0
3d,狭窄,AB-IRRT*,41,20262944,1,248.081522,0.492030,0.006547,0.485122,0.000000,0.006547,0.485296,3509.0,6000.0,0.601373,0.172790,0.966760,0.0,5.0,0
3d,狭窄,APF-only,42,20262945,1,323.571847,0.003556,0.003445,0.003556,NaN,NaN,NaN,NaN,51.0,32.912131,0.193027,0.741212,0.0,5.0,0
3d,狭窄,AB-IRRT*,42,20262945,1,248.081522,0.516537,0.004216,0.511996,0.000000,0.004216,0.512140,3464.0,6000.0,0.601373,0.172790,0.966760,0.0,5.0,0
3d,狭窄,APF-only,43,20262946,1,323.571847,0.004040,0.003918,0.004040,NaN,NaN,NaN,NaN,51.0,32.912131,0.193027,0.741212,0.0,5.0,0
3d,狭窄,AB-IRRT*,43,20262946,1,248.081522,0.500792,0.006397,0.494047,0.000000,0.006397,0.494219,3536.0,6000.0,0.601373,0.172790,0.966760,0.0,5.0,0
3d,狭窄,APF-only,44,20262947,1,323.571847,0.003841,0.003677,0.003841,NaN,NaN,NaN,NaN,51.0,32.912131,0.193027,0.741212,0.0,5.0,0
3d,狭窄,AB-IRRT*,44,20262947,1,248.081522,0.529849,0.008900,0.520505,0.000000,0.008900,0.520728,3507.0,6000.0,0.601373,0.172790,0.966760,0.0,5.0,0
3d,狭窄,APF-only,45,20262948,1,323.571847,0.004515,0.004388,0.004515,NaN,NaN,NaN,NaN,51.0,32.912131,0.193027,0.741212,0.0,5.0,0
3d,狭窄,AB-IRRT*,45,20262948,1,248.081522,0.519344,0.004617,0.514460,0.000000,0.004617,0.514590,3557.0,6000.0,0.601373,0.172790,0.966760,0.0,5.0,0
3d,狭窄,APF-only,46,20262949,1,323.571847,0.003288,0.003155,0.003288,NaN,NaN,NaN,NaN,51.0,32.912131,0.193027,0.741212,0.0,5.0,0
3d,狭窄,AB-IRRT*,46,20262949,1,248.081522,0.500877,0.003748,0.496801,0.000000,0.003748,0.496990,3563.0,6000.0,0.601373,0.172790,0.966760,0.0,5.0,0
3d,狭窄,APF-only,47,20262950,1,323.571847,0.004629,0.004463,0.004629,NaN,NaN,NaN,NaN,51.0,32.912131,0.193027,0.741212,0.0,5.0,0
3d,狭窄,AB-IRRT*,47,20262950,1,248.081522,0.446893,0.005668,0.440938,0.000000,0.005668,0.441083,3419.0,6000.0,0.601373,0.172790,0.966760,0.0,5.0,0
3d,狭窄,APF-only,48,20262951,1,323.571847,0.003645,0.003519,0.003645,NaN,NaN,NaN,NaN,51.0,32.912131,0.193027,0.741212,0.0,5.0,0
3d,狭窄,AB-IRRT*,48,20262951,1,248.081522,0.506681,0.003768,0.502595,0.000000,0.003768,0.502778,3547.0,6000.0,0.601373,0.172790,0.966760,0.0,5.0,0
3d,狭窄,APF-only,49,20262952,1,323.571847,0.003798,0.003665,0.003798,NaN,NaN,NaN,NaN,51.0,32.912131,0.193027,0.741212,0.0,5.0,0
3d,狭窄,AB-IRRT*,49,20262952,1,248.081522,0.526814,0.005608,0.520862,0.000000,0.005608,0.521030,3605.0,6000.0,0.601373,0.172790,0.966760,0.0,5.0,0
3d,狭窄,APF-only,50,20262953,1,323.571847,0.003612,0.003478,0.003612,NaN,NaN,NaN,NaN,51.0,32.912131,0.193027,0.741212,0.0,5.0,0
3d,狭窄,AB-IRRT*,50,20262953,1,248.081522,0.534176,0.006749,0.527056,0.000000,0.006749,0.527226,3573.0,6000.0,0.601373,0.172790,0.966760,0.0,5.0,0
3d,悬空,APF-only,1,20263904,1,368.719651,0.008268,0.007582,0.008268,NaN,NaN,NaN,NaN,54.0,31.952363,0.081598,0.707746,1.0,8.0,0
3d,悬空,AB-IRRT*,1,20263904,1,262.648342,0.701920,0.003811,0.697392,0.000088,0.003811,0.697675,4930.0,6000.0,0.227075,0.456192,0.993571,1.0,8.0,0
3d,悬空,APF-only,2,20263905,1,368.719651,0.003683,0.003528,0.003683,NaN,NaN,NaN,NaN,54.0,31.952363,0.081598,0.707746,1.0,8.0,0
3d,悬空,AB-IRRT*,2,20263905,1,262.567110,0.688560,0.004748,0.682910,0.000106,0.004748,0.683283,4875.0,6000.0,0.221829,0.587415,0.993878,1.0,8.0,0
3d,悬空,APF-only,3,20263906,1,368.719651,0.004053,0.003889,0.004053,NaN,NaN,NaN,NaN,54.0,31.952363,0.081598,0.707746,1.0,8.0,0
3d,悬空,AB-IRRT*,3,20263906,1,262.828749,0.728390,0.003264,0.724402,0.000089,0.003264,0.724705,4963.0,6000.0,0.241018,0.900745,0.992889,1.0,8.0,0
3d,悬空,APF-only,4,20263907,1,368.719651,0.002599,0.002469,0.002599,NaN,NaN,NaN,NaN,54.0,31.952363,0.081598,0.707746,1.0,8.0,0
3d,悬空,AB-IRRT*,4,20263907,1,262.638275,0.784351,0.003036,0.779164,0.000189,0.003036,0.779573,5068.0,6000.0,0.241744,0.337517,0.993609,1.0,8.0,0
3d,悬空,APF-only,5,20263908,1,368.719651,0.005179,0.004996,0.005179,NaN,NaN,NaN,NaN,54.0,31.952363,0.081598,0.707746,1.0,8.0,0
3d,悬空,AB-IRRT*,5,20263908,1,262.506164,0.791942,0.012712,0.778586,0.000165,0.012712,0.778984,5042.0,6000.0,0.236763,0.094511,0.994109,1.0,8.0,0
3d,悬空,APF-only,6,20263909,1,368.719651,0.005763,0.005551,0.005763,NaN,NaN,NaN,NaN,54.0,31.952363,0.081598,0.707746,1.0,8.0,0
3d,悬空,AB-IRRT*,6,20263909,1,262.331698,0.881567,0.005067,0.875997,0.000096,0.005067,0.876320,5010.0,6000.0,0.205269,0.041476,0.994770,1.0,8.0,0
3d,悬空,APF-only,7,20263910,1,368.719651,0.005254,0.005024,0.005254,NaN,NaN,NaN,NaN,54.0,31.952363,0.081598,0.707746,1.0,8.0,0
3d,悬空,AB-IRRT*,7,20263910,1,262.827838,0.847243,0.005774,0.840958,0.000102,0.005774,0.841256,5008.0,6000.0,0.239289,1.589128,0.992892,1.0,8.0,0
3d,悬空,APF-only,8,20263911,1,368.719651,0.003637,0.003479,0.003637,NaN,NaN,NaN,NaN,54.0,31.952363,0.081598,0.707746,1.0,8.0,0
3d,悬空,AB-IRRT*,8,20263911,1,262.819709,0.649498,0.002657,0.646392,0.000125,0.002657,0.646710,4903.0,6000.0,0.238150,1.112582,0.992923,1.0,8.0,0
3d,悬空,APF-only,9,20263912,1,368.719651,0.003039,0.002903,0.003039,NaN,NaN,NaN,NaN,54.0,31.952363,0.081598,0.707746,1.0,8.0,0
3d,悬空,AB-IRRT*,9,20263912,1,262.564069,0.649735,0.002800,0.646548,0.000093,0.002800,0.646812,4993.0,6000.0,0.222633,0.627797,0.993890,1.0,8.0,0
3d,悬空,APF-only,10,20263913,1,368.719651,0.003101,0.002956,0.003101,NaN,NaN,NaN,NaN,54.0,31.952363,0.081598,0.707746,1.0,8.0,0
3d,悬空,AB-IRRT*,10,20263913,1,262.564357,0.570579,0.002590,0.567596,0.000092,0.002590,0.567852,4838.0,6000.0,0.221340,0.448973,0.993889,1.0,8.0,0
3d,悬空,APF-only,11,20263914,1,368.719651,0.003340,0.003202,0.003340,NaN,NaN,NaN,NaN,54.0,31.952363,0.081598,0.707746,1.0,8.0,0
3d,悬空,AB-IRRT*,11,20263914,1,262.569625,0.600425,0.002709,0.597276,0.000096,0.002709,0.597573,4770.0,6000.0,0.221845,0.243760,0.993869,1.0,8.0,0
3d,悬空,APF-only,12,20263915,1,368.719651,0.002587,0.002467,0.002587,NaN,NaN,NaN,NaN,54.0,31.952363,0.081598,0.707746,1.0,8.0,0
3d,悬空,AB-IRRT*,12,20263915,1,262.684564,0.628363,0.002848,0.625053,0.000118,0.002848,0.625385,4913.0,6000.0,0.229838,0.846088,0.993434,1.0,8.0,0
3d,悬空,APF-only,13,20263916,1,368.719651,0.002942,0.002824,0.002942,NaN,NaN,NaN,NaN,54.0,31.952363,0.081598,0.707746,1.0,8.0,0
3d,悬空,AB-IRRT*,13,20263916,1,262.704032,0.733926,0.002815,0.730652,0.000152,0.002815,0.730983,5004.0,6000.0,0.263537,0.167433,0.993360,1.0,8.0,0
3d,悬空,APF-only,14,20263917,1,368.719651,0.003635,0.003480,0.003635,NaN,NaN,NaN,NaN,54.0,31.952363,0.081598,0.707746,1.0,8.0,0
3d,悬空,AB-IRRT*,14,20263917,1,262.364936,0.631463,0.002597,0.628400,0.000102,0.002597,0.628731,4877.0,6000.0,0.207682,0.118954,0.994644,1.0,8.0,0
3d,悬空,APF-only,15,20263918,1,368.719651,0.003239,0.003086,0.003239,NaN,NaN,NaN,NaN,54.0,31.952363,0.081598,0.707746,1.0,8.0,0
3d,悬空,AB-IRRT*,15,20263918,1,262.477182,0.630308,0.002655,0.627278,0.000078,0.002655,0.627534,4967.0,6000.0,0.215546,0.437122,0.994219,1.0,8.0,0
3d,悬空,APF-only,16,20263919,1,368.719651,0.002983,0.002835,0.002983,NaN,NaN,NaN,NaN,54.0,31.952363,0.081598,0.707746,1.0,8.0,0
3d,悬空,AB-IRRT*,16,20263919,1,262.617885,0.655804,0.002926,0.652429,0.000112,0.002926,0.652726,4884.0,6000.0,0.225453,0.257067,0.993686,1.0,8.0,0
3d,悬空,APF-only,17,20263920,1,368.719651,0.004615,0.004212,0.004615,NaN,NaN,NaN,NaN,54.0,31.952363,0.081598,0.707746,1.0,8.0,0
3d,悬空,AB-IRRT*,17,20263920,1,262.450035,0.704230,0.003933,0.699832,0.000094,0.003933,0.700127,4881.0,6000.0,0.214236,0.285388,0.994322,1.0,8.0,0
3d,悬空,APF-only,18,20263921,1,368.719651,0.004183,0.004012,0.004183,NaN,NaN,NaN,NaN,54.0,31.952363,0.081598,0.707746,1.0,8.0,0
3d,悬空,AB-IRRT*,18,20263921,1,262.622257,0.673415,0.003307,0.669681,0.000115,0.003307,0.669972,4887.0,6000.0,0.244636,0.160821,0.993670,1.0,8.0,0
3d,悬空,APF-only,19,20263922,1,368.719651,0.004516,0.004344,0.004516,NaN,NaN,NaN,NaN,54.0,31.952363,0.081598,0.707746,1.0,8.0,0
3d,悬空,AB-IRRT*,19,20263922,1,262.558783,0.686042,0.003675,0.681771,0.000160,0.003675,0.682195,4958.0,6000.0,0.223040,0.275258,0.993910,1.0,8.0,0
3d,悬空,APF-only,20,20263923,1,368.719651,0.004636,0.004437,0.004636,NaN,NaN,NaN,NaN,54.0,31.952363,0.081598,0.707746,1.0,8.0,0
3d,悬空,AB-IRRT*,20,20263923,1,262.596710,0.653768,0.003995,0.649295,0.000098,0.003995,0.649622,4911.0,6000.0,0.223924,0.840368,0.993766,1.0,8.0,0
3d,悬空,APF-only,21,20263924,1,368.719651,0.006676,0.006434,0.006676,NaN,NaN,NaN,NaN,54.0,31.952363,0.081598,0.707746,1.0,8.0,0
3d,悬空,AB-IRRT*,21,20263924,1,262.517765,0.739685,0.005024,0.734199,0.000100,0.005024,0.734499,4957.0,6000.0,0.219381,0.424851,0.994065,1.0,8.0,0
3d,悬空,APF-only,22,20263925,1,368.719651,0.004093,0.003922,0.004093,NaN,NaN,NaN,NaN,54.0,31.952363,0.081598,0.707746,1.0,8.0,0
3d,悬空,AB-IRRT*,22,20263925,1,262.702785,0.700997,0.004407,0.696026,0.000137,0.004407,0.696390,4963.0,6000.0,0.256524,0.278812,0.993365,1.0,8.0,0
3d,悬空,APF-only,23,20263926,1,368.719651,0.004281,0.004116,0.004281,NaN,NaN,NaN,NaN,54.0,31.952363,0.081598,0.707746,1.0,8.0,0
3d,悬空,AB-IRRT*,23,20263926,1,262.559048,0.675748,0.004028,0.671185,0.000106,0.004028,0.671561,4920.0,6000.0,0.221541,0.909249,0.993909,1.0,8.0,0
3d,悬空,APF-only,24,20263927,1,368.719651,0.003558,0.003381,0.003558,NaN,NaN,NaN,NaN,54.0,31.952363,0.081598,0.707746,1.0,8.0,0
3d,悬空,AB-IRRT*,24,20263927,1,262.554058,0.682108,0.003484,0.678168,0.000094,0.003484,0.678476,4950.0,6000.0,0.220785,0.123241,0.993928,1.0,8.0,0
3d,悬空,APF-only,25,20263928,1,368.719651,0.003784,0.003627,0.003784,NaN,NaN,NaN,NaN,54.0,31.952363,0.081598,0.707746,1.0,8.0,0
3d,悬空,AB-IRRT*,25,20263928,1,262.615360,0.689900,0.003870,0.685568,0.000097,0.003870,0.685873,4929.0,6000.0,0.226236,0.866630,0.993696,1.0,8.0,0
3d,悬空,APF-only,26,20263929,1,368.719651,0.004687,0.004484,0.004687,NaN,NaN,NaN,NaN,54.0,31.952363,0.081598,0.707746,1.0,8.0,0
3d,悬空,AB-IRRT*,26,20263929,1,262.646944,0.702923,0.004447,0.697857,0.000141,0.004447,0.698286,4972.0,6000.0,0.265637,0.184743,0.993576,1.0,8.0,0
3d,悬空,APF-only,27,20263930,1,368.719651,0.004207,0.004017,0.004207,NaN,NaN,NaN,NaN,54.0,31.952363,0.081598,0.707746,1.0,8.0,0
3d,悬空,AB-IRRT*,27,20263930,1,262.481845,0.615087,0.002745,0.611953,0.000079,0.002745,0.612213,4882.0,6000.0,0.216588,0.279672,0.994201,1.0,8.0,0
3d,悬空,APF-only,28,20263931,1,368.719651,0.004211,0.004027,0.004211,NaN,NaN,NaN,NaN,54.0,31.952363,0.081598,0.707746,1.0,8.0,0
3d,悬空,AB-IRRT*,28,20263931,1,262.548762,0.685458,0.002770,0.682170,0.000159,0.002770,0.682546,4940.0,6000.0,0.384074,0.277149,0.993948,1.0,8.0,0
3d,悬空,APF-only,29,20263932,1,368.719651,0.004171,0.003997,0.004171,NaN,NaN,NaN,NaN,54.0,31.952363,0.081598,0.707746,1.0,8.0,0
3d,悬空,AB-IRRT*,29,20263932,1,262.603539,0.687364,0.003664,0.683228,0.000131,0.003664,0.683554,4950.0,6000.0,0.250407,0.076767,0.993740,1.0,8.0,0
3d,悬空,APF-only,30,20263933,1,368.719651,0.005714,0.005460,0.005714,NaN,NaN,NaN,NaN,54.0,31.952363,0.081598,0.707746,1.0,8.0,0
3d,悬空,AB-IRRT*,30,20263933,1,262.597536,0.612719,0.004169,0.608158,0.000072,0.004169,0.608397,4889.0,6000.0,0.223940,1.022228,0.993763,1.0,8.0,0
3d,悬空,APF-only,31,20263934,1,368.719651,0.002800,0.002684,0.002800,NaN,NaN,NaN,NaN,54.0,31.952363,0.081598,0.707746,1.0,8.0,0
3d,悬空,AB-IRRT*,31,20263934,1,262.564668,0.596326,0.003311,0.592496,0.000195,0.003311,0.592880,4902.0,6000.0,0.282940,0.316635,0.993888,1.0,8.0,0
3d,悬空,APF-only,32,20263935,1,368.719651,0.004374,0.004174,0.004374,NaN,NaN,NaN,NaN,54.0,31.952363,0.081598,0.707746,1.0,8.0,0
3d,悬空,AB-IRRT*,32,20263935,1,262.807148,0.636078,0.004538,0.631054,0.000133,0.004538,0.631377,4868.0,6000.0,0.321947,0.159815,0.992971,1.0,8.0,0
3d,悬空,APF-only,33,20263936,1,368.719651,0.003181,0.003046,0.003181,NaN,NaN,NaN,NaN,54.0,31.952363,0.081598,0.707746,1.0,8.0,0
3d,悬空,AB-IRRT*,33,20263936,1,262.669490,0.651648,0.004010,0.647092,0.000131,0.004010,0.647487,4923.0,6000.0,0.284267,0.126544,0.993491,1.0,8.0,0
3d,悬空,APF-only,34,20263937,1,368.719651,0.003173,0.003037,0.003173,NaN,NaN,NaN,NaN,54.0,31.952363,0.081598,0.707746,1.0,8.0,0
3d,悬空,AB-IRRT*,34,20263937,1,262.630872,0.682639,0.005577,0.676506,0.000112,0.005577,0.676857,4892.0,6000.0,0.226983,0.090886,0.993637,1.0,8.0,0
3d,悬空,APF-only,35,20263938,1,368.719651,0.004544,0.004259,0.004544,NaN,NaN,NaN,NaN,54.0,31.952363,0.081598,0.707746,1.0,8.0,0
3d,悬空,AB-IRRT*,35,20263938,1,262.438633,0.654991,0.003810,0.650745,0.000097,0.003810,0.651026,4798.0,6000.0,0.213353,0.336268,0.994365,1.0,8.0,0
3d,悬空,APF-only,36,20263939,1,368.719651,0.005696,0.005462,0.005696,NaN,NaN,NaN,NaN,54.0,31.952363,0.081598,0.707746,1.0,8.0,0
3d,悬空,AB-IRRT*,36,20263939,1,262.671033,0.693157,0.002799,0.689944,0.000107,0.002799,0.690231,4951.0,6000.0,0.232068,0.242984,0.993485,1.0,8.0,0
3d,悬空,APF-only,37,20263940,1,368.719651,0.004621,0.004416,0.004621,NaN,NaN,NaN,NaN,54.0,31.952363,0.081598,0.707746,1.0,8.0,0
3d,悬空,AB-IRRT*,37,20263940,1,262.618749,0.695736,0.003697,0.691514,0.000100,0.003697,0.691810,4860.0,6000.0,0.225041,0.051096,0.993683,1.0,8.0,0
3d,悬空,APF-only,38,20263941,1,368.719651,0.004206,0.004033,0.004206,NaN,NaN,NaN,NaN,54.0,31.952363,0.081598,0.707746,1.0,8.0,0
3d,悬空,AB-IRRT*,38,20263941,1,262.557809,0.755570,0.004376,0.750663,0.000150,0.004376,0.751017,4975.0,6000.0,0.250899,0.019469,0.993914,1.0,8.0,0
3d,悬空,APF-only,39,20263942,1,368.719651,0.004269,0.004085,0.004269,NaN,NaN,NaN,NaN,54.0,31.952363,0.081598,0.707746,1.0,8.0,0
3d,悬空,AB-IRRT*,39,20263942,1,262.516456,0.757541,0.004401,0.752616,0.000135,0.004401,0.752980,4936.0,6000.0,0.277554,0.134689,0.994070,1.0,8.0,0
3d,悬空,APF-only,40,20263943,1,368.719651,0.003898,0.003749,0.003898,NaN,NaN,NaN,NaN,54.0,31.952363,0.081598,0.707746,1.0,8.0,0
3d,悬空,AB-IRRT*,40,20263943,1,262.653468,0.756300,0.003831,0.751981,0.000146,0.003831,0.752309,4971.0,6000.0,0.245312,0.503678,0.993552,1.0,8.0,0
3d,悬空,APF-only,41,20263944,1,368.719651,0.004026,0.003873,0.004026,NaN,NaN,NaN,NaN,54.0,31.952363,0.081598,0.707746,1.0,8.0,0
3d,悬空,AB-IRRT*,41,20263944,1,262.385852,0.713224,0.003951,0.708842,0.000098,0.003951,0.709129,5062.0,6000.0,0.209143,0.183229,0.994565,1.0,8.0,0
3d,悬空,APF-only,42,20263945,1,368.719651,0.003574,0.003432,0.003574,NaN,NaN,NaN,NaN,54.0,31.952363,0.081598,0.707746,1.0,8.0,0
3d,悬空,AB-IRRT*,42,20263945,1,262.619384,0.706894,0.005940,0.700203,0.000099,0.005940,0.700573,4981.0,6000.0,0.244454,0.210578,0.993681,1.0,8.0,0
3d,悬空,APF-only,43,20263946,1,368.719651,0.006360,0.006129,0.006360,NaN,NaN,NaN,NaN,54.0,31.952363,0.081598,0.707746,1.0,8.0,0
3d,悬空,AB-IRRT*,43,20263946,1,262.487995,0.661223,0.004007,0.656553,0.000128,0.004007,0.657054,4915.0,6000.0,0.216251,0.447489,0.994178,1.0,8.0,0
3d,悬空,APF-only,44,20263947,1,368.719651,0.003784,0.003607,0.003784,NaN,NaN,NaN,NaN,54.0,31.952363,0.081598,0.707746,1.0,8.0,0
3d,悬空,AB-IRRT*,44,20263947,1,262.519122,0.684645,0.003937,0.680196,0.000127,0.003937,0.680514,4915.0,6000.0,0.249321,0.139241,0.994060,1.0,8.0,0
3d,悬空,APF-only,45,20263948,1,368.719651,0.003089,0.002950,0.003089,NaN,NaN,NaN,NaN,54.0,31.952363,0.081598,0.707746,1.0,8.0,0
3d,悬空,AB-IRRT*,45,20263948,1,262.529586,0.678769,0.004757,0.673501,0.000114,0.004757,0.673830,4963.0,6000.0,0.220576,0.179229,0.994020,1.0,8.0,0
3d,悬空,APF-only,46,20263949,1,368.719651,0.004769,0.004575,0.004769,NaN,NaN,NaN,NaN,54.0,31.952363,0.081598,0.707746,1.0,8.0,0
3d,悬空,AB-IRRT*,46,20263949,1,262.613990,0.713902,0.003687,0.709796,0.000108,0.003687,0.710073,4893.0,6000.0,0.300341,0.086465,0.993701,1.0,8.0,0
3d,悬空,APF-only,47,20263950,1,368.719651,0.002749,0.002624,0.002749,NaN,NaN,NaN,NaN,54.0,31.952363,0.081598,0.707746,1.0,8.0,0
3d,悬空,AB-IRRT*,47,20263950,1,262.707678,0.700385,0.003991,0.695944,0.000115,0.003991,0.696260,4928.0,6000.0,0.296492,0.195977,0.993347,1.0,8.0,0
3d,悬空,APF-only,48,20263951,1,368.719651,0.003145,0.003014,0.003145,NaN,NaN,NaN,NaN,54.0,31.952363,0.081598,0.707746,1.0,8.0,0
3d,悬空,AB-IRRT*,48,20263951,1,262.658307,0.669525,0.004905,0.664170,0.000093,0.004905,0.664450,4884.0,6000.0,0.230441,0.281311,0.993533,1.0,8.0,0
3d,悬空,APF-only,49,20263952,1,368.719651,0.003754,0.003606,0.003754,NaN,NaN,NaN,NaN,54.0,31.952363,0.081598,0.707746,1.0,8.0,0
3d,悬空,AB-IRRT*,49,20263952,1,262.603370,0.730799,0.004102,0.726064,0.000218,0.004102,0.726521,4836.0,6000.0,0.225184,0.706877,0.993741,1.0,8.0,0
3d,悬空,APF-only,50,20263953,1,368.719651,0.005544,0.005195,0.005544,NaN,NaN,NaN,NaN,54.0,31.952363,0.081598,0.707746,1.0,8.0,0
3d,悬空,AB-IRRT*,50,20263953,1,262.668290,0.912313,0.008282,0.903454,0.000096,0.008282,0.903808,4952.0,6000.0,0.228439,0.427118,0.993496,1.0,8.0,0
3d,环廊,APF-only,1,20264904,1,235.942780,0.010901,0.010700,0.010901,NaN,NaN,NaN,NaN,40.0,25.155816,0.056301,0.719266,2.0,3.0,0
3d,环廊,AB-IRRT*,1,20264904,1,174.338036,0.848202,0.005802,0.840861,0.000506,0.005802,0.841625,3715.0,6000.0,0.877857,0.040660,0.973429,2.0,3.0,0
3d,环廊,APF-only,2,20264905,1,235.942780,0.004775,0.004569,0.004775,NaN,NaN,NaN,NaN,40.0,25.155816,0.056301,0.719266,2.0,3.0,0
3d,环廊,AB-IRRT*,2,20264905,1,174.178308,0.767145,0.004738,0.761069,0.000311,0.004738,0.761590,3713.0,6000.0,1.124800,0.011210,0.974321,2.0,3.0,0
3d,环廊,APF-only,3,20264906,1,235.942780,0.004698,0.004522,0.004698,NaN,NaN,NaN,NaN,40.0,25.155816,0.056301,0.719266,2.0,3.0,0
3d,环廊,AB-IRRT*,3,20264906,1,174.214628,0.803004,0.005282,0.796241,0.000547,0.005282,0.797028,3793.0,6000.0,0.916962,0.011721,0.974118,2.0,3.0,0
3d,环廊,APF-only,4,20264907,1,235.942780,0.002668,0.002526,0.002668,NaN,NaN,NaN,NaN,40.0,25.155816,0.056301,0.719266,2.0,3.0,0
3d,环廊,AB-IRRT*,4,20264907,1,174.290095,0.787632,0.005065,0.775279,0.000579,0.005065,0.776060,3865.0,6000.0,0.862542,0.032262,0.973696,2.0,3.0,0
3d,环廊,APF-only,5,20264908,1,235.942780,0.003267,0.003120,0.003267,NaN,NaN,NaN,NaN,40.0,25.155816,0.056301,0.719266,2.0,3.0,0
3d,环廊,AB-IRRT*,5,20264908,1,174.214896,0.772604,0.004382,0.767416,0.000385,0.004382,0.767989,3816.0,6000.0,0.831332,0.164556,0.974117,2.0,3.0,0
3d,环廊,APF-only,6,20264909,1,235.942780,0.003990,0.003793,0.003990,NaN,NaN,NaN,NaN,40.0,25.155816,0.056301,0.719266,2.0,3.0,0
3d,环廊,AB-IRRT*,6,20264909,1,174.236863,0.728054,0.004835,0.722437,0.000409,0.004835,0.723033,3754.0,6000.0,0.925828,0.034598,0.973994,2.0,3.0,0
3d,环廊,APF-only,7,20264910,1,235.942780,0.003908,0.003734,0.003908,NaN,NaN,NaN,NaN,40.0,25.155816,0.056301,0.719266,2.0,3.0,0
3d,环廊,AB-IRRT*,7,20264910,1,174.071168,0.792201,0.005211,0.786200,0.000421,0.005211,0.786802,3795.0,6000.0,0.842981,0.017111,0.974921,2.0,3.0,0
3d,环廊,APF-only,8,20264911,1,235.942780,0.003238,0.003071,0.003238,NaN,NaN,NaN,NaN,40.0,25.155816,0.056301,0.719266,2.0,3.0,0
3d,环廊,AB-IRRT*,8,20264911,1,174.113980,0.690822,0.003292,0.686518,0.000631,0.003292,0.687314,3759.0,6000.0,1.071238,0.004333,0.974681,2.0,3.0,0
3d,环廊,APF-only,9,20264912,1,235.942780,0.002467,0.002350,0.002467,NaN,NaN,NaN,NaN,40.0,25.155816,0.056301,0.719266,2.0,3.0,0
3d,环廊,AB-IRRT*,9,20264912,1,173.828504,0.707595,0.003543,0.703340,0.000369,0.003543,0.703891,3679.0,6000.0,0.835267,0.033915,0.976282,2.0,3.0,0
3d,环廊,APF-only,10,20264913,1,235.942780,0.002832,0.002701,0.002832,NaN,NaN,NaN,NaN,40.0,25.155816,0.056301,0.719266,2.0,3.0,0
3d,环廊,AB-IRRT*,10,20264913,1,174.408694,0.769204,0.003171,0.765292,0.000431,0.003171,0.765890,3918.0,6000.0,1.358909,0.002786,0.973034,2.0,3.0,0
3d,环廊,APF-only,11,20264914,1,235.942780,0.003476,0.003314,0.003476,NaN,NaN,NaN,NaN,40.0,25.155816,0.056301,0.719266,2.0,3.0,0
3d,环廊,AB-IRRT*,11,20264914,1,174.529093,0.734652,0.009057,0.724635,0.000493,0.009057,0.725362,3818.0,6000.0,0.925130,0.228377,0.972363,2.0,3.0,0
3d,环廊,APF-only,12,20264915,1,235.942780,0.003364,0.003212,0.003364,NaN,NaN,NaN,NaN,40.0,25.155816,0.056301,0.719266,2.0,3.0,0
3d,环廊,AB-IRRT*,12,20264915,1,174.341188,0.790845,0.006512,0.783569,0.000337,0.006512,0.784128,3909.0,6000.0,0.942918,0.023977,0.973411,2.0,3.0,0
3d,环廊,APF-only,13,20264916,1,235.942780,0.002596,0.002452,0.002596,NaN,NaN,NaN,NaN,40.0,25.155816,0.056301,0.719266,2.0,3.0,0
3d,环廊,AB-IRRT*,13,20264916,1,174.268107,0.725326,0.003375,0.721221,0.000323,0.003375,0.721794,3773.0,6000.0,0.909633,0.190125,0.973819,2.0,3.0,0
3d,环廊,APF-only,14,20264917,1,235.942780,0.002593,0.002464,0.002593,NaN,NaN,NaN,NaN,40.0,25.155816,0.056301,0.719266,2.0,3.0,0
3d,环廊,AB-IRRT*,14,20264917,1,174.231174,0.718966,0.003388,0.714942,0.000311,0.003388,0.715420,3739.0,6000.0,0.860432,0.158293,0.974026,2.0,3.0,0
3d,环廊,APF-only,15,20264918,1,235.942780,0.003842,0.003709,0.003842,NaN,NaN,NaN,NaN,40.0,25.155816,0.056301,0.719266,2.0,3.0,0
3d,环廊,AB-IRRT*,15,20264918,1,174.371489,0.728938,0.003323,0.724866,0.000428,0.003323,0.725471,3864.0,6000.0,0.854518,0.121354,0.973242,2.0,3.0,0
3d,环廊,APF-only,16,20264919,1,235.942780,0.002797,0.002676,0.002797,NaN,NaN,NaN,NaN,40.0,25.155816,0.056301,0.719266,2.0,3.0,0
3d,环廊,AB-IRRT*,16,20264919,1,173.887558,0.755163,0.007637,0.746456,0.000496,0.007637,0.747180,3912.0,6000.0,0.937424,0.009400,0.975950,2.0,3.0,0
3d,环廊,APF-only,17,20264920,1,235.942780,0.003964,0.003784,0.003964,NaN,NaN,NaN,NaN,40.0,25.155816,0.056301,0.719266,2.0,3.0,0
3d,环廊,AB-IRRT*,17,20264920,1,174.122710,0.793751,0.003582,0.789403,0.000403,0.003582,0.790005,3672.0,6000.0,0.883434,0.041569,0.974632,2.0,3.0,0
3d,环廊,APF-only,18,20264921,1,235.942780,0.003789,0.003630,0.003789,NaN,NaN,NaN,NaN,40.0,25.155816,0.056301,0.719266,2.0,3.0,0
3d,环廊,AB-IRRT*,18,20264921,1,174.116066,0.855782,0.004121,0.850910,0.000373,0.004121,0.851477,3881.0,6000.0,0.849802,0.046564,0.974670,2.0,3.0,0
3d,环廊,APF-only,19,20264922,1,235.942780,0.003297,0.003149,0.003297,NaN,NaN,NaN,NaN,40.0,25.155816,0.056301,0.719266,2.0,3.0,0
3d,环廊,AB-IRRT*,19,20264922,1,173.846416,0.798936,0.005258,0.792838,0.000445,0.005258,0.793486,3842.0,6000.0,0.845366,0.018072,0.976181,2.0,3.0,0
3d,环廊,APF-only,20,20264923,1,235.942780,0.003560,0.003393,0.003560,NaN,NaN,NaN,NaN,40.0,25.155816,0.056301,0.719266,2.0,3.0,0
3d,环廊,AB-IRRT*,20,20264923,1,174.279207,0.747793,0.005077,0.739218,0.002768,0.005077,0.742451,3679.0,6000.0,0.842351,0.130388,0.973757,2.0,3.0,0
3d,环廊,APF-only,21,20264924,1,235.942780,0.003662,0.003474,0.003662,NaN,NaN,NaN,NaN,40.0,25.155816,0.056301,0.719266,2.0,3.0,0
3d,环廊,AB-IRRT*,21,20264924,1,174.060529,0.812444,0.011711,0.799758,0.000380,0.011711,0.800411,3764.0,6000.0,0.863371,0.062142,0.974981,2.0,3.0,0
3d,环廊,APF-only,22,20264925,1,235.942780,0.004021,0.003852,0.004021,NaN,NaN,NaN,NaN,40.0,25.155816,0.056301,0.719266,2.0,3.0,0
3d,环廊,AB-IRRT*,22,20264925,1,174.406319,0.796492,0.004366,0.791471,0.000322,0.004366,0.791962,3814.0,6000.0,0.932830,0.031301,0.973047,2.0,3.0,0
3d,环廊,APF-only,23,20264926,1,235.942780,0.003844,0.003666,0.003844,NaN,NaN,NaN,NaN,40.0,25.155816,0.056301,0.719266,2.0,3.0,0
3d,环廊,AB-IRRT*,23,20264926,1,174.400831,0.683897,0.004841,0.678123,0.000474,0.004841,0.678844,3761.0,6000.0,0.803886,0.004904,0.973078,2.0,3.0,0
3d,环廊,APF-only,24,20264927,1,235.942780,0.003320,0.003171,0.003320,NaN,NaN,NaN,NaN,40.0,25.155816,0.056301,0.719266,2.0,3.0,0
3d,环廊,AB-IRRT*,24,20264927,1,174.412030,0.696626,0.003164,0.692796,0.000323,0.003164,0.693300,3904.0,6000.0,1.016496,0.035700,0.973016,2.0,3.0,0
3d,环廊,APF-only,25,20264928,1,235.942780,0.002669,0.002536,0.002669,NaN,NaN,NaN,NaN,40.0,25.155816,0.056301,0.719266,2.0,3.0,0
3d,环廊,AB-IRRT*,25,20264928,1,173.779790,0.676616,0.003505,0.672520,0.000267,0.003505,0.672956,3912.0,6000.0,0.824287,0.043572,0.976556,2.0,3.0,0
3d,环廊,APF-only,26,20264929,1,235.942780,0.005463,0.005184,0.005463,NaN,NaN,NaN,NaN,40.0,25.155816,0.056301,0.719266,2.0,3.0,0
3d,环廊,AB-IRRT*,26,20264929,1,174.560237,0.752134,0.004560,0.746848,0.000374,0.004560,0.747405,3906.0,6000.0,0.918571,0.131768,0.972189,2.0,3.0,0
3d,环廊,APF-only,27,20264930,1,235.942780,0.005457,0.005238,0.005457,NaN,NaN,NaN,NaN,40.0,25.155816,0.056301,0.719266,2.0,3.0,0
3d,环廊,AB-IRRT*,27,20264930,1,173.937711,0.666942,0.004556,0.661719,0.000308,0.004556,0.662193,3741.0,6000.0,1.018988,0.020239,0.975669,2.0,3.0,0
3d,环廊,APF-only,28,20264931,1,235.942780,0.002784,0.002648,0.002784,NaN,NaN,NaN,NaN,40.0,25.155816,0.056301,0.719266,2.0,3.0,0
3d,环廊,AB-IRRT*,28,20264931,1,174.164385,0.629538,0.003566,0.625198,0.000344,0.003566,0.625811,3642.0,6000.0,0.912399,0.095092,0.974399,2.0,3.0,0
3d,环廊,APF-only,29,20264932,1,235.942780,0.004269,0.004129,0.004269,NaN,NaN,NaN,NaN,40.0,25.155816,0.056301,0.719266,2.0,3.0,0
3d,环廊,AB-IRRT*,29,20264932,1,173.941694,0.761721,0.006277,0.754712,0.000306,0.006277,0.755210,3765.0,6000.0,0.899928,0.006266,0.975647,2.0,3.0,0
3d,环廊,APF-only,30,20264933,1,235.942780,0.004313,0.004113,0.004313,NaN,NaN,NaN,NaN,40.0,25.155816,0.056301,0.719266,2.0,3.0,0
3d,环廊,AB-IRRT*,30,20264933,1,174.301426,0.700585,0.007405,0.692293,0.000416,0.007405,0.692921,3813.0,6000.0,0.865152,0.034406,0.973633,2.0,3.0,0
3d,环廊,APF-only,31,20264934,1,235.942780,0.006151,0.005900,0.006151,NaN,NaN,NaN,NaN,40.0,25.155816,0.056301,0.719266,2.0,3.0,0
3d,环廊,AB-IRRT*,31,20264934,1,174.119824,0.731100,0.004314,0.725947,0.000490,0.004314,0.726615,3771.0,6000.0,0.921598,0.055047,0.974649,2.0,3.0,0
3d,环廊,APF-only,32,20264935,1,235.942780,0.004904,0.004590,0.004904,NaN,NaN,NaN,NaN,40.0,25.155816,0.056301,0.719266,2.0,3.0,0
3d,环廊,AB-IRRT*,32,20264935,1,174.308084,0.783941,0.005292,0.777859,0.000373,0.005292,0.778459,3805.0,6000.0,0.872369,0.387850,0.973596,2.0,3.0,0
3d,环廊,APF-only,33,20264936,1,235.942780,0.003707,0.003535,0.003707,NaN,NaN,NaN,NaN,40.0,25.155816,0.056301,0.719266,2.0,3.0,0
3d,环廊,AB-IRRT*,33,20264936,1,173.969109,0.830391,0.005280,0.824448,0.000303,0.005280,0.824936,3828.0,6000.0,0.908086,0.028485,0.975493,2.0,3.0,0
3d,环廊,APF-only,34,20264937,1,235.942780,0.002330,0.002218,0.002330,NaN,NaN,NaN,NaN,40.0,25.155816,0.056301,0.719266,2.0,3.0,0
3d,环廊,AB-IRRT*,34,20264937,1,174.896571,0.778583,0.003798,0.774003,0.000436,0.003798,0.774597,3856.0,6000.0,1.218409,0.008118,0.970320,2.0,3.0,0
3d,环廊,APF-only,35,20264938,1,235.942780,0.005043,0.004823,0.005043,NaN,NaN,NaN,NaN,40.0,25.155816,0.056301,0.719266,2.0,3.0,0
3d,环廊,AB-IRRT*,35,20264938,1,173.933657,0.778730,0.005727,0.772210,0.000377,0.005727,0.772815,3822.0,6000.0,0.874699,0.188451,0.975692,2.0,3.0,0
3d,环廊,APF-only,36,20264939,1,235.942780,0.004044,0.003863,0.004044,NaN,NaN,NaN,NaN,40.0,25.155816,0.056301,0.719266,2.0,3.0,0
3d,环廊,AB-IRRT*,36,20264939,1,174.039708,0.792242,0.005720,0.785794,0.000311,0.005720,0.786324,3773.0,6000.0,0.828258,0.247072,0.975097,2.0,3.0,0
3d,环廊,APF-only,37,20264940,1,235.942780,0.003245,0.003109,0.003245,NaN,NaN,NaN,NaN,40.0,25.155816,0.056301,0.719266,2.0,3.0,0
3d,环廊,AB-IRRT*,37,20264940,1,173.985351,0.803915,0.004724,0.798242,0.000534,0.004724,0.798960,3763.0,6000.0,1.051273,0.011131,0.975402,2.0,3.0,0
3d,环廊,APF-only,38,20264941,1,235.942780,0.003639,0.003439,0.003639,NaN,NaN,NaN,NaN,40.0,25.155816,0.056301,0.719266,2.0,3.0,0
3d,环廊,AB-IRRT*,38,20264941,1,174.437438,0.771083,0.004631,0.765516,0.000538,0.004631,0.766271,3795.0,6000.0,1.275580,0.044777,0.972874,2.0,3.0,0
3d,环廊,APF-only,39,20264942,1,235.942780,0.003310,0.003159,0.003310,NaN,NaN,NaN,NaN,40.0,25.155816,0.056301,0.719266,2.0,3.0,0
3d,环廊,AB-IRRT*,39,20264942,1,174.453089,0.780488,0.005128,0.774573,0.000339,0.005128,0.775174,3747.0,6000.0,0.943728,0.092209,0.972787,2.0,3.0,0
3d,环廊,APF-only,40,20264943,1,235.942780,0.002610,0.002477,0.002610,NaN,NaN,NaN,NaN,40.0,25.155816,0.056301,0.719266,2.0,3.0,0
3d,环廊,AB-IRRT*,40,20264943,1,174.530535,0.769820,0.003557,0.765502,0.000335,0.003557,0.766030,3765.0,6000.0,1.129133,0.227671,0.972355,2.0,3.0,0
3d,环廊,APF-only,41,20264944,1,235.942780,0.002659,0.002540,0.002659,NaN,NaN,NaN,NaN,40.0,25.155816,0.056301,0.719266,2.0,3.0,0
3d,环廊,AB-IRRT*,41,20264944,1,174.628564,0.722617,0.005980,0.716013,0.000246,0.005980,0.716427,4007.0,6000.0,0.892648,0.080205,0.971809,2.0,3.0,0
3d,环廊,APF-only,42,20264945,1,235.942780,0.002678,0.002551,0.002678,NaN,NaN,NaN,NaN,40.0,25.155816,0.056301,0.719266,2.0,3.0,0
3d,环廊,AB-IRRT*,42,20264945,1,174.216406,0.738089,0.009928,0.727280,0.000331,0.009928,0.727831,3827.0,6000.0,0.982601,0.006297,0.974108,2.0,3.0,0
3d,环廊,APF-only,43,20264946,1,235.942780,0.004574,0.004374,0.004574,NaN,NaN,NaN,NaN,40.0,25.155816,0.056301,0.719266,2.0,3.0,0
3d,环廊,AB-IRRT*,43,20264946,1,174.153090,0.737668,0.004712,0.732207,0.000386,0.004712,0.732771,3747.0,6000.0,1.030254,0.036645,0.974462,2.0,3.0,0
3d,环廊,APF-only,44,20264947,1,235.942780,0.004482,0.004322,0.004482,NaN,NaN,NaN,NaN,40.0,25.155816,0.056301,0.719266,2.0,3.0,0
3d,环廊,AB-IRRT*,44,20264947,1,174.140842,0.663991,0.004692,0.658481,0.000423,0.004692,0.659120,3663.0,6000.0,0.895203,0.081845,0.974531,2.0,3.0,0
3d,环廊,APF-only,45,20264948,1,235.942780,0.003973,0.003813,0.003973,NaN,NaN,NaN,NaN,40.0,25.155816,0.056301,0.719266,2.0,3.0,0
3d,环廊,AB-IRRT*,45,20264948,1,174.112342,0.757566,0.004462,0.752075,0.000571,0.004462,0.752860,3700.0,6000.0,0.805400,0.015270,0.974690,2.0,3.0,0
3d,环廊,APF-only,46,20264949,1,235.942780,0.003474,0.003292,0.003474,NaN,NaN,NaN,NaN,40.0,25.155816,0.056301,0.719266,2.0,3.0,0
3d,环廊,AB-IRRT*,46,20264949,1,174.243460,0.766177,0.003905,0.761267,0.000624,0.003905,0.762109,3776.0,6000.0,1.020266,0.026170,0.973957,2.0,3.0,0
3d,环廊,APF-only,47,20264950,1,235.942780,0.003818,0.003657,0.003818,NaN,NaN,NaN,NaN,40.0,25.155816,0.056301,0.719266,2.0,3.0,0
3d,环廊,AB-IRRT*,47,20264950,1,174.093651,0.830726,0.004152,0.825664,0.000542,0.004152,0.826404,3836.0,6000.0,0.945143,0.018832,0.974795,2.0,3.0,0
3d,环廊,APF-only,48,20264951,1,235.942780,0.002669,0.002544,0.002669,NaN,NaN,NaN,NaN,40.0,25.155816,0.056301,0.719266,2.0,3.0,0
3d,环廊,AB-IRRT*,48,20264951,1,174.199130,0.777005,0.003119,0.773196,0.000374,0.003119,0.773747,3800.0,6000.0,0.869396,0.230620,0.974205,2.0,3.0,0
3d,环廊,APF-only,49,20264952,1,235.942780,0.005265,0.005036,0.005265,NaN,NaN,NaN,NaN,40.0,25.155816,0.056301,0.719266,2.0,3.0,0
3d,环廊,AB-IRRT*,49,20264952,1,174.471171,0.837250,0.004512,0.831556,0.000749,0.004512,0.832527,3876.0,6000.0,1.409567,0.026133,0.972686,2.0,3.0,0
3d,环廊,APF-only,50,20264953,1,235.942780,0.003432,0.003275,0.003432,NaN,NaN,NaN,NaN,40.0,25.155816,0.056301,0.719266,2.0,3.0,0
3d,环廊,AB-IRRT*,50,20264953,1,174.512148,0.770524,0.005348,0.764454,0.000314,0.005348,0.764974,3810.0,6000.0,1.028283,0.063583,0.972457,2.0,3.0,0
3d,悬挑,APF-only,1,20265904,1,323.969580,0.004591,0.004378,0.004591,NaN,NaN,NaN,NaN,50.0,31.424760,0.148188,0.763610,0.0,3.0,0
3d,悬挑,AB-IRRT*,1,20265904,1,249.393235,0.667397,0.004811,0.661612,0.000217,0.004811,0.662087,4692.0,6000.0,0.477183,0.136481,0.991953,0.0,3.0,0
3d,悬挑,APF-only,2,20265905,1,323.969580,0.003487,0.003334,0.003487,NaN,NaN,NaN,NaN,50.0,31.424760,0.148188,0.763610,0.0,3.0,0
3d,悬挑,AB-IRRT*,2,20265905,1,249.469597,0.685451,0.004349,0.680223,0.000212,0.004349,0.680626,4717.0,6000.0,0.393905,0.174815,0.991649,0.0,3.0,0
3d,悬挑,APF-only,3,20265906,1,323.969580,0.003776,0.003621,0.003776,NaN,NaN,NaN,NaN,50.0,31.424760,0.148188,0.763610,0.0,3.0,0
3d,悬挑,AB-IRRT*,3,20265906,1,249.410926,0.696135,0.005448,0.689737,0.000223,0.005448,0.690156,4670.0,6000.0,0.486120,0.107223,0.991883,0.0,3.0,0
3d,悬挑,APF-only,4,20265907,1,323.969580,0.003051,0.002919,0.003051,NaN,NaN,NaN,NaN,50.0,31.424760,0.148188,0.763610,0.0,3.0,0
3d,悬挑,AB-IRRT*,4,20265907,1,249.206815,0.681889,0.004827,0.673876,0.000193,0.004827,0.674247,4629.0,6000.0,0.411720,0.208224,0.992695,0.0,3.0,0
3d,悬挑,APF-only,5,20265908,1,323.969580,0.002505,0.002390,0.002505,NaN,NaN,NaN,NaN,50.0,31.424760,0.148188,0.763610,0.0,3.0,0
3d,悬挑,AB-IRRT*,5,20265908,1,249.762148,0.580230,0.003035,0.576687,0.000182,0.003035,0.577062,4607.0,6000.0,0.533198,0.178989,0.990488,0.0,3.0,0
3d,悬挑,APF-only,6,20265909,1,323.969580,0.005123,0.004916,0.005123,NaN,NaN,NaN,NaN,50.0,31.424760,0.148188,0.763610,0.0,3.0,0
3d,悬挑,AB-IRRT*,6,20265909,1,249.402498,0.716239,0.003241,0.712406,0.000256,0.003241,0.712833,4627.0,6000.0,0.600716,0.140278,0.991916,0.0,3.0,0
3d,悬挑,APF-only,7,20265910,1,323.969580,0.002701,0.002585,0.002701,NaN,NaN,NaN,NaN,50.0,31.424760,0.148188,0.763610,0.0,3.0,0
3d,悬挑,AB-IRRT*,7,20265910,1,249.506200,0.600597,0.003163,0.596514,0.000514,0.003163,0.597259,4676.0,6000.0,0.483598,0.094139,0.991504,0.0,3.0,0
3d,悬挑,APF-only,8,20265911,1,323.969580,0.004400,0.004178,0.004400,NaN,NaN,NaN,NaN,50.0,31.424760,0.148188,0.763610,0.0,3.0,0
3d,悬挑,AB-IRRT*,8,20265911,1,249.641220,0.605524,0.003904,0.600998,0.000267,0.003904,0.601464,4706.0,6000.0,0.517843,0.040886,0.990968,0.0,3.0,0
3d,悬挑,APF-only,9,20265912,1,323.969580,0.002694,0.002574,0.002694,NaN,NaN,NaN,NaN,50.0,31.424760,0.148188,0.763610,0.0,3.0,0
3d,悬挑,AB-IRRT*,9,20265912,1,249.618599,0.571985,0.002866,0.568416,0.000390,0.002866,0.568978,4754.0,6000.0,0.501152,0.018541,0.991057,0.0,3.0,0
3d,悬挑,APF-only,10,20265913,1,323.969580,0.003442,0.003294,0.003442,NaN,NaN,NaN,NaN,50.0,31.424760,0.148188,0.763610,0.0,3.0,0
3d,悬挑,AB-IRRT*,10,20265913,1,249.394124,0.692650,0.003504,0.688365,0.000416,0.003504,0.688979,4611.0,6000.0,0.505977,0.042202,0.991949,0.0,3.0,0
3d,悬挑,APF-only,11,20265914,1,323.969580,0.003765,0.003594,0.003765,NaN,NaN,NaN,NaN,50.0,31.424760,0.148188,0.763610,0.0,3.0,0
3d,悬挑,AB-IRRT*,11,20265914,1,249.552973,0.602041,0.004758,0.596502,0.000290,0.004758,0.597124,4584.0,6000.0,0.416669,0.338070,0.991318,0.0,3.0,0
3d,悬挑,APF-only,12,20265915,1,323.969580,0.002386,0.002270,0.002386,NaN,NaN,NaN,NaN,50.0,31.424760,0.148188,0.763610,0.0,3.0,0
3d,悬挑,AB-IRRT*,12,20265915,1,249.313603,0.677808,0.003500,0.673788,0.000192,0.003500,0.674182,4615.0,6000.0,0.473645,0.234525,0.992270,0.0,3.0,0
3d,悬挑,APF-only,13,20265916,1,323.969580,0.003059,0.002927,0.003059,NaN,NaN,NaN,NaN,50.0,31.424760,0.148188,0.763610,0.0,3.0,0
3d,悬挑,AB-IRRT*,13,20265916,1,249.597156,0.656959,0.004719,0.651755,0.000149,0.004719,0.652085,4654.0,6000.0,0.471151,0.450575,0.991142,0.0,3.0,0
3d,悬挑,APF-only,14,20265917,1,323.969580,0.004431,0.004222,0.004431,NaN,NaN,NaN,NaN,50.0,31.424760,0.148188,0.763610,0.0,3.0,0
3d,悬挑,AB-IRRT*,14,20265917,1,249.339402,0.719364,0.003767,0.714687,0.000473,0.003767,0.715411,4656.0,6000.0,0.500301,0.170659,0.992167,0.0,3.0,0
3d,悬挑,APF-only,15,20265918,1,323.969580,0.004964,0.004741,0.004964,NaN,NaN,NaN,NaN,50.0,31.424760,0.148188,0.763610,0.0,3.0,0
3d,悬挑,AB-IRRT*,15,20265918,1,249.827163,0.675616,0.003521,0.671613,0.000202,0.003521,0.671968,4669.0,6000.0,0.654477,0.094860,0.990230,0.0,3.0,0
3d,悬挑,APF-only,16,20265919,1,323.969580,0.004036,0.003845,0.004036,NaN,NaN,NaN,NaN,50.0,31.424760,0.148188,0.763610,0.0,3.0,0
3d,悬挑,AB-IRRT*,16,20265919,1,249.617305,0.676743,0.005316,0.670861,0.000181,0.005316,0.671236,4744.0,6000.0,0.443304,0.272601,0.991062,0.0,3.0,0
3d,悬挑,APF-only,17,20265920,1,323.969580,0.003168,0.003027,0.003168,NaN,NaN,NaN,NaN,50.0,31.424760,0.148188,0.763610,0.0,3.0,0
3d,悬挑,AB-IRRT*,17,20265920,1,249.387199,0.660321,0.003115,0.656680,0.000195,0.003115,0.657068,4645.0,6000.0,0.414627,0.213872,0.991977,0.0,3.0,0
3d,悬挑,APF-only,18,20265921,1,323.969580,0.003906,0.003728,0.003906,NaN,NaN,NaN,NaN,50.0,31.424760,0.148188,0.763610,0.0,3.0,0
3d,悬挑,AB-IRRT*,18,20265921,1,249.352684,0.621752,0.003544,0.617635,0.000242,0.003544,0.618066,4653.0,6000.0,0.513100,0.330072,0.992114,0.0,3.0,0
3d,悬挑,APF-only,19,20265922,1,323.969580,0.004153,0.003967,0.004153,NaN,NaN,NaN,NaN,50.0,31.424760,0.148188,0.763610,0.0,3.0,0
3d,悬挑,AB-IRRT*,19,20265922,1,249.292519,0.697839,0.004682,0.692578,0.000219,0.004682,0.693005,4598.0,6000.0,0.430099,0.442278,0.992354,0.0,3.0,0
3d,悬挑,APF-only,20,20265923,1,323.969580,0.003261,0.003127,0.003261,NaN,NaN,NaN,NaN,50.0,31.424760,0.148188,0.763610,0.0,3.0,0
3d,悬挑,AB-IRRT*,20,20265923,1,249.315590,0.761243,0.004004,0.756586,0.000340,0.004004,0.757105,4619.0,6000.0,0.533354,0.106448,0.992262,0.0,3.0,0
3d,悬挑,APF-only,21,20265924,1,323.969580,0.004286,0.004115,0.004286,NaN,NaN,NaN,NaN,50.0,31.424760,0.148188,0.763610,0.0,3.0,0
3d,悬挑,AB-IRRT*,21,20265924,1,249.218311,0.722550,0.004571,0.717363,0.000264,0.004571,0.717827,4606.0,6000.0,0.491899,0.094449,0.992649,0.0,3.0,0
3d,悬挑,APF-only,22,20265925,1,323.969580,0.003779,0.003612,0.003779,NaN,NaN,NaN,NaN,50.0,31.424760,0.148188,0.763610,0.0,3.0,0
3d,悬挑,AB-IRRT*,22,20265925,1,249.551587,0.649687,0.005439,0.643461,0.000358,0.005439,0.644059,4593.0,6000.0,0.479511,0.460336,0.991323,0.0,3.0,0
3d,悬挑,APF-only,23,20265926,1,323.969580,0.003798,0.003644,0.003798,NaN,NaN,NaN,NaN,50.0,31.424760,0.148188,0.763610,0.0,3.0,0
3d,悬挑,AB-IRRT*,23,20265926,1,249.268735,0.695885,0.004838,0.690491,0.000188,0.004838,0.690874,4516.0,6000.0,0.417588,0.008259,0.992448,0.0,3.0,0
3d,悬挑,APF-only,24,20265927,1,323.969580,0.004475,0.004302,0.004475,NaN,NaN,NaN,NaN,50.0,31.424760,0.148188,0.763610,0.0,3.0,0
3d,悬挑,AB-IRRT*,24,20265927,1,249.324418,0.623853,0.003799,0.619358,0.000381,0.003799,0.619916,4584.0,6000.0,0.472358,0.427405,0.992227,0.0,3.0,0
3d,悬挑,APF-only,25,20265928,1,323.969580,0.002984,0.002845,0.002984,NaN,NaN,NaN,NaN,50.0,31.424760,0.148188,0.763610,0.0,3.0,0
3d,悬挑,AB-IRRT*,25,20265928,1,249.720275,0.669329,0.004610,0.664027,0.000319,0.004610,0.664543,4617.0,6000.0,0.600173,0.288951,0.990654,0.0,3.0,0
3d,悬挑,APF-only,26,20265929,1,323.969580,0.002840,0.002711,0.002840,NaN,NaN,NaN,NaN,50.0,31.424760,0.148188,0.763610,0.0,3.0,0
3d,悬挑,AB-IRRT*,26,20265929,1,250.038010,0.606631,0.003090,0.603040,0.000193,0.003090,0.603420,4729.0,6000.0,0.575115,0.328329,0.989395,0.0,3.0,0
3d,悬挑,APF-only,27,20265930,1,323.969580,0.003324,0.003163,0.003324,NaN,NaN,NaN,NaN,50.0,31.424760,0.148188,0.763610,0.0,3.0,0
3d,悬挑,AB-IRRT*,27,20265930,1,249.448167,0.662335,0.003620,0.658194,0.000192,0.003620,0.658569,4606.0,6000.0,0.436319,0.319068,0.991734,0.0,3.0,0
3d,悬挑,APF-only,28,20265931,1,323.969580,0.004795,0.004562,0.004795,NaN,NaN,NaN,NaN,50.0,31.424760,0.148188,0.763610,0.0,3.0,0
3d,悬挑,AB-IRRT*,28,20265931,1,249.517546,0.697790,0.005681,0.691469,0.000236,0.005681,0.691924,4733.0,6000.0,0.404864,0.079089,0.991459,0.0,3.0,0
3d,悬挑,APF-only,29,20265932,1,323.969580,0.003757,0.003593,0.003757,NaN,NaN,NaN,NaN,50.0,31.424760,0.148188,0.763610,0.0,3.0,0
3d,悬挑,AB-IRRT*,29,20265932,1,249.179790,0.705644,0.004985,0.700026,0.000246,0.004985,0.700493,4704.0,6000.0,0.437742,0.244058,0.992803,0.0,3.0,0
3d,悬挑,APF-only,30,20265933,1,323.969580,0.002928,0.002807,0.002928,NaN,NaN,NaN,NaN,50.0,31.424760,0.148188,0.763610,0.0,3.0,0
3d,悬挑,AB-IRRT*,30,20265933,1,249.196185,0.643048,0.006612,0.635727,0.000274,0.006612,0.636240,4549.0,6000.0,0.523923,0.076482,0.992737,0.0,3.0,0
3d,悬挑,APF-only,31,20265934,1,323.969580,0.002648,0.002508,0.002648,NaN,NaN,NaN,NaN,50.0,31.424760,0.148188,0.763610,0.0,3.0,0
3d,悬挑,AB-IRRT*,31,20265934,1,249.549336,0.664732,0.005467,0.658562,0.000330,0.005467,0.659083,4614.0,6000.0,0.369080,0.075251,0.991332,0.0,3.0,0
3d,悬挑,APF-only,32,20265935,1,323.969580,0.003175,0.003035,0.003175,NaN,NaN,NaN,NaN,50.0,31.424760,0.148188,0.763610,0.0,3.0,0
3d,悬挑,AB-IRRT*,32,20265935,1,249.509759,0.691028,0.005667,0.684582,0.000405,0.005667,0.685190,4697.0,6000.0,0.638437,0.058532,0.991490,0.0,3.0,0
3d,悬挑,APF-only,33,20265936,1,323.969580,0.004987,0.004792,0.004987,NaN,NaN,NaN,NaN,50.0,31.424760,0.148188,0.763610,0.0,3.0,0
3d,悬挑,AB-IRRT*,33,20265936,1,249.320319,0.793029,0.005345,0.787178,0.000154,0.005345,0.787511,4608.0,6000.0,0.431241,0.121473,0.992243,0.0,3.0,0
3d,悬挑,APF-only,34,20265937,1,323.969580,0.002919,0.002791,0.002919,NaN,NaN,NaN,NaN,50.0,31.424760,0.148188,0.763610,0.0,3.0,0
3d,悬挑,AB-IRRT*,34,20265937,1,249.368079,0.701721,0.004410,0.696763,0.000239,0.004410,0.697172,4603.0,6000.0,0.470275,0.127297,0.992053,0.0,3.0,0
3d,悬挑,APF-only,35,20265938,1,323.969580,0.005222,0.005004,0.005222,NaN,NaN,NaN,NaN,50.0,31.424760,0.148188,0.763610,0.0,3.0,0
3d,悬挑,AB-IRRT*,35,20265938,1,249.229583,0.698236,0.004763,0.692531,0.000547,0.004763,0.693303,4611.0,6000.0,0.548791,0.048511,0.992604,0.0,3.0,0
3d,悬挑,APF-only,36,20265939,1,323.969580,0.004040,0.003852,0.004040,NaN,NaN,NaN,NaN,50.0,31.424760,0.148188,0.763610,0.0,3.0,0
3d,悬挑,AB-IRRT*,36,20265939,1,249.100758,0.731561,0.004833,0.725981,0.000364,0.004833,0.726542,4584.0,6000.0,0.553989,0.043076,0.993118,0.0,3.0,0
3d,悬挑,APF-only,37,20265940,1,323.969580,0.003193,0.003057,0.003193,NaN,NaN,NaN,NaN,50.0,31.424760,0.148188,0.763610,0.0,3.0,0
3d,悬挑,AB-IRRT*,37,20265940,1,249.755618,0.661124,0.004570,0.656046,0.000192,0.004570,0.656415,4692.0,6000.0,0.421873,0.211866,0.990514,0.0,3.0,0
3d,悬挑,APF-only,38,20265941,1,323.969580,0.003180,0.003040,0.003180,NaN,NaN,NaN,NaN,50.0,31.424760,0.148188,0.763610,0.0,3.0,0
3d,悬挑,AB-IRRT*,38,20265941,1,249.586420,0.697615,0.002998,0.694138,0.000166,0.002998,0.694489,4665.0,6000.0,0.495759,0.104450,0.991185,0.0,3.0,0
3d,悬挑,APF-only,39,20265942,1,323.969580,0.004098,0.003925,0.004098,NaN,NaN,NaN,NaN,50.0,31.424760,0.148188,0.763610,0.0,3.0,0
3d,悬挑,AB-IRRT*,39,20265942,1,249.429073,0.707687,0.003702,0.703483,0.000208,0.003702,0.703852,4684.0,6000.0,0.550717,0.054253,0.991810,0.0,3.0,0
3d,悬挑,APF-only,40,20265943,1,323.969580,0.002743,0.002621,0.002743,NaN,NaN,NaN,NaN,50.0,31.424760,0.148188,0.763610,0.0,3.0,0
3d,悬挑,AB-IRRT*,40,20265943,1,249.429207,0.676351,0.002973,0.672739,0.000289,0.002973,0.673254,4640.0,6000.0,0.426756,0.137494,0.991810,0.0,3.0,0
3d,悬挑,APF-only,41,20265944,1,323.969580,0.002799,0.002680,0.002799,NaN,NaN,NaN,NaN,50.0,31.424760,0.148188,0.763610,0.0,3.0,0
3d,悬挑,AB-IRRT*,41,20265944,1,249.383433,0.677875,0.002985,0.674277,0.000302,0.002985,0.674758,4583.0,6000.0,0.777065,0.105953,0.991992,0.0,3.0,0
3d,悬挑,APF-only,42,20265945,1,323.969580,0.003190,0.003042,0.003190,NaN,NaN,NaN,NaN,50.0,31.424760,0.148188,0.763610,0.0,3.0,0
3d,悬挑,AB-IRRT*,42,20265945,1,249.265993,0.707662,0.004620,0.702440,0.000189,0.004620,0.702887,4584.0,6000.0,0.474605,0.109633,0.992459,0.0,3.0,0
3d,悬挑,APF-only,43,20265946,1,323.969580,0.002824,0.002703,0.002824,NaN,NaN,NaN,NaN,50.0,31.424760,0.148188,0.763610,0.0,3.0,0
3d,悬挑,AB-IRRT*,43,20265946,1,249.530232,0.644061,0.003189,0.640165,0.000375,0.003189,0.640737,4560.0,6000.0,0.561560,0.029478,0.991408,0.0,3.0,0
3d,悬挑,APF-only,44,20265947,1,323.969580,0.003549,0.003406,0.003549,NaN,NaN,NaN,NaN,50.0,31.424760,0.148188,0.763610,0.0,3.0,0
3d,悬挑,AB-IRRT*,44,20265947,1,249.321600,0.657123,0.003573,0.653080,0.000160,0.003573,0.653412,4681.0,6000.0,0.416649,0.120396,0.992238,0.0,3.0,0
3d,悬挑,APF-only,45,20265948,1,323.969580,0.002643,0.002524,0.002643,NaN,NaN,NaN,NaN,50.0,31.424760,0.148188,0.763610,0.0,3.0,0
3d,悬挑,AB-IRRT*,45,20265948,1,249.456025,0.686892,0.003288,0.683161,0.000160,0.003288,0.683480,4683.0,6000.0,0.399947,0.246379,0.991703,0.0,3.0,0
3d,悬挑,APF-only,46,20265949,1,323.969580,0.003014,0.002877,0.003014,NaN,NaN,NaN,NaN,50.0,31.424760,0.148188,0.763610,0.0,3.0,0
3d,悬挑,AB-IRRT*,46,20265949,1,249.352993,0.629338,0.005218,0.623457,0.000235,0.005218,0.623928,4733.0,6000.0,0.461612,0.273867,0.992113,0.0,3.0,0
3d,悬挑,APF-only,47,20265950,1,323.969580,0.003569,0.003419,0.003569,NaN,NaN,NaN,NaN,50.0,31.424760,0.148188,0.763610,0.0,3.0,0
3d,悬挑,AB-IRRT*,47,20265950,1,249.305054,0.628868,0.003012,0.625346,0.000236,0.003012,0.625731,4666.0,6000.0,0.561035,0.209347,0.992304,0.0,3.0,0
3d,悬挑,APF-only,48,20265951,1,323.969580,0.002570,0.002433,0.002570,NaN,NaN,NaN,NaN,50.0,31.424760,0.148188,0.763610,0.0,3.0,0
3d,悬挑,AB-IRRT*,48,20265951,1,249.551475,0.644344,0.003351,0.640496,0.000197,0.003351,0.640864,4656.0,6000.0,0.410860,0.196577,0.991324,0.0,3.0,0
3d,悬挑,APF-only,49,20265952,1,323.969580,0.003278,0.003133,0.003278,NaN,NaN,NaN,NaN,50.0,31.424760,0.148188,0.763610,0.0,3.0,0
3d,悬挑,AB-IRRT*,49,20265952,1,249.566312,0.682596,0.004467,0.677586,0.000201,0.004467,0.677982,4598.0,6000.0,0.477829,0.406823,0.991265,0.0,3.0,0
3d,悬挑,APF-only,50,20265953,1,323.969580,0.003182,0.003036,0.003182,NaN,NaN,NaN,NaN,50.0,31.424760,0.148188,0.763610,0.0,3.0,0
3d,悬挑,AB-IRRT*,50,20265953,1,249.388828,0.663549,0.005720,0.657154,0.000205,0.005720,0.657575,4697.0,6000.0,0.493426,0.420053,0.991970,0.0,3.0,0
