scenario,algorithm,run,seed,success,length,time,firstSolutionTime,tPlanner,tShortcut,tPre,tOpt,nodes,iterations,turnSum,minClear,straightness,escapes,sideFlips,fallback
一般,RRT*,1,20261904,1,210.680253462492,0.0200964,0.0054232,0.0199282,0,NaN,NaN,382,500,2.77685794011455,1,0.966615283752643,NaN,NaN,0
一般,Informed-RRT*,1,20261904,1,211.57274117931,0.0166519,0.0051247,0.0164602,0,NaN,NaN,350,500,3.98495786734585,0.442719589098342,0.962537762882852,NaN,NaN,0
一般,PRM*,1,20261904,1,219.069139780528,0.0559211,0.0007277,0.0554845,0,NaN,NaN,502,500,2.25578838195919,0.11620742072168,0.929600368110939,NaN,NaN,0
一般,FMT*,1,20261904,1,218.695625137044,0.0124094,0.0046593,0.0119225,0,NaN,NaN,502,500,2.12259191562196,0.0533733262349632,0.931188051220101,NaN,NaN,0
一般,BIT*,1,20261904,1,210.996465842381,0.1160721,0.0163969,0.1155924,0,NaN,NaN,264,500,2.60001773411469,0.24470114131498,0.965166654183935,NaN,NaN,0
一般,RRT#,1,20261904,1,210.628465496182,0.0192905,0.0052715,0.0187306,0,NaN,NaN,382,500,2.61030322540442,1,0.9668529488737,NaN,NaN,0
一般,APF-only,1,20261904,1,229.358752665851,0.002784,0.0025673,0.002784,NaN,NaN,NaN,NaN,52,16.5135672987644,0.40276509044968,0.887896147911194,1,5,0
一般,AB-IRRT*,1,20261904,1,211.23340568324,0.0178457,0.0018474,0.0146358,0,0.0018474,0.0147963,364,500,2.8028949812561,0.695233670997874,0.96408402981065,1,5,0
一般,RRT*,2,20261905,1,217.207905834209,0.0146376,0.0063953,0.0145563,0,NaN,NaN,385,500,5.36144193978705,0.832378857119648,0.937566025507221,NaN,NaN,0
一般,Informed-RRT*,2,20261905,1,214.322972532427,0.0147309,0.0065616,0.0146121,0,NaN,NaN,374,500,7.8071785085759,0.255729755279646,0.950186303294735,NaN,NaN,0
一般,PRM*,2,20261905,1,214.476477879895,0.0525614,0.0003992,0.052476,0,NaN,NaN,502,500,3.64901052852029,0.127189733729875,0.949506234878429,NaN,NaN,0
一般,FMT*,2,20261905,1,222.416870281158,0.0430715,0.010875,0.0429564,0,NaN,NaN,502,500,3.56498381618967,0.40085824888142,0.915608392134533,NaN,NaN,0
一般,BIT*,2,20261905,0,Inf,0.1960661,NaN,0.1950936,0,NaN,NaN,414,500,NaN,NaN,NaN,NaN,NaN,0
一般,RRT#,2,20261905,1,215.852561240275,0.0138703,0.0059656,0.0137268,0,NaN,NaN,385,500,5.02729887613049,0.833355446662367,0.943453030214628,NaN,NaN,0
一般,APF-only,2,20261905,1,229.358752665851,0.0028264,0.0026746,0.0028264,NaN,NaN,NaN,NaN,52,16.5135672987644,0.40276509044968,0.887896147911194,1,5,0
一般,AB-IRRT*,2,20261905,1,210.356733771849,0.0158865,0.0020452,0.0135955,0,0.0020452,0.0137452,362,500,2.25001675826624,0.383209061481374,0.968101896859642,1,5,0
一般,RRT*,3,20261906,1,221.119287971886,0.0164186,0.0066649,0.0163075,0,NaN,NaN,376,500,5.8088650160217,0.042731515177298,0.920981407138117,NaN,NaN,0
一般,Informed-RRT*,3,20261906,1,219.013840165034,0.0155212,0.0075371,0.0153685,0,NaN,NaN,335,500,4.0914503037286,0.0408230801168639,0.92983508635012,NaN,NaN,0
一般,PRM*,3,20261906,1,216.617604191455,0.0694633,0.0006154,0.0693266,0,NaN,NaN,502,500,2.29528030216376,1,0.940120973740136,NaN,NaN,0
一般,FMT*,3,20261906,1,213.761534766052,0.0304854,0.0206052,0.0303544,0,NaN,NaN,502,500,3.10516975239723,0.051577792587997,0.952681936928474,NaN,NaN,0
一般,BIT*,3,20261906,1,213.293256139653,0.115809,0.0929024,0.1156704,0,NaN,NaN,346,500,2.68551691600456,0.0515375315846125,0.954773520117244,NaN,NaN,0
一般,RRT#,3,20261906,1,221.093578931082,0.0254025,0.011645,0.0252468,0,NaN,NaN,376,500,5.67800050181238,0.0420359388390867,0.921088500020191,NaN,NaN,0
一般,APF-only,3,20261906,1,229.358752665851,0.0029745,0.002839,0.0029745,NaN,NaN,NaN,NaN,52,16.5135672987644,0.40276509044968,0.887896147911194,1,5,0
一般,AB-IRRT*,3,20261906,1,209.908406990929,0.0175203,0.0017355,0.0155038,0,0.0017355,0.0156815,348,500,2.94126782566837,0.0362578917287539,0.970169589208147,1,5,0
一般,RRT*,4,20261907,1,217.692359706142,0.0193757,0.0073087,0.0192548,0,NaN,NaN,373,500,6.10631898649627,1,0.935479560498238,NaN,NaN,0
一般,Informed-RRT*,4,20261907,1,216.024901524234,0.0216067,0.0042215,0.0214388,0,NaN,NaN,361,500,5.99394150849903,0.185061312255326,0.942700362526867,NaN,NaN,0
一般,PRM*,4,20261907,1,214.862808405176,0.0633825,0.0023704,0.0632747,0,NaN,NaN,502,500,2.34049503332025,1,0.947798990869094,NaN,NaN,0
一般,FMT*,4,20261907,1,217.562880104666,0.0185561,0.0098455,0.0184308,0,NaN,NaN,502,500,1.74224183108801,0.235104304202947,0.936036298488762,NaN,NaN,0
一般,BIT*,4,20261907,1,211.278060760159,0.1440584,0.038568,0.1439204,0,NaN,NaN,326,500,1.08087996039554,0.210236031333887,0.963880263994393,NaN,NaN,0
一般,RRT#,4,20261907,1,217.103725646162,0.0159685,0.0043518,0.0158615,0,NaN,NaN,373,500,5.42986239715556,0.211651735846062,0.938015929370236,NaN,NaN,0
一般,APF-only,4,20261907,1,229.358752665851,0.0015824,0.0014863,0.0015824,NaN,NaN,NaN,NaN,52,16.5135672987644,0.40276509044968,0.887896147911194,1,5,0
一般,AB-IRRT*,4,20261907,1,210.345586821627,0.0159779,0.001665,0.0140807,0,0.001665,0.0142278,353,500,2.77688873370615,0.116089718163126,0.968153199973804,1,5,0
一般,RRT*,5,20261908,1,212.780641668213,0.0137072,0.0050892,0.0135963,0,NaN,NaN,365,500,3.69355029525813,0.0488531654765154,0.957073685769172,NaN,NaN,0
一般,Informed-RRT*,5,20261908,1,214.174738681263,0.019788,0.006913,0.0196225,0,NaN,NaN,339,500,5.48812362413577,1,0.950843942827424,NaN,NaN,0
一般,PRM*,5,20261908,1,218.177644245307,0.0611249,0.0008374,0.0610206,0,NaN,NaN,502,500,4.75316915288725,0.185875800480119,0.933398807591656,NaN,NaN,0
一般,FMT*,5,20261908,1,214.713035581999,0.0114877,0.0061859,0.011373,0,NaN,NaN,502,500,1.69373615066967,0.178738249922455,0.948460126930451,NaN,NaN,0
一般,BIT*,5,20261908,1,212.496234228614,0.0718274,0.022166,0.0716959,0,NaN,NaN,271,500,2.21327731661017,0.182044906705706,0.958354644358696,NaN,NaN,0
一般,RRT#,5,20261908,1,214.785127016602,0.0188121,0.0065511,0.0186936,0,NaN,NaN,365,500,5.22411409786748,0.48808038217698,0.948141781558201,NaN,NaN,0
一般,APF-only,5,20261908,1,229.358752665851,0.0013598,0.0012763,0.0013598,NaN,NaN,NaN,NaN,52,16.5135672987644,0.40276509044968,0.887896147911194,1,5,0
一般,AB-IRRT*,5,20261908,1,211.030043065003,0.0135787,0.0012391,0.0121436,0,0.0012391,0.0122601,350,500,2.57051399003925,0.33253660238387,0.965013085454365,1,5,0
一般,RRT*,6,20261909,1,211.085294914058,0.0158177,0.0106935,0.0157086,0,NaN,NaN,380,500,3.16273988172447,0.2030693087641,0.964760492030671,NaN,NaN,0
一般,Informed-RRT*,6,20261909,1,214.105340974937,0.0231468,0.0133184,0.0229764,0,NaN,NaN,362,500,4.71288918257476,0.654678247826954,0.951152138729528,NaN,NaN,0
一般,PRM*,6,20261909,1,214.491184316212,0.0645771,0.0017828,0.0644651,0,NaN,NaN,502,500,3.74286632997541,0.0190281574930964,0.949441132655135,NaN,NaN,0
一般,FMT*,6,20261909,1,213.6513381948,0.0312894,0.0273892,0.0311755,0,NaN,NaN,502,500,1.58413777659335,0.139909306640424,0.953173308917203,NaN,NaN,0
一般,BIT*,6,20261909,1,212.301539508124,0.0866641,0.0691398,0.0865541,0,NaN,NaN,357,500,1.2656291905253,0.139726320692406,0.959233519707629,NaN,NaN,0
一般,RRT#,6,20261909,1,211.085294914058,0.0174367,0.0120889,0.0173277,0,NaN,NaN,380,500,3.16273988172447,0.2030693087641,0.964760492030671,NaN,NaN,0
一般,APF-only,6,20261909,1,229.358752665851,0.0016558,0.0015583,0.0016558,NaN,NaN,NaN,NaN,52,16.5135672987644,0.40276509044968,0.887896147911194,1,5,0
一般,AB-IRRT*,6,20261909,1,210.170991434122,0.0190234,0.0015892,0.0171894,0,0.0015892,0.0173347,370,500,2.80274652230961,0.0359024309501699,0.968957474064916,1,5,0
一般,RRT*,7,20261910,1,221.036639671485,0.016657,0.0060403,0.0165501,0,NaN,NaN,392,500,5.40451030600261,0.291767082461007,0.921325773339636,NaN,NaN,0
一般,Informed-RRT*,7,20261910,1,222.378899779633,0.0173299,0.0064255,0.0171884,0,NaN,NaN,369,500,6.1767919738687,0.266291181703899,0.915764729403421,NaN,NaN,0
一般,PRM*,7,20261910,1,222.030071425776,0.0544675,0.0011416,0.0543818,0,NaN,NaN,502,500,3.80858540252404,0.532705857524646,0.917203474619446,NaN,NaN,0
一般,FMT*,7,20261910,1,219.454223651964,0.0133761,0.0131283,0.0132773,0,NaN,NaN,502,500,2.50090152790277,0.0870802405200966,0.927969166383838,NaN,NaN,0
一般,BIT*,7,20261910,1,219.454223651964,0.0800897,0.0799686,0.0799839,0,NaN,NaN,406,500,2.50090152790277,0.0870802405200966,0.927969166383838,NaN,NaN,0
一般,RRT#,7,20261910,1,221.036639671485,0.0135938,0.0047903,0.0135071,0,NaN,NaN,392,500,5.40451030600261,0.291767082461007,0.921325773339636,NaN,NaN,0
一般,APF-only,7,20261910,1,229.358752665851,0.0020983,0.002017,0.0020983,NaN,NaN,NaN,NaN,52,16.5135672987644,0.40276509044968,0.887896147911194,1,5,0
一般,AB-IRRT*,7,20261910,1,211.051909062245,0.014981,0.0017195,0.013045,0,0.0017195,0.0131721,361,500,2.60078812846538,0.210345679399047,0.964913105437322,1,5,0
一般,RRT*,8,20261911,1,213.217885489041,0.0153039,0.0112589,0.015215,0,NaN,NaN,368,500,4.55947196973433,0.00564828879164381,0.955111024174345,NaN,NaN,0
一般,Informed-RRT*,8,20261911,1,212.197427786723,0.0138531,0.0105432,0.0137005,0,NaN,NaN,354,500,4.41659714831606,0.071280113225221,0.959704154314296,NaN,NaN,0
一般,PRM*,8,20261911,1,211.020099354196,0.0603904,0.0010615,0.0602937,0,NaN,NaN,502,500,1.78750338166129,0.402834384019831,0.965058558900143,NaN,NaN,0
一般,FMT*,8,20261911,1,215.651214255891,0.023377,0.0155607,0.0232838,0,NaN,NaN,502,500,1.18042818418728,0.480602594317437,0.944333903634221,NaN,NaN,0
一般,BIT*,8,20261911,1,215.097386025188,0.1277613,0.0255661,0.1276348,0,NaN,NaN,345,500,1.13434951709792,0.121387503787902,0.946765354730433,NaN,NaN,0
一般,RRT#,8,20261911,1,212.989862656912,0.0186656,0.0136354,0.0184743,0,NaN,NaN,368,500,4.52275956705978,0.00169863343232635,0.956133547584675,NaN,NaN,0
一般,APF-only,8,20261911,1,229.358752665851,0.0014924,0.0014014,0.0014924,NaN,NaN,NaN,NaN,52,16.5135672987644,0.40276509044968,0.887896147911194,1,5,0
一般,AB-IRRT*,8,20261911,1,209.229340196002,0.0164636,0.0018769,0.01434,0,0.0018769,0.0144817,367,500,1.95747615477869,0.0357971835977757,0.973318334756271,1,5,0
一般,RRT*,9,20261912,1,215.555507235796,0.0133906,0.0082127,0.0133045,0,NaN,NaN,372,500,5.42551367305804,0.134549215598163,0.94475318952977,NaN,NaN,0
一般,Informed-RRT*,9,20261912,1,216.387037594214,0.0170233,0.010586,0.0168925,0,NaN,NaN,356,500,5.28531588812986,0.416772271724472,0.941122699612071,NaN,NaN,0
一般,PRM*,9,20261912,1,212.086531560873,0.0535191,0.0021489,0.0534373,0,NaN,NaN,502,500,3.4106926149106,1,0.960205966324057,NaN,NaN,0
一般,FMT*,9,20261912,1,214.116008310155,0.0172913,0.0101835,0.0171842,0,NaN,NaN,502,500,1.82390374664041,0.472737614749548,0.951104751993769,NaN,NaN,0
一般,BIT*,9,20261912,1,212.518259259639,0.0594317,0.0231182,0.0593186,0,NaN,NaN,244,500,2.00539002223151,0.141000429027764,0.958255322112934,NaN,NaN,0
一般,RRT#,9,20261912,1,216.429634000406,0.0157874,0.0096278,0.0156854,0,NaN,NaN,372,500,5.72384748425262,0.55556756185003,0.940937473383815,NaN,NaN,0
一般,APF-only,9,20261912,1,229.358752665851,0.001657,0.0015627,0.001657,NaN,NaN,NaN,NaN,52,16.5135672987644,0.40276509044968,0.887896147911194,1,5,0
一般,AB-IRRT*,9,20261912,1,210.628088201702,0.0139609,0.0015686,0.0121822,0,0.0015686,0.0123093,366,500,5.6801767815716,0.84153954938929,0.966854680780793,1,5,0
一般,RRT*,10,20261913,1,215.003405801425,0.0144674,0.0057802,0.0143905,0,NaN,NaN,351,500,3.98595078296353,0.1872546119749,0.947179195709168,NaN,NaN,0
一般,Informed-RRT*,10,20261913,1,214.308192323934,0.0171313,0.0041428,0.0170005,0,NaN,NaN,341,500,4.44883325280891,1,0.950251834861763,NaN,NaN,0
一般,PRM*,10,20261913,1,212.822049068091,0.0559122,0.0010737,0.0557591,0,NaN,NaN,502,500,3.08784551363608,0.205435246047513,0.956887474175997,NaN,NaN,0
一般,FMT*,10,20261913,1,217.761291479538,0.0320838,0.0137069,0.0309303,0,NaN,NaN,502,500,2.99504106720928,0.247688889707259,0.935183436863762,NaN,NaN,0
一般,BIT*,10,20261913,1,212.682585032457,0.0864809,0.0250762,0.0863477,0,NaN,NaN,309,500,2.43908611822405,0.160503419257051,0.95751494157666,NaN,NaN,0
一般,RRT#,10,20261913,1,213.453134283487,0.0151907,0.0048876,0.0150843,0,NaN,NaN,351,500,4.24998505963357,0.0402752854057589,0.954058386939695,NaN,NaN,0
一般,APF-only,10,20261913,1,229.358752665851,0.0015977,0.001508,0.0015977,NaN,NaN,NaN,NaN,52,16.5135672987644,0.40276509044968,0.887896147911194,1,5,0
一般,AB-IRRT*,10,20261913,1,210.972417479453,0.0169734,0.0023292,0.0144097,0,0.0023292,0.0145474,348,500,3.18310259036525,0.406398139627491,0.965276671778951,1,5,0
一般,RRT*,11,20261914,1,228.06506007284,0.0158522,0.0097617,0.0157561,0,NaN,NaN,384,500,6.86421884333351,0.0281052076986139,0.892932713659359,NaN,NaN,0
一般,Informed-RRT*,11,20261914,1,228.015039210644,0.0182712,0.0117552,0.0181042,0,NaN,NaN,378,500,5.39005210933549,0.0965577448716015,0.893128601020011,NaN,NaN,0
一般,PRM*,11,20261914,1,211.666457630687,0.0571921,0.0014407,0.0570892,0,NaN,NaN,502,500,1.87132516552813,0.268226481943984,0.9621115941622,NaN,NaN,0
一般,FMT*,11,20261914,1,215.860043291877,0.0114061,0.00727,0.0112977,0,NaN,NaN,502,500,1.51233984287374,0.152471297844924,0.943420328635638,NaN,NaN,0
一般,BIT*,11,20261914,1,211.643232276464,0.1122213,0.0206148,0.1121037,0,NaN,NaN,361,500,2.01411200652286,0.152214900500752,0.962217174587973,NaN,NaN,0
一般,RRT#,11,20261914,1,227.363146932491,0.0187078,0.012785,0.0185967,0,NaN,NaN,384,500,6.62403211225711,0.027976702744299,0.895689366237497,NaN,NaN,0
一般,APF-only,11,20261914,1,229.358752665851,0.0023055,0.0022175,0.0023055,NaN,NaN,NaN,NaN,52,16.5135672987644,0.40276509044968,0.887896147911194,1,5,0
一般,AB-IRRT*,11,20261914,1,210.009929034503,0.0146439,0.0013871,0.013068,0,0.0013871,0.0131828,367,500,1.70136211733577,0.403180061457777,0.96970059424318,1,5,0
一般,RRT*,12,20261915,1,213.836747697481,0.0164582,0.0058461,0.0163733,0,NaN,NaN,355,500,4.88585226439765,0.28973212600409,0.952346849521994,NaN,NaN,0
一般,Informed-RRT*,12,20261915,1,213.616821162786,0.013886,0.0061025,0.0137232,0,NaN,NaN,346,500,4.94532241316698,0.15690782104484,0.953327326346351,NaN,NaN,0
一般,PRM*,12,20261915,1,220.978443395041,0.0579844,0.0004755,0.0579042,0,NaN,NaN,502,500,4.265443679782,0.341254340745339,0.921568411167004,NaN,NaN,0
一般,FMT*,12,20261915,1,249.498383733612,0.0123713,0.0078003,0.0122824,0,NaN,NaN,502,500,5.3951187121658,0.0408842890642127,0.816224738350042,NaN,NaN,0
一般,BIT*,12,20261915,1,216.248684239204,0.086856,0.0350155,0.0867553,0,NaN,NaN,271,500,3.49501089630843,0.0696037056849477,0.941724818803807,NaN,NaN,0
一般,RRT#,12,20261915,1,214.925977393368,0.0174506,0.0085632,0.0173328,0,NaN,NaN,355,500,6.25570620419621,0.102465776766833,0.947520422852385,NaN,NaN,0
一般,APF-only,12,20261915,1,229.358752665851,0.0015593,0.0014611,0.0015593,NaN,NaN,NaN,NaN,52,16.5135672987644,0.40276509044968,0.887896147911194,1,5,0
一般,AB-IRRT*,12,20261915,1,210.660073301584,0.0163036,0.0014909,0.0146142,0,0.0014909,0.0147296,364,500,3.51467023766169,0.641855123656742,0.966707880568247,1,5,0
一般,RRT*,13,20261916,1,214.019088479536,0.0146163,0.0093582,0.0145269,0,NaN,NaN,355,500,4.50063280933506,0.130320508158377,0.951535465497497,NaN,NaN,0
一般,Informed-RRT*,13,20261916,1,220.277175897449,0.0162234,0.0084594,0.0160793,0,NaN,NaN,345,500,5.60537585281443,0.0736579593554865,0.924502287411449,NaN,NaN,0
一般,PRM*,13,20261916,1,215.411254687444,0.0630534,0.013684,0.0626607,0,NaN,NaN,502,500,2.64855361336627,0.5314967087262,0.945385854036328,NaN,NaN,0
一般,FMT*,13,20261916,1,221.281420222694,0.0301629,0.0145421,0.0300408,0,NaN,NaN,502,500,3.83871401846704,0.155641110156587,0.920306606748904,NaN,NaN,0
一般,BIT*,13,20261916,1,214.460552296962,0.1454599,0.0345554,0.1453027,0,NaN,NaN,339,500,1.0583374111397,0.444332856741244,0.949576744070571,NaN,NaN,0
一般,RRT#,13,20261916,1,212.578254423125,0.0152905,0.0081992,0.0151685,0,NaN,NaN,355,500,2.81237388085611,0.125006163503119,0.957984877307244,NaN,NaN,0
一般,APF-only,13,20261916,1,229.358752665851,0.0033068,0.0031923,0.0033068,NaN,NaN,NaN,NaN,52,16.5135672987644,0.40276509044968,0.887896147911194,1,5,0
一般,AB-IRRT*,13,20261916,1,210.167764715589,0.0166044,0.0025895,0.0137781,0,0.0025895,0.013911,365,500,1.70195514732731,0.0357196945322542,0.968972350528217,1,5,0
一般,RRT*,14,20261917,1,236.228846419486,0.0164655,0.0086481,0.0163561,0,NaN,NaN,357,500,5.98161198652661,0.518252452387989,0.862074027234159,NaN,NaN,0
一般,Informed-RRT*,14,20261917,1,226.346776882668,0.013104,0.0082091,0.0129797,0,NaN,NaN,341,500,5.82182190829123,0.442842932772336,0.899711300449798,NaN,NaN,0
一般,PRM*,14,20261917,1,211.424999327867,0.050445,0.0008727,0.0503674,0,NaN,NaN,502,500,1.43987750073022,0.347482146573585,0.963210375448181,NaN,NaN,0
一般,FMT*,14,20261917,1,223.793956585227,0.0097194,0.0073995,0.0096221,0,NaN,NaN,502,500,5.6405071942742,0.0939817946729598,0.90997431784612,NaN,NaN,0
一般,BIT*,14,20261917,1,215.453365213193,0.1002872,0.0666571,0.1001468,0,NaN,NaN,391,500,2.77971573964382,0.423501567395624,0.945201077644877,NaN,NaN,0
一般,RRT#,14,20261917,1,235.295151583472,0.0150981,0.009296,0.01499,0,NaN,NaN,357,500,5.4653463712503,0.518229314733292,0.865494896988904,NaN,NaN,0
一般,APF-only,14,20261917,1,229.358752665851,0.0017029,0.0016005,0.0017029,NaN,NaN,NaN,NaN,52,16.5135672987644,0.40276509044968,0.887896147911194,1,5,0
一般,AB-IRRT*,14,20261917,1,210.651484833378,0.0164826,0.0015044,0.0147596,0,0.0015044,0.0148933,375,500,2.96266133097484,0.5156087280628,0.966747294199264,1,5,0
一般,RRT*,15,20261918,1,223.502353473632,0.0155349,0.0079503,0.0154187,0,NaN,NaN,391,500,6.38505218739886,0.102013244272662,0.911161559673468,NaN,NaN,0
一般,Informed-RRT*,15,20261918,1,223.539655016623,0.0186705,0.0099425,0.0185178,0,NaN,NaN,397,500,7.38944954965759,0.0838630737231494,0.911009516260469,NaN,NaN,0
一般,PRM*,15,20261918,1,211.231446456815,0.0546443,0.0011162,0.0545518,0,NaN,NaN,502,500,2.16299403963113,0.221466354457963,0.964092971939952,NaN,NaN,0
一般,FMT*,15,20261918,1,226.592557023969,0.0301255,0.0256311,0.030024,0,NaN,NaN,502,500,4.71569663246187,0.426897589053716,0.8987354026822,NaN,NaN,0
一般,BIT*,15,20261918,1,260.365447958737,0.0836423,0.0290746,0.0835323,0,NaN,NaN,274,500,3.33765295187423,1,0.782157366034219,NaN,NaN,0
一般,RRT#,15,20261918,1,222.368063092364,0.0197346,0.0090449,0.0196121,0,NaN,NaN,391,500,6.26814155815505,0.0727349806684607,0.915809357466668,NaN,NaN,0
一般,APF-only,15,20261918,1,229.358752665851,0.0016626,0.0015498,0.0016626,NaN,NaN,NaN,NaN,52,16.5135672987644,0.40276509044968,0.887896147911194,1,5,0
一般,AB-IRRT*,15,20261918,1,211.164752469159,0.0167992,0.0017249,0.0148651,0,0.0017249,0.0149867,363,500,2.63005700018598,0.0366217509187248,0.964397469750398,1,5,0
一般,RRT*,16,20261919,1,212.599079065156,0.0140856,0.0124091,0.0140038,0,NaN,NaN,332,500,4.10384790961538,0.084179731124129,0.957891040155038,NaN,NaN,0
一般,Informed-RRT*,16,20261919,1,214.336102942499,0.0134108,0.0118001,0.0132857,0,NaN,NaN,325,500,4.53653491911193,0.0843398845442351,0.950128094082027,NaN,NaN,0
一般,PRM*,16,20261919,1,216.134592309476,0.0598996,0.0143062,0.0598048,0,NaN,NaN,502,500,4.25119335846308,0.318967871980407,0.942221931277574,NaN,NaN,0
一般,FMT*,16,20261919,1,212.238877512866,0.0159272,0.0096354,0.0158213,0,NaN,NaN,502,500,1.71526856512325,0.294444355368917,0.959516726474304,NaN,NaN,0
一般,BIT*,16,20261919,1,209.939649321049,0.1022271,0.0262252,0.1021001,0,NaN,NaN,319,500,1.55227016413553,0.271642126440089,0.970025212675764,NaN,NaN,0
一般,RRT#,16,20261919,1,211.516323465412,0.017075,0.0134516,0.0169582,0,NaN,NaN,332,500,3.66546309481616,0.0842034727030025,0.962794500420799,NaN,NaN,0
一般,APF-only,16,20261919,1,229.358752665851,0.0016258,0.0015244,0.0016258,NaN,NaN,NaN,NaN,52,16.5135672987644,0.40276509044968,0.887896147911194,1,5,0
一般,AB-IRRT*,16,20261919,1,209.824891925285,0.0162533,0.0014461,0.0145944,0,0.0014461,0.0147219,364,500,1.96026406181324,0.325479300606014,0.970555738707308,1,5,0
一般,RRT*,17,20261920,1,221.701955878297,0.0143806,0.011512,0.0142786,0,NaN,NaN,323,500,6.41486616576423,0.356500600906838,0.91856092191409,NaN,NaN,0
一般,Informed-RRT*,17,20261920,1,224.555292719919,0.0147963,0.0122555,0.0146527,0,NaN,NaN,321,500,6.94669662838936,0.357403334870856,0.906889125235307,NaN,NaN,0
一般,PRM*,17,20261920,1,211.732313330404,0.0578285,0.0074332,0.0577243,0,NaN,NaN,502,500,1.74338848991503,0.049751175514082,0.961812345874384,NaN,NaN,0
一般,FMT*,17,20261920,1,217.195636288239,0.0248365,0.0079898,0.0247146,0,NaN,NaN,502,500,3.2890561816343,0.260051423021594,0.93761898932199,NaN,NaN,0
一般,BIT*,17,20261920,1,210.909783488931,0.1697908,0.0381762,0.1696751,0,NaN,NaN,339,500,1.30400031842009,0.0886748671290185,0.965563330505306,NaN,NaN,0
一般,RRT#,17,20261920,1,221.596128407477,0.0155528,0.0132764,0.0154591,0,NaN,NaN,323,500,5.95297207022482,0.356286660882525,0.918999598256764,NaN,NaN,0
一般,APF-only,17,20261920,1,229.358752665851,0.0015325,0.00144,0.0015325,NaN,NaN,NaN,NaN,52,16.5135672987644,0.40276509044968,0.887896147911194,1,5,0
一般,AB-IRRT*,17,20261920,1,209.896239033733,0.0145056,0.0013718,0.0129347,0,0.0013718,0.0130485,351,500,2.70848583578783,0.199794082666192,0.970225831197465,1,5,0
一般,RRT*,18,20261921,1,219.135793209408,0.0134814,0.0065195,0.0134034,0,NaN,NaN,357,500,5.35078626644252,0.161944473714085,0.929317616255959,NaN,NaN,0
一般,Informed-RRT*,18,20261921,1,221.72422716364,0.0163382,0.0066542,0.016207,0,NaN,NaN,339,500,7.89401196052241,0.161405831813189,0.918468656253009,NaN,NaN,0
一般,PRM*,18,20261921,1,212.709172143678,0.0482066,0.002767,0.0481179,0,NaN,NaN,502,500,4.27114629008197,0.174687364645347,0.957395259120133,NaN,NaN,0
一般,FMT*,18,20261921,1,241.712481913397,0.0243297,0.0133734,0.0241962,0,NaN,NaN,502,500,7.56501891939578,0.128224845516026,0.842516494678544,NaN,NaN,0
一般,BIT*,18,20261921,1,211.769682850058,0.1001728,0.0353399,0.1000551,0,NaN,NaN,297,500,1.9627340347055,0.183159008337975,0.961642621554648,NaN,NaN,0
一般,RRT#,18,20261921,1,219.090867565467,0.0211235,0.0110778,0.0209992,0,NaN,NaN,357,500,5.22920067225903,0.162118537166998,0.929508177335932,NaN,NaN,0
一般,APF-only,18,20261921,1,229.358752665851,0.0020013,0.001903,0.0020013,NaN,NaN,NaN,NaN,52,16.5135672987644,0.40276509044968,0.887896147911194,1,5,0
一般,AB-IRRT*,18,20261921,1,211.030350306697,0.0166392,0.0015272,0.0149038,0,0.0015272,0.0150287,361,500,2.7442940983443,0.0359621989181029,0.965011680479889,1,5,0
一般,RRT*,19,20261922,1,224.191059469023,0.0127285,0.0091014,0.0126401,0,NaN,NaN,324,500,5.75520965119525,0.126951218695247,0.908362507693418,NaN,NaN,0
一般,Informed-RRT*,19,20261922,1,223.426010407508,0.0134694,0.0092118,0.0133247,0,NaN,NaN,317,500,5.50261634451088,0.0175166933737536,0.911472897046737,NaN,NaN,0
一般,PRM*,19,20261922,1,213.013891913308,0.0457738,0.002174,0.0456723,0,NaN,NaN,502,500,3.33471018249979,0.133158410902084,0.956025689932964,NaN,NaN,0
一般,FMT*,19,20261922,1,217.69581294489,0.0194406,0.0091056,0.0193299,0,NaN,NaN,502,500,3.44498363129874,0.0473908825928309,0.935464721286483,NaN,NaN,0
一般,BIT*,19,20261922,1,211.080022289586,0.1027958,0.0205676,0.1026898,0,NaN,NaN,317,500,0.75432218771069,0.134787283874008,0.964784591041675,NaN,NaN,0
一般,RRT#,19,20261922,1,224.058914235634,0.0180375,0.0128702,0.0179117,0,NaN,NaN,324,500,5.57917760696132,0.108780931928834,0.908898240788394,NaN,NaN,0
一般,APF-only,19,20261922,1,229.358752665851,0.0016908,0.0015813,0.0016908,NaN,NaN,NaN,NaN,52,16.5135672987644,0.40276509044968,0.887896147911194,1,5,0
一般,AB-IRRT*,19,20261922,1,210.884246932818,0.0152652,0.0024256,0.0126147,0,0.0024256,0.0127451,351,500,3.11522504326293,0.402727216236249,0.965680253236753,1,5,0
一般,RRT*,20,20261923,1,211.492798246783,0.0108334,0.0032761,0.0107638,0,NaN,NaN,342,500,3.45168593998689,0.492895420221725,0.962901596034955,NaN,NaN,0
一般,Informed-RRT*,20,20261923,1,210.253733637825,0.0118729,0.0036999,0.0117254,0,NaN,NaN,315,500,3.21549840733092,0.0917231829713927,0.968576155382427,NaN,NaN,0
一般,PRM*,20,20261923,1,211.0401151774,0.048874,0.0012057,0.0486937,0,NaN,NaN,502,500,1.5414209402909,1,0.964967029185616,NaN,NaN,0
一般,FMT*,20,20261923,1,215.134367393329,0.0335997,0.0216959,0.0334998,0,NaN,NaN,502,500,1.279718858257,0.225783948852127,0.946602606776439,NaN,NaN,0
一般,BIT*,20,20261923,1,209.475852186862,0.1072206,0.0274317,0.1071106,0,NaN,NaN,308,500,1.6845707287116,0.233374819150862,0.972172929985567,NaN,NaN,0
一般,RRT#,20,20261923,1,211.346229679446,0.0158027,0.0044148,0.015693,0,NaN,NaN,342,500,3.33446614012792,0.498342757007247,0.963569368096142,NaN,NaN,0
一般,APF-only,20,20261923,1,229.358752665851,0.0023964,0.0022865,0.0023964,NaN,NaN,NaN,NaN,52,16.5135672987644,0.40276509044968,0.887896147911194,1,5,0
一般,AB-IRRT*,20,20261923,1,210.140842397407,0.0115888,0.0014665,0.0099496,0,0.0014665,0.0100533,351,500,2.52293539011975,0.313317398400423,0.969096490993409,1,5,0
一般,RRT*,21,20261924,1,212.085174819929,0.0174756,0.0112085,0.0174024,0,NaN,NaN,387,500,4.10220502748436,0.172632035379189,0.960212108906867,NaN,NaN,0
一般,Informed-RRT*,21,20261924,1,210.049738078453,0.0110272,0.0059746,0.0109247,0,NaN,NaN,364,500,2.31006920827986,0.172746717585063,0.969516814658746,NaN,NaN,0
一般,PRM*,21,20261924,1,213.934852350776,0.0513637,0.0006663,0.0512807,0,NaN,NaN,502,500,2.70574249083269,1,0.951910129387513,NaN,NaN,0
一般,FMT*,21,20261924,1,216.744302183072,0.0145863,0.004545,0.0144899,0,NaN,NaN,502,500,4.8635401596107,0.671418233790051,0.939571425548784,NaN,NaN,0
一般,BIT*,21,20261924,1,210.536268678003,0.0771374,0.027727,0.07703,0,NaN,NaN,285,500,1.45664601452305,0.184962287244752,0.967276347493295,NaN,NaN,0
一般,RRT#,21,20261924,1,211.248980878871,0.0168451,0.0084651,0.0167281,0,NaN,NaN,387,500,3.82645896746601,0.17244176567193,0.96401294877013,NaN,NaN,0
一般,APF-only,21,20261924,1,229.358752665851,0.0015112,0.0014192,0.0015112,NaN,NaN,NaN,NaN,52,16.5135672987644,0.40276509044968,0.887896147911194,1,5,0
一般,AB-IRRT*,21,20261924,1,210.342336720586,0.0158859,0.0016273,0.0140444,0,0.0016273,0.0141709,374,500,3.12980262142535,0.256377087582385,0.968168159376518,1,5,0
一般,RRT*,22,20261925,1,216.245807910906,0.0133892,0.0070389,0.0132959,0,NaN,NaN,338,500,5.07095468412787,1,0.941737344872039,NaN,NaN,0
一般,Informed-RRT*,22,20261925,1,216.817703309332,0.0136408,0.0070647,0.0135018,0,NaN,NaN,326,500,5.52776376656306,1,0.939253344507504,NaN,NaN,0
一般,PRM*,22,20261925,1,213.41880577994,0.0521256,0.0004594,0.0520277,0,NaN,NaN,502,500,1.80286724797234,0.7556407476974,0.954211847627473,NaN,NaN,0
一般,FMT*,22,20261925,0,Inf,0.0066675,NaN,0.0065272,0,NaN,NaN,502,500,NaN,NaN,NaN,NaN,NaN,0
一般,BIT*,22,20261925,1,218.197279870488,0.0851465,0.0614669,0.0850238,0,NaN,NaN,362,500,1.93925397441641,0.101473039171349,0.933314810810664,NaN,NaN,0
一般,RRT#,22,20261925,1,216.158698733819,0.0151671,0.0078979,0.0150521,0,NaN,NaN,338,500,4.50818538699923,1,0.942116852916937,NaN,NaN,0
一般,APF-only,22,20261925,1,229.358752665851,0.0018202,0.0017212,0.0018202,NaN,NaN,NaN,NaN,52,16.5135672987644,0.40276509044968,0.887896147911194,1,5,0
一般,AB-IRRT*,22,20261925,1,210.64438523479,0.0148767,0.0016056,0.0130696,0,0.0016056,0.0131877,358,500,3.52200876168427,0.183940736524436,0.966779877634694,1,5,0
一般,RRT*,23,20261926,1,214.588864415326,0.0147446,0.0087671,0.0146632,0,NaN,NaN,371,500,4.92550850630958,0.460906770997383,0.949008950378609,NaN,NaN,0
一般,Informed-RRT*,23,20261926,1,213.825327973503,0.0135181,0.0071783,0.013365,0,NaN,NaN,352,500,4.28982830825665,0.164458599684025,0.952397711308368,NaN,NaN,0
一般,PRM*,23,20261926,1,218.374977859173,0.052914,0.0016866,0.0528068,0,NaN,NaN,502,500,3.41837782225869,0.136476964954642,0.932555345755112,NaN,NaN,0
一般,FMT*,23,20261926,0,Inf,0.0018412,NaN,0.0017247,0,NaN,NaN,502,500,NaN,NaN,NaN,NaN,NaN,0
一般,BIT*,23,20261926,1,216.080654000562,0.0754253,0.0752838,0.0753192,0,NaN,NaN,422,500,2.28079964992273,0.103386154742703,0.942457129832623,NaN,NaN,0
一般,RRT#,23,20261926,1,212.979833391753,0.020664,0.0115727,0.0205354,0,NaN,NaN,371,500,4.24392315621437,0.182472178254219,0.956178572114571,NaN,NaN,0
一般,APF-only,23,20261926,1,229.358752665851,0.0014047,0.0013045,0.0014047,NaN,NaN,NaN,NaN,52,16.5135672987644,0.40276509044968,0.887896147911194,1,5,0
一般,AB-IRRT*,23,20261926,1,210.009165662026,0.0174897,0.0016173,0.0156495,0,0.0016173,0.0157809,364,500,2.99113260803038,0.276526718443353,0.969704119054787,1,5,0
一般,RRT*,24,20261927,1,249.893739080752,0.0138107,0.0136726,0.0137174,0,NaN,NaN,361,500,7.78403521615463,0.038158172296562,0.814933394213281,NaN,NaN,0
一般,Informed-RRT*,24,20261927,1,249.893739080752,0.0134188,0.0132184,0.0132781,0,NaN,NaN,361,500,7.78403521615463,0.038158172296562,0.814933394213281,NaN,NaN,0
一般,PRM*,24,20261927,1,217.136211633585,0.0536565,0.0007104,0.0535679,0,NaN,NaN,502,500,3.28638687565618,0.418440687057013,0.93787559177544,NaN,NaN,0
一般,FMT*,24,20261927,1,211.653019668565,0.0145498,0.0092065,0.0144594,0,NaN,NaN,502,500,1.27735004401547,0.108138644125141,0.962172679135992,NaN,NaN,0
一般,BIT*,24,20261927,1,210.927116968987,0.0601023,0.030924,0.0600048,0,NaN,NaN,269,500,1.02605346256669,0.107877816544923,0.965483982847347,NaN,NaN,0
一般,RRT#,24,20261927,1,247.066757107245,0.0148984,0.0147366,0.0147885,0,NaN,NaN,361,500,6.63237266617961,0.14626907298873,0.824258007698415,NaN,NaN,0
一般,APF-only,24,20261927,1,229.358752665851,0.0016953,0.0015965,0.0016953,NaN,NaN,NaN,NaN,52,16.5135672987644,0.40276509044968,0.887896147911194,1,5,0
一般,AB-IRRT*,24,20261927,1,210.07492821019,0.0151422,0.0015749,0.013345,0,0.0015749,0.013477,365,500,2.63702709511164,0.409022014402206,0.969400559680152,1,5,0
一般,RRT*,25,20261928,1,218.812728422912,0.0152171,0.0060287,0.0151311,0,NaN,NaN,379,500,5.73808381294845,0.401481798273219,0.930689701872031,NaN,NaN,0
一般,Informed-RRT*,25,20261928,1,217.476663716188,0.0149167,0.0054111,0.0147874,0,NaN,NaN,353,500,4.41987727067081,0.40301881844,0.936407380460322,NaN,NaN,0
一般,PRM*,25,20261928,1,214.448666155005,0.0526189,0.0031009,0.0525313,0,NaN,NaN,502,500,3.13954732832096,1,0.949629375799093,NaN,NaN,0
一般,FMT*,25,20261928,1,217.252603035927,0.0263697,0.0104595,0.0262685,0,NaN,NaN,502,500,2.82596253077386,0.0448201560112107,0.937373132178528,NaN,NaN,0
一般,BIT*,25,20261928,1,211.074741633676,0.1159256,0.0316591,0.11583,0,NaN,NaN,337,500,1.87571240124066,0.0370712516555418,0.964808727967831,NaN,NaN,0
一般,RRT#,25,20261928,1,218.812728422912,0.0129182,0.0051142,0.0128355,0,NaN,NaN,379,500,5.73808381294845,0.401481798273219,0.930689701872031,NaN,NaN,0
一般,APF-only,25,20261928,1,229.358752665851,0.0012951,0.0012206,0.0012951,NaN,NaN,NaN,NaN,52,16.5135672987644,0.40276509044968,0.887896147911194,1,5,0
一般,AB-IRRT*,25,20261928,1,210.808074085398,0.0119226,0.001583,0.0101613,0,0.001583,0.0102627,358,500,2.29417658763095,0.29829488991108,0.966029189656316,1,5,0
一般,RRT*,26,20261929,1,216.201845957141,0.0119585,0.0079209,0.011878,0,NaN,NaN,360,500,5.78503864765967,0.697939959605481,0.941928835436935,NaN,NaN,0
一般,Informed-RRT*,26,20261929,1,218.703225979205,0.0106362,0.006599,0.0105253,0,NaN,NaN,340,500,6.94543255565007,0.692771997063333,0.931155688581789,NaN,NaN,0
一般,PRM*,26,20261929,1,217.011442053509,0.0580853,0.0035919,0.0579791,0,NaN,NaN,502,500,4.52886278551154,0.315258006957031,0.938414818383226,NaN,NaN,0
一般,FMT*,26,20261929,1,213.530939706571,0.0155989,0.0084016,0.0154951,0,NaN,NaN,502,500,0.931697684058994,0.357550586769504,0.953710751526557,NaN,NaN,0
一般,BIT*,26,20261929,1,212.383706344599,0.0789372,0.0262812,0.0788307,0,NaN,NaN,259,500,1.27650130947487,0.238714393486161,0.958862412219618,NaN,NaN,0
一般,RRT#,26,20261929,1,216.201845957141,0.0149736,0.0095515,0.0148676,0,NaN,NaN,360,500,5.78503864765967,0.697939959605481,0.941928835436935,NaN,NaN,0
一般,APF-only,26,20261929,1,229.358752665851,0.0015155,0.0014219,0.0015155,NaN,NaN,NaN,NaN,52,16.5135672987644,0.40276509044968,0.887896147911194,1,5,0
一般,AB-IRRT*,26,20261929,1,210.412609634471,0.0148357,0.0014956,0.0131262,0,0.0014956,0.0132542,365,500,2.76908908248363,0.0361194940073801,0.967844813747146,1,5,0
一般,RRT*,27,20261930,1,218.254702638049,0.0168714,0.0068573,0.0167555,0,NaN,NaN,381,500,6.26044874282978,0.215268546275482,0.933069255875101,NaN,NaN,0
一般,Informed-RRT*,27,20261930,1,222.357025942504,0.0163034,0.0074474,0.0161503,0,NaN,NaN,357,500,7.06829504270916,0.050105518558513,0.915854815554079,NaN,NaN,0
一般,PRM*,27,20261930,1,211.877578932185,0.0624356,0.0009417,0.0623332,0,NaN,NaN,502,500,0.957380005118105,0.0723588718967658,0.961152916736444,NaN,NaN,0
一般,FMT*,27,20261930,1,216.632490304189,0.0210259,0.0178925,0.0209061,0,NaN,NaN,502,500,3.88027954753134,0.0682099712665654,0.940056372411038,NaN,NaN,0
一般,BIT*,27,20261930,1,212.250295836438,0.0792809,0.0232344,0.0791586,0,NaN,NaN,299,500,1.9593740713992,0.0718021897468528,0.959465107830322,NaN,NaN,0
一般,RRT#,27,20261930,1,218.254702638049,0.0176429,0.0082475,0.0175344,0,NaN,NaN,381,500,6.26044874282978,0.215268546275482,0.933069255875101,NaN,NaN,0
一般,APF-only,27,20261930,1,229.358752665851,0.0016003,0.0015104,0.0016003,NaN,NaN,NaN,NaN,52,16.5135672987644,0.40276509044968,0.887896147911194,1,5,0
一般,AB-IRRT*,27,20261930,1,210.723670743315,0.0157521,0.0018577,0.0136745,0,0.0018577,0.0138053,361,500,2.50432710483708,0.0357550503957587,0.966416123368457,1,5,0
一般,RRT*,28,20261931,1,223.368536656474,0.0159124,0.0135743,0.0158093,0,NaN,NaN,333,500,7.19612565919512,0.153065769132461,0.911707423212075,NaN,NaN,0
一般,Informed-RRT*,28,20261931,1,224.64938275876,0.0159025,0.0136742,0.0157724,0,NaN,NaN,337,500,9.18589459322275,0.097118736047186,0.906509292306457,NaN,NaN,0
一般,PRM*,28,20261931,1,209.828978071896,0.0520068,0.0013697,0.051928,0,NaN,NaN,502,500,1.72038441612379,0.183113102272539,0.970536838395828,NaN,NaN,0
一般,FMT*,28,20261931,1,214.143729840534,0.0124353,0.0041456,0.0123469,0,NaN,NaN,502,500,2.47763021523604,0.158447716029775,0.95098162870972,NaN,NaN,0
一般,BIT*,28,20261931,1,211.526386886019,0.0591429,0.0216324,0.0590409,0,NaN,NaN,260,500,2.21059890643625,0.469338675736996,0.96274869523234,NaN,NaN,0
一般,RRT#,28,20261931,1,221.369401186446,0.0169099,0.0142774,0.016802,0,NaN,NaN,333,500,5.8894763264495,0.153033049874217,0.919940840469665,NaN,NaN,0
一般,APF-only,28,20261931,1,229.358752665851,0.0015217,0.0014297,0.0015217,NaN,NaN,NaN,NaN,52,16.5135672987644,0.40276509044968,0.887896147911194,1,5,0
一般,AB-IRRT*,28,20261931,1,210.717911137315,0.0165497,0.0016552,0.0146817,0,0.0016552,0.0148087,357,500,3.15588751528689,0.0229607540523471,0.966442538664969,1,5,0
一般,RRT*,29,20261932,1,212.862471027687,0.0140311,0.0061924,0.0139328,0,NaN,NaN,381,500,3.86571709128899,1,0.956705764048175,NaN,NaN,0
一般,Informed-RRT*,29,20261932,1,213.063382556564,0.0138009,0.0060341,0.0136576,0,NaN,NaN,372,500,4.51381741291895,0.818333678462977,0.955803623025938,NaN,NaN,0
一般,PRM*,29,20261932,1,223.955648808463,0.0489644,0.0059453,0.0488522,0,NaN,NaN,502,500,3.57377534240143,0.612223918107625,0.90931733164674,NaN,NaN,0
一般,FMT*,29,20261932,1,217.019502609368,0.0201695,0.0158011,0.0200454,0,NaN,NaN,502,500,2.90923905210629,0.0738462661876778,0.938379963704399,NaN,NaN,0
一般,BIT*,29,20261932,0,Inf,0.1661445,NaN,0.1651828,0,NaN,NaN,409,500,NaN,NaN,NaN,NaN,NaN,0
一般,RRT#,29,20261932,1,212.755837374823,0.0170646,0.0077543,0.0169418,0,NaN,NaN,381,500,4.61356546066685,1,0.957185266897994,NaN,NaN,0
一般,APF-only,29,20261932,1,229.358752665851,0.0015772,0.0014833,0.0015772,NaN,NaN,NaN,NaN,52,16.5135672987644,0.40276509044968,0.887896147911194,1,5,0
一般,AB-IRRT*,29,20261932,1,210.293184966228,0.0170395,0.0016654,0.0150809,0,0.0016654,0.0152017,374,500,2.08655189869417,0.247937609026836,0.968394448990014,1,5,0
一般,RRT*,30,20261933,1,221.443237845848,0.0190324,0.0163398,0.0189342,0,NaN,NaN,364,500,5.28717271836868,0.0712925149055419,0.919634101103096,NaN,NaN,0
一般,Informed-RRT*,30,20261933,1,244.693063623339,0.0157543,0.0120606,0.0155655,0,NaN,NaN,362,500,7.46231596688951,0.0714850002769367,0.832253885607493,NaN,NaN,0
一般,PRM*,30,20261933,1,209.849516336774,0.0637272,0.0046702,0.0636315,0,NaN,NaN,502,500,1.54944261515568,0.102516905773957,0.970441850601677,NaN,NaN,0
一般,FMT*,30,20261933,1,217.334547078759,0.0167234,0.0164829,0.0166362,0,NaN,NaN,502,500,2.42950052974125,0.413719228246427,0.937019704041468,NaN,NaN,0
一般,BIT*,30,20261933,1,217.334547078759,0.0734898,0.0733569,0.0733786,0,NaN,NaN,406,500,2.42950052974125,0.413719228246427,0.937019704041468,NaN,NaN,0
一般,RRT#,30,20261933,1,219.962004618616,0.0182962,0.0147836,0.0181783,0,NaN,NaN,364,500,5.62927754193508,0.0712853508680258,0.925826955136282,NaN,NaN,0
一般,APF-only,30,20261933,1,229.358752665851,0.0014754,0.0013804,0.0014754,NaN,NaN,NaN,NaN,52,16.5135672987644,0.40276509044968,0.887896147911194,1,5,0
一般,AB-IRRT*,30,20261933,1,210.438980433275,0.0237525,0.0013841,0.0221602,0,0.0013841,0.0222842,367,500,3.4119103774806,0.40285101649838,0.967723529939344,1,5,0
一般,RRT*,31,20261934,1,213.357633549808,0.0127477,0.0053471,0.0126808,0,NaN,NaN,366,500,3.85522980785924,0.290381188612271,0.954485431777087,NaN,NaN,0
一般,Informed-RRT*,31,20261934,1,212.281175075457,0.0156506,0.0061312,0.0155323,0,NaN,NaN,329,500,3.90263287824907,0.205909439163072,0.95932554033271,NaN,NaN,0
一般,PRM*,31,20261934,1,214.409716693823,0.0539679,0.0015035,0.0538825,0,NaN,NaN,502,500,2.37056570941847,0.0995115656642955,0.949801884550473,NaN,NaN,0
一般,FMT*,31,20261934,1,223.5211834465,0.0262776,0.0160408,0.026189,0,NaN,NaN,502,500,5.79518751936633,0.184409877456477,0.911084801188291,NaN,NaN,0
一般,BIT*,31,20261934,1,214.675091996077,0.0971981,0.0326793,0.0970923,0,NaN,NaN,298,500,1.5466612616442,0.147623968176054,0.948627766212612,NaN,NaN,0
一般,RRT#,31,20261934,1,213.357633549808,0.0160747,0.0059293,0.0159687,0,NaN,NaN,366,500,3.85522980785924,0.290381188612271,0.954485431777087,NaN,NaN,0
一般,APF-only,31,20261934,1,229.358752665851,0.0015549,0.0014629,0.0015549,NaN,NaN,NaN,NaN,52,16.5135672987644,0.40276509044968,0.887896147911194,1,5,0
一般,AB-IRRT*,31,20261934,1,209.89635536187,0.015084,0.0014956,0.0133542,0,0.0014956,0.0134887,355,500,2.48171486466123,0.0362046446921287,0.970225293481778,1,5,0
一般,RRT*,32,20261935,1,224.805095707818,0.0156187,0.0083249,0.0154892,0,NaN,NaN,342,500,6.31984507999061,0.256585596382916,0.905881391791974,NaN,NaN,0
一般,Informed-RRT*,32,20261935,1,227.21011142303,0.0216959,0.0156475,0.0215295,0,NaN,NaN,330,500,7.32376078025079,0.256659501677303,0.896292650473495,NaN,NaN,0
一般,PRM*,32,20261935,1,214.856704557013,0.0486099,0.0014266,0.0485264,0,NaN,NaN,502,500,1.92041355422514,1,0.947825916820237,NaN,NaN,0
一般,FMT*,32,20261935,1,219.14878688296,0.0262442,0.0172876,0.0261358,0,NaN,NaN,502,500,1.85816348775318,0.425429084534843,0.929262515564308,NaN,NaN,0
一般,BIT*,32,20261935,1,211.777180594634,0.163213,0.0355075,0.163109,0,NaN,NaN,349,500,2.32969083520912,0.42707337577253,0.96160857562614,NaN,NaN,0
一般,RRT#,32,20261935,1,223.767844521816,0.0156227,0.0089207,0.0155199,0,NaN,NaN,342,500,5.71633289022244,0.256612375750159,0.91008050516334,NaN,NaN,0
一般,APF-only,32,20261935,1,229.358752665851,0.001509,0.0014217,0.001509,NaN,NaN,NaN,NaN,52,16.5135672987644,0.40276509044968,0.887896147911194,1,5,0
一般,AB-IRRT*,32,20261935,1,210.535699161347,0.015105,0.0016135,0.0132926,0,0.0016135,0.0134103,374,500,3.09395813111436,0.399600279262554,0.967278964056627,1,5,0
一般,RRT*,33,20261936,1,214.212924848343,0.016083,0.0068567,0.0159967,0,NaN,NaN,401,500,4.32636959858781,0.260584072700464,0.950674442851204,NaN,NaN,0
一般,Informed-RRT*,33,20261936,1,214.968464221588,0.0157528,0.0068479,0.0156177,0,NaN,NaN,371,500,4.45092743739984,0.212379291557485,0.947333152884265,NaN,NaN,0
一般,PRM*,33,20261936,1,214.221463279195,0.0525742,0.0024635,0.0524991,0,NaN,NaN,502,500,2.0934597927116,0.974377009882112,0.950636550905792,NaN,NaN,0
一般,FMT*,33,20261936,0,Inf,0.0060696,NaN,0.0059893,0,NaN,NaN,502,500,NaN,NaN,NaN,NaN,NaN,0
一般,BIT*,33,20261936,1,210.412181448468,0.0913771,0.0251788,0.0912636,0,NaN,NaN,314,500,1.14874863714805,0.216254013950628,0.967846783298528,NaN,NaN,0
一般,RRT#,33,20261936,1,213.77760451965,0.0150494,0.0061068,0.0149006,0,NaN,NaN,401,500,3.51556382775333,0.255415826909346,0.952610323421448,NaN,NaN,0
一般,APF-only,33,20261936,1,229.358752665851,0.0019503,0.0018425,0.0019503,NaN,NaN,NaN,NaN,52,16.5135672987644,0.40276509044968,0.887896147911194,1,5,0
一般,AB-IRRT*,33,20261936,1,209.498771818007,0.0123048,0.0015812,0.0105439,0,0.0015812,0.010647,347,500,1.88231186322188,0.40271854610072,0.972066572106851,1,5,0
一般,RRT*,34,20261937,1,217.564027239586,0.0128312,0.0072699,0.012764,0,NaN,NaN,383,500,5.63985500618891,0.476033752485161,0.93603136311439,NaN,NaN,0
一般,Informed-RRT*,34,20261937,1,215.448538694707,0.0127988,0.0072201,0.0126918,0,NaN,NaN,378,500,4.57175728455197,0.180615416899427,0.945222252216321,NaN,NaN,0
一般,PRM*,34,20261937,1,210.107583404903,0.0501772,0.0004238,0.0500879,0,NaN,NaN,502,500,1.97511344223301,0.59486492213719,0.969249894180512,NaN,NaN,0
一般,FMT*,34,20261937,1,227.251914436083,0.023409,0.0094628,0.0233255,0,NaN,NaN,502,500,3.46500574400047,0.415240741810594,0.896127777348179,NaN,NaN,0
一般,BIT*,34,20261937,1,217.034985007304,0.0560345,0.0241679,0.0559347,0,NaN,NaN,263,500,3.95749834631191,0.324250691638436,0.938313023473484,NaN,NaN,0
一般,RRT#,34,20261937,1,216.030601034973,0.0152076,0.0095889,0.0151163,0,NaN,NaN,383,500,3.8091915280915,0.103884381676057,0.942675491370584,NaN,NaN,0
一般,APF-only,34,20261937,1,229.358752665851,0.0018703,0.0017789,0.0018703,NaN,NaN,NaN,NaN,52,16.5135672987644,0.40276509044968,0.887896147911194,1,5,0
一般,AB-IRRT*,34,20261937,1,210.969416366567,0.0123779,0.0015537,0.0106292,0,0.0015537,0.0107384,371,500,2.68757633408678,0.080901526681739,0.965290403173332,1,5,0
一般,RRT*,35,20261938,1,215.527958282652,0.0106398,0.0046828,0.01058,0,NaN,NaN,369,500,5.03080020270834,0.269531060234019,0.944873948625521,NaN,NaN,0
一般,Informed-RRT*,35,20261938,1,216.039944868874,0.0145679,0.0060715,0.0144531,0,NaN,NaN,375,500,4.68107056367594,1,0.942634720191813,NaN,NaN,0
一般,PRM*,35,20261938,1,211.338176835065,0.0499599,0.0018351,0.0498517,0,NaN,NaN,502,500,1.71051455182834,0.248825791207445,0.963606084009412,NaN,NaN,0
一般,FMT*,35,20261938,1,215.046501805368,0.0234742,0.01659,0.0233678,0,NaN,NaN,502,500,2.60056149956285,0.0614849542971694,0.946989377981326,NaN,NaN,0
一般,BIT*,35,20261938,1,210.921116187615,0.1131165,0.0239494,0.1130026,0,NaN,NaN,315,500,2.27851125247016,0.383030336881944,0.96551145121279,NaN,NaN,0
一般,RRT#,35,20261938,1,215.503051802519,0.0156964,0.0065537,0.0155825,0,NaN,NaN,369,500,4.58916397170015,0.269627912937315,0.944983151182201,NaN,NaN,0
一般,APF-only,35,20261938,1,229.358752665851,0.0014535,0.001363,0.0014535,NaN,NaN,NaN,NaN,52,16.5135672987644,0.40276509044968,0.887896147911194,1,5,0
一般,AB-IRRT*,35,20261938,1,209.692419289365,0.0175222,0.0012,0.0160046,0,0.0012,0.0162331,375,500,2.02881178861252,0.463323258908623,0.971168884749732,1,5,0
一般,RRT*,36,20261939,1,212.744034928959,0.0165021,0.008019,0.0163437,0,NaN,NaN,328,500,5.18614191331025,0.645034595266267,0.957238368867683,NaN,NaN,0
一般,Informed-RRT*,36,20261939,1,214.237427435068,0.0133553,0.0052693,0.0131775,0,NaN,NaN,304,500,4.51349858637657,0.793493396413825,0.95056571309627,NaN,NaN,0
一般,PRM*,36,20261939,1,213.456904734616,0.0525327,0.002082,0.0524157,0,NaN,NaN,502,500,2.42955821308767,0.0950355072962292,0.954041534683139,NaN,NaN,0
一般,FMT*,36,20261939,1,215.597330848609,0.0436023,0.0100264,0.0434904,0,NaN,NaN,502,500,4.17249650056288,0.346398385391313,0.944569917355446,NaN,NaN,0
一般,BIT*,36,20261939,1,210.889927130732,0.1133847,0.0389285,0.1132634,0,NaN,NaN,290,500,1.64800258007907,0.273700757464082,0.965654243199031,NaN,NaN,0
一般,RRT#,36,20261939,1,212.670554697192,0.0157776,0.0062744,0.0156613,0,NaN,NaN,328,500,4.95444625500309,0.645557423898484,0.957569106224813,NaN,NaN,0
一般,APF-only,36,20261939,1,229.358752665851,0.0013993,0.0013108,0.0013993,NaN,NaN,NaN,NaN,52,16.5135672987644,0.40276509044968,0.887896147911194,1,5,0
一般,AB-IRRT*,36,20261939,1,210.361912628893,0.0182401,0.0015256,0.0164958,0,0.0015256,0.0166252,378,500,2.6657878861287,0.403014082599583,0.968078063356392,1,5,0
一般,RRT*,37,20261940,1,212.097025841973,0.0110809,0.0063792,0.0110051,0,NaN,NaN,367,500,4.03629379984472,0.14130599402818,0.960158456599276,NaN,NaN,0
一般,Informed-RRT*,37,20261940,1,211.651937096608,0.0124535,0.0065027,0.0123434,0,NaN,NaN,359,500,4.40689199655442,0.319328306526593,0.962177600523313,NaN,NaN,0
一般,PRM*,37,20261940,1,219.619976909224,0.0538227,0.0002693,0.0537365,0,NaN,NaN,502,500,3.12546993942205,0.0877226821491455,0.927268802445505,NaN,NaN,0
一般,FMT*,37,20261940,1,215.32762199029,0.0164046,0.0119431,0.0163089,0,NaN,NaN,502,500,2.90695856970441,0.23411908697029,0.945753039481897,NaN,NaN,0
一般,BIT*,37,20261940,1,211.727189161452,0.1008342,0.0285603,0.1006737,0,NaN,NaN,290,500,4.33120782753302,0.0464203184267554,0.961835623418376,NaN,NaN,0
一般,RRT#,37,20261940,1,211.175367850524,0.0183294,0.0104166,0.0182136,0,NaN,NaN,367,500,3.45525149242716,0.148792790299886,0.964348991336303,NaN,NaN,0
一般,APF-only,37,20261940,1,229.358752665851,0.001625,0.0015315,0.001625,NaN,NaN,NaN,NaN,52,16.5135672987644,0.40276509044968,0.887896147911194,1,5,0
一般,AB-IRRT*,37,20261940,1,210.167696794228,0.0182357,0.0017904,0.0162107,0,0.0017904,0.016346,367,500,1.73188985734742,0.0394331022131151,0.968972663677775,1,5,0
一般,RRT*,38,20261941,1,217.249023644731,0.0138984,0.0090445,0.0138074,0,NaN,NaN,372,500,4.178103861777,0.161937857105329,0.937388576322216,NaN,NaN,0
一般,Informed-RRT*,38,20261941,1,218.283196331216,0.0143632,0.0088167,0.0142255,0,NaN,NaN,370,500,4.97948955551518,0.153232226887042,0.932947457268851,NaN,NaN,0
一般,PRM*,38,20261941,1,212.147319103841,0.0516523,0.0008097,0.0515677,0,NaN,NaN,502,500,2.25324968337809,0.145671174157926,0.959930834110827,NaN,NaN,0
一般,FMT*,38,20261941,1,218.796822720688,0.0379583,0.0354692,0.037853,0,NaN,NaN,502,500,2.03467335738328,0.115114540918512,0.930757359496472,NaN,NaN,0
一般,BIT*,38,20261941,1,211.533695052386,0.1236489,0.0185161,0.1235395,0,NaN,NaN,296,500,1.24783005989677,0.0600478750267861,0.962715433734058,NaN,NaN,0
一般,RRT#,38,20261941,1,217.249023644731,0.0154274,0.0089546,0.0153267,0,NaN,NaN,372,500,4.178103861777,0.161937857105329,0.937388576322216,NaN,NaN,0
一般,APF-only,38,20261941,1,229.358752665851,0.0018481,0.00174,0.0018481,NaN,NaN,NaN,NaN,52,16.5135672987644,0.40276509044968,0.887896147911194,1,5,0
一般,AB-IRRT*,38,20261941,1,209.998000216064,0.0164415,0.0019361,0.0142867,0,0.0019361,0.0144148,350,500,3.53023912538384,0.0364402256962322,0.969755677540722,1,5,0
一般,RRT*,39,20261942,1,211.808723306727,0.0158554,0.0072757,0.0157662,0,NaN,NaN,396,500,4.70293625754319,0.12936920599841,0.961465372164195,NaN,NaN,0
一般,Informed-RRT*,39,20261942,1,212.5813757386,0.0156368,0.0054963,0.0155248,0,NaN,NaN,375,500,4.02620841424632,0.179078411607103,0.957970811291291,NaN,NaN,0
一般,PRM*,39,20261942,1,217.673307244441,0.0616562,0.0136662,0.0615494,0,NaN,NaN,502,500,4.53005636305491,1,0.935561440948916,NaN,NaN,0
一般,FMT*,39,20261942,1,220.000709857952,0.0138119,0.0097579,0.0137122,0,NaN,NaN,502,500,5.27842146512191,0.241095827442196,0.925664072235106,NaN,NaN,0
一般,BIT*,39,20261942,1,213.969180530712,0.0965233,0.0289778,0.0964092,0,NaN,NaN,296,500,2.71205376791421,0.240808329757124,0.95175740953261,NaN,NaN,0
一般,RRT#,39,20261942,1,211.808723306727,0.0171416,0.0079034,0.0170277,0,NaN,NaN,396,500,4.70293625754319,0.12936920599841,0.961465372164195,NaN,NaN,0
一般,APF-only,39,20261942,1,229.358752665851,0.0018642,0.0017629,0.0018642,NaN,NaN,NaN,NaN,52,16.5135672987644,0.40276509044968,0.887896147911194,1,5,0
一般,AB-IRRT*,39,20261942,1,209.672461331286,0.0138133,0.0016047,0.0120183,0,0.0016047,0.0121276,358,500,2.38198652225049,0.458123460742739,0.971261326779392,1,5,0
一般,RRT*,40,20261943,1,213.582233516904,0.0184294,0.0104864,0.0183312,0,NaN,NaN,382,500,4.95104102294699,0.490455061591026,0.953481708793946,NaN,NaN,0
一般,Informed-RRT*,40,20261943,1,211.768426460905,0.0114764,0.005279,0.0113741,0,NaN,NaN,370,500,3.10239870951473,0.666376320980848,0.961648326830822,NaN,NaN,0
一般,PRM*,40,20261943,1,219.827203305012,0.0600756,0.0014154,0.0599866,0,NaN,NaN,502,500,3.92225026046195,0.376432058334546,0.926394686007828,NaN,NaN,0
一般,FMT*,40,20261943,1,214.090631860416,0.0115691,0.0071315,0.0114848,0,NaN,NaN,502,500,1.53843225988012,0.362681100772614,0.951217487715672,NaN,NaN,0
一般,BIT*,40,20261943,1,212.852242947484,0.1017469,0.0282648,0.101623,0,NaN,NaN,349,500,1.31673955320487,0.362628249048019,0.956751736142007,NaN,NaN,0
一般,RRT#,40,20261943,1,213.029642617242,0.0161114,0.0083092,0.0159879,0,NaN,NaN,382,500,3.32761946601272,0.499147563090076,0.955955004570071,NaN,NaN,0
一般,APF-only,40,20261943,1,229.358752665851,0.0020145,0.0018967,0.0020145,NaN,NaN,NaN,NaN,52,16.5135672987644,0.40276509044968,0.887896147911194,1,5,0
一般,AB-IRRT*,40,20261943,1,210.021806522478,0.0182382,0.0031565,0.014839,0,0.0031565,0.0149742,366,500,3.71749127531216,0.3035313164845,0.969645754189483,1,5,0
一般,RRT*,41,20261944,1,216.561919607303,0.0143983,0.0064042,0.01431,0,NaN,NaN,367,500,6.11592453061415,0.683106880696185,0.940362707123224,NaN,NaN,0
一般,Informed-RRT*,41,20261944,1,217.098163328635,0.0149421,0.0069837,0.0148012,0,NaN,NaN,345,500,4.08755913574368,0.575738325808771,0.938039962472888,NaN,NaN,0
一般,PRM*,41,20261944,1,210.926218270553,0.0555502,0.0065087,0.0554245,0,NaN,NaN,502,500,1.81549832193064,0.102232417942567,0.965488096508279,NaN,NaN,0
一般,FMT*,41,20261944,1,236.877308971734,0.0323962,0.0319441,0.0322676,0,NaN,NaN,502,500,8.9428029313145,1,0.859714059847016,NaN,NaN,0
一般,BIT*,41,20261944,1,219.095198355736,0.0911931,0.0316552,0.0909829,0,NaN,NaN,271,500,3.42244353921986,0.371458179596717,0.929489804021504,NaN,NaN,0
一般,RRT#,41,20261944,1,216.046421959564,0.0129026,0.0066939,0.0128018,0,NaN,NaN,367,500,5.55554031057637,0.684216262230418,0.94260645992018,NaN,NaN,0
一般,APF-only,41,20261944,1,229.358752665851,0.0029947,0.0028374,0.0029947,NaN,NaN,NaN,NaN,52,16.5135672987644,0.40276509044968,0.887896147911194,1,5,0
一般,AB-IRRT*,41,20261944,1,210.083427417207,0.0154113,0.00201,0.0131889,0,0.00201,0.0133078,358,500,2.35134216977689,0.402767902633899,0.969361341279439,1,5,0
一般,RRT*,42,20261945,1,221.094628132803,0.015151,0.0079092,0.0150819,0,NaN,NaN,337,500,7.80242920463262,0.164070186810848,0.921084129006531,NaN,NaN,0
一般,Informed-RRT*,42,20261945,1,218.343754635163,0.0149624,0.0078897,0.0148412,0,NaN,NaN,317,500,6.6730770448202,0.153180527550051,0.932688701456129,NaN,NaN,0
一般,PRM*,42,20261945,1,212.54149011246,0.0604867,0.002496,0.0603909,0,NaN,NaN,502,500,3.04166892794346,0.235648983698821,0.958150584499866,NaN,NaN,0
一般,FMT*,42,20261945,1,217.862918017709,0.0234741,0.0082629,0.0233658,0,NaN,NaN,502,500,1.19286513951692,0.0650321580614737,0.934747201748082,NaN,NaN,0
一般,BIT*,42,20261945,1,210.352816189695,0.0984637,0.0205597,0.0983483,0,NaN,NaN,341,500,2.43327871018653,0.0875025251272259,0.968119926657306,NaN,NaN,0
一般,RRT#,42,20261945,1,212.482474549277,0.0150942,0.0086612,0.0149822,0,NaN,NaN,337,500,3.47250125051044,0.419662284872775,0.958416704312702,NaN,NaN,0
一般,APF-only,42,20261945,1,229.358752665851,0.0014777,0.0013799,0.0014777,NaN,NaN,NaN,NaN,52,16.5135672987644,0.40276509044968,0.887896147911194,1,5,0
一般,AB-IRRT*,42,20261945,1,209.309470343105,0.01763,0.0014905,0.0159439,0,0.0014905,0.0160587,369,500,1.73954318329318,0.0807606150819211,0.972945718356187,1,5,0
一般,RRT*,43,20261946,1,212.153154468073,0.018051,0.0053482,0.0179208,0,NaN,NaN,409,500,4.1512551329783,0.102591372906572,0.959904430798234,NaN,NaN,0
一般,Informed-RRT*,43,20261946,1,211.857834883881,0.0171699,0.0049816,0.0170106,0,NaN,NaN,372,500,3.67223403973416,0.431453924007728,0.961242491189171,NaN,NaN,0
一般,PRM*,43,20261946,1,216.395926560996,0.0619057,0.0155033,0.0618036,0,NaN,NaN,502,500,4.28761036376051,1,0.941084040804821,NaN,NaN,0
一般,FMT*,43,20261946,1,216.668761166842,0.0228405,0.007235,0.022697,0,NaN,NaN,502,500,1.70102327905164,0.165259566920446,0.939899004752748,NaN,NaN,0
一般,BIT*,43,20261946,1,209.955775141514,0.0914125,0.0271859,0.0913087,0,NaN,NaN,305,500,1.16118961270062,0.14754411280008,0.969950709117024,NaN,NaN,0
一般,RRT#,43,20261946,1,212.153154468073,0.0165868,0.0056809,0.0164789,0,NaN,NaN,409,500,4.1512551329783,0.102591372906572,0.959904430798234,NaN,NaN,0
一般,APF-only,43,20261946,1,229.358752665851,0.0014746,0.001383,0.0014746,NaN,NaN,NaN,NaN,52,16.5135672987644,0.40276509044968,0.887896147911194,1,5,0
一般,AB-IRRT*,43,20261946,1,210.603628709421,0.0169252,0.0017315,0.0149975,0,0.0017315,0.0151097,367,500,3.2096908899714,0.343556371234397,0.966966971223017,1,5,0
一般,RRT*,44,20261947,1,218.771024128077,0.0150178,0.0054986,0.0149372,0,NaN,NaN,371,500,5.84533451614981,0.183706211403234,0.930867119141439,NaN,NaN,0
一般,Informed-RRT*,44,20261947,1,218.250128860212,0.0156619,0.0057734,0.0155104,0,NaN,NaN,351,500,5.29301872855482,0.102208915048884,0.933088809822239,NaN,NaN,0
一般,PRM*,44,20261947,1,214.068938929261,0.0607563,0.004418,0.060649,0,NaN,NaN,502,500,2.03210542870169,0.369140541150747,0.951313880473901,NaN,NaN,0
一般,FMT*,44,20261947,1,211.98471294275,0.0330578,0.0308342,0.032795,0,NaN,NaN,502,500,2.60147826391934,0.255679355795028,0.96066716394179,NaN,NaN,0
一般,BIT*,44,20261947,1,211.632374403456,0.0673927,0.0580932,0.0672872,0,NaN,NaN,369,500,1.71262492515026,0.168777178175137,0.962266541476747,NaN,NaN,0
一般,RRT#,44,20261947,1,218.649238879109,0.0180029,0.0061124,0.0178816,0,NaN,NaN,371,500,5.04007776701095,0.183440369272695,0.9313856020067,NaN,NaN,0
一般,APF-only,44,20261947,1,229.358752665851,0.0016099,0.001512,0.0016099,NaN,NaN,NaN,NaN,52,16.5135672987644,0.40276509044968,0.887896147911194,1,5,0
一般,AB-IRRT*,44,20261947,1,211.012960649315,0.0168345,0.0016045,0.015002,0,0.0016045,0.0151368,400,500,2.79776710051788,0.0360257980693124,0.965091207455111,1,5,0
一般,RRT*,45,20261948,1,215.65936239184,0.031551,0.012223,0.0313962,0,NaN,NaN,380,500,6.00244427872421,0.825355555785507,0.944298224399422,NaN,NaN,0
一般,Informed-RRT*,45,20261948,1,216.147104977952,0.0255345,0.0129866,0.0252962,0,NaN,NaN,349,500,6.05706831503613,0.741765758264191,0.942167386431101,NaN,NaN,0
一般,PRM*,45,20261948,1,212.784797591148,0.0874785,0.0008788,0.087368,0,NaN,NaN,502,500,1.64322082183267,0.0349177689801419,0.957054993059323,NaN,NaN,0
一般,FMT*,45,20261948,1,213.41854996016,0.028825,0.0241961,0.0286923,0,NaN,NaN,502,500,2.99556538666992,0.0485692669057851,0.9542129914187,NaN,NaN,0
一般,BIT*,45,20261948,1,210.618638693967,0.1409937,0.0372884,0.1408691,0,NaN,NaN,366,500,1.37629192649049,0.182520642751912,0.966898059186626,NaN,NaN,0
一般,RRT#,45,20261948,1,213.966882144297,0.0197001,0.007799,0.0195515,0,NaN,NaN,380,500,4.81652993007341,0.129580904753752,0.951767633106831,NaN,NaN,0
一般,APF-only,45,20261948,1,229.358752665851,0.0020431,0.0019234,0.0020431,NaN,NaN,NaN,NaN,52,16.5135672987644,0.40276509044968,0.887896147911194,1,5,0
一般,AB-IRRT*,45,20261948,1,209.450711009157,0.0147247,0.001733,0.0127345,0,0.001733,0.0128797,370,500,1.52785041874388,0.445640096045306,0.972289623656721,1,5,0
一般,RRT*,46,20261949,1,215.284355415093,0.0181903,0.0111139,0.0180558,0,NaN,NaN,363,500,4.55680389590137,0.144006742912278,0.945943111328601,NaN,NaN,0
一般,Informed-RRT*,46,20261949,1,212.725505162395,0.0155892,0.010946,0.0154152,0,NaN,NaN,347,500,4.11111855137516,0.0836945465186716,0.95732175051723,NaN,NaN,0
一般,PRM*,46,20261949,1,218.681665037553,0.0603651,0.0001907,0.0602659,0,NaN,NaN,502,500,5.45469754845254,0.18145382227477,0.931247495974364,NaN,NaN,0
一般,FMT*,46,20261949,1,221.238750785076,0.0154124,0.0051547,0.0152816,0,NaN,NaN,502,500,3.27458837921047,0.435434253666147,0.920484102622509,NaN,NaN,0
一般,BIT*,46,20261949,1,216.851753824065,0.0736231,0.0297524,0.0734827,0,NaN,NaN,283,500,0.983248748234999,0.393274218395211,0.93910586098809,NaN,NaN,0
一般,RRT#,46,20261949,1,215.259857230024,0.0170995,0.0111356,0.0169791,0,NaN,NaN,363,500,4.35318804172262,0.148559695879104,0.946050766744267,NaN,NaN,0
一般,APF-only,46,20261949,1,229.358752665851,0.0016276,0.0015147,0.0016276,NaN,NaN,NaN,NaN,52,16.5135672987644,0.40276509044968,0.887896147911194,1,5,0
一般,AB-IRRT*,46,20261949,1,210.432835937352,0.0286662,0.0015715,0.0268089,0,0.0015715,0.0269922,358,500,2.62060851546933,0.40284100539531,0.967751786809322,1,5,0
一般,RRT*,47,20261950,1,213.123713172508,0.0282703,0.0120314,0.0281269,0,NaN,NaN,375,500,5.80356111332028,0.124045536426316,0.955533056131058,NaN,NaN,0
一般,Informed-RRT*,47,20261950,1,210.975631642583,0.0206683,0.0099202,0.0204661,0,NaN,NaN,349,500,3.37844585725677,0.163041134141849,0.965261966020449,NaN,NaN,0
一般,PRM*,47,20261950,1,212.856994686447,0.0755371,0.002839,0.0754315,0,NaN,NaN,502,500,2.76896276782986,1,0.956730377978472,NaN,NaN,0
一般,FMT*,47,20261950,1,215.663332008331,0.0219207,0.008878,0.0217884,0,NaN,NaN,502,500,5.03000624557453,0.0404565358845623,0.944280843133126,NaN,NaN,0
一般,BIT*,47,20261950,1,210.566191926184,0.1192236,0.0335768,0.1190741,0,NaN,NaN,326,500,1.32114371604249,0.0407230357016353,0.967138889291004,NaN,NaN,0
一般,RRT#,47,20261950,1,212.543350838657,0.0164205,0.0075042,0.0162844,0,NaN,NaN,375,500,4.62547256840923,0.174979139116459,0.958142196301004,NaN,NaN,0
一般,APF-only,47,20261950,1,229.358752665851,0.0015948,0.0014976,0.0015948,NaN,NaN,NaN,NaN,52,16.5135672987644,0.40276509044968,0.887896147911194,1,5,0
一般,AB-IRRT*,47,20261950,1,210.87569466059,0.0132437,0.0014807,0.0115547,0,0.0014807,0.0116794,360,500,2.79470585926699,0.691174186135402,0.965719417353907,1,5,0
一般,RRT*,48,20261951,1,211.282719070606,0.0142775,0.0071654,0.0141879,0,NaN,NaN,402,500,3.75866894400658,0.808157904915111,0.963859012594738,NaN,NaN,0
一般,Informed-RRT*,48,20261951,1,210.970997378286,0.0161735,0.0065505,0.0159756,0,NaN,NaN,391,500,3.48601126554392,1,0.965283169309631,NaN,NaN,0
一般,PRM*,48,20261951,1,214.474080507162,0.0538043,0.0003601,0.0537091,0,NaN,NaN,502,500,2.3011428296553,0.193507965524702,0.949516848377047,NaN,NaN,0
一般,FMT*,48,20261951,1,213.847804230674,0.0192001,0.0082721,0.0190911,0,NaN,NaN,502,500,1.48492042531444,0.220340906975776,0.952297610510207,NaN,NaN,0
一般,BIT*,48,20261951,1,210.467406025372,0.113992,0.0259295,0.113869,0,NaN,NaN,318,500,1.650561525099,0.265875646159268,0.967592829823618,NaN,NaN,0
一般,RRT#,48,20261951,1,211.282719070606,0.0173649,0.0078195,0.0172552,0,NaN,NaN,402,500,3.75866894400658,0.808157904915111,0.963859012594738,NaN,NaN,0
一般,APF-only,48,20261951,1,229.358752665851,0.0015246,0.0014386,0.0015246,NaN,NaN,NaN,NaN,52,16.5135672987644,0.40276509044968,0.887896147911194,1,5,0
一般,AB-IRRT*,48,20261951,1,210.302098761126,0.0158075,0.0017022,0.013879,0,0.0017022,0.0140154,373,500,2.12563910319978,0.207258809625309,0.968353402944589,1,5,0
一般,RRT*,49,20261952,1,217.679921718639,0.0176769,0.0085144,0.0175603,0,NaN,NaN,368,500,4.87911868050475,0.0346107124497603,0.93553301275507,NaN,NaN,0
一般,Informed-RRT*,49,20261952,1,218.145454077893,0.0154245,0.0073428,0.0152837,0,NaN,NaN,344,500,6.21489700667204,0.247310136242335,0.933536542590568,NaN,NaN,0
一般,PRM*,49,20261952,1,218.9380089851,0.0615249,0.001245,0.0614324,0,NaN,NaN,502,500,3.85553047717833,1,0.930157143228543,NaN,NaN,0
一般,FMT*,49,20261952,1,226.845961490865,0.0170098,0.0137938,0.0168924,0,NaN,NaN,502,500,4.39908886484064,0.476535572417632,0.897731445794008,NaN,NaN,0
一般,BIT*,49,20261952,1,215.305465939523,0.1685046,0.1029209,0.1683769,0,NaN,NaN,378,500,2.87930084262354,0.3138719941152,0.945850362382011,NaN,NaN,0
一般,RRT#,49,20261952,1,217.964193836507,0.0176971,0.0080647,0.0175782,0,NaN,NaN,368,500,5.93177671597882,0.0362518161682956,0.934312876795164,NaN,NaN,0
一般,APF-only,49,20261952,1,229.358752665851,0.0027257,0.0026071,0.0027257,NaN,NaN,NaN,NaN,52,16.5135672987644,0.40276509044968,0.887896147911194,1,5,0
一般,AB-IRRT*,49,20261952,1,210.923556456569,0.018306,0.0033576,0.0146844,0,0.0033576,0.0148394,346,500,2.45792884068828,0.036309950681968,0.965500280779014,1,5,0
一般,RRT*,50,20261953,0,Inf,0.0166611,NaN,0.0165444,0,NaN,NaN,311,500,NaN,NaN,NaN,NaN,NaN,0
一般,Informed-RRT*,50,20261953,0,Inf,0.0143822,NaN,0.0141594,0,NaN,NaN,311,500,NaN,NaN,NaN,NaN,NaN,0
一般,PRM*,50,20261953,1,219.220693658245,0.0761697,0.0007258,0.0760663,0,NaN,NaN,502,500,3.84684911572934,0.964783971927204,0.92895770733762,NaN,NaN,0
一般,FMT*,50,20261953,1,216.30227020605,0.0204423,0.010931,0.0202671,0,NaN,NaN,502,500,2.72555757955632,0.412334908389482,0.94149151919548,NaN,NaN,0
一般,BIT*,50,20261953,1,211.124832592105,0.1318727,0.0437744,0.131734,0,NaN,NaN,339,500,1.66645219387211,0.146290099113302,0.964579819822393,NaN,NaN,0
一般,RRT#,50,20261953,0,Inf,0.0133597,NaN,0.0132553,0,NaN,NaN,311,500,NaN,NaN,NaN,NaN,NaN,0
一般,APF-only,50,20261953,1,229.358752665851,0.0014457,0.0013579,0.0014457,NaN,NaN,NaN,NaN,52,16.5135672987644,0.40276509044968,0.887896147911194,1,5,0
一般,AB-IRRT*,50,20261953,1,209.78335027337,0.0172558,0.0017651,0.0152453,0,0.0017651,0.015388,369,500,1.96488172108353,0.182949162015191,0.970747929787335,1,5,0
狭窄,RRT*,1,20262904,1,223.212657893287,0.0116522,0.0094268,0.0115262,0,NaN,NaN,324,500,5.5490216354331,0.169025644868204,0.912344106753503,NaN,NaN,0
狭窄,Informed-RRT*,1,20262904,1,223.289548018795,0.0151196,0.0123646,0.0149302,0,NaN,NaN,322,500,6.13411584499241,0.126402140366937,0.912029939549987,NaN,NaN,0
狭窄,PRM*,1,20262904,1,226.878213835783,0.0589113,0.0007876,0.0588218,0,NaN,NaN,502,500,2.75298561141361,0.133854280149338,0.897603826910977,NaN,NaN,0
狭窄,FMT*,1,20262904,1,281.756073769027,0.0660148,0.0203723,0.0658814,0,NaN,NaN,502,500,11.0599385481829,0.179406160735788,0.722776798588794,NaN,NaN,0
狭窄,BIT*,1,20262904,0,Inf,0.163733,NaN,0.163643,0,NaN,NaN,408,500,NaN,NaN,NaN,NaN,NaN,0
狭窄,RRT#,1,20262904,1,223.212657893287,0.0203869,0.0175995,0.0202707,0,NaN,NaN,324,500,5.5490216354331,0.169025644868204,0.912344106753503,NaN,NaN,0
狭窄,APF-only,1,20262904,1,279.791130115633,0.0098956,0.0096791,0.0098956,NaN,NaN,NaN,NaN,64,46.4502175583217,0.0632608111899984,0.727852783959099,3,5,0
狭窄,AB-IRRT*,1,20262904,1,212.885243942151,0.0127163,0.0086605,0.0038488,0,0.0086605,0.0039562,48,500,2.34656541775505,0.316946328405102,0.956603422626436,3,5,0
狭窄,RRT*,2,20262905,0,Inf,0.0027442,NaN,0.0026932,0,NaN,NaN,26,500,NaN,NaN,NaN,NaN,NaN,0
狭窄,Informed-RRT*,2,20262905,0,Inf,0.0027257,NaN,0.0026395,0,NaN,NaN,26,500,NaN,NaN,NaN,NaN,NaN,0
狭窄,PRM*,2,20262905,1,225.287571167095,0.0648102,0.0005963,0.0646924,0,NaN,NaN,502,500,4.07121885831965,0.324610347562908,0.903941357824316,NaN,NaN,0
狭窄,FMT*,2,20262905,1,242.746403576303,0.0174048,0.0127355,0.017226,0,NaN,NaN,502,500,4.92885566609366,1,0.838927992264622,NaN,NaN,0
狭窄,BIT*,2,20262905,1,243.603812772624,0.0821199,0.0365815,0.0819929,0,NaN,NaN,242,500,2.14838376554139,0.0237989541424452,0.835975228235884,NaN,NaN,0
狭窄,RRT#,2,20262905,0,Inf,0.0035135,NaN,0.0034447,0,NaN,NaN,26,500,NaN,NaN,NaN,NaN,NaN,0
狭窄,APF-only,2,20262905,1,279.791130115633,0.0087317,0.0085632,0.0087317,NaN,NaN,NaN,NaN,64,46.4502175583217,0.0632608111899984,0.727852783959099,3,5,0
狭窄,AB-IRRT*,2,20262905,1,212.885243942151,0.0143455,0.0093427,0.0046856,0,0.0093427,0.0048828,52,500,2.34656541775505,0.316946328405102,0.956603422626436,3,5,0
狭窄,RRT*,3,20262906,0,Inf,0.0068114,NaN,0.0067491,0,NaN,NaN,136,500,NaN,NaN,NaN,NaN,NaN,0
狭窄,Informed-RRT*,3,20262906,0,Inf,0.0070271,NaN,0.0069278,0,NaN,NaN,136,500,NaN,NaN,NaN,NaN,NaN,0
狭窄,PRM*,3,20262906,1,237.558941917577,0.0608836,0.0001706,0.06079,0,NaN,NaN,502,500,2.72354087716799,0.341265171520337,0.85724726393327,NaN,NaN,0
狭窄,FMT*,3,20262906,1,240.612623085285,0.0355499,0.0351421,0.0354336,0,NaN,NaN,502,500,7.95711423972916,0.813694116256911,0.84636770245235,NaN,NaN,0
狭窄,BIT*,3,20262906,0,Inf,0.0848217,NaN,0.084726,0,NaN,NaN,415,500,NaN,NaN,NaN,NaN,NaN,0
狭窄,RRT#,3,20262906,0,Inf,0.0073254,NaN,0.0072545,0,NaN,NaN,136,500,NaN,NaN,NaN,NaN,NaN,0
狭窄,APF-only,3,20262906,1,279.791130115633,0.0092976,0.0091455,0.0092976,NaN,NaN,NaN,NaN,64,46.4502175583217,0.0632608111899984,0.727852783959099,3,5,0
狭窄,AB-IRRT*,3,20262906,1,212.885243942151,0.01449,0.0095962,0.0046652,0,0.0095962,0.0047902,57,500,2.34656541775505,0.316946328405102,0.956603422626436,3,5,0
狭窄,RRT*,4,20262907,1,228.287522855345,0.0093719,0.0083108,0.0092865,0,NaN,NaN,174,500,4.42283586951329,0.00997206291741204,0.892062564062105,NaN,NaN,0
狭窄,Informed-RRT*,4,20262907,1,229.611827644327,0.0082056,0.0073663,0.0080727,0,NaN,NaN,173,500,4.28560660637599,0.010869643827335,0.886917521065936,NaN,NaN,0
狭窄,PRM*,4,20262907,1,240.870519002066,0.0616116,0.0127634,0.0615165,0,NaN,NaN,502,500,2.41600723289999,0.420643164723143,0.84546151112822,NaN,NaN,0
狭窄,FMT*,4,20262907,1,255.269442909948,0.0438691,0.0212167,0.0437617,0,NaN,NaN,502,500,7.09865334425171,0.814194340267901,0.797771760929358,NaN,NaN,0
狭窄,BIT*,4,20262907,1,234.189979293454,0.101865,0.0313657,0.1017466,0,NaN,NaN,320,500,6.510936798981,0.604009755403544,0.869579277457233,NaN,NaN,0
狭窄,RRT#,4,20262907,1,228.287522855345,0.0076433,0.0064754,0.0075423,0,NaN,NaN,174,500,4.42283586951329,0.00997206291741204,0.892062564062105,NaN,NaN,0
狭窄,APF-only,4,20262907,1,279.791130115633,0.0090556,0.0089442,0.0090556,NaN,NaN,NaN,NaN,64,46.4502175583217,0.0632608111899984,0.727852783959099,3,5,0
狭窄,AB-IRRT*,4,20262907,1,212.885243942151,0.0126413,0.0086319,0.0038237,0,0.0086319,0.0039164,46,500,2.34656541775505,0.316946328405102,0.956603422626436,3,5,0
狭窄,RRT*,5,20262908,1,243.868003252574,0.0102511,0.0059801,0.0101599,0,NaN,NaN,350,500,7.28662147930568,0.0657979816265737,0.835069587914775,NaN,NaN,0
狭窄,Informed-RRT*,5,20262908,1,244.577903672469,0.0138384,0.0095023,0.0136997,0,NaN,NaN,318,500,7.90487577077928,0.0284330567511297,0.832645753863534,NaN,NaN,0
狭窄,PRM*,5,20262908,1,245.449968829995,0.053051,0.0414529,0.0529735,0,NaN,NaN,502,500,2.75198660374068,1,0.829687426535288,NaN,NaN,0
狭窄,FMT*,5,20262908,1,250.330435809447,0.0521143,0.034212,0.0519964,0,NaN,NaN,502,500,7.04277246622874,0.894498517447081,0.813511758261559,NaN,NaN,0
狭窄,BIT*,5,20262908,1,240.326780191429,0.0906067,0.0245782,0.0904834,0,NaN,NaN,269,500,5.73485722422126,0.205502326537978,0.847374365934224,NaN,NaN,0
狭窄,RRT#,5,20262908,1,243.808066428119,0.0194166,0.0122146,0.0192844,0,NaN,NaN,350,500,6.93313385991536,0.0601385589675232,0.83527487816637,NaN,NaN,0
狭窄,APF-only,5,20262908,1,279.791130115633,0.010645,0.0104783,0.010645,NaN,NaN,NaN,NaN,64,46.4502175583217,0.0632608111899984,0.727852783959099,3,5,0
狭窄,AB-IRRT*,5,20262908,1,212.885243942151,0.0117852,0.0075994,0.0039892,0,0.0075994,0.004089,52,500,2.34656541775505,0.316946328405102,0.956603422626436,3,5,0
狭窄,RRT*,6,20262909,1,219.340441198991,0.0165283,0.0109105,0.0164152,0,NaN,NaN,358,500,4.77069986821406,0.15235182039838,0.928450548692807,NaN,NaN,0
狭窄,Informed-RRT*,6,20262909,1,219.066722819166,0.0159856,0.009684,0.0158516,0,NaN,NaN,358,500,5.16128274774217,0.160025682660303,0.929610624384203,NaN,NaN,0
狭窄,PRM*,6,20262909,1,225.053964996948,0.0580532,0.0001437,0.0579594,0,NaN,NaN,502,500,4.31062559134804,0.310945679887542,0.904879649574215,NaN,NaN,0
狭窄,FMT*,6,20262909,1,263.661108545456,0.0159298,0.0155425,0.0158389,0,NaN,NaN,502,500,13.2500360194067,0.275499998923802,0.772380705312162,NaN,NaN,0
狭窄,BIT*,6,20262909,0,Inf,0.0813513,NaN,0.0810001,0,NaN,NaN,418,500,NaN,NaN,NaN,NaN,NaN,0
狭窄,RRT#,6,20262909,1,219.340441198991,0.0163254,0.0099769,0.0162083,0,NaN,NaN,358,500,4.77069986821406,0.15235182039838,0.928450548692807,NaN,NaN,0
狭窄,APF-only,6,20262909,1,279.791130115633,0.008493,0.0083775,0.008493,NaN,NaN,NaN,NaN,64,46.4502175583217,0.0632608111899984,0.727852783959099,3,5,0
狭窄,AB-IRRT*,6,20262909,1,212.885243942151,0.0135777,0.0088218,0.0045703,0,0.0088218,0.0046652,55,500,2.34656541775505,0.316946328405102,0.956603422626436,3,5,0
狭窄,RRT*,7,20262910,1,220.898808790989,0.0131625,0.007708,0.0130726,0,NaN,NaN,335,500,6.89510880129565,0.40761967936664,0.921900639013463,NaN,NaN,0
狭窄,Informed-RRT*,7,20262910,1,217.543469249521,0.0141551,0.0074848,0.01404,0,NaN,NaN,335,500,5.77664017904909,0.24045694250152,0.936119818647116,NaN,NaN,0
狭窄,PRM*,7,20262910,1,228.68343017697,0.0588519,0.0144128,0.0587706,0,NaN,NaN,502,500,4.98442476376306,0.728393293903719,0.890518184129608,NaN,NaN,0
狭窄,FMT*,7,20262910,1,252.249178879998,0.0109276,0.0076554,0.0108527,0,NaN,NaN,502,500,2.89395854418946,0.587316092217129,0.807323749817264,NaN,NaN,0
狭窄,BIT*,7,20262910,1,241.008882901209,0.0566712,0.0289489,0.0565748,0,NaN,NaN,223,500,2.5140081894059,0.389560432447915,0.844976129220937,NaN,NaN,0
狭窄,RRT#,7,20262910,1,219.179524672932,0.0157185,0.008297,0.015604,0,NaN,NaN,335,500,6.37505000809671,0.240998776202705,0.92913219556259,NaN,NaN,0
狭窄,APF-only,7,20262910,1,279.791130115633,0.0088264,0.0087191,0.0088264,NaN,NaN,NaN,NaN,64,46.4502175583217,0.0632608111899984,0.727852783959099,3,5,0
狭窄,AB-IRRT*,7,20262910,1,212.885243942151,0.0194021,0.0079484,0.0112508,0,0.0079484,0.0113615,258,500,2.34656541775505,0.316946328405102,0.956603422626436,3,5,0
狭窄,RRT*,8,20262911,1,217.151505724853,0.0151373,0.0079385,0.0150411,0,NaN,NaN,397,500,6.52070812258634,0.418415715466786,0.937809536719312,NaN,NaN,0
狭窄,Informed-RRT*,8,20262911,1,215.874074403434,0.0148246,0.0084608,0.0146944,0,NaN,NaN,380,500,5.76052191326128,0.418342606168643,0.943359009387771,NaN,NaN,0
狭窄,PRM*,8,20262911,1,237.188695128607,0.0638316,0.0015016,0.0637239,0,NaN,NaN,502,500,1.69300604380633,1,0.858585409693771,NaN,NaN,0
狭窄,FMT*,8,20262911,1,236.302853357821,0.020085,0.0197962,0.0199908,0,NaN,NaN,502,500,10.3814208239496,0.273834410660651,0.86180403701412,NaN,NaN,0
狭窄,BIT*,8,20262911,0,Inf,0.0691504,NaN,0.0690563,0,NaN,NaN,406,500,NaN,NaN,NaN,NaN,NaN,0
狭窄,RRT#,8,20262911,1,216.63482350414,0.0176528,0.008754,0.0175389,0,NaN,NaN,397,500,6.1215372566088,0.418421494333067,0.940046247817744,NaN,NaN,0
狭窄,APF-only,8,20262911,1,279.791130115633,0.0075103,0.0074087,0.0075103,NaN,NaN,NaN,NaN,64,46.4502175583217,0.0632608111899984,0.727852783959099,3,5,0
狭窄,AB-IRRT*,8,20262911,1,212.885243942151,0.0155583,0.0087889,0.0065821,0,0.0087889,0.0066759,153,500,2.34656541775505,0.316946328405102,0.956603422626436,3,5,0
狭窄,RRT*,9,20262912,1,215.396074093658,0.0139557,0.0078798,0.0138594,0,NaN,NaN,325,500,6.04153148977432,0.0512171045098668,0.945452482542352,NaN,NaN,0
狭窄,Informed-RRT*,9,20262912,1,214.626581601515,0.0162633,0.0075334,0.0160898,0,NaN,NaN,322,500,6.2309189401178,0.046684934921565,0.948842177246364,NaN,NaN,0
狭窄,PRM*,9,20262912,0,Inf,0.0611082,NaN,0.0609804,0,NaN,NaN,502,500,NaN,NaN,NaN,NaN,NaN,0
狭窄,FMT*,9,20262912,1,245.149987994221,0.0391741,0.0383801,0.0389147,0,NaN,NaN,502,500,11.2850168064336,0.101249650862521,0.830702683887246,NaN,NaN,0
狭窄,BIT*,9,20262912,0,Inf,0.0671038,NaN,0.0670086,0,NaN,NaN,421,500,NaN,NaN,NaN,NaN,NaN,0
狭窄,RRT#,9,20262912,1,215.235663474671,0.014833,0.0088916,0.0147279,0,NaN,NaN,325,500,5.40943103628374,0.0367037239660633,0.946157108418471,NaN,NaN,0
狭窄,APF-only,9,20262912,1,279.791130115633,0.0078106,0.0077092,0.0078106,NaN,NaN,NaN,NaN,64,46.4502175583217,0.0632608111899984,0.727852783959099,3,5,0
狭窄,AB-IRRT*,9,20262912,1,212.885243942151,0.0119145,0.0075945,0.0041052,0,0.0075945,0.004218,42,500,2.34656541775505,0.316946328405102,0.956603422626436,3,5,0
狭窄,RRT*,10,20262913,0,Inf,0.0055384,NaN,0.0054644,0,NaN,NaN,46,500,NaN,NaN,NaN,NaN,NaN,0
狭窄,Informed-RRT*,10,20262913,0,Inf,0.0073327,NaN,0.0072048,0,NaN,NaN,46,500,NaN,NaN,NaN,NaN,NaN,0
狭窄,PRM*,10,20262913,1,224.571795689765,0.0650181,0.0015328,0.0649186,0,NaN,NaN,502,500,2.73423200565631,0.382935922199646,0.906822481230249,NaN,NaN,0
狭窄,FMT*,10,20262913,1,259.328138950394,0.0803919,0.0107364,0.0802824,0,NaN,NaN,502,500,5.909853942598,0.903977393996826,0.785285984798897,NaN,NaN,0
狭窄,BIT*,10,20262913,0,Inf,0.1786558,NaN,0.1785616,0,NaN,NaN,410,500,NaN,NaN,NaN,NaN,NaN,0
狭窄,RRT#,10,20262913,0,Inf,0.0040841,NaN,0.0040244,0,NaN,NaN,46,500,NaN,NaN,NaN,NaN,NaN,0
狭窄,APF-only,10,20262913,1,279.791130115633,0.0072849,0.0071934,0.0072849,NaN,NaN,NaN,NaN,64,46.4502175583217,0.0632608111899984,0.727852783959099,3,5,0
狭窄,AB-IRRT*,10,20262913,1,212.885243942151,0.0264074,0.014608,0.0115596,0,0.014608,0.0116727,239,500,2.34656541775505,0.316946328405102,0.956603422626436,3,5,0
狭窄,RRT*,11,20262914,0,Inf,0.0031623,NaN,0.0031059,0,NaN,NaN,35,500,NaN,NaN,NaN,NaN,NaN,0
狭窄,Informed-RRT*,11,20262914,0,Inf,0.0029821,NaN,0.0029053,0,NaN,NaN,35,500,NaN,NaN,NaN,NaN,NaN,0
狭窄,PRM*,11,20262914,1,242.38624861554,0.0607816,0.003526,0.0606803,0,NaN,NaN,502,500,2.01051462148511,0.710052042417134,0.840174531950199,NaN,NaN,0
狭窄,FMT*,11,20262914,1,241.831914894954,0.0145147,0.0106265,0.01437,0,NaN,NaN,502,500,4.04387795188292,0.125718510713621,0.8421004029604,NaN,NaN,0
狭窄,BIT*,11,20262914,1,240.800425162908,0.0651508,0.057565,0.0650175,0,NaN,NaN,340,500,4.08307717344083,0.123408365768038,0.845707613863028,NaN,NaN,0
狭窄,RRT#,11,20262914,0,Inf,0.003743,NaN,0.0036833,0,NaN,NaN,35,500,NaN,NaN,NaN,NaN,NaN,0
狭窄,APF-only,11,20262914,1,279.791130115633,0.0084706,0.0083727,0.0084706,NaN,NaN,NaN,NaN,64,46.4502175583217,0.0632608111899984,0.727852783959099,3,5,0
狭窄,AB-IRRT*,11,20262914,1,212.885243942151,0.0179588,0.0129525,0.0047268,0,0.0129525,0.0048868,52,500,2.34656541775505,0.316946328405102,0.956603422626436,3,5,0
狭窄,RRT*,12,20262915,0,Inf,0.0047868,NaN,0.0047329,0,NaN,NaN,99,500,NaN,NaN,NaN,NaN,NaN,0
狭窄,Informed-RRT*,12,20262915,0,Inf,0.0053367,NaN,0.0052091,0,NaN,NaN,99,500,NaN,NaN,NaN,NaN,NaN,0
狭窄,PRM*,12,20262915,1,238.613685513684,0.0553415,0.03423,0.0552572,0,NaN,NaN,502,500,2.55533870995031,1,0.853457975569665,NaN,NaN,0
狭窄,FMT*,12,20262915,1,241.684377273069,0.0514918,0.0270002,0.051384,0,NaN,NaN,502,500,9.14664710837954,0.442446403834899,0.842614468007726,NaN,NaN,0
狭窄,BIT*,12,20262915,0,Inf,0.1305393,NaN,0.1304437,0,NaN,NaN,420,500,NaN,NaN,NaN,NaN,NaN,0
狭窄,RRT#,12,20262915,0,Inf,0.0062053,NaN,0.0061347,0,NaN,NaN,99,500,NaN,NaN,NaN,NaN,NaN,0
狭窄,APF-only,12,20262915,1,279.791130115633,0.0082214,0.0081193,0.0082214,NaN,NaN,NaN,NaN,64,46.4502175583217,0.0632608111899984,0.727852783959099,3,5,0
狭窄,AB-IRRT*,12,20262915,1,212.885243942151,0.0120069,0.0072086,0.0046204,0,0.0072086,0.0047122,54,500,2.34656541775505,0.316946328405102,0.956603422626436,3,5,0
狭窄,RRT*,13,20262916,1,216.42577690772,0.0147413,0.0102527,0.0145056,0,NaN,NaN,320,500,6.34365089420491,0.0702638579487882,0.940954242564911,NaN,NaN,0
狭窄,Informed-RRT*,13,20262916,1,216.788890674596,0.0151306,0.0099835,0.0149737,0,NaN,NaN,318,500,6.30700800983962,0.0498404444880478,0.93937817730431,NaN,NaN,0
狭窄,PRM*,13,20262916,1,239.782145534818,0.0615098,0.0020882,0.0614059,0,NaN,NaN,502,500,2.52252028645827,0.802753421616023,0.849299069067486,NaN,NaN,0
狭窄,FMT*,13,20262916,1,259.792021053853,0.0639365,0.0092524,0.0638226,0,NaN,NaN,502,500,3.53821543583464,1,0.783883785789985,NaN,NaN,0
狭窄,BIT*,13,20262916,1,254.090194788202,0.0402884,0.0272721,0.0401777,0,NaN,NaN,173,500,1.78652314663141,1,0.801474268424549,NaN,NaN,0
狭窄,RRT#,13,20262916,1,216.42577690772,0.0172753,0.0114452,0.0171512,0,NaN,NaN,320,500,6.34365089420491,0.0702638579487882,0.940954242564911,NaN,NaN,0
狭窄,APF-only,13,20262916,1,279.791130115633,0.008195,0.0080863,0.008195,NaN,NaN,NaN,NaN,64,46.4502175583217,0.0632608111899984,0.727852783959099,3,5,0
狭窄,AB-IRRT*,13,20262916,1,212.885243942151,0.0114683,0.0078297,0.003464,0,0.0078297,0.0035474,39,500,2.34656541775505,0.316946328405102,0.956603422626436,3,5,0
狭窄,RRT*,14,20262917,1,225.677919372751,0.0104654,0.0069687,0.0103766,0,NaN,NaN,276,500,8.06708647146215,0.017563524876433,0.902377838061167,NaN,NaN,0
狭窄,Informed-RRT*,14,20262917,1,225.885449986775,0.0201068,0.014527,0.0198771,0,NaN,NaN,273,500,5.94682268071211,0.0172971558299455,0.901548784986587,NaN,NaN,0
狭窄,PRM*,14,20262917,1,228.260899401412,0.0595337,0.0026627,0.0594268,0,NaN,NaN,502,500,3.1614772333178,0.910055881875809,0.892166610732568,NaN,NaN,0
狭窄,FMT*,14,20262917,1,257.462269761535,0.0281091,0.0161367,0.0279877,0,NaN,NaN,502,500,7.93348156045989,0.190679393068802,0.790977074700483,NaN,NaN,0
狭窄,BIT*,14,20262917,1,241.538828112623,0.0613318,0.0491891,0.0612217,0,NaN,NaN,357,500,4.28473186752565,0.425963764827934,0.843122220029862,NaN,NaN,0
狭窄,RRT#,14,20262917,1,225.677919372751,0.0098635,0.0062098,0.0097837,0,NaN,NaN,276,500,8.06708647146215,0.017563524876433,0.902377838061167,NaN,NaN,0
狭窄,APF-only,14,20262917,1,279.791130115633,0.006233,0.0061526,0.006233,NaN,NaN,NaN,NaN,64,46.4502175583217,0.0632608111899984,0.727852783959099,3,5,0
狭窄,AB-IRRT*,14,20262917,1,212.885243942151,0.0122937,0.0076967,0.0044364,0,0.0076967,0.0045194,107,500,2.34656541775505,0.316946328405102,0.956603422626436,3,5,0
狭窄,RRT*,15,20262918,1,223.602920936829,0.0149913,0.0101294,0.0149218,0,NaN,NaN,383,500,7.54735341214164,0.045373190747128,0.910751756410457,NaN,NaN,0
狭窄,Informed-RRT*,15,20262918,1,224.450286394245,0.0158402,0.0102088,0.015724,0,NaN,NaN,342,500,6.60772630869305,0.0371566974181139,0.907313402238312,NaN,NaN,0
狭窄,PRM*,15,20262918,1,230.309337856468,0.049375,0.0040962,0.0493021,0,NaN,NaN,502,500,5.96308153528365,0.208452274285186,0.884231420562899,NaN,NaN,0
狭窄,FMT*,15,20262918,0,Inf,0.0045531,NaN,0.0044947,0,NaN,NaN,502,500,NaN,NaN,NaN,NaN,NaN,0
狭窄,BIT*,15,20262918,1,251.351275692904,0.0601957,0.0402198,0.0584249,0,NaN,NaN,349,500,6.98348826591618,0.606335088424025,0.810207755740763,NaN,NaN,0
狭窄,RRT#,15,20262918,1,222.810328182833,0.018461,0.0101408,0.0183219,0,NaN,NaN,383,500,7.39683380959382,0.0442858979200409,0.913991531014746,NaN,NaN,0
狭窄,APF-only,15,20262918,1,279.791130115633,0.0063802,0.0062943,0.0063802,NaN,NaN,NaN,NaN,64,46.4502175583217,0.0632608111899984,0.727852783959099,3,5,0
狭窄,AB-IRRT*,15,20262918,1,212.885243942151,0.0132823,0.0092222,0.0038758,0,0.0092222,0.0039603,58,500,2.34656541775505,0.316946328405102,0.956603422626436,3,5,0
狭窄,RRT*,16,20262919,0,Inf,0.0025009,NaN,0.0024577,0,NaN,NaN,28,500,NaN,NaN,NaN,NaN,NaN,0
狭窄,Informed-RRT*,16,20262919,0,Inf,0.0022876,NaN,0.0022248,0,NaN,NaN,28,500,NaN,NaN,NaN,NaN,NaN,0
狭窄,PRM*,16,20262919,1,225.054400704226,0.0522398,0.000738,0.0521569,0,NaN,NaN,502,500,2.16463243603208,0.564998259203688,0.90487789771934,NaN,NaN,0
狭窄,FMT*,16,20262919,1,234.443077148992,0.0273527,0.004848,0.0272422,0,NaN,NaN,502,500,4.99766781463385,0.687018441876758,0.868640505227225,NaN,NaN,0
狭窄,BIT*,16,20262919,0,Inf,0.1248235,NaN,0.1247232,0,NaN,NaN,429,500,NaN,NaN,NaN,NaN,NaN,0
狭窄,RRT#,16,20262919,0,Inf,0.0042411,NaN,0.0041671,0,NaN,NaN,28,500,NaN,NaN,NaN,NaN,NaN,0
狭窄,APF-only,16,20262919,1,279.791130115633,0.0118034,0.011687,0.0118034,NaN,NaN,NaN,NaN,64,46.4502175583217,0.0632608111899984,0.727852783959099,3,5,0
狭窄,AB-IRRT*,16,20262919,1,212.885243942151,0.0178024,0.009535,0.0080529,0,0.009535,0.0081676,225,500,2.34656541775505,0.316946328405102,0.956603422626436,3,5,0
狭窄,RRT*,17,20262920,0,Inf,0.0048946,NaN,0.0048286,0,NaN,NaN,39,500,NaN,NaN,NaN,NaN,NaN,0
狭窄,Informed-RRT*,17,20262920,0,Inf,0.0043141,NaN,0.0042147,0,NaN,NaN,39,500,NaN,NaN,NaN,NaN,NaN,0
狭窄,PRM*,17,20262920,1,226.39730500948,0.0584294,0.001051,0.0583436,0,NaN,NaN,502,500,2.3217041327364,0.0516565217286594,0.8995104997968,NaN,NaN,0
狭窄,FMT*,17,20262920,1,238.042842192098,0.0324385,0.0077251,0.0323351,0,NaN,NaN,502,500,6.7640504481291,0.135451585073369,0.855504627261108,NaN,NaN,0
狭窄,BIT*,17,20262920,1,225.028395100506,0.0765728,0.0296555,0.0764582,0,NaN,NaN,284,500,2.32046183413147,0.0559313088159314,0.904982470726726,NaN,NaN,0
狭窄,RRT#,17,20262920,0,Inf,0.0043013,NaN,0.0042087,0,NaN,NaN,39,500,NaN,NaN,NaN,NaN,NaN,0
狭窄,APF-only,17,20262920,1,279.791130115633,0.0090162,0.0088542,0.0090162,NaN,NaN,NaN,NaN,64,46.4502175583217,0.0632608111899984,0.727852783959099,3,5,0
狭窄,AB-IRRT*,17,20262920,1,212.885243942151,0.016419,0.010058,0.0060014,0,0.010058,0.0061311,95,500,2.34656541775505,0.316946328405102,0.956603422626436,3,5,0
狭窄,RRT*,18,20262921,1,223.704610483779,0.0139334,0.0092708,0.0138225,0,NaN,NaN,353,500,8.03999671370636,0.0321349202655412,0.910337755405771,NaN,NaN,0
狭窄,Informed-RRT*,18,20262921,1,224.264117841035,0.015754,0.0111236,0.0155874,0,NaN,NaN,347,500,6.33565907872054,0.0269432403760277,0.908066591045457,NaN,NaN,0
狭窄,PRM*,18,20262921,1,225.081978950506,0.0614916,0.0146502,0.0613868,0,NaN,NaN,502,500,2.76134348938304,0.135789521887565,0.904767027246133,NaN,NaN,0
狭窄,FMT*,18,20262921,1,248.959311614593,0.0163062,0.0158447,0.0161856,0,NaN,NaN,502,500,5.7139380924924,0.0462795245792549,0.817992111486013,NaN,NaN,0
狭窄,BIT*,18,20262921,1,243.471280657725,0.0756184,0.0754698,0.0754914,0,NaN,NaN,413,500,4.22547522908878,0.239186937544539,0.83643028628093,NaN,NaN,0
狭窄,RRT#,18,20262921,1,223.298702786973,0.0146431,0.0101093,0.0145442,0,NaN,NaN,353,500,7.65780423203482,0.0306174737427867,0.911992548277385,NaN,NaN,0
狭窄,APF-only,18,20262921,1,279.791130115633,0.0132014,0.013078,0.0132014,NaN,NaN,NaN,NaN,64,46.4502175583217,0.0632608111899984,0.727852783959099,3,5,0
狭窄,AB-IRRT*,18,20262921,1,212.885243942151,0.0114821,0.0079738,0.0033484,0,0.0079738,0.0034261,56,500,2.34656541775505,0.316946328405102,0.956603422626436,3,5,0
狭窄,RRT*,19,20262922,0,Inf,0.003277,NaN,0.0032328,0,NaN,NaN,45,500,NaN,NaN,NaN,NaN,NaN,0
狭窄,Informed-RRT*,19,20262922,0,Inf,0.0028909,NaN,0.002767,0,NaN,NaN,45,500,NaN,NaN,NaN,NaN,NaN,0
狭窄,PRM*,19,20262922,1,222.855247713868,0.0583774,0.0026266,0.0582835,0,NaN,NaN,502,500,2.54744319277633,0.0952074165177184,0.913807303488742,NaN,NaN,0
狭窄,FMT*,19,20262922,1,253.624289325936,0.054854,0.0279614,0.054701,0,NaN,NaN,502,500,6.74365565114671,1,0.802946569206613,NaN,NaN,0
狭窄,BIT*,19,20262922,1,225.361347305235,0.1123705,0.0264952,0.1122385,0,NaN,NaN,307,500,3.69531769475875,0.530737850652548,0.903645436171009,NaN,NaN,0
狭窄,RRT#,19,20262922,0,Inf,0.0042635,NaN,0.0041987,0,NaN,NaN,45,500,NaN,NaN,NaN,NaN,NaN,0
狭窄,APF-only,19,20262922,1,279.791130115633,0.0086281,0.0085211,0.0086281,NaN,NaN,NaN,NaN,64,46.4502175583217,0.0632608111899984,0.727852783959099,3,5,0
狭窄,AB-IRRT*,19,20262922,1,212.885243942151,0.0178208,0.0099214,0.0076702,0,0.0099214,0.0077888,130,500,2.34656541775505,0.316946328405102,0.956603422626436,3,5,0
狭窄,RRT*,20,20262923,0,Inf,0.0130517,NaN,0.0129869,0,NaN,NaN,267,500,NaN,NaN,NaN,NaN,NaN,0
狭窄,Informed-RRT*,20,20262923,0,Inf,0.0126255,NaN,0.0125159,0,NaN,NaN,267,500,NaN,NaN,NaN,NaN,NaN,0
狭窄,PRM*,20,20262923,1,240.570862976588,0.0609724,0.0025677,0.0608779,0,NaN,NaN,502,500,3.63833582806665,0.689787209407202,0.846514621355224,NaN,NaN,0
狭窄,FMT*,20,20262923,1,251.466393435637,0.0587489,0.0107726,0.0586275,0,NaN,NaN,502,500,10.0943329807047,0.294960713956072,0.809836854139514,NaN,NaN,0
狭窄,BIT*,20,20262923,0,Inf,0.1405236,NaN,0.1404183,0,NaN,NaN,410,500,NaN,NaN,NaN,NaN,NaN,0
狭窄,RRT#,20,20262923,0,Inf,0.0220953,NaN,0.0219941,0,NaN,NaN,267,500,NaN,NaN,NaN,NaN,NaN,0
狭窄,APF-only,20,20262923,1,279.791130115633,0.0090221,0.0088843,0.0090221,NaN,NaN,NaN,NaN,64,46.4502175583217,0.0632608111899984,0.727852783959099,3,5,0
狭窄,AB-IRRT*,20,20262923,1,212.885243942151,0.0222505,0.0157927,0.0061983,0,0.0157927,0.0063268,111,500,2.34656541775505,0.316946328405102,0.956603422626436,3,5,0
狭窄,RRT*,21,20262924,1,228.481099975464,0.0187372,0.0152566,0.0186177,0,NaN,NaN,346,500,7.3676306330106,0.0726850409495299,0.891306777687936,NaN,NaN,0
狭窄,Informed-RRT*,21,20262924,1,227.044965371275,0.0147757,0.0123478,0.0146171,0,NaN,NaN,344,500,7.00229658265017,0.0505323604152976,0.896944588261242,NaN,NaN,0
狭窄,PRM*,21,20262924,1,226.296871805788,0.056345,0.0089212,0.056255,0,NaN,NaN,502,500,4.07644176730365,0.558618458923195,0.899909713098016,NaN,NaN,0
狭窄,FMT*,21,20262924,0,Inf,0.0070866,NaN,0.0070006,0,NaN,NaN,502,500,NaN,NaN,NaN,NaN,NaN,0
狭窄,BIT*,21,20262924,0,Inf,0.0115634,NaN,0.011492,0,NaN,NaN,27,500,NaN,NaN,NaN,NaN,NaN,0
狭窄,RRT#,21,20262924,1,227.671112795341,0.0149937,0.0121169,0.0148997,0,NaN,NaN,346,500,7.13339123903044,0.168396311050962,0.894477786317971,NaN,NaN,0
狭窄,APF-only,21,20262924,1,279.791130115633,0.0096008,0.0094943,0.0096008,NaN,NaN,NaN,NaN,64,46.4502175583217,0.0632608111899984,0.727852783959099,3,5,0
狭窄,AB-IRRT*,21,20262924,1,212.885243942151,0.0168292,0.0077226,0.0089173,0,0.0077226,0.0090199,256,500,2.34656541775505,0.316946328405102,0.956603422626436,3,5,0
狭窄,RRT*,22,20262925,0,Inf,0.0035203,NaN,0.0034679,0,NaN,NaN,72,500,NaN,NaN,NaN,NaN,NaN,0
狭窄,Informed-RRT*,22,20262925,0,Inf,0.003949,NaN,0.0038777,0,NaN,NaN,72,500,NaN,NaN,NaN,NaN,NaN,0
狭窄,PRM*,22,20262925,1,227.429364085934,0.0553683,0.0098159,0.0552906,0,NaN,NaN,502,500,2.17246984470189,0.413216681780699,0.895428581969645,NaN,NaN,0
狭窄,FMT*,22,20262925,1,255.353129012325,0.0117436,0.0062557,0.0116497,0,NaN,NaN,502,500,6.44644065158658,0.120849919516569,0.797510309622627,NaN,NaN,0
狭窄,BIT*,22,20262925,0,Inf,0.1896818,NaN,0.1869511,0,NaN,NaN,426,500,NaN,NaN,NaN,NaN,NaN,0
狭窄,RRT#,22,20262925,0,Inf,0.0057652,NaN,0.005696,0,NaN,NaN,72,500,NaN,NaN,NaN,NaN,NaN,0
狭窄,APF-only,22,20262925,1,279.791130115633,0.0072753,0.0071757,0.0072753,NaN,NaN,NaN,NaN,64,46.4502175583217,0.0632608111899984,0.727852783959099,3,5,0
狭窄,AB-IRRT*,22,20262925,1,212.885243942151,0.0120647,0.0081338,0.003763,0,0.0081338,0.0038479,61,500,2.34656541775505,0.316946328405102,0.956603422626436,3,5,0
狭窄,RRT*,23,20262926,1,219.014150264562,0.0164802,0.0124599,0.0163826,0,NaN,NaN,296,500,6.98127816647053,0.0240610909286048,0.92983376980769,NaN,NaN,0
狭窄,Informed-RRT*,23,20262926,1,220.665089542415,0.0113057,0.0087498,0.0111739,0,NaN,NaN,286,500,7.38900095825127,0.0492715826747201,0.922877077674679,NaN,NaN,0
狭窄,PRM*,23,20262926,1,239.224717608987,0.0594312,0.0151702,0.0593411,0,NaN,NaN,502,500,2.64751036258999,0.200175432718634,0.851278057790778,NaN,NaN,0
狭窄,FMT*,23,20262926,0,Inf,0.0061439,NaN,0.0060606,0,NaN,NaN,502,500,NaN,NaN,NaN,NaN,NaN,0
狭窄,BIT*,23,20262926,0,Inf,0.14242,NaN,0.1423252,0,NaN,NaN,409,500,NaN,NaN,NaN,NaN,NaN,0
狭窄,RRT#,23,20262926,1,219.014150264562,0.0247059,0.0156949,0.0245356,0,NaN,NaN,296,500,6.98127816647053,0.0240610909286048,0.92983376980769,NaN,NaN,0
狭窄,APF-only,23,20262926,1,279.791130115633,0.0220907,0.0213226,0.0220907,NaN,NaN,NaN,NaN,64,46.4502175583217,0.0632608111899984,0.727852783959099,3,5,0
狭窄,AB-IRRT*,23,20262926,1,212.885243942151,0.0123291,0.0075209,0.0045802,0,0.0075209,0.0047035,57,500,2.34656541775505,0.316946328405102,0.956603422626436,3,5,0
狭窄,RRT*,24,20262927,0,Inf,0.005789,NaN,0.0057334,0,NaN,NaN,119,500,NaN,NaN,NaN,NaN,NaN,0
狭窄,Informed-RRT*,24,20262927,0,Inf,0.0089061,NaN,0.0087898,0,NaN,NaN,119,500,NaN,NaN,NaN,NaN,NaN,0
狭窄,PRM*,24,20262927,1,240.851008212456,0.0751512,0.037237,0.0749728,0,NaN,NaN,502,500,2.12660859395279,1,0.845530000032585,NaN,NaN,0
狭窄,FMT*,24,20262927,0,Inf,0.0084518,NaN,0.0083398,0,NaN,NaN,502,500,NaN,NaN,NaN,NaN,NaN,0
狭窄,BIT*,24,20262927,0,Inf,0.0110592,NaN,0.0109795,0,NaN,NaN,28,500,NaN,NaN,NaN,NaN,NaN,0
狭窄,RRT#,24,20262927,0,Inf,0.0050422,NaN,0.0049798,0,NaN,NaN,119,500,NaN,NaN,NaN,NaN,NaN,0
狭窄,APF-only,24,20262927,1,279.791130115633,0.0075178,0.0074176,0.0075178,NaN,NaN,NaN,NaN,64,46.4502175583217,0.0632608111899984,0.727852783959099,3,5,0
狭窄,AB-IRRT*,24,20262927,1,212.885243942151,0.0144253,0.0087723,0.0053927,0,0.0087723,0.005533,59,500,2.34656541775505,0.316946328405102,0.956603422626436,3,5,0
狭窄,RRT*,25,20262928,0,Inf,0.0070347,NaN,0.0069432,0,NaN,NaN,44,500,NaN,NaN,NaN,NaN,NaN,0
狭窄,Informed-RRT*,25,20262928,0,Inf,0.0042194,NaN,0.0041081,0,NaN,NaN,44,500,NaN,NaN,NaN,NaN,NaN,0
狭窄,PRM*,25,20262928,1,224.857957048034,0.0643366,0.0200261,0.064211,0,NaN,NaN,502,500,3.35658582271701,0.675563850775701,0.905668430218027,NaN,NaN,0
狭窄,FMT*,25,20262928,1,230.508337598713,0.0261657,0.0150103,0.0260354,0,NaN,NaN,502,500,9.82238593360789,0.184231608919617,0.883468056310613,NaN,NaN,0
狭窄,BIT*,25,20262928,1,224.082781036331,0.1304328,0.0877118,0.1302321,0,NaN,NaN,366,500,5.35125532927747,0.146560023226037,0.908801435076387,NaN,NaN,0
狭窄,RRT#,25,20262928,0,Inf,0.0075887,NaN,0.0074206,0,NaN,NaN,44,500,NaN,NaN,NaN,NaN,NaN,0
狭窄,APF-only,25,20262928,1,279.791130115633,0.0136108,0.0134054,0.0136108,NaN,NaN,NaN,NaN,64,46.4502175583217,0.0632608111899984,0.727852783959099,3,5,0
狭窄,AB-IRRT*,25,20262928,1,212.885243942151,0.0142197,0.0087948,0.0051457,0,0.0087948,0.0053029,54,500,2.34656541775505,0.316946328405102,0.956603422626436,3,5,0
狭窄,RRT*,26,20262929,0,Inf,0.0036373,NaN,0.0035837,0,NaN,NaN,38,500,NaN,NaN,NaN,NaN,NaN,0
狭窄,Informed-RRT*,26,20262929,0,Inf,0.0032008,NaN,0.0031213,0,NaN,NaN,38,500,NaN,NaN,NaN,NaN,NaN,0
狭窄,PRM*,26,20262929,1,228.744291705635,0.0493902,0.0008978,0.0492818,0,NaN,NaN,502,500,4.42921780777726,0.43991463915738,0.890281245766752,NaN,NaN,0
狭窄,FMT*,26,20262929,1,251.17021211389,0.0214179,0.0071405,0.0212913,0,NaN,NaN,502,500,4.18429689570146,1,0.810791818296449,NaN,NaN,0
狭窄,BIT*,26,20262929,1,246.518226769817,0.0676514,0.0449643,0.0675417,0,NaN,NaN,201,500,5.0793123093333,0.313828661875657,0.826092072988494,NaN,NaN,0
狭窄,RRT#,26,20262929,0,Inf,0.0177999,NaN,0.0176541,0,NaN,NaN,38,500,NaN,NaN,NaN,NaN,NaN,0
狭窄,APF-only,26,20262929,1,279.791130115633,0.0208686,0.0206091,0.0208686,NaN,NaN,NaN,NaN,64,46.4502175583217,0.0632608111899984,0.727852783959099,3,5,0
狭窄,AB-IRRT*,26,20262929,1,212.885243942151,0.028535,0.0160419,0.0121418,0,0.0160419,0.0123295,72,500,2.34656541775505,0.316946328405102,0.956603422626436,3,5,0
狭窄,RRT*,27,20262930,0,Inf,0.0123455,NaN,0.0122303,0,NaN,NaN,204,500,NaN,NaN,NaN,NaN,NaN,0
狭窄,Informed-RRT*,27,20262930,0,Inf,0.0120369,NaN,0.0118405,0,NaN,NaN,204,500,NaN,NaN,NaN,NaN,NaN,0
狭窄,PRM*,27,20262930,1,222.599274358002,0.0743668,0.0095487,0.0742388,0,NaN,NaN,502,500,2.31029679290048,0.608782056097274,0.914858116986511,NaN,NaN,0
狭窄,FMT*,27,20262930,1,242.983347043951,0.0176999,0.0095421,0.017585,0,NaN,NaN,502,500,4.84002233715838,0.592990864680804,0.83810991765164,NaN,NaN,0
狭窄,BIT*,27,20262930,1,239.992623676382,0.1485534,0.1250879,0.1484058,0,NaN,NaN,351,500,3.64588804626476,1,0.848554217467671,NaN,NaN,0
狭窄,RRT#,27,20262930,0,Inf,0.0142653,NaN,0.0141605,0,NaN,NaN,204,500,NaN,NaN,NaN,NaN,NaN,0
狭窄,APF-only,27,20262930,1,279.791130115633,0.0096276,0.0094781,0.0096276,NaN,NaN,NaN,NaN,64,46.4502175583217,0.0632608111899984,0.727852783959099,3,5,0
狭窄,AB-IRRT*,27,20262930,1,212.885243942151,0.0131417,0.0089974,0.0039267,0,0.0089974,0.0040369,53,500,2.34656541775505,0.316946328405102,0.956603422626436,3,5,0
狭窄,RRT*,28,20262931,0,Inf,0.0043217,NaN,0.0042751,0,NaN,NaN,97,500,NaN,NaN,NaN,NaN,NaN,0
狭窄,Informed-RRT*,28,20262931,0,Inf,0.005048,NaN,0.0049594,0,NaN,NaN,97,500,NaN,NaN,NaN,NaN,NaN,0
狭窄,PRM*,28,20262931,1,229.553875446284,0.0585644,0.0065895,0.05847,0,NaN,NaN,502,500,3.20475991395719,0.995662631266922,0.887141428502607,NaN,NaN,0
狭窄,FMT*,28,20262931,1,244.952401523998,0.0237777,0.0107483,0.0231377,0,NaN,NaN,502,500,6.83948188300606,0.708435362524967,0.831372755338242,NaN,NaN,0
狭窄,BIT*,28,20262931,0,Inf,0.1583534,NaN,0.158255,0,NaN,NaN,421,500,NaN,NaN,NaN,NaN,NaN,0
狭窄,RRT#,28,20262931,0,Inf,0.0073783,NaN,0.0072721,0,NaN,NaN,97,500,NaN,NaN,NaN,NaN,NaN,0
狭窄,APF-only,28,20262931,1,279.791130115633,0.0082737,0.0081597,0.0082737,NaN,NaN,NaN,NaN,64,46.4502175583217,0.0632608111899984,0.727852783959099,3,5,0
狭窄,AB-IRRT*,28,20262931,1,212.885243942151,0.0113283,0.0075834,0.0035613,0,0.0075834,0.003651,51,500,2.34656541775505,0.316946328405102,0.956603422626436,3,5,0
狭窄,RRT*,29,20262932,1,236.11483155104,0.0145428,0.0066783,0.0143881,0,NaN,NaN,317,500,7.31753512871271,0.0294606249221943,0.862490304585989,NaN,NaN,0
狭窄,Informed-RRT*,29,20262932,1,235.323344856833,0.0135728,0.0077784,0.0134203,0,NaN,NaN,304,500,8.68597008989915,0.0497003512623237,0.865391205048617,NaN,NaN,0
狭窄,PRM*,29,20262932,1,230.138209697559,0.1210828,0.0107196,0.1209584,0,NaN,NaN,502,500,3.26293439286303,1,0.884888925004467,NaN,NaN,0
狭窄,FMT*,29,20262932,1,240.056993908016,0.0393342,0.0115306,0.0392112,0,NaN,NaN,502,500,8.01009790570494,0.0608692181514687,0.848326681370334,NaN,NaN,0
狭窄,BIT*,29,20262932,1,224.90658910812,0.1275866,0.0289304,0.1274622,0,NaN,NaN,332,500,6.68771179457833,0.0460676757779268,0.905472595486413,NaN,NaN,0
狭窄,RRT#,29,20262932,1,233.411981930183,0.0135284,0.0080699,0.0134303,0,NaN,NaN,317,500,7.30171095400761,0.014752995752815,0.872477716429481,NaN,NaN,0
狭窄,APF-only,29,20262932,1,279.791130115633,0.0101518,0.0100273,0.0101518,NaN,NaN,NaN,NaN,64,46.4502175583217,0.0632608111899984,0.727852783959099,3,5,0
狭窄,AB-IRRT*,29,20262932,1,212.885243942151,0.0095868,0.006445,0.0029966,0,0.006445,0.0030686,54,500,2.34656541775505,0.316946328405102,0.956603422626436,3,5,0
狭窄,RRT*,30,20262933,1,241.295449411175,0.0126766,0.010648,0.0125885,0,NaN,NaN,343,500,8.58128260350658,0.163149629255066,0.843972621442627,NaN,NaN,0
狭窄,Informed-RRT*,30,20262933,1,244.457691057113,0.0104057,0.0087699,0.0102867,0,NaN,NaN,336,500,9.11035670881218,0.173789818100019,0.833055209271969,NaN,NaN,0
狭窄,PRM*,30,20262933,1,240.92317442035,0.0591233,0.0027573,0.0590408,0,NaN,NaN,502,500,2.71367692180865,0.599517725996729,0.845276729694809,NaN,NaN,0
狭窄,FMT*,30,20262933,1,262.354257796852,0.0357965,0.0168906,0.0356679,0,NaN,NaN,502,500,9.70512377166489,0.261600077000209,0.776228122584596,NaN,NaN,0
狭窄,BIT*,30,20262933,1,237.37109727616,0.0932997,0.0774945,0.0931785,0,NaN,NaN,341,500,3.50147794249663,0.0688090531308347,0.857925650252192,NaN,NaN,0
狭窄,RRT#,30,20262933,1,237.954747979804,0.0166565,0.0137205,0.0165486,0,NaN,NaN,343,500,9.12544762794866,0.168579504963873,0.855821347170638,NaN,NaN,0
狭窄,APF-only,30,20262933,1,279.791130115633,0.0059546,0.0058701,0.0059546,NaN,NaN,NaN,NaN,64,46.4502175583217,0.0632608111899984,0.727852783959099,3,5,0
狭窄,AB-IRRT*,30,20262933,1,212.885243942151,0.0110457,0.0068297,0.0040604,0,0.0068297,0.0041366,66,500,2.34656541775505,0.316946328405102,0.956603422626436,3,5,0
狭窄,RRT*,31,20262934,0,Inf,0.0028415,NaN,0.002784,0,NaN,NaN,26,500,NaN,NaN,NaN,NaN,NaN,0
狭窄,Informed-RRT*,31,20262934,0,Inf,0.002483,NaN,0.0024077,0,NaN,NaN,26,500,NaN,NaN,NaN,NaN,NaN,0
狭窄,PRM*,31,20262934,1,231.497992147278,0.0509828,0.0434118,0.0509011,0,NaN,NaN,502,500,3.85341452872862,0.594681635421745,0.879691227957461,NaN,NaN,0
狭窄,FMT*,31,20262934,1,254.279611069482,0.0626046,0.0044231,0.0625011,0,NaN,NaN,502,500,4.83698875999448,0.192728223375534,0.800877239528572,NaN,NaN,0
狭窄,BIT*,31,20262934,1,245.66127566775,0.1075494,0.0302343,0.1074495,0,NaN,NaN,348,500,3.57293517870556,0.626860283461093,0.828973766533527,NaN,NaN,0
狭窄,RRT#,31,20262934,0,Inf,0.00331,NaN,0.0032449,0,NaN,NaN,26,500,NaN,NaN,NaN,NaN,NaN,0
狭窄,APF-only,31,20262934,1,279.791130115633,0.0132997,0.0131718,0.0132997,NaN,NaN,NaN,NaN,64,46.4502175583217,0.0632608111899984,0.727852783959099,3,5,0
狭窄,AB-IRRT*,31,20262934,1,212.885243942151,0.0140607,0.0094942,0.0043281,0,0.0094942,0.004452,55,500,2.34656541775505,0.316946328405102,0.956603422626436,3,5,0
狭窄,RRT*,32,20262935,0,Inf,0.0027714,NaN,0.0027273,0,NaN,NaN,38,500,NaN,NaN,NaN,NaN,NaN,0
狭窄,Informed-RRT*,32,20262935,0,Inf,0.003557,NaN,0.0034695,0,NaN,NaN,38,500,NaN,NaN,NaN,NaN,NaN,0
狭窄,PRM*,32,20262935,1,227.917360214142,0.0557556,0.0012242,0.0556731,0,NaN,NaN,502,500,2.73961633071053,1,0.893511370921405,NaN,NaN,0
狭窄,FMT*,32,20262935,1,248.293750348605,0.0201101,0.0142645,0.0199951,0,NaN,NaN,502,500,6.00462464897156,1,0.820184771851104,NaN,NaN,0
狭窄,BIT*,32,20262935,0,Inf,0.1092806,NaN,0.1091795,0,NaN,NaN,423,500,NaN,NaN,NaN,NaN,NaN,0
狭窄,RRT#,32,20262935,0,Inf,0.004863,NaN,0.0047949,0,NaN,NaN,38,500,NaN,NaN,NaN,NaN,NaN,0
狭窄,APF-only,32,20262935,1,279.791130115633,0.0092408,0.0091306,0.0092408,NaN,NaN,NaN,NaN,64,46.4502175583217,0.0632608111899984,0.727852783959099,3,5,0
狭窄,AB-IRRT*,32,20262935,1,212.885243942151,0.0131772,0.008543,0.0043786,0,0.008543,0.0045221,50,500,2.34656541775505,0.316946328405102,0.956603422626436,3,5,0
狭窄,RRT*,33,20262936,1,215.988134922341,0.0166146,0.0094286,0.0165056,0,NaN,NaN,378,500,4.56884579789008,0.0643070153792245,0.942860833790464,NaN,NaN,0
狭窄,Informed-RRT*,33,20262936,1,216.153882400995,0.0146642,0.0078118,0.0145189,0,NaN,NaN,362,500,5.14942866926579,0.169776245112333,0.942137845129856,NaN,NaN,0
狭窄,PRM*,33,20262936,1,224.625451013465,0.0653699,0.0014146,0.0652757,0,NaN,NaN,502,500,1.86720427925579,0.229331717343566,0.906605872410774,NaN,NaN,0
狭窄,FMT*,33,20262936,1,252.414171317879,0.015526,0.0063096,0.0154338,0,NaN,NaN,502,500,7.99047792826689,0.0201100200253723,0.806796036523885,NaN,NaN,0
狭窄,BIT*,33,20262936,1,233.565093138956,0.1521842,0.0476836,0.1520647,0,NaN,NaN,346,500,6.12867755247882,0.752410735282214,0.871905772582932,NaN,NaN,0
狭窄,RRT#,33,20262936,1,215.988134922341,0.018433,0.0100141,0.0182932,0,NaN,NaN,378,500,4.56884579789008,0.0643070153792245,0.942860833790464,NaN,NaN,0
狭窄,APF-only,33,20262936,1,279.791130115633,0.009617,0.0094247,0.009617,NaN,NaN,NaN,NaN,64,46.4502175583217,0.0632608111899984,0.727852783959099,3,5,0
狭窄,AB-IRRT*,33,20262936,1,212.885243942151,0.0210952,0.0111407,0.0096869,0,0.0111407,0.0098304,223,500,2.34656541775505,0.316946328405102,0.956603422626436,3,5,0
狭窄,RRT*,34,20262937,0,Inf,0.0027922,NaN,0.0027419,0,NaN,NaN,31,500,NaN,NaN,NaN,NaN,NaN,0
狭窄,Informed-RRT*,34,20262937,0,Inf,0.0029573,NaN,0.0028656,0,NaN,NaN,31,500,NaN,NaN,NaN,NaN,NaN,0
狭窄,PRM*,34,20262937,1,241.966245628653,0.0608701,0.0220045,0.0607738,0,NaN,NaN,502,500,4.2439287873372,0.521816246857714,0.841632899880853,NaN,NaN,0
狭窄,FMT*,34,20262937,0,Inf,0.0098266,NaN,0.0097207,0,NaN,NaN,502,500,NaN,NaN,NaN,NaN,NaN,0
狭窄,BIT*,34,20262937,0,Inf,0.0826892,NaN,0.0825885,0,NaN,NaN,401,500,NaN,NaN,NaN,NaN,NaN,0
狭窄,RRT#,34,20262937,0,Inf,0.004635,NaN,0.0045502,0,NaN,NaN,31,500,NaN,NaN,NaN,NaN,NaN,0
狭窄,APF-only,34,20262937,1,279.791130115633,0.008436,0.0082899,0.008436,NaN,NaN,NaN,NaN,64,46.4502175583217,0.0632608111899984,0.727852783959099,3,5,0
狭窄,AB-IRRT*,34,20262937,1,212.885243942151,0.010227,0.0067216,0.0033343,0,0.0067216,0.0034196,48,500,2.34656541775505,0.316946328405102,0.956603422626436,3,5,0
狭窄,RRT*,35,20262938,0,Inf,0.0034144,NaN,0.0033608,0,NaN,NaN,29,500,NaN,NaN,NaN,NaN,NaN,0
狭窄,Informed-RRT*,35,20262938,0,Inf,0.0035058,NaN,0.0033548,0,NaN,NaN,29,500,NaN,NaN,NaN,NaN,NaN,0
狭窄,PRM*,35,20262938,1,221.997920918603,0.0629422,0.0274595,0.0628617,0,NaN,NaN,502,500,1.96213074934433,0.694568456797325,0.917336307200797,NaN,NaN,0
狭窄,FMT*,35,20262938,1,240.206396174504,0.0486401,0.0483297,0.0485267,0,NaN,NaN,502,500,6.67325252172463,0.274645006570717,0.847799043759772,NaN,NaN,0
狭窄,BIT*,35,20262938,0,Inf,0.0889674,NaN,0.0888758,0,NaN,NaN,424,500,NaN,NaN,NaN,NaN,NaN,0
狭窄,RRT#,35,20262938,0,Inf,0.0041856,NaN,0.0041195,0,NaN,NaN,29,500,NaN,NaN,NaN,NaN,NaN,0
狭窄,APF-only,35,20262938,1,279.791130115633,0.011666,0.0115368,0.011666,NaN,NaN,NaN,NaN,64,46.4502175583217,0.0632608111899984,0.727852783959099,3,5,0
狭窄,AB-IRRT*,35,20262938,1,212.885243942151,0.0142919,0.0090728,0.0049886,0,0.0090728,0.0051045,51,500,2.34656541775505,0.316946328405102,0.956603422626436,3,5,0
狭窄,RRT*,36,20262939,0,Inf,0.0044532,NaN,0.0043849,0,NaN,NaN,32,500,NaN,NaN,NaN,NaN,NaN,0
狭窄,Informed-RRT*,36,20262939,0,Inf,0.0043088,NaN,0.0042124,0,NaN,NaN,32,500,NaN,NaN,NaN,NaN,NaN,0
狭窄,PRM*,36,20262939,1,240.972232867154,0.0556214,0.0289433,0.0555311,0,NaN,NaN,502,500,2.56176607854499,1,0.845104643629186,NaN,NaN,0
狭窄,FMT*,36,20262939,1,252.371954689202,0.0407417,0.0082845,0.0406217,0,NaN,NaN,502,500,4.43321506866037,1,0.806930996879261,NaN,NaN,0
狭窄,BIT*,36,20262939,1,246.247143822891,0.0493983,0.0285567,0.0492856,0,NaN,NaN,209,500,3.41769413619808,0.649116415036074,0.827001482413926,NaN,NaN,0
狭窄,RRT#,36,20262939,0,Inf,0.0043523,NaN,0.0042885,0,NaN,NaN,32,500,NaN,NaN,NaN,NaN,NaN,0
狭窄,APF-only,36,20262939,1,279.791130115633,0.0092344,0.0091301,0.0092344,NaN,NaN,NaN,NaN,64,46.4502175583217,0.0632608111899984,0.727852783959099,3,5,0
狭窄,AB-IRRT*,36,20262939,1,212.885243942151,0.0147473,0.0102205,0.0043125,0,0.0102205,0.00442,49,500,2.34656541775505,0.316946328405102,0.956603422626436,3,5,0
狭窄,RRT*,37,20262940,0,Inf,0.0038954,NaN,0.003835,0,NaN,NaN,33,500,NaN,NaN,NaN,NaN,NaN,0
狭窄,Informed-RRT*,37,20262940,0,Inf,0.0036223,NaN,0.0035325,0,NaN,NaN,33,500,NaN,NaN,NaN,NaN,NaN,0
狭窄,PRM*,37,20262940,1,240.269230090045,0.0577743,0.0170595,0.0576892,0,NaN,NaN,502,500,2.72057172448996,0.771862094191735,0.847577331918054,NaN,NaN,0
狭窄,FMT*,37,20262940,1,253.600703900867,0.0311045,0.0102542,0.0309826,0,NaN,NaN,502,500,9.40823768389706,0.762977607647928,0.803021245009366,NaN,NaN,0
狭窄,BIT*,37,20262940,1,246.725008856944,0.1431914,0.0280067,0.1430765,0,NaN,NaN,346,500,4.84007217196715,0.786657186866372,0.825399719003776,NaN,NaN,0
狭窄,RRT#,37,20262940,0,Inf,0.005239,NaN,0.0051691,0,NaN,NaN,33,500,NaN,NaN,NaN,NaN,NaN,0
狭窄,APF-only,37,20262940,1,279.791130115633,0.0083558,0.0082496,0.0083558,NaN,NaN,NaN,NaN,64,46.4502175583217,0.0632608111899984,0.727852783959099,3,5,0
狭窄,AB-IRRT*,37,20262940,1,212.885243942151,0.0182995,0.0089109,0.0091754,0,0.0089109,0.0092907,192,500,2.34656541775505,0.316946328405102,0.956603422626436,3,5,0
狭窄,RRT*,38,20262941,0,Inf,0.004403,NaN,0.0043485,0,NaN,NaN,73,500,NaN,NaN,NaN,NaN,NaN,0
狭窄,Informed-RRT*,38,20262941,0,Inf,0.0048766,NaN,0.0047819,0,NaN,NaN,73,500,NaN,NaN,NaN,NaN,NaN,0
狭窄,PRM*,38,20262941,1,236.923192593101,0.0625122,0.0120996,0.0624203,0,NaN,NaN,502,500,2.55929665471003,0.0684538674490849,0.85954756371815,NaN,NaN,0
狭窄,FMT*,38,20262941,1,246.570154797255,0.0312614,0.015511,0.0311307,0,NaN,NaN,502,500,6.87423339704356,0.125659990462486,0.825918096815798,NaN,NaN,0
狭窄,BIT*,38,20262941,0,Inf,0.1145734,NaN,0.1144636,0,NaN,NaN,411,500,NaN,NaN,NaN,NaN,NaN,0
狭窄,RRT#,38,20262941,0,Inf,0.0056235,NaN,0.0055466,0,NaN,NaN,73,500,NaN,NaN,NaN,NaN,NaN,0
狭窄,APF-only,38,20262941,1,279.791130115633,0.008431,0.0083388,0.008431,NaN,NaN,NaN,NaN,64,46.4502175583217,0.0632608111899984,0.727852783959099,3,5,0
狭窄,AB-IRRT*,38,20262941,1,212.885243942151,0.0240653,0.0093578,0.0144848,0,0.0093578,0.014601,241,500,2.34656541775505,0.316946328405102,0.956603422626436,3,5,0
狭窄,RRT*,39,20262942,0,Inf,0.0044113,NaN,0.0043504,0,NaN,NaN,41,500,NaN,NaN,NaN,NaN,NaN,0
狭窄,Informed-RRT*,39,20262942,0,Inf,0.0036784,NaN,0.0035921,0,NaN,NaN,41,500,NaN,NaN,NaN,NaN,NaN,0
狭窄,PRM*,39,20262942,1,228.116559657811,0.0655892,0.0004696,0.0655076,0,NaN,NaN,502,500,5.09087658556477,0.102018642619583,0.892731125207254,NaN,NaN,0
狭窄,FMT*,39,20262942,1,246.972308655833,0.0754587,0.0177461,0.0753514,0,NaN,NaN,502,500,8.52969149759773,1,0.824573224788196,NaN,NaN,0
狭窄,BIT*,39,20262942,0,Inf,0.164164,NaN,0.1640408,0,NaN,NaN,410,500,NaN,NaN,NaN,NaN,NaN,0
狭窄,RRT#,39,20262942,0,Inf,0.0069051,NaN,0.0068134,0,NaN,NaN,41,500,NaN,NaN,NaN,NaN,NaN,0
狭窄,APF-only,39,20262942,1,279.791130115633,0.0089133,0.0087822,0.0089133,NaN,NaN,NaN,NaN,64,46.4502175583217,0.0632608111899984,0.727852783959099,3,5,0
狭窄,AB-IRRT*,39,20262942,1,212.885243942151,0.0177492,0.0109512,0.0064876,0,0.0109512,0.0066484,54,500,2.34656541775505,0.316946328405102,0.956603422626436,3,5,0
狭窄,RRT*,40,20262943,0,Inf,0.0046374,NaN,0.0045687,0,NaN,NaN,63,500,NaN,NaN,NaN,NaN,NaN,0
狭窄,Informed-RRT*,40,20262943,0,Inf,0.0039047,NaN,0.0038229,0,NaN,NaN,63,500,NaN,NaN,NaN,NaN,NaN,0
狭窄,PRM*,40,20262943,1,224.377917471132,0.063298,0.0085102,0.0632037,0,NaN,NaN,502,500,2.59905251397642,0.0562103798159743,0.907606039297188,NaN,NaN,0
狭窄,FMT*,40,20262943,1,254.346718514389,0.0218602,0.0124741,0.0217337,0,NaN,NaN,502,500,7.90668801075188,0.413349918920838,0.800665934167358,NaN,NaN,0
狭窄,BIT*,40,20262943,1,251.639055513007,0.0878487,0.0696387,0.0876519,0,NaN,NaN,348,500,7.32914975271648,0.320233232499784,0.809281184776976,NaN,NaN,0
狭窄,RRT#,40,20262943,0,Inf,0.0060182,NaN,0.0059411,0,NaN,NaN,63,500,NaN,NaN,NaN,NaN,NaN,0
狭窄,APF-only,40,20262943,1,279.791130115633,0.0081703,0.0080593,0.0081703,NaN,NaN,NaN,NaN,64,46.4502175583217,0.0632608111899984,0.727852783959099,3,5,0
狭窄,AB-IRRT*,40,20262943,1,212.885243942151,0.0141241,0.0069357,0.0069691,0,0.0069357,0.0070925,114,500,2.34656541775505,0.316946328405102,0.956603422626436,3,5,0
狭窄,RRT*,41,20262944,0,Inf,0.0035466,NaN,0.0034864,0,NaN,NaN,26,500,NaN,NaN,NaN,NaN,NaN,0
狭窄,Informed-RRT*,41,20262944,0,Inf,0.0039516,NaN,0.0038414,0,NaN,NaN,26,500,NaN,NaN,NaN,NaN,NaN,0
狭窄,PRM*,41,20262944,1,230.404028639875,0.0671359,0.0101859,0.0670355,0,NaN,NaN,502,500,5.27236436883792,0.291066415870702,0.883868021683027,NaN,NaN,0
狭窄,FMT*,41,20262944,1,246.025299892831,0.0875902,0.0174197,0.087465,0,NaN,NaN,502,500,7.64396274808111,0.215535877591947,0.827747199456457,NaN,NaN,0
狭窄,BIT*,41,20262944,0,Inf,0.1937499,NaN,0.193647,0,NaN,NaN,407,500,NaN,NaN,NaN,NaN,NaN,0
狭窄,RRT#,41,20262944,0,Inf,0.0038064,NaN,0.0037356,0,NaN,NaN,26,500,NaN,NaN,NaN,NaN,NaN,0
狭窄,APF-only,41,20262944,1,279.791130115633,0.0185357,0.0183992,0.0185357,NaN,NaN,NaN,NaN,64,46.4502175583217,0.0632608111899984,0.727852783959099,3,5,0
狭窄,AB-IRRT*,41,20262944,1,212.885243942151,0.0129322,0.008171,0.004559,0,0.008171,0.0046616,53,500,2.34656541775505,0.316946328405102,0.956603422626436,3,5,0
狭窄,RRT*,42,20262945,1,215.079714281168,0.013508,0.0092465,0.0134169,0,NaN,NaN,336,500,5.05450806916605,0.377859759752933,0.946843144470165,NaN,NaN,0
狭窄,Informed-RRT*,42,20262945,1,217.639974154279,0.013134,0.0084093,0.0129722,0,NaN,NaN,321,500,5.76250095202412,0.37929313550395,0.935704728752475,NaN,NaN,0
狭窄,PRM*,42,20262945,1,238.061766108149,0.0652355,0.0115614,0.0651264,0,NaN,NaN,502,500,1.84786314434743,0.979666290469817,0.855436621810204,NaN,NaN,0
狭窄,FMT*,42,20262945,1,271.56476115007,0.0782871,0.0133187,0.078184,0,NaN,NaN,502,500,5.97493638369582,1,0.749901246830726,NaN,NaN,0
狭窄,BIT*,42,20262945,0,Inf,0.1664419,NaN,0.1663521,0,NaN,NaN,418,500,NaN,NaN,NaN,NaN,NaN,0
狭窄,RRT#,42,20262945,1,215.079714281168,0.0136109,0.0094321,0.01352,0,NaN,NaN,336,500,5.05450806916605,0.377859759752933,0.946843144470165,NaN,NaN,0
狭窄,APF-only,42,20262945,1,279.791130115633,0.0078256,0.007724,0.0078256,NaN,NaN,NaN,NaN,64,46.4502175583217,0.0632608111899984,0.727852783959099,3,5,0
狭窄,AB-IRRT*,42,20262945,1,212.885243942151,0.0138941,0.0067274,0.0069852,0,0.0067274,0.0070803,219,500,2.34656541775505,0.316946328405102,0.956603422626436,3,5,0
狭窄,RRT*,43,20262946,0,Inf,0.003319,NaN,0.003267,0,NaN,NaN,30,500,NaN,NaN,NaN,NaN,NaN,0
狭窄,Informed-RRT*,43,20262946,0,Inf,0.0036464,NaN,0.0035618,0,NaN,NaN,30,500,NaN,NaN,NaN,NaN,NaN,0
狭窄,PRM*,43,20262946,1,240.119422670037,0.0506929,0.0125685,0.0506134,0,NaN,NaN,502,500,3.59011986097949,0.116546627438745,0.848106124516089,NaN,NaN,0
狭窄,FMT*,43,20262946,1,254.214463029587,0.0309805,0.0093562,0.0308759,0,NaN,NaN,502,500,6.76679735422026,0.158226053778414,0.801082481912227,NaN,NaN,0
狭窄,BIT*,43,20262946,1,246.560773473663,0.0833763,0.0382395,0.0832491,0,NaN,NaN,248,500,5.76434243605321,0.132952834658696,0.8259495219481,NaN,NaN,0
狭窄,RRT#,43,20262946,0,Inf,0.0048834,NaN,0.0048074,0,NaN,NaN,30,500,NaN,NaN,NaN,NaN,NaN,0
狭窄,APF-only,43,20262946,1,279.791130115633,0.0093182,0.0091793,0.0093182,NaN,NaN,NaN,NaN,64,46.4502175583217,0.0632608111899984,0.727852783959099,3,5,0
狭窄,AB-IRRT*,43,20262946,1,212.885243942151,0.0120741,0.0068997,0.0049702,0,0.0068997,0.0050783,55,500,2.34656541775505,0.316946328405102,0.956603422626436,3,5,0
狭窄,RRT*,44,20262947,0,Inf,0.0096421,NaN,0.0095752,0,NaN,NaN,183,500,NaN,NaN,NaN,NaN,NaN,0
狭窄,Informed-RRT*,44,20262947,0,Inf,0.0074503,NaN,0.0073586,0,NaN,NaN,183,500,NaN,NaN,NaN,NaN,NaN,0
狭窄,PRM*,44,20262947,0,Inf,0.0513298,NaN,0.0512519,0,NaN,NaN,502,500,NaN,NaN,NaN,NaN,NaN,0
狭窄,FMT*,44,20262947,1,244.362410768338,0.0221555,0.0177868,0.0220353,0,NaN,NaN,502,500,3.54429704878908,0.680258400187238,0.833380029037232,NaN,NaN,0
狭窄,BIT*,44,20262947,1,244.110444087849,0.1175165,0.0674183,0.1173938,0,NaN,NaN,394,500,2.9302153475977,0.679433090477367,0.834240229838091,NaN,NaN,0
狭窄,RRT#,44,20262947,0,Inf,0.0103189,NaN,0.0102263,0,NaN,NaN,183,500,NaN,NaN,NaN,NaN,NaN,0
狭窄,APF-only,44,20262947,1,279.791130115633,0.0081305,0.0080124,0.0081305,NaN,NaN,NaN,NaN,64,46.4502175583217,0.0632608111899984,0.727852783959099,3,5,0
狭窄,AB-IRRT*,44,20262947,1,212.885243942151,0.0100278,0.0063841,0.0034924,0,0.0063841,0.0035673,62,500,2.34656541775505,0.316946328405102,0.956603422626436,3,5,0
狭窄,RRT*,45,20262948,1,220.264561785326,0.0115603,0.0054708,0.0114143,0,NaN,NaN,286,500,7.61028341742296,0.0604458610053946,0.924555231813477,NaN,NaN,0
狭窄,Informed-RRT*,45,20262948,1,217.985394972154,0.0135674,0.0089068,0.0134276,0,NaN,NaN,270,500,5.36547597256174,0.0227416315675271,0.93422200605568,NaN,NaN,0
狭窄,PRM*,45,20262948,1,223.139585229669,0.0572588,0.0010005,0.0571754,0,NaN,NaN,502,500,3.49471920035564,0.243421404203036,0.912642876754118,NaN,NaN,0
狭窄,FMT*,45,20262948,1,244.133520672665,0.0345027,0.0199132,0.0343724,0,NaN,NaN,502,500,10.6344615171841,0.177346267366425,0.83416137374587,NaN,NaN,0
狭窄,BIT*,45,20262948,0,Inf,0.1205301,NaN,0.1204244,0,NaN,NaN,421,500,NaN,NaN,NaN,NaN,NaN,0
狭窄,RRT#,45,20262948,1,220.167401187509,0.0160256,0.0087894,0.0159005,0,NaN,NaN,286,500,6.38442173849633,0.0636408197156442,0.924963241076213,NaN,NaN,0
狭窄,APF-only,45,20262948,1,279.791130115633,0.006962,0.0068119,0.006962,NaN,NaN,NaN,NaN,64,46.4502175583217,0.0632608111899984,0.727852783959099,3,5,0
狭窄,AB-IRRT*,45,20262948,1,212.885243942151,0.0176316,0.0086895,0.0087303,0,0.0086895,0.0088346,194,500,2.34656541775505,0.316946328405102,0.956603422626436,3,5,0
狭窄,RRT*,46,20262949,0,Inf,0.0059392,NaN,0.0058801,0,NaN,NaN,112,500,NaN,NaN,NaN,NaN,NaN,0
狭窄,Informed-RRT*,46,20262949,0,Inf,0.005433,NaN,0.0053479,0,NaN,NaN,112,500,NaN,NaN,NaN,NaN,NaN,0
狭窄,PRM*,46,20262949,1,227.358419170749,0.0522705,0.0151641,0.0521959,0,NaN,NaN,502,500,3.28313810830731,0.101683003582981,0.895707991480995,NaN,NaN,0
狭窄,FMT*,46,20262949,1,250.748226321733,0.029711,0.0251375,0.0295614,0,NaN,NaN,502,500,4.59198764344269,0.00060505259318866,0.812156305027769,NaN,NaN,0
狭窄,BIT*,46,20262949,1,248.970849954032,0.0733399,0.0659065,0.0732085,0,NaN,NaN,351,500,3.42780231887833,0.000992434302537148,0.817954202346684,NaN,NaN,0
狭窄,RRT#,46,20262949,0,Inf,0.0082023,NaN,0.0081249,0,NaN,NaN,112,500,NaN,NaN,NaN,NaN,NaN,0
狭窄,APF-only,46,20262949,1,279.791130115633,0.0076313,0.0075329,0.0076313,NaN,NaN,NaN,NaN,64,46.4502175583217,0.0632608111899984,0.727852783959099,3,5,0
狭窄,AB-IRRT*,46,20262949,1,212.885243942151,0.0138237,0.0079531,0.0056361,0,0.0079531,0.0057582,52,500,2.34656541775505,0.316946328405102,0.956603422626436,3,5,0
狭窄,RRT*,47,20262950,1,220.291029283395,0.0145902,0.0113579,0.0145018,0,NaN,NaN,363,500,6.39720300853794,0.235730612113613,0.924444148471171,NaN,NaN,0
狭窄,Informed-RRT*,47,20262950,1,219.894335145412,0.0118817,0.0093063,0.0117807,0,NaN,NaN,353,500,5.88879605987802,0.227752535474374,0.926111865715223,NaN,NaN,0
狭窄,PRM*,47,20262950,1,240.324073536014,0.0516383,0.0014013,0.0515441,0,NaN,NaN,502,500,1.63154489520846,0.544756489048313,0.847383909507542,NaN,NaN,0
狭窄,FMT*,47,20262950,1,244.646935841999,0.0139926,0.009239,0.0139003,0,NaN,NaN,502,500,4.6181759045625,0.188649047782696,0.832410805722281,NaN,NaN,0
狭窄,BIT*,47,20262950,1,241.792671594257,0.0664793,0.0560579,0.0663606,0,NaN,NaN,346,500,4.00335536178105,0.138595458333143,0.842237077075095,NaN,NaN,0
狭窄,RRT#,47,20262950,1,219.078589166884,0.0155827,0.0116344,0.0154707,0,NaN,NaN,363,500,5.20445213588594,0.231755566729191,0.929560272211707,NaN,NaN,0
狭窄,APF-only,47,20262950,1,279.791130115633,0.0073743,0.0072812,0.0073743,NaN,NaN,NaN,NaN,64,46.4502175583217,0.0632608111899984,0.727852783959099,3,5,0
狭窄,AB-IRRT*,47,20262950,1,212.885243942151,0.014993,0.0100502,0.0047274,0,0.0100502,0.0048485,49,500,2.34656541775505,0.316946328405102,0.956603422626436,3,5,0
狭窄,RRT*,48,20262951,0,Inf,0.0029428,NaN,0.0028983,0,NaN,NaN,31,500,NaN,NaN,NaN,NaN,NaN,0
狭窄,Informed-RRT*,48,20262951,0,Inf,0.0033183,NaN,0.0032312,0,NaN,NaN,31,500,NaN,NaN,NaN,NaN,NaN,0
狭窄,PRM*,48,20262951,1,222.885078785075,0.0555815,0.0013818,0.0554937,0,NaN,NaN,502,500,1.5094332528796,0.349380615650075,0.913684998976982,NaN,NaN,0
狭窄,FMT*,48,20262951,0,Inf,0.0073456,NaN,0.0072683,0,NaN,NaN,502,500,NaN,NaN,NaN,NaN,NaN,0
狭窄,BIT*,48,20262951,0,Inf,0.1435413,NaN,0.1434478,0,NaN,NaN,416,500,NaN,NaN,NaN,NaN,NaN,0
狭窄,RRT#,48,20262951,0,Inf,0.0033679,NaN,0.0033068,0,NaN,NaN,31,500,NaN,NaN,NaN,NaN,NaN,0
狭窄,APF-only,48,20262951,1,279.791130115633,0.0078087,0.0077148,0.0078087,NaN,NaN,NaN,NaN,64,46.4502175583217,0.0632608111899984,0.727852783959099,3,5,0
狭窄,AB-IRRT*,48,20262951,1,212.885243942151,0.0196345,0.0092233,0.0102024,0,0.0092233,0.0103136,250,500,2.34656541775505,0.316946328405102,0.956603422626436,3,5,0
狭窄,RRT*,49,20262952,0,Inf,0.0034332,NaN,0.0033799,0,NaN,NaN,35,500,NaN,NaN,NaN,NaN,NaN,0
狭窄,Informed-RRT*,49,20262952,0,Inf,0.003033,NaN,0.0029515,0,NaN,NaN,35,500,NaN,NaN,NaN,NaN,NaN,0
狭窄,PRM*,49,20262952,1,227.882198684304,0.0661043,0.0052124,0.0660114,0,NaN,NaN,502,500,3.68616326205701,0.208104062059152,0.893649237007089,NaN,NaN,0
狭窄,FMT*,49,20262952,1,247.939236544621,0.0193659,0.0050469,0.0192151,0,NaN,NaN,502,500,6.17679145013959,1,0.82135750605603,NaN,NaN,0
狭窄,BIT*,49,20262952,1,243.586391444798,0.0763458,0.0345925,0.0762163,0,NaN,NaN,241,500,3.47372043199564,0.586505121195565,0.83603501728411,NaN,NaN,0
狭窄,RRT#,49,20262952,0,Inf,0.0041787,NaN,0.0041021,0,NaN,NaN,35,500,NaN,NaN,NaN,NaN,NaN,0
狭窄,APF-only,49,20262952,1,279.791130115633,0.0088357,0.0087338,0.0088357,NaN,NaN,NaN,NaN,64,46.4502175583217,0.0632608111899984,0.727852783959099,3,5,0
狭窄,AB-IRRT*,49,20262952,1,212.885243942151,0.0123839,0.0079935,0.0041878,0,0.0079935,0.0042938,52,500,2.34656541775505,0.316946328405102,0.956603422626436,3,5,0
狭窄,RRT*,50,20262953,0,Inf,0.0147123,NaN,0.014648,0,NaN,NaN,298,500,NaN,NaN,NaN,NaN,NaN,0
狭窄,Informed-RRT*,50,20262953,0,Inf,0.0114676,NaN,0.0113747,0,NaN,NaN,298,500,NaN,NaN,NaN,NaN,NaN,0
狭窄,PRM*,50,20262953,1,229.193595337929,0.0660727,0.0094095,0.0659824,0,NaN,NaN,502,500,4.33853064151147,0.22443338326096,0.888535967514552,NaN,NaN,0
狭窄,FMT*,50,20262953,0,Inf,0.0082133,NaN,0.008139,0,NaN,NaN,502,500,NaN,NaN,NaN,NaN,NaN,0
狭窄,BIT*,50,20262953,0,Inf,0.0119893,NaN,0.0119227,0,NaN,NaN,34,500,NaN,NaN,NaN,NaN,NaN,0
狭窄,RRT#,50,20262953,0,Inf,0.0121872,NaN,0.0121193,0,NaN,NaN,298,500,NaN,NaN,NaN,NaN,NaN,0
狭窄,APF-only,50,20262953,1,279.791130115633,0.0081999,0.0081056,0.0081999,NaN,NaN,NaN,NaN,64,46.4502175583217,0.0632608111899984,0.727852783959099,3,5,0
狭窄,AB-IRRT*,50,20262953,1,212.885243942151,0.0139565,0.0099548,0.0038025,0,0.0099548,0.0039086,54,500,2.34656541775505,0.316946328405102,0.956603422626436,3,5,0
广阔,RRT*,1,20263904,1,215.389851428183,0.0172712,0.0088565,0.0169685,0,NaN,NaN,436,500,2.94425382652433,0.0722626577367169,0.945479796895758,NaN,NaN,0
广阔,Informed-RRT*,1,20263904,1,213.862941929899,0.0200019,0.007076,0.0198255,0,NaN,NaN,405,500,3.99018625975732,0.10052307388745,0.952230204747104,NaN,NaN,0
广阔,PRM*,1,20263904,1,220.943339987449,0.0684486,0.0002275,0.0683346,0,NaN,NaN,502,500,3.14021115206935,0.0644917243448617,0.921714829663088,NaN,NaN,0
广阔,FMT*,1,20263904,1,219.991599492634,0.0229651,0.0115828,0.022861,0,NaN,NaN,502,500,2.06915736074797,0.314609557283495,0.92570240614367,NaN,NaN,0
广阔,BIT*,1,20263904,1,210.056607428828,0.5605502,0.0596512,0.5604105,0,NaN,NaN,403,500,1.19869069099867,0.336847680919886,0.969485109154329,NaN,NaN,0
广阔,RRT#,1,20263904,1,215.389851428183,0.0157657,0.0067879,0.0156563,0,NaN,NaN,436,500,2.94425382652433,0.0722626577367169,0.945479796895758,NaN,NaN,0
广阔,APF-only,1,20263904,1,301.840641895898,0.0021849,0.0020937,0.0021849,NaN,NaN,NaN,NaN,72,53.671042473467,0.127432159127466,0.6746830105535,1,8,0
广阔,AB-IRRT*,1,20263904,1,221.226373504114,0.0125472,0.0024429,0.0099227,0,0.0024429,0.0100182,282,500,1.3222034995512,0.157996066854144,0.920535602315692,1,8,0
广阔,RRT*,2,20263905,1,260.825984947497,0.0150605,0.0051691,0.0149704,0,NaN,NaN,400,500,8.33597792398779,0.823533687767101,0.780776321127354,NaN,NaN,0
广阔,Informed-RRT*,2,20263905,1,255.216911946695,0.012048,0.0062986,0.0119345,0,NaN,NaN,385,500,9.18227008079621,0.822670089328711,0.797935965247711,NaN,NaN,0
广阔,PRM*,2,20263905,1,211.577897376043,0.0577556,0.0002201,0.057663,0,NaN,NaN,502,500,0.887390449958953,0.564468271316517,0.962514305640248,NaN,NaN,0
广阔,FMT*,2,20263905,1,231.730161969243,0.0305011,0.0070099,0.0303959,0,NaN,NaN,502,500,3.00132402276338,1.41754816374435,0.878809867697563,NaN,NaN,0
广阔,BIT*,2,20263905,1,209.52003587882,0.4696553,0.0319703,0.4695301,0,NaN,NaN,417,500,0.933992926993955,0.109595979380922,0.971967917662581,NaN,NaN,0
广阔,RRT#,2,20263905,1,260.825984947497,0.015763,0.0087622,0.0156442,0,NaN,NaN,400,500,8.33597792398779,0.823533687767101,0.780776321127354,NaN,NaN,0
广阔,APF-only,2,20263905,1,301.840641895898,0.0020623,0.0019691,0.0020623,NaN,NaN,NaN,NaN,72,53.671042473467,0.127432159127466,0.6746830105535,1,8,0
广阔,AB-IRRT*,2,20263905,1,216.436183973008,0.0184882,0.0022443,0.0160142,0,0.0022443,0.0161473,325,500,5.14765501730564,0.187191607281249,0.940908997947971,1,8,0
广阔,RRT*,3,20263906,1,233.077371644296,0.0134951,0.0072664,0.0134078,0,NaN,NaN,432,500,6.34176177396634,1.59430774519677,0.873730261951449,NaN,NaN,0
广阔,Informed-RRT*,3,20263906,1,230.359604629326,0.0142696,0.008122,0.014137,0,NaN,NaN,418,500,7.39984421818569,1.44772747612822,0.884038472411063,NaN,NaN,0
广阔,PRM*,3,20263906,1,211.688104356414,0.0633491,0.0003524,0.0632616,0,NaN,NaN,502,500,0.806170489631757,0.520534619091036,0.962013210902256,NaN,NaN,0
广阔,FMT*,3,20263906,1,215.662505460102,0.0189849,0.0032912,0.0188702,0,NaN,NaN,502,500,2.80523102351267,0.132666203137385,0.944284462184366,NaN,NaN,0
广阔,BIT*,3,20263906,1,209.441415831562,0.2540676,0.0245256,0.2539491,0,NaN,NaN,431,500,0.779292734975176,0.274080048259101,0.972332774648082,NaN,NaN,0
广阔,RRT#,3,20263906,1,232.54064052388,0.0166011,0.0075969,0.016471,0,NaN,NaN,432,500,6.01533862800082,1.594363046993,0.875746934053934,NaN,NaN,0
广阔,APF-only,3,20263906,1,301.840641895898,0.0017449,0.0016606,0.0017449,NaN,NaN,NaN,NaN,72,53.671042473467,0.127432159127466,0.6746830105535,1,8,0
广阔,AB-IRRT*,3,20263906,1,218.761846731598,0.0108122,0.001661,0.008996,0,0.001661,0.0090885,329,500,5.6216139218238,0.340223894402286,0.930906170451116,1,8,0
广阔,RRT*,4,20263907,1,217.177752882886,0.0159046,0.0062912,0.015821,0,NaN,NaN,432,500,4.96450654189383,0.209374068446316,0.937696197140152,NaN,NaN,0
广阔,Informed-RRT*,4,20263907,1,212.596959529934,0.015529,0.005465,0.0153926,0,NaN,NaN,389,500,3.85573085202642,0.186760608258764,0.957900590074298,NaN,NaN,0
广阔,PRM*,4,20263907,1,234.333573548588,0.0679373,0.0002616,0.0678522,0,NaN,NaN,502,500,3.84468835434534,0.457367165279073,0.869046419161531,NaN,NaN,0
广阔,FMT*,4,20263907,1,222.350137225164,0.0123405,0.0034675,0.0122592,0,NaN,NaN,502,500,2.52979963220529,0.420645562193977,0.915883190013514,NaN,NaN,0
广阔,BIT*,4,20263907,1,209.88533201042,0.5696642,0.0167211,0.5695608,0,NaN,NaN,422,500,0.960475899040013,0.0715727481399585,0.970276250517667,NaN,NaN,0
广阔,RRT#,4,20263907,1,217.177752882886,0.0157239,0.005413,0.015588,0,NaN,NaN,432,500,4.96450654189383,0.209374068446316,0.937696197140152,NaN,NaN,0
广阔,APF-only,4,20263907,1,301.840641895898,0.0019214,0.0018221,0.0019214,NaN,NaN,NaN,NaN,72,53.671042473467,0.127432159127466,0.6746830105535,1,8,0
广阔,AB-IRRT*,4,20263907,1,221.226373504114,0.0146457,0.0035216,0.0108889,0,0.0035216,0.0110131,285,500,1.3222034995512,0.157996066854144,0.920535602315692,1,8,0
广阔,RRT*,5,20263908,1,223.26976557816,0.0130407,0.0059001,0.0129704,0,NaN,NaN,435,500,5.43333523090937,0.239460654349768,0.912110748423009,NaN,NaN,0
广阔,Informed-RRT*,5,20263908,1,219.318002855779,0.0124415,0.0046313,0.0123358,0,NaN,NaN,406,500,4.69576442287829,0.230902247188117,0.92854553812275,NaN,NaN,0
广阔,PRM*,5,20263908,1,226.854437520107,0.058022,0.0005205,0.057944,0,NaN,NaN,502,500,2.58867292358807,0.159013474370433,0.897697903589281,NaN,NaN,0
广阔,FMT*,5,20263908,1,216.755112516557,0.0078408,0.0043068,0.0077597,0,NaN,NaN,502,500,1.03923718779846,0.230859861026914,0.939524565844646,NaN,NaN,0
广阔,BIT*,5,20263908,1,209.075161902327,0.5795722,0.0160527,0.5794552,0,NaN,NaN,408,500,0.794557541324812,0.621576961376498,0.974036088882058,NaN,NaN,0
广阔,RRT#,5,20263908,1,223.26976557816,0.0166178,0.0046379,0.0165002,0,NaN,NaN,435,500,5.43333523090937,0.239460654349768,0.912110748423009,NaN,NaN,0
广阔,APF-only,5,20263908,1,301.840641895898,0.0020233,0.0019235,0.0020233,NaN,NaN,NaN,NaN,72,53.671042473467,0.127432159127466,0.6746830105535,1,8,0
广阔,AB-IRRT*,5,20263908,1,216.950648577677,0.0126631,0.0021741,0.0102902,0,0.0021741,0.0104068,271,500,6.57994485781947,0.186064190585618,0.938677779102428,1,8,0
广阔,RRT*,6,20263909,1,218.842375162837,0.0111789,0.0040928,0.0111152,0,NaN,NaN,436,500,5.75465128950561,0.286277724710629,0.930563620643375,NaN,NaN,0
广阔,Informed-RRT*,6,20263909,1,215.040053848663,0.0182772,0.002983,0.0181466,0,NaN,NaN,402,500,4.3253434046127,1.33958000586588,0.947017773372791,NaN,NaN,0
广阔,PRM*,6,20263909,1,214.77572919757,0.0639569,0.0008685,0.0638545,0,NaN,NaN,502,500,1.80771348233296,1.65164761137162,0.948183268857129,NaN,NaN,0
广阔,FMT*,6,20263909,1,234.050612336292,0.0140978,0.0036624,0.0139863,0,NaN,NaN,502,500,2.37777603273702,0.0745544571164984,0.870097074085492,NaN,NaN,0
广阔,BIT*,6,20263909,1,209.943690498871,0.2878168,0.0195568,0.2877109,0,NaN,NaN,441,500,1.00456167071883,0.356612432550502,0.970006540791091,NaN,NaN,0
广阔,RRT#,6,20263909,1,218.467591092579,0.0136416,0.0042,0.0135534,0,NaN,NaN,436,500,4.932081063563,0.687696753599523,0.93216001496271,NaN,NaN,0
广阔,APF-only,6,20263909,1,301.840641895898,0.0018298,0.0017481,0.0018298,NaN,NaN,NaN,NaN,72,53.671042473467,0.127432159127466,0.6746830105535,1,8,0
广阔,AB-IRRT*,6,20263909,1,210.188490924438,0.0134297,0.0031077,0.0101533,0,0.0031077,0.0102454,334,500,3.19835908435184,0.106511005848797,0.968876802369432,1,8,0
广阔,RRT*,7,20263910,1,229.811556458619,0.0102996,0.0043359,0.010229,0,NaN,NaN,355,500,6.80927412655246,0.386108481757702,0.886146702628488,NaN,NaN,0
广阔,Informed-RRT*,7,20263910,1,226.478849419564,0.011527,0.0052094,0.0114285,0,NaN,NaN,355,500,7.06798460711562,0.583699656700624,0.899186628259753,NaN,NaN,0
广阔,PRM*,7,20263910,1,214.591165413749,0.0571382,0.0002857,0.0570597,0,NaN,NaN,502,500,1.79538489495292,0.087707017571125,0.94899877443267,NaN,NaN,0
广阔,FMT*,7,20263910,1,221.878214812712,0.0258338,0.009058,0.0257074,0,NaN,NaN,502,500,5.59196899316827,1.49166889462154,0.917831221752096,NaN,NaN,0
广阔,BIT*,7,20263910,1,210.11088223667,0.2621772,0.018986,0.2620674,0,NaN,NaN,443,500,1.07501608496324,0.319825343445417,0.969234676537778,NaN,NaN,0
广阔,RRT#,7,20263910,1,229.811556458619,0.0133748,0.0050366,0.0132681,0,NaN,NaN,355,500,6.80927412655246,0.386108481757702,0.886146702628488,NaN,NaN,0
广阔,APF-only,7,20263910,1,301.840641895898,0.0016,0.0015181,0.0016,NaN,NaN,NaN,NaN,72,53.671042473467,0.127432159127466,0.6746830105535,1,8,0
广阔,AB-IRRT*,7,20263910,1,213.316323773929,0.0108497,0.0021676,0.008509,0,0.0021676,0.0086071,281,500,4.89169119452205,0.07299311323834,0.95467027266769,1,8,0
广阔,RRT*,8,20263911,1,214.448694583963,0.0153512,0.0066824,0.015271,0,NaN,NaN,410,500,4.06143745429506,0.125223754778517,0.949629249908967,NaN,NaN,0
广阔,Informed-RRT*,8,20263911,1,213.069340506602,0.0139604,0.0041579,0.013859,0,NaN,NaN,368,500,3.70233460106366,0.111235972454608,0.955776896373393,NaN,NaN,0
广阔,PRM*,8,20263911,1,215.669098699073,0.0630159,0.0005418,0.0629305,0,NaN,NaN,502,500,3.03503351725373,0.172246804359176,0.944255594381082,NaN,NaN,0
广阔,FMT*,8,20263911,1,216.753426452667,0.0121487,0.0036488,0.0120426,0,NaN,NaN,502,500,1.44547874421077,0.45743860408038,0.939531874141774,NaN,NaN,0
广阔,BIT*,8,20263911,1,211.24081231516,0.3067822,0.0150948,0.3066587,0,NaN,NaN,429,500,0.713935063038273,0.321608419459787,0.964050226610071,NaN,NaN,0
广阔,RRT#,8,20263911,1,214.448694583963,0.0173077,0.0078177,0.0171675,0,NaN,NaN,410,500,4.06143745429506,0.125223754778517,0.949629249908967,NaN,NaN,0
广阔,APF-only,8,20263911,1,301.840641895898,0.0016269,0.0015382,0.0016269,NaN,NaN,NaN,NaN,72,53.671042473467,0.127432159127466,0.6746830105535,1,8,0
广阔,AB-IRRT*,8,20263911,1,221.226373504114,0.0187941,0.0052284,0.0132502,0,0.0052284,0.0134106,266,500,1.3222034995512,0.157996066854144,0.920535602315692,1,8,0
广阔,RRT*,9,20263912,1,274.121653512726,0.0163358,0.010834,0.0161991,0,NaN,NaN,454,500,7.50871987288736,7.02234774208489,0.742906481017091,NaN,NaN,0
广阔,Informed-RRT*,9,20263912,1,269.031275059397,0.0161994,0.0106219,0.0160537,0,NaN,NaN,451,500,7.72811550473838,4.26094686581403,0.756963118643974,NaN,NaN,0
广阔,PRM*,9,20263912,1,215.479877736523,0.0604876,0.0002109,0.0603949,0,NaN,NaN,502,500,2.28701604855461,0.20111585971876,0.945084780634293,NaN,NaN,0
广阔,FMT*,9,20263912,1,233.022939032105,0.0242544,0.0078664,0.0241581,0,NaN,NaN,502,500,1.60579937673972,0.191415815997996,0.873934359542467,NaN,NaN,0
广阔,BIT*,9,20263912,1,210.083690719053,0.36453,0.0190751,0.364407,0,NaN,NaN,444,500,1.31471912472409,0.139335338735497,0.969360126360618,NaN,NaN,0
广阔,RRT#,9,20263912,1,272.885026295676,0.0128948,0.0087946,0.0127987,0,NaN,NaN,454,500,6.86755834586907,7.01940646992776,0.746273094372978,NaN,NaN,0
广阔,APF-only,9,20263912,1,301.840641895898,0.0030628,0.0029331,0.0030628,NaN,NaN,NaN,NaN,72,53.671042473467,0.127432159127466,0.6746830105535,1,8,0
广阔,AB-IRRT*,9,20263912,1,221.226373504114,0.0133185,0.0033784,0.009741,0,0.0033784,0.0098476,302,500,1.3222034995512,0.157996066854144,0.920535602315692,1,8,0
广阔,RRT*,10,20263913,1,239.486213857367,0.0126177,0.01021,0.0125382,0,NaN,NaN,433,500,7.59413268272968,0.00187778682383843,0.850348542831001,NaN,NaN,0
广阔,Informed-RRT*,10,20263913,1,232.109112802771,0.0111985,0.0076185,0.0110816,0,NaN,NaN,421,500,9.27739108654883,0.0010794446088358,0.877375086754003,NaN,NaN,0
广阔,PRM*,10,20263913,1,224.157076143281,0.0565568,0.0002991,0.0564557,0,NaN,NaN,502,500,3.76043261687617,0.848720079430882,0.90850021995984,NaN,NaN,0
广阔,FMT*,10,20263913,1,260.819724336385,0.0240604,0.0047147,0.0239511,0,NaN,NaN,502,500,2.52509990201819,0.0944080785444896,0.780795062566195,NaN,NaN,0
广阔,BIT*,10,20263913,1,211.299866892574,0.2097206,0.0173878,0.2095981,0,NaN,NaN,447,500,1.06388190186881,0.378137748399611,0.963780791614319,NaN,NaN,0
广阔,RRT#,10,20263913,1,236.177126492486,0.015103,0.0115714,0.0149854,0,NaN,NaN,433,500,6.04452701632224,0.00119760518892775,0.862262810993279,NaN,NaN,0
广阔,APF-only,10,20263913,1,301.840641895898,0.0022078,0.0021018,0.0022078,NaN,NaN,NaN,NaN,72,53.671042473467,0.127432159127466,0.6746830105535,1,8,0
广阔,AB-IRRT*,10,20263913,1,221.226373504114,0.0136705,0.0023975,0.0110959,0,0.0023975,0.0111895,279,500,1.3222034995512,0.157996066854144,0.920535602315692,1,8,0
广阔,RRT*,11,20263914,1,253.537910522799,0.0115864,0.0066218,0.0115149,0,NaN,NaN,406,500,6.94229802137772,0.00761510132778298,0.80322012815284,NaN,NaN,0
广阔,Informed-RRT*,11,20263914,1,253.025935288318,0.0113744,0.0056626,0.0112752,0,NaN,NaN,386,500,6.56832797467541,0.00766053444255022,0.804845371877292,NaN,NaN,0
广阔,PRM*,11,20263914,1,212.342901159246,0.054071,0.0002067,0.0539838,0,NaN,NaN,502,500,1.01280616671635,0.602967168284646,0.959046673422822,NaN,NaN,0
广阔,FMT*,11,20263914,1,246.654986821022,0.0186079,0.0045434,0.018527,0,NaN,NaN,502,500,6.28481991851081,3.26340618466031,0.825634038891321,NaN,NaN,0
广阔,BIT*,11,20263914,1,209.241581246874,0.4651677,0.0170062,0.4650421,0,NaN,NaN,411,500,1.01446305677978,0.332113744939711,0.973261393687579,NaN,NaN,0
广阔,RRT#,11,20263914,1,253.537910522799,0.0147544,0.0074844,0.0146564,0,NaN,NaN,406,500,6.94229802137772,0.00761510132778298,0.80322012815284,NaN,NaN,0
广阔,APF-only,11,20263914,1,301.840641895898,0.0027034,0.0026082,0.0027034,NaN,NaN,NaN,NaN,72,53.671042473467,0.127432159127466,0.6746830105535,1,8,0
广阔,AB-IRRT*,11,20263914,1,213.755245533446,0.0154638,0.00213,0.0131497,0,0.00213,0.0132562,340,500,3.04317664464279,0.851017873704517,0.952709967296973,1,8,0
广阔,RRT*,12,20263915,1,265.089831592238,0.0127329,0.0063627,0.0126443,0,NaN,NaN,384,500,6.67699691190742,0.368928818355002,0.768217897150336,NaN,NaN,0
广阔,Informed-RRT*,12,20263915,1,263.928056974135,0.0111054,0.0066641,0.0109884,0,NaN,NaN,361,500,6.20456324074557,0.355294666344109,0.771599485543452,NaN,NaN,0
广阔,PRM*,12,20263915,1,215.059720471915,0.055499,0.0003742,0.0554203,0,NaN,NaN,502,500,2.26091076246672,0.0302397786565365,0.946931171187493,NaN,NaN,0
广阔,FMT*,12,20263915,1,223.602951977948,0.0102151,0.0030224,0.01009,0,NaN,NaN,502,500,2.06855473226945,0.227777862071532,0.91075162997763,NaN,NaN,0
广阔,BIT*,12,20263915,1,209.443051141289,0.5432498,0.0222202,0.5431016,0,NaN,NaN,428,500,0.978027728010776,0.349182663517965,0.972325182774133,NaN,NaN,0
广阔,RRT#,12,20263915,1,263.928056974135,0.0133394,0.0073802,0.0132153,0,NaN,NaN,384,500,6.20456324074557,0.355294666344109,0.771599485543452,NaN,NaN,0
广阔,APF-only,12,20263915,1,301.840641895898,0.0019966,0.0017278,0.0019966,NaN,NaN,NaN,NaN,72,53.671042473467,0.127432159127466,0.6746830105535,1,8,0
广阔,AB-IRRT*,12,20263915,1,212.69325591359,0.0154794,0.0016814,0.0136016,0,0.0016814,0.0137215,323,500,4.30157160175024,0.215339273758183,0.957466902779749,1,8,0
广阔,RRT*,13,20263916,1,220.851495426877,0.0139033,0.0054717,0.0138039,0,NaN,NaN,435,500,5.96130437551602,0.2742890873769,0.922098139241048,NaN,NaN,0
广阔,Informed-RRT*,13,20263916,1,218.32216381681,0.0156025,0.0055246,0.015473,0,NaN,NaN,385,500,4.52704757092829,0.411896078299478,0.932780939055742,NaN,NaN,0
广阔,PRM*,13,20263916,1,224.767908841155,0.0663864,0.0002428,0.0662992,0,NaN,NaN,502,500,4.66721839519186,1.09264905639657,0.906031265903017,NaN,NaN,0
广阔,FMT*,13,20263916,1,237.057066452882,0.0117699,0.0042085,0.0116933,0,NaN,NaN,502,500,3.65772748058111,1.61691515999657,0.859062149164843,NaN,NaN,0
广阔,BIT*,13,20263916,1,209.318203458768,0.298912,0.0186546,0.2987635,0,NaN,NaN,427,500,0.742499325102782,0.100560576212795,0.972905125386483,NaN,NaN,0
广阔,RRT#,13,20263916,1,220.851495426877,0.013918,0.0056095,0.0138289,0,NaN,NaN,435,500,5.96130437551602,0.2742890873769,0.922098139241048,NaN,NaN,0
广阔,APF-only,13,20263916,1,301.840641895898,0.0015097,0.0014408,0.0015097,NaN,NaN,NaN,NaN,72,53.671042473467,0.127432159127466,0.6746830105535,1,8,0
广阔,AB-IRRT*,13,20263916,1,211.451699236585,0.0117251,0.0024349,0.0090924,0,0.0024349,0.0092058,322,500,3.26400811700737,1.22335501621103,0.963088751317498,1,8,0
广阔,RRT*,14,20263917,1,267.509614000554,0.0129884,0.0086734,0.0128971,0,NaN,NaN,432,500,4.47047750195237,0.766081683866805,0.761268912680291,NaN,NaN,0
广阔,Informed-RRT*,14,20263917,1,267.627003672864,0.0133032,0.0068582,0.0131547,0,NaN,NaN,426,500,4.57569651854109,0.766178596625537,0.76093499604642,NaN,NaN,0
广阔,PRM*,14,20263917,1,225.552689077292,0.0541342,0.0005756,0.054035,0,NaN,NaN,502,500,1.12790689986321,0.0378826929988918,0.902878852009341,NaN,NaN,0
广阔,FMT*,14,20263917,1,221.387176374437,0.0204799,0.0038755,0.0203831,0,NaN,NaN,502,500,1.42688622623245,0.192354196778108,0.919866978371383,NaN,NaN,0
广阔,BIT*,14,20263917,1,210.209807409288,0.4478973,0.016066,0.4477879,0,NaN,NaN,451,500,0.792511612846276,0.311702627257635,0.968778552682924,NaN,NaN,0
广阔,RRT#,14,20263917,1,267.397203997114,0.0209795,0.0146452,0.0208517,0,NaN,NaN,432,500,3.62768999418633,0.766522195360199,0.761588939366486,NaN,NaN,0
广阔,APF-only,14,20263917,1,301.840641895898,0.0019592,0.001864,0.0019592,NaN,NaN,NaN,NaN,72,53.671042473467,0.127432159127466,0.6746830105535,1,8,0
广阔,AB-IRRT*,14,20263917,1,211.217935997521,0.0171016,0.0026619,0.0142272,0,0.0026619,0.0143505,318,500,3.20192556951051,0.172273919430675,0.964154639708799,1,8,0
广阔,RRT*,15,20263918,1,259.553711736151,0.0139057,0.0070893,0.0137934,0,NaN,NaN,404,500,7.01830147609752,1.70009806345624,0.784603508921278,NaN,NaN,0
广阔,Informed-RRT*,15,20263918,1,259.34638173439,0.0138028,0.0072425,0.0136551,0,NaN,NaN,392,500,7.02783805343673,1.68539552215683,0.785230746694167,NaN,NaN,0
广阔,PRM*,15,20263918,1,229.559951137776,0.0646322,0.000236,0.0645362,0,NaN,NaN,502,500,2.36768457857183,0.661413103099817,0.887117948807637,NaN,NaN,0
广阔,FMT*,15,20263918,1,215.972116318237,0.0107866,0.0078389,0.0106845,0,NaN,NaN,502,500,0.992042684969328,0.0771896289053213,0.942930765569987,NaN,NaN,0
广阔,BIT*,15,20263918,1,210.035995533554,0.6418772,0.0211095,0.6417595,0,NaN,NaN,394,500,0.954127548341839,0.0616727787983073,0.969580249634841,NaN,NaN,0
广阔,RRT#,15,20263918,1,259.553711736151,0.0107597,0.005637,0.0106704,0,NaN,NaN,404,500,7.01830147609752,1.70009806345624,0.784603508921278,NaN,NaN,0
广阔,APF-only,15,20263918,1,301.840641895898,0.0020678,0.0019604,0.0020678,NaN,NaN,NaN,NaN,72,53.671042473467,0.127432159127466,0.6746830105535,1,8,0
广阔,AB-IRRT*,15,20263918,1,221.226373504114,0.0104026,0.0018737,0.0083792,0,0.0018737,0.0084622,272,500,1.3222034995512,0.157996066854144,0.920535602315692,1,8,0
广阔,RRT*,16,20263919,1,251.859684467339,0.0150757,0.0109888,0.0149893,0,NaN,NaN,417,500,6.06485155109272,0.159433586412998,0.808572254874459,NaN,NaN,0
广阔,Informed-RRT*,16,20263919,1,249.468769074251,0.0146862,0.0096447,0.0145681,0,NaN,NaN,401,500,6.53474473855988,0.159790305741666,0.816321633114374,NaN,NaN,0
广阔,PRM*,16,20263919,1,228.082662908786,0.0626475,0.0002426,0.0625467,0,NaN,NaN,502,500,5.46389652609995,1.00873356466389,0.89286379939876,NaN,NaN,0
广阔,FMT*,16,20263919,1,212.48584427999,0.0148378,0.004492,0.0147238,0,NaN,NaN,502,500,2.55437118217983,0.111871213990023,0.958401505153365,NaN,NaN,0
广阔,BIT*,16,20263919,1,209.948522679254,0.7061741,0.0163804,0.7060505,0,NaN,NaN,414,500,0.908483247078257,0.0706426015993724,0.969984215096593,NaN,NaN,0
广阔,RRT#,16,20263919,1,251.554814321018,0.0137534,0.0100104,0.0136678,0,NaN,NaN,417,500,5.80264862715365,0.158676261682777,0.809552198519426,NaN,NaN,0
广阔,APF-only,16,20263919,1,301.840641895898,0.0017571,0.001683,0.0017571,NaN,NaN,NaN,NaN,72,53.671042473467,0.127432159127466,0.6746830105535,1,8,0
广阔,AB-IRRT*,16,20263919,1,212.036842568874,0.0122611,0.0020677,0.0100145,0,0.0020677,0.0101181,298,500,4.31234448723267,0.527663407368275,0.960430982250535,1,8,0
广阔,RRT*,17,20263920,1,222.005882993382,0.0118329,0.0037955,0.0117593,0,NaN,NaN,439,500,4.33805676262203,0.219347206903812,0.917303407620945,NaN,NaN,0
广阔,Informed-RRT*,17,20263920,1,221.329246262718,0.0139031,0.0032444,0.0137948,0,NaN,NaN,393,500,6.06120778759888,0.220891872633313,0.920107741839038,NaN,NaN,0
广阔,PRM*,17,20263920,1,220.156316535411,0.0567353,9.19e-05,0.0566553,0,NaN,NaN,502,500,2.33287469984156,0.320274240023711,0.925009812057655,NaN,NaN,0
广阔,FMT*,17,20263920,1,214.152327807432,0.0285616,0.0076571,0.0284426,0,NaN,NaN,502,500,1.595755570472,0.12368913051063,0.95094344790334,NaN,NaN,0
广阔,BIT*,17,20263920,1,210.623214199484,0.4761206,0.0200301,0.4760035,0,NaN,NaN,415,500,0.610790847867851,0.387971967229285,0.966877054629167,NaN,NaN,0
广阔,RRT#,17,20263920,1,222.005882993382,0.0147112,0.005277,0.014563,0,NaN,NaN,439,500,4.33805676262203,0.219347206903812,0.917303407620945,NaN,NaN,0
广阔,APF-only,17,20263920,1,301.840641895898,0.0024393,0.0023224,0.0024393,NaN,NaN,NaN,NaN,72,53.671042473467,0.127432159127466,0.6746830105535,1,8,0
广阔,AB-IRRT*,17,20263920,1,215.86600553588,0.0153718,0.0019619,0.013204,0,0.0019619,0.0133297,321,500,5.13310052366618,0.460116814399347,0.943394271257206,1,8,0
广阔,RRT*,18,20263921,1,242.36750159109,0.0132959,0.0076796,0.0132003,0,NaN,NaN,421,500,5.92325950003958,0.0960631652797037,0.840239519097358,NaN,NaN,0
广阔,Informed-RRT*,18,20263921,1,242.132640587414,0.0151533,0.0082376,0.0149985,0,NaN,NaN,403,500,4.01836617230409,0.0961949879282979,0.841054524857443,NaN,NaN,0
广阔,PRM*,18,20263921,1,234.482761589999,0.0644843,0.0007763,0.0643563,0,NaN,NaN,502,500,2.80769690134352,0.723750884096203,0.868493494365307,NaN,NaN,0
广阔,FMT*,18,20263921,1,224.984669338907,0.0114775,0.0040231,0.0113794,0,NaN,NaN,502,500,4.45762448388449,0.115002761387075,0.905158354034165,NaN,NaN,0
广阔,BIT*,18,20263921,1,210.249314945186,0.374275,0.0178398,0.374171,0,NaN,NaN,431,500,1.16581920878259,1.37848529997611,0.968596511407508,NaN,NaN,0
广阔,RRT#,18,20263921,1,242.36750159109,0.0177986,0.0090092,0.0176754,0,NaN,NaN,421,500,5.92325950003958,0.0960631652797037,0.840239519097358,NaN,NaN,0
广阔,APF-only,18,20263921,1,301.840641895898,0.002042,0.0019541,0.002042,NaN,NaN,NaN,NaN,72,53.671042473467,0.127432159127466,0.6746830105535,1,8,0
广阔,AB-IRRT*,18,20263921,1,221.226373504114,0.0125079,0.0022823,0.0100346,0,0.0022823,0.0101424,249,500,1.3222034995512,0.157996066854144,0.920535602315692,1,8,0
广阔,RRT*,19,20263922,1,219.676935372969,0.0133166,0.0068084,0.0132139,0,NaN,NaN,394,500,6.24374871530415,0.474085568917644,0.927028377539832,NaN,NaN,0
广阔,Informed-RRT*,19,20263922,1,213.600106388433,0.0151734,0.0056336,0.0150403,0,NaN,NaN,370,500,4.91440616689857,0.47650305498297,0.953401926735903,NaN,NaN,0
广阔,PRM*,19,20263922,1,231.068289413962,0.0677479,0.0003561,0.067659,0,NaN,NaN,502,500,3.04543095233674,0.435371751502581,0.881327132763291,NaN,NaN,0
广阔,FMT*,19,20263922,1,223.646549100747,0.0209373,0.0042401,0.0208399,0,NaN,NaN,502,500,1.70916537652559,0.287928195038669,0.910574090235516,NaN,NaN,0
广阔,BIT*,19,20263922,1,209.473187101494,0.2143156,0.0158626,0.2141977,0,NaN,NaN,430,500,0.894406556342121,0.18857118716596,0.972185298746875,NaN,NaN,0
广阔,RRT#,19,20263922,1,219.676935372969,0.0159813,0.0087437,0.0156396,0,NaN,NaN,394,500,6.24374871530415,0.474085568917644,0.927028377539832,NaN,NaN,0
广阔,APF-only,19,20263922,1,301.840641895898,0.0020121,0.001921,0.0020121,NaN,NaN,NaN,NaN,72,53.671042473467,0.127432159127466,0.6746830105535,1,8,0
广阔,AB-IRRT*,19,20263922,1,219.469594214708,0.0139667,0.0023658,0.0113906,0,0.0023658,0.0115227,283,500,8.46618993954456,0.216946360537406,0.927904176022204,1,8,0
广阔,RRT*,20,20263923,1,215.406676195398,0.0105737,0.0040652,0.0105081,0,NaN,NaN,394,500,6.23977697965715,0.140172722738436,0.945405948314226,NaN,NaN,0
广阔,Informed-RRT*,20,20263923,1,212.865427825527,0.0163689,0.0072722,0.016247,0,NaN,NaN,365,500,4.26625507265589,0.139956948155419,0.95669247496894,NaN,NaN,0
广阔,PRM*,20,20263923,1,225.153369866061,0.0664757,0.0002644,0.0663618,0,NaN,NaN,502,500,1.52875956083561,0.293381183601944,0.904480146590172,NaN,NaN,0
广阔,FMT*,20,20263923,1,245.733068650596,0.0301961,0.0049271,0.0300824,0,NaN,NaN,502,500,3.98519163401406,0.6944212931056,0.828731574875205,NaN,NaN,0
广阔,BIT*,20,20263923,1,209.340118427727,0.4623821,0.0210072,0.4622523,0,NaN,NaN,421,500,0.926727972817905,0.480208856185008,0.972803275890156,NaN,NaN,0
广阔,RRT#,20,20263923,1,215.244800811974,0.0117257,0.0042345,0.0116408,0,NaN,NaN,394,500,6.22127128404046,0.139433440586313,0.946116943189817,NaN,NaN,0
广阔,APF-only,20,20263923,1,301.840641895898,0.0019682,0.0018808,0.0019682,NaN,NaN,NaN,NaN,72,53.671042473467,0.127432159127466,0.6746830105535,1,8,0
广阔,AB-IRRT*,20,20263923,1,221.226373504114,0.0144255,0.0016845,0.01259,0,0.0016845,0.0126737,295,500,1.3222034995512,0.157996066854144,0.920535602315692,1,8,0
广阔,RRT*,21,20263924,1,236.188689897971,0.0128181,0.0044753,0.0127256,0,NaN,NaN,415,500,6.21749719619166,0.328753468056965,0.862220596039961,NaN,NaN,0
广阔,Informed-RRT*,21,20263924,1,233.987636633954,0.0144113,0.0053896,0.0142877,0,NaN,NaN,390,500,4.59069750062085,0.774368745397926,0.870331253015333,NaN,NaN,0
广阔,PRM*,21,20263924,1,229.299357858089,0.0643639,0.0052264,0.0642739,0,NaN,NaN,502,500,4.62136723485669,2.46427688412193,0.88812613730807,NaN,NaN,0
广阔,FMT*,21,20263924,1,237.575300768978,0.0160803,0.0048168,0.0159853,0,NaN,NaN,502,500,2.22896620116989,1.11247967663476,0.857188235993247,NaN,NaN,0
广阔,BIT*,21,20263924,1,210.935142326157,0.2869821,0.0210674,0.2868649,0,NaN,NaN,442,500,0.922139488768284,0.314569768267644,0.965447249500219,NaN,NaN,0
广阔,RRT#,21,20263924,1,235.318156121829,0.0150157,0.0057619,0.0149088,0,NaN,NaN,415,500,4.95312472993069,0.321179667470894,0.865410286813115,NaN,NaN,0
广阔,APF-only,21,20263924,1,301.840641895898,0.0021883,0.0020948,0.0021883,NaN,NaN,NaN,NaN,72,53.671042473467,0.127432159127466,0.6746830105535,1,8,0
广阔,AB-IRRT*,21,20263924,1,213.05643606352,0.0114942,0.0023879,0.0088155,0,0.0023879,0.0090006,272,500,3.34289480995948,0.357296713969832,0.955834786051764,1,8,0
广阔,RRT*,22,20263925,1,216.405697440382,0.0135554,0.0068268,0.0134565,0,NaN,NaN,450,500,4.77278977438173,0.93479148536165,0.941041550155251,NaN,NaN,0
广阔,Informed-RRT*,22,20263925,1,212.632575668453,0.0171458,0.006577,0.0170065,0,NaN,NaN,409,500,4.79658026517518,0.107576122778543,0.957740140905132,NaN,NaN,0
广阔,PRM*,22,20263925,1,232.590102920622,0.0639187,0.0004953,0.063826,0,NaN,NaN,502,500,4.02838728648097,0.409670808650147,0.875560698518743,NaN,NaN,0
广阔,FMT*,22,20263925,1,211.134320774623,0.0073124,0.0047205,0.0072256,0,NaN,NaN,502,500,0.659481979609087,0.324814249931862,0.964536472490942,NaN,NaN,0
广阔,BIT*,22,20263925,1,209.373686441805,0.2659087,0.0154355,0.2657595,0,NaN,NaN,385,500,0.845099790319819,0.246791748546727,0.972647310378849,NaN,NaN,0
广阔,RRT#,22,20263925,1,216.405697440382,0.0142616,0.0057349,0.0141724,0,NaN,NaN,450,500,4.77278977438173,0.93479148536165,0.941041550155251,NaN,NaN,0
广阔,APF-only,22,20263925,1,301.840641895898,0.0043147,0.0041013,0.0043147,NaN,NaN,NaN,NaN,72,53.671042473467,0.127432159127466,0.6746830105535,1,8,0
广阔,AB-IRRT*,22,20263925,1,221.226373504114,0.0110571,0.0025465,0.00811,0,0.0025465,0.0084112,281,500,1.3222034995512,0.157996066854144,0.920535602315692,1,8,0
广阔,RRT*,23,20263926,1,223.67008208598,0.0141149,0.0047841,0.0140392,0,NaN,NaN,446,500,6.58915420817208,0.580897806795189,0.910478286065289,NaN,NaN,0
广阔,Informed-RRT*,23,20263926,1,220.739307717993,0.0159368,0.0049927,0.0158157,0,NaN,NaN,415,500,7.33715818047032,0.575478629835012,0.922566782903462,NaN,NaN,0
广阔,PRM*,23,20263926,1,221.246463831885,0.0649192,0.0001648,0.0648304,0,NaN,NaN,502,500,2.39923818454082,0.0850743893382841,0.920452012902982,NaN,NaN,0
广阔,FMT*,23,20263926,1,217.725184270078,0.0226154,0.0054246,0.0225079,0,NaN,NaN,502,500,1.92343301400306,0.393526534089284,0.935338526245596,NaN,NaN,0
广阔,BIT*,23,20263926,1,209.388558282101,0.231863,0.0278105,0.2317124,0,NaN,NaN,450,500,0.862692626332193,0.290278705521585,0.972578228020272,NaN,NaN,0
广阔,RRT#,23,20263926,1,223.67008208598,0.0162687,0.0061249,0.0161399,0,NaN,NaN,446,500,6.58915420817208,0.580897806795189,0.910478286065289,NaN,NaN,0
广阔,APF-only,23,20263926,1,301.840641895898,0.0016374,0.0015575,0.0016374,NaN,NaN,NaN,NaN,72,53.671042473467,0.127432159127466,0.6746830105535,1,8,0
广阔,AB-IRRT*,23,20263926,1,216.310113649887,0.0108701,0.0017123,0.008994,0,0.0017123,0.0090914,320,500,6.12898160178489,0.183808479331437,0.941457380542741,1,8,0
广阔,RRT*,24,20263927,1,221.062945688112,0.0119751,0.0057502,0.011906,0,NaN,NaN,440,500,6.56651204128254,0.114242515145492,0.921216137547729,NaN,NaN,0
广阔,Informed-RRT*,24,20263927,1,218.461303809801,0.019159,0.0098516,0.0190583,0,NaN,NaN,414,500,5.00874397529377,0.432409797846889,0.932186842384802,NaN,NaN,0
广阔,PRM*,24,20263927,1,217.98296385725,0.0623406,0.0002336,0.0622645,0,NaN,NaN,502,500,3.11051761317749,1.18637945914036,0.934232425223319,NaN,NaN,0
广阔,FMT*,24,20263927,1,229.61273539201,0.0477761,0.0114373,0.0476139,0,NaN,NaN,502,500,4.6903320369219,3.77202317141105,0.886914014738977,NaN,NaN,0
广阔,BIT*,24,20263927,1,209.488520592242,0.4084731,0.0263385,0.4083605,0,NaN,NaN,430,500,1.19520059178907,0.297386474072244,0.972114139743788,NaN,NaN,0
广阔,RRT#,24,20263927,1,221.062945688112,0.0178944,0.0065326,0.0177812,0,NaN,NaN,440,500,6.56651204128254,0.114242515145492,0.921216137547729,NaN,NaN,0
广阔,APF-only,24,20263927,1,301.840641895898,0.0025187,0.0024211,0.0025187,NaN,NaN,NaN,NaN,72,53.671042473467,0.127432159127466,0.6746830105535,1,8,0
广阔,AB-IRRT*,24,20263927,1,214.748663947836,0.0122577,0.0019647,0.0101354,0,0.0019647,0.0102238,332,500,4.93523307528633,0.0781225384213684,0.948302770494502,1,8,0
广阔,RRT*,25,20263928,1,234.942808098361,0.0158603,0.0066152,0.015767,0,NaN,NaN,448,500,5.91866366332811,2.0089770897111,0.866792878786343,NaN,NaN,0
广阔,Informed-RRT*,25,20263928,1,231.974946482383,0.013407,0.0078142,0.0133041,0,NaN,NaN,414,500,5.73807018826522,0.109131282740421,0.877882530289499,NaN,NaN,0
广阔,PRM*,25,20263928,1,214.590621079806,0.0699066,0.000133,0.0698145,0,NaN,NaN,502,500,2.24114811912595,0.247165755616502,0.949001181677877,NaN,NaN,0
广阔,FMT*,25,20263928,1,222.583146514794,0.0239397,0.0069411,0.0238336,0,NaN,NaN,502,500,1.39266625758362,0.246412916843912,0.914924405420742,NaN,NaN,0
广阔,BIT*,25,20263928,1,210.710786707829,0.381228,0.0303967,0.3811209,0,NaN,NaN,431,500,0.645996237712466,0.363825072314475,0.966475215453028,NaN,NaN,0
广阔,RRT#,25,20263928,1,234.942808098361,0.0194155,0.0133853,0.019213,0,NaN,NaN,448,500,5.91866366332811,2.0089770897111,0.866792878786343,NaN,NaN,0
广阔,APF-only,25,20263928,1,301.840641895898,0.0017046,0.0016226,0.0017046,NaN,NaN,NaN,NaN,72,53.671042473467,0.127432159127466,0.6746830105535,1,8,0
广阔,AB-IRRT*,25,20263928,1,216.154638596035,0.0164728,0.0045557,0.0116782,0,0.0045557,0.0118073,309,500,4.70351067257114,1.21000924216581,0.942134549156335,1,8,0
广阔,RRT*,26,20263929,1,249.109882737827,0.0157382,0.0065595,0.0156377,0,NaN,NaN,434,500,5.50566256830009,0.493036402562998,0.817497687139341,NaN,NaN,0
广阔,Informed-RRT*,26,20263929,1,245.325350417862,0.0142687,0.0066429,0.0141487,0,NaN,NaN,418,500,5.31676352520692,0.493006655253719,0.830108884527647,NaN,NaN,0
广阔,PRM*,26,20263929,1,226.050957658114,0.0663388,7.91e-05,0.0662542,0,NaN,NaN,502,500,4.7904409714341,1.32793739221485,0.900888698245319,NaN,NaN,0
广阔,FMT*,26,20263929,1,213.770076960973,0.0114398,0.003541,0.0113483,0,NaN,NaN,502,500,0.988593662682399,0.0566266114363643,0.952643868013878,NaN,NaN,0
广阔,BIT*,26,20263929,1,210.003511652034,0.4555879,0.0227029,0.4554489,0,NaN,NaN,394,500,0.686491249112199,0.331326589559955,0.969730226793343,NaN,NaN,0
广阔,RRT#,26,20263929,1,249.109882737827,0.0157717,0.0084539,0.0156632,0,NaN,NaN,434,500,5.50566256830009,0.493036402562998,0.817497687139341,NaN,NaN,0
广阔,APF-only,26,20263929,1,301.840641895898,0.0015097,0.0014371,0.0015097,NaN,NaN,NaN,NaN,72,53.671042473467,0.127432159127466,0.6746830105535,1,8,0
广阔,AB-IRRT*,26,20263929,1,216.59963102412,0.0193712,0.0018359,0.017325,0,0.0018359,0.0174562,338,500,5.12738992963842,0.209437792808806,0.940198983806433,1,8,0
广阔,RRT*,27,20263930,1,216.044360590251,0.0120724,0.0038124,0.0119942,0,NaN,NaN,429,500,5.16087468521588,0.115587776498361,0.942615453721382,NaN,NaN,0
广阔,Informed-RRT*,27,20263930,1,212.063541790845,0.012651,0.0028616,0.0125487,0,NaN,NaN,380,500,3.78101716155695,0.207758349929184,0.96031006207837,NaN,NaN,0
广阔,PRM*,27,20263930,1,212.206705098706,0.0571141,0.000353,0.057036,0,NaN,NaN,502,500,1.45930935559745,0.115096176193768,0.959662197700119,NaN,NaN,0
广阔,FMT*,27,20263930,1,238.233230613354,0.0263498,0.0052902,0.0262439,0,NaN,NaN,502,500,3.23132477863042,0.449166906572149,0.854820935171043,NaN,NaN,0
广阔,BIT*,27,20263930,1,210.475901696437,0.20782,0.0142792,0.2077173,0,NaN,NaN,441,500,1.03938043188462,0.446226794243543,0.967553773806557,NaN,NaN,0
广阔,RRT#,27,20263930,1,216.044360590251,0.0139005,0.0050447,0.0137934,0,NaN,NaN,429,500,5.16087468521588,0.115587776498361,0.942615453721382,NaN,NaN,0
广阔,APF-only,27,20263930,1,301.840641895898,0.0020528,0.0019667,0.0020528,NaN,NaN,NaN,NaN,72,53.671042473467,0.127432159127466,0.6746830105535,1,8,0
广阔,AB-IRRT*,27,20263930,1,217.917259289874,0.0125749,0.0019092,0.0104416,0,0.0019092,0.0105829,328,500,6.80058289433908,0.303449699261426,0.934514107075999,1,8,0
广阔,RRT*,28,20263931,1,245.375181860743,0.0101825,0.0080289,0.0101181,0,NaN,NaN,400,500,6.76232433724239,0.174448039452995,0.829940303813207,NaN,NaN,0
广阔,Informed-RRT*,28,20263931,1,244.589840011143,0.0140335,0.009298,0.0139027,0,NaN,NaN,396,500,6.53083032954902,0.174094096473629,0.832605119544,NaN,NaN,0
广阔,PRM*,28,20263931,1,211.234666086922,0.0551452,0.0001728,0.0550683,0,NaN,NaN,502,500,1.79675142402188,0.185866757343916,0.96407827727446,NaN,NaN,0
广阔,FMT*,28,20263931,1,213.779972978422,0.0162726,0.0037245,0.0161624,0,NaN,NaN,502,500,1.37730151541061,0.19126446740877,0.952599769494222,NaN,NaN,0
广阔,BIT*,28,20263931,1,209.334406788669,0.3873414,0.0184314,0.3872195,0,NaN,NaN,440,500,1.09999181488148,0.473994632503341,0.972829818594104,NaN,NaN,0
广阔,RRT#,28,20263931,1,244.980882621751,0.0170023,0.0140977,0.0168869,0,NaN,NaN,400,500,5.9158364473253,0.174638415491124,0.831276101230131,NaN,NaN,0
广阔,APF-only,28,20263931,1,301.840641895898,0.0023943,0.0022921,0.0023943,NaN,NaN,NaN,NaN,72,53.671042473467,0.127432159127466,0.6746830105535,1,8,0
广阔,AB-IRRT*,28,20263931,1,213.713454117651,0.0106205,0.0018343,0.0086169,0,0.0018343,0.0087139,312,500,4.15656651933369,0.189110705637951,0.952896268615905,1,8,0
广阔,RRT*,29,20263932,1,233.675566375316,0.0124193,0.0045817,0.0123457,0,NaN,NaN,456,500,4.76755132338606,1.22763472808557,0.871493567515914,NaN,NaN,0
广阔,Informed-RRT*,29,20263932,1,228.371027061797,0.0176718,0.0041401,0.0175503,0,NaN,NaN,425,500,6.34918471711787,0.794636968023401,0.891736380055861,NaN,NaN,0
广阔,PRM*,29,20263932,1,225.102833485074,0.062321,0.0002645,0.0622415,0,NaN,NaN,502,500,3.83933029470395,0.309092164596035,0.904683205576925,NaN,NaN,0
广阔,FMT*,29,20263932,1,280.51820161521,0.0293857,0.0041207,0.0292857,0,NaN,NaN,502,500,3.54743591274406,5.68814608774479,0.725966271739723,NaN,NaN,0
广阔,BIT*,29,20263932,1,209.817507598972,0.2747045,0.0227157,0.2745502,0,NaN,NaN,457,500,1.2215136047349,0.260992935186762,0.970589896487378,NaN,NaN,0
广阔,RRT#,29,20263932,1,233.675566375316,0.0138624,0.0052798,0.0137597,0,NaN,NaN,456,500,4.76755132338606,1.22763472808557,0.871493567515914,NaN,NaN,0
广阔,APF-only,29,20263932,1,301.840641895898,0.0019082,0.0018213,0.0019082,NaN,NaN,NaN,NaN,72,53.671042473467,0.127432159127466,0.6746830105535,1,8,0
广阔,AB-IRRT*,29,20263932,1,221.226373504114,0.0165584,0.0019138,0.0144587,0,0.0019138,0.0145712,277,500,1.3222034995512,0.157996066854144,0.920535602315692,1,8,0
广阔,RRT*,30,20263933,1,237.845903060353,0.0101823,0.0041582,0.0101157,0,NaN,NaN,421,500,5.62299833186156,0.609389298414273,0.856212994890438,NaN,NaN,0
广阔,Informed-RRT*,30,20263933,1,232.148623402461,0.0123839,0.005502,0.0122835,0,NaN,NaN,406,500,4.30685361991307,0.240527702226457,0.877225761656473,NaN,NaN,0
广阔,PRM*,30,20263933,1,229.389854914267,0.0508967,0.0009463,0.0508111,0,NaN,NaN,502,500,3.32344310176799,1.73963115264579,0.887775760867182,NaN,NaN,0
广阔,FMT*,30,20263933,1,242.949584201185,0.0157812,0.0132755,0.015691,0,NaN,NaN,502,500,1.84323500674186,0.202904296844707,0.83822639026658,NaN,NaN,0
广阔,BIT*,30,20263933,1,210.433161624895,0.5650858,0.0423752,0.5649666,0,NaN,NaN,439,500,0.710710663628564,0.172746562398332,0.967750289019247,NaN,NaN,0
广阔,RRT#,30,20263933,1,237.845903060353,0.0158253,0.0084966,0.0156918,0,NaN,NaN,421,500,5.62299833186156,0.609389298414273,0.856212994890438,NaN,NaN,0
广阔,APF-only,30,20263933,1,301.840641895898,0.0020959,0.0020178,0.0020959,NaN,NaN,NaN,NaN,72,53.671042473467,0.127432159127466,0.6746830105535,1,8,0
广阔,AB-IRRT*,30,20263933,1,216.4124845113,0.0119061,0.0021773,0.0094409,0,0.0021773,0.0096311,312,500,5.47834655204931,0.626305701601301,0.941012037459846,1,8,0
广阔,RRT*,31,20263934,1,264.319439579403,0.0139207,0.0052965,0.0138551,0,NaN,NaN,424,500,5.37595447082741,2.1993589966264,0.770456964140728,NaN,NaN,0
广阔,Informed-RRT*,31,20263934,1,265.349192286356,0.0127569,0.0060573,0.0126588,0,NaN,NaN,423,500,6.15170957373053,4.8193668188782,0.767467016677244,NaN,NaN,0
广阔,PRM*,31,20263934,1,225.244914928358,0.0531946,0.0002314,0.0531168,0,NaN,NaN,502,500,2.30531055212096,0.683780214137576,0.904112543657191,NaN,NaN,0
广阔,FMT*,31,20263934,1,219.767409184654,0.0110925,0.0047219,0.0110132,0,NaN,NaN,502,500,3.60198406944102,1.45245955308375,0.926646738646386,NaN,NaN,0
广阔,BIT*,31,20263934,1,209.474041986666,0.507469,0.0186668,0.5073542,0,NaN,NaN,401,500,1.12220523598467,0.735172544707546,0.972181331158393,NaN,NaN,0
广阔,RRT#,31,20263934,1,265.118653251578,0.0178614,0.0116405,0.0177646,0,NaN,NaN,424,500,5.49088288010336,2.52239615258487,0.768134382413597,NaN,NaN,0
广阔,APF-only,31,20263934,1,301.840641895898,0.0017898,0.0017194,0.0017898,NaN,NaN,NaN,NaN,72,53.671042473467,0.127432159127466,0.6746830105535,1,8,0
广阔,AB-IRRT*,31,20263934,1,216.356612542356,0.017701,0.0045396,0.0129257,0,0.0045396,0.0130477,284,500,8.69478287431645,0.146686406689341,0.94125504457072,1,8,0
广阔,RRT*,32,20263935,1,217.074621354242,0.0108449,0.0042293,0.0107811,0,NaN,NaN,438,500,5.70942904530714,0.240652392515878,0.938141693908089,NaN,NaN,0
广阔,Informed-RRT*,32,20263935,1,213.116460172607,0.0191723,0.0102469,0.0190455,0,NaN,NaN,408,500,6.20018885891102,0.884970003810005,0.955565575820788,NaN,NaN,0
广阔,PRM*,32,20263935,1,225.771770806565,0.0642468,0.0001885,0.0641574,0,NaN,NaN,502,500,2.90430290434518,0.0743306959647612,0.902002727153186,NaN,NaN,0
广阔,FMT*,32,20263935,1,216.641479584141,0.008334,0.0049001,0.0082595,0,NaN,NaN,502,500,2.99068544909037,0.453412227935514,0.940017365892442,NaN,NaN,0
广阔,BIT*,32,20263935,1,210.713964500228,0.5094325,0.0153905,0.5093153,0,NaN,NaN,394,500,0.746846012414106,0.113478261798692,0.966460639971041,NaN,NaN,0
广阔,RRT#,32,20263935,1,217.074621354242,0.0168623,0.0064995,0.0167432,0,NaN,NaN,438,500,5.70942904530714,0.240652392515878,0.938141693908089,NaN,NaN,0
广阔,APF-only,32,20263935,1,301.840641895898,0.0019602,0.0018706,0.0019602,NaN,NaN,NaN,NaN,72,53.671042473467,0.127432159127466,0.6746830105535,1,8,0
广阔,AB-IRRT*,32,20263935,1,219.203509996746,0.0129423,0.0018596,0.0108774,0,0.0018596,0.0110018,276,500,6.74147298803792,0.569227495620545,0.929030529596669,1,8,0
广阔,RRT*,33,20263936,1,225.95633443268,0.0133592,0.0054116,0.0132659,0,NaN,NaN,377,500,7.07727976288372,0.75755272557705,0.901265961377149,NaN,NaN,0
广阔,Informed-RRT*,33,20263936,1,221.767357169892,0.0155675,0.0037525,0.0154311,0,NaN,NaN,356,500,6.19121507940908,0.23024960843729,0.918290029608442,NaN,NaN,0
广阔,PRM*,33,20263936,1,218.696967233929,0.0554985,0.0002026,0.0554155,0,NaN,NaN,502,500,2.5534395846237,0.346314060694337,0.931182336716608,NaN,NaN,0
广阔,FMT*,33,20263936,1,232.214317386222,0.0151229,0.0039208,0.015028,0,NaN,NaN,502,500,2.79708884991896,0.328846442576129,0.87697759239805,NaN,NaN,0
广阔,BIT*,33,20263936,1,209.620656302084,0.2954494,0.0154164,0.2953362,0,NaN,NaN,433,500,0.925771718661532,0.0487441288081456,0.971501361431913,NaN,NaN,0
广阔,RRT#,33,20263936,1,225.95633443268,0.0132152,0.0041642,0.0131131,0,NaN,NaN,377,500,7.07727976288372,0.75755272557705,0.901265961377149,NaN,NaN,0
广阔,APF-only,33,20263936,1,301.840641895898,0.0015301,0.0014611,0.0015301,NaN,NaN,NaN,NaN,72,53.671042473467,0.127432159127466,0.6746830105535,1,8,0
广阔,AB-IRRT*,33,20263936,1,213.251589221672,0.0125521,0.0025901,0.0097893,0,0.0025901,0.0098867,343,500,4.38451394699092,0.0172070660820278,0.954960071927238,1,8,0
广阔,RRT*,34,20263937,1,231.943834862954,0.0124787,0.0045625,0.0124117,0,NaN,NaN,457,500,5.36331596047797,0.553295884257107,0.87800028443115,NaN,NaN,0
广阔,Informed-RRT*,34,20263937,1,229.128373012276,0.0142497,0.0043181,0.0141183,0,NaN,NaN,421,500,5.82263518949825,0.382112863359342,0.888788892900727,NaN,NaN,0
广阔,PRM*,34,20263937,1,237.11276094594,0.061133,0.0001343,0.0610432,0,NaN,NaN,502,500,5.83143611918803,1.07424337595848,0.858860367401971,NaN,NaN,0
广阔,FMT*,34,20263937,1,251.922786094227,0.0173791,0.0067468,0.0172831,0,NaN,NaN,502,500,2.74334583511628,0.0600483451943106,0.808369723672217,NaN,NaN,0
广阔,BIT*,34,20263937,1,210.290133402968,0.5037881,0.0205444,0.5036288,0,NaN,NaN,423,500,1.36607605227152,0.329750127044264,0.9684085015605,NaN,NaN,0
广阔,RRT#,34,20263937,1,231.943834862954,0.0169063,0.0057135,0.0167911,0,NaN,NaN,457,500,5.36331596047797,0.553295884257107,0.87800028443115,NaN,NaN,0
广阔,APF-only,34,20263937,1,301.840641895898,0.0020821,0.0019847,0.0020821,NaN,NaN,NaN,NaN,72,53.671042473467,0.127432159127466,0.6746830105535,1,8,0
广阔,AB-IRRT*,34,20263937,1,212.023701309404,0.0142083,0.0024166,0.0115846,0,0.0024166,0.011704,298,500,3.98186146461191,0.0292750369745587,0.960490509900805,1,8,0
广阔,RRT*,35,20263938,1,254.928791806353,0.0131882,0.0110886,0.013108,0,NaN,NaN,395,500,6.51517059433474,0.164905628650558,0.798837791285726,NaN,NaN,0
广阔,Informed-RRT*,35,20263938,1,254.928791806353,0.0098758,0.0080007,0.0097327,0,NaN,NaN,394,500,6.51517059433474,0.164905628650558,0.798837791285726,NaN,NaN,0
广阔,PRM*,35,20263938,1,222.458488073006,0.0644709,0.0003761,0.064388,0,NaN,NaN,502,500,2.53297254249442,0.668228747021704,0.915437099055053,NaN,NaN,0
广阔,FMT*,35,20263938,1,224.405115095082,0.0097209,0.0044348,0.0096453,0,NaN,NaN,502,500,2.83488502960212,0.0641447252042724,0.907496038561507,NaN,NaN,0
广阔,BIT*,35,20263938,1,209.497568012904,0.4363968,0.0222353,0.436233,0,NaN,NaN,444,500,0.78702759447803,0.564365431383418,0.972072157750213,NaN,NaN,0
广阔,RRT#,35,20263938,1,254.928791806353,0.0138843,0.0117952,0.0137718,0,NaN,NaN,395,500,6.51517059433474,0.164905628650558,0.798837791285726,NaN,NaN,0
广阔,APF-only,35,20263938,1,301.840641895898,0.0024643,0.0023616,0.0024643,NaN,NaN,NaN,NaN,72,53.671042473467,0.127432159127466,0.6746830105535,1,8,0
广阔,AB-IRRT*,35,20263938,1,221.226373504114,0.011917,0.0022553,0.0094721,0,0.0022553,0.0095729,281,500,1.3222034995512,0.157996066854144,0.920535602315692,1,8,0
广阔,RRT*,36,20263939,1,223.990152907795,0.0146881,0.0054743,0.0146039,0,NaN,NaN,465,500,6.38007126111105,0.864319031530371,0.909177257741132,NaN,NaN,0
广阔,Informed-RRT*,36,20263939,1,215.276595709626,0.0268007,0.0051454,0.0266733,0,NaN,NaN,438,500,4.11759990948794,0.146917170400288,0.94597720811422,NaN,NaN,0
广阔,PRM*,36,20263939,1,227.569924279245,0.0653788,0.000432,0.0652875,0,NaN,NaN,502,500,1.99491014668465,0.532619075428903,0.894875514094017,NaN,NaN,0
广阔,FMT*,36,20263939,1,229.760119158057,0.0142027,0.0044637,0.0141176,0,NaN,NaN,502,500,3.61299539731171,0.0384301252940524,0.886345087772317,NaN,NaN,0
广阔,BIT*,36,20263939,1,211.504333914711,0.4615686,0.0227478,0.4614678,0,NaN,NaN,428,500,1.28464406088359,0.496572493850699,0.962849078373242,NaN,NaN,0
广阔,RRT#,36,20263939,1,224.036767066466,0.0156157,0.0047041,0.0154685,0,NaN,NaN,465,500,6.50482943924767,0.868481887259656,0.908988089983054,NaN,NaN,0
广阔,APF-only,36,20263939,1,301.840641895898,0.0038189,0.0036595,0.0038189,NaN,NaN,NaN,NaN,72,53.671042473467,0.127432159127466,0.6746830105535,1,8,0
广阔,AB-IRRT*,36,20263939,1,221.226373504114,0.0211059,0.0044133,0.0164016,0,0.0044133,0.0165628,334,500,1.3222034995512,0.157996066854144,0.920535602315692,1,8,0
广阔,RRT*,37,20263940,1,227.099769348126,0.0110145,0.00389,0.0109163,0,NaN,NaN,433,500,5.52635159132011,0.16662854417932,0.896728136564294,NaN,NaN,0
广阔,Informed-RRT*,37,20263940,1,224.926301529483,0.0204737,0.0078855,0.0202587,0,NaN,NaN,385,500,4.06539701201824,0.167079088632939,0.905393240350025,NaN,NaN,0
广阔,PRM*,37,20263940,1,224.888166538119,0.0537258,0.0001008,0.0536381,0,NaN,NaN,502,500,2.87503430914339,0.455628020380304,0.905546770719958,NaN,NaN,0
广阔,FMT*,37,20263940,1,210.783745938164,0.0090907,0.0045276,0.008981,0,NaN,NaN,502,500,0.965628602652094,0.0814866514934796,0.966140686395561,NaN,NaN,0
广阔,BIT*,37,20263940,1,209.091149117355,0.4801061,0.0141499,0.4799758,0,NaN,NaN,384,500,0.884804989021998,0.110865299297073,0.973961613589995,NaN,NaN,0
广阔,RRT#,37,20263940,1,227.099769348126,0.0156619,0.0046662,0.0155611,0,NaN,NaN,433,500,5.52635159132011,0.16662854417932,0.896728136564294,NaN,NaN,0
广阔,APF-only,37,20263940,1,301.840641895898,0.0020527,0.0019533,0.0020527,NaN,NaN,NaN,NaN,72,53.671042473467,0.127432159127466,0.6746830105535,1,8,0
广阔,AB-IRRT*,37,20263940,1,211.832023899044,0.0153107,0.0026167,0.0124784,0,0.0026167,0.0125967,330,500,2.92938159261537,0.140236079720298,0.961359615195767,1,8,0
广阔,RRT*,38,20263941,1,217.771357351564,0.0123755,0.0048626,0.0122987,0,NaN,NaN,404,500,5.48982670649667,0.207685867810805,0.935140210624505,NaN,NaN,0
广阔,Informed-RRT*,38,20263941,1,212.12440256448,0.0148161,0.0043647,0.0145306,0,NaN,NaN,367,500,5.52793331469475,0.729345465762203,0.960034538788258,NaN,NaN,0
广阔,PRM*,38,20263941,1,212.064274289042,0.0669888,0.0002032,0.0668862,0,NaN,NaN,502,500,1.37611464027744,0.172339517624771,0.960306745039745,NaN,NaN,0
广阔,FMT*,38,20263941,1,214.044550890845,0.0184422,0.007099,0.0183307,0,NaN,NaN,502,500,2.06411496548151,0.205255072575481,0.951422272298716,NaN,NaN,0
广阔,BIT*,38,20263941,1,210.78583574982,0.2891495,0.0224,0.2890057,0,NaN,NaN,433,500,1.29931838103089,0.208277117396505,0.966131107706081,NaN,NaN,0
广阔,RRT#,38,20263941,1,217.19230168644,0.015044,0.0045723,0.0149171,0,NaN,NaN,404,500,5.09302042917003,0.192649738271408,0.93763338479524,NaN,NaN,0
广阔,APF-only,38,20263941,1,301.840641895898,0.0022444,0.0021424,0.0022444,NaN,NaN,NaN,NaN,72,53.671042473467,0.127432159127466,0.6746830105535,1,8,0
广阔,AB-IRRT*,38,20263941,1,221.226373504114,0.0109273,0.0023363,0.0084229,0,0.0023363,0.0085122,212,500,1.3222034995512,0.157996066854144,0.920535602315692,1,8,0
广阔,RRT*,39,20263942,1,244.40296053681,0.0142663,0.0069201,0.0141874,0,NaN,NaN,419,500,7.17316133265328,0.136521673147483,0.833241759978819,NaN,NaN,0
广阔,Informed-RRT*,39,20263942,1,244.244900250111,0.0135803,0.006658,0.0134795,0,NaN,NaN,409,500,8.25455973032556,0.19496307906894,0.833780982829888,NaN,NaN,0
广阔,PRM*,39,20263942,1,223.092437434924,0.066691,0.0001358,0.0666006,0,NaN,NaN,502,500,2.18990573885886,0.491504820739441,0.912835752404781,NaN,NaN,0
广阔,FMT*,39,20263942,1,214.885885359308,0.0179393,0.005131,0.0178371,0,NaN,NaN,502,500,2.97932917058091,0.0689193276767242,0.947697205152449,NaN,NaN,0
广阔,BIT*,39,20263942,1,209.9878604364,1.1550546,0.0313584,1.1549173,0,NaN,NaN,412,500,1.1442303889468,0.317778792429487,0.96980250457576,NaN,NaN,0
广阔,RRT#,39,20263942,1,244.40296053681,0.0126762,0.0062349,0.0125585,0,NaN,NaN,419,500,7.17316133265328,0.136521673147483,0.833241759978819,NaN,NaN,0
广阔,APF-only,39,20263942,1,301.840641895898,0.0018942,0.0018056,0.0018942,NaN,NaN,NaN,NaN,72,53.671042473467,0.127432159127466,0.6746830105535,1,8,0
广阔,AB-IRRT*,39,20263942,1,221.226373504114,0.0110145,0.0020272,0.0088283,0,0.0020272,0.0089137,289,500,1.3222034995512,0.157996066854144,0.920535602315692,1,8,0
广阔,RRT*,40,20263943,1,223.756892073742,0.0104642,0.0057385,0.0103946,0,NaN,NaN,397,500,4.16404012671173,0.00426018745654844,0.910125051766502,NaN,NaN,0
广阔,Informed-RRT*,40,20263943,1,222.958439765166,0.0167799,0.009368,0.0166198,0,NaN,NaN,365,500,4.05615105843122,0.0054013667808217,0.913384365248607,NaN,NaN,0
广阔,PRM*,40,20263943,1,223.93964555431,0.0647322,0.0006358,0.0646347,0,NaN,NaN,502,500,1.39355057837627,0.384787778199198,0.909382313603496,NaN,NaN,0
广阔,FMT*,40,20263943,1,239.847103124606,0.0347877,0.0076737,0.0346589,0,NaN,NaN,502,500,4.09029937656075,0.62245786739085,0.849069054112887,NaN,NaN,0
广阔,BIT*,40,20263943,1,209.353092115253,0.4698295,0.0225339,0.4696973,0,NaN,NaN,429,500,0.858183861865485,0.115657068351008,0.972742990916104,NaN,NaN,0
广阔,RRT#,40,20263943,1,223.756892073742,0.0148428,0.0071739,0.0147261,0,NaN,NaN,397,500,4.16404012671173,0.00426018745654844,0.910125051766502,NaN,NaN,0
广阔,APF-only,40,20263943,1,301.840641895898,0.0018511,0.0017602,0.0018511,NaN,NaN,NaN,NaN,72,53.671042473467,0.127432159127466,0.6746830105535,1,8,0
广阔,AB-IRRT*,40,20263943,1,217.43528560329,0.0163316,0.0025683,0.0135487,0,0.0025683,0.0136711,343,500,5.27217934348422,0.200360992049156,0.936585579551602,1,8,0
广阔,RRT*,41,20263944,1,285.165468851758,0.0102378,0.0081945,0.0101767,0,NaN,NaN,387,500,9.94889385945627,0.0231976049290683,0.714135388838369,NaN,NaN,0
广阔,Informed-RRT*,41,20263944,1,283.761755701314,0.0147415,0.0121152,0.0146175,0,NaN,NaN,386,500,10.1730584461346,0.0248814780883713,0.717668075031518,NaN,NaN,0
广阔,PRM*,41,20263944,1,211.205973247362,0.0655554,0.0001522,0.0654619,0,NaN,NaN,502,500,1.27102029990985,0.402668931876898,0.964209249627693,NaN,NaN,0
广阔,FMT*,41,20263944,1,254.422660692685,0.0212917,0.0086492,0.021197,0,NaN,NaN,502,500,4.57413496826453,0.0346129208720356,0.800426944782677,NaN,NaN,0
广阔,BIT*,41,20263944,1,210.300971018449,0.2472491,0.0212909,0.247129,0,NaN,NaN,431,500,1.22975624758209,0.208597989817964,0.968358595756843,NaN,NaN,0
广阔,RRT#,41,20263944,1,282.24807945387,0.0148686,0.0117788,0.0147725,0,NaN,NaN,387,500,9.11673814072851,0.0235389324127446,0.721516877548883,NaN,NaN,0
广阔,APF-only,41,20263944,1,301.840641895898,0.0020443,0.0019484,0.0020443,NaN,NaN,NaN,NaN,72,53.671042473467,0.127432159127466,0.6746830105535,1,8,0
广阔,AB-IRRT*,41,20263944,1,211.631659079868,0.0146281,0.0024805,0.0119292,0,0.0024805,0.0120617,298,500,4.39372361861176,0.163331934572724,0.962269793976671,1,8,0
广阔,RRT*,42,20263945,1,240.430913326705,0.0125356,0.0046222,0.0124358,0,NaN,NaN,386,500,8.11252910130526,0.184951125227096,0.847007359261679,NaN,NaN,0
广阔,Informed-RRT*,42,20263945,1,221.394403013814,0.0129409,0.0048436,0.0128165,0,NaN,NaN,362,500,9.06666956667423,0.312027988033874,0.919836952558457,NaN,NaN,0
广阔,PRM*,42,20263945,1,224.044949704049,0.0643024,0.0001841,0.0642265,0,NaN,NaN,502,500,2.80526660173582,2.39975154506112,0.908954891644432,NaN,NaN,0
广阔,FMT*,42,20263945,1,218.286363812333,0.009478,0.002569,0.0093818,0,NaN,NaN,502,500,3.54804535983438,1.14582896638331,0.932933919577342,NaN,NaN,0
广阔,BIT*,42,20263945,1,210.525857363787,0.5840703,0.0232591,0.583829,0,NaN,NaN,424,500,0.927631904321849,1.14320529611632,0.967324183032899,NaN,NaN,0
广阔,RRT#,42,20263945,1,240.430913326705,0.0133345,0.0060895,0.0132393,0,NaN,NaN,386,500,8.11252910130526,0.184951125227096,0.847007359261679,NaN,NaN,0
广阔,APF-only,42,20263945,1,301.840641895898,0.0015668,0.0014912,0.0015668,NaN,NaN,NaN,NaN,72,53.671042473467,0.127432159127466,0.6746830105535,1,8,0
广阔,AB-IRRT*,42,20263945,1,221.226373504114,0.0160931,0.0044743,0.0114134,0,0.0044743,0.0115163,299,500,1.3222034995512,0.157996066854144,0.920535602315692,1,8,0
广阔,RRT*,43,20263946,1,217.405456114058,0.0102738,0.0031811,0.0102018,0,NaN,NaN,414,500,5.66702836839277,0.0931046362121748,0.936714085385631,NaN,NaN,0
广阔,Informed-RRT*,43,20263946,1,211.537534632944,0.0130937,0.0041217,0.0129686,0,NaN,NaN,384,500,4.0800843567109,0.10483760694008,0.962697959655669,NaN,NaN,0
广阔,PRM*,43,20263946,1,222.354314303588,0.0594307,0.0001878,0.0593441,0,NaN,NaN,502,500,2.59743877831819,0.0745328399590548,0.915865984519105,NaN,NaN,0
广阔,FMT*,43,20263946,1,216.590522529103,0.030317,0.0030598,0.0301935,0,NaN,NaN,502,500,1.76326160685833,0.0997432519903843,0.940238522922266,NaN,NaN,0
广阔,BIT*,43,20263946,1,209.493065226028,0.2445437,0.0165233,0.2443592,0,NaN,NaN,440,500,0.734592470031731,0.421364888751489,0.97209305120437,NaN,NaN,0
广阔,RRT#,43,20263946,1,217.405456114058,0.0150483,0.0049903,0.0149314,0,NaN,NaN,414,500,5.66702836839277,0.0931046362121748,0.936714085385631,NaN,NaN,0
广阔,APF-only,43,20263946,1,301.840641895898,0.0021522,0.0020466,0.0021522,NaN,NaN,NaN,NaN,72,53.671042473467,0.127432159127466,0.6746830105535,1,8,0
广阔,AB-IRRT*,43,20263946,1,213.939330120361,0.0141346,0.0024738,0.0114318,0,0.0024738,0.0115622,353,500,5.51497865834597,0.202557593225521,0.95189020582216,1,8,0
广阔,RRT*,44,20263947,1,222.227264105449,0.0122101,0.0067977,0.0121342,0,NaN,NaN,376,500,7.92048638550677,0.271381581783794,0.916389596935747,NaN,NaN,0
广阔,Informed-RRT*,44,20263947,1,217.775734978294,0.0116302,0.0058588,0.0115209,0,NaN,NaN,351,500,5.8950072496952,0.0497922075338124,0.935121412870095,NaN,NaN,0
广阔,PRM*,44,20263947,1,235.216653684698,0.0647469,0.0003941,0.0646514,0,NaN,NaN,502,500,3.5771346331834,1.36087606076012,0.865783735086671,NaN,NaN,0
广阔,FMT*,44,20263947,1,217.123530491972,0.0163751,0.0054685,0.0162759,0,NaN,NaN,502,500,2.1524770324233,0.389930440678453,0.937930368579999,NaN,NaN,0
广阔,BIT*,44,20263947,1,209.733355242159,0.3097148,0.0219616,0.3095944,0,NaN,NaN,427,500,0.599960342576956,0.20237479227546,0.970979331096833,NaN,NaN,0
广阔,RRT#,44,20263947,1,222.087383949364,0.011327,0.0057897,0.0112462,0,NaN,NaN,376,500,7.68804934083585,0.271456218658102,0.916966778392766,NaN,NaN,0
广阔,APF-only,44,20263947,1,301.840641895898,0.0017637,0.0016949,0.0017637,NaN,NaN,NaN,NaN,72,53.671042473467,0.127432159127466,0.6746830105535,1,8,0
广阔,AB-IRRT*,44,20263947,1,217.109618927084,0.0151283,0.0016792,0.0132433,0,0.0016792,0.0133751,254,500,6.29101817848624,0.586333484738465,0.937990467617746,1,8,0
广阔,RRT*,45,20263948,1,213.013167195632,0.0109483,0.0038078,0.010874,0,NaN,NaN,438,500,4.70750753516723,0.299955999762156,0.956028942542765,NaN,NaN,0
广阔,Informed-RRT*,45,20263948,1,211.241331592416,0.0131077,0.0038134,0.0130185,0,NaN,NaN,384,500,3.78623994416578,0.185680137228019,0.964047856764397,NaN,NaN,0
广阔,PRM*,45,20263948,1,235.788285037253,0.0579651,0.0001219,0.0578852,0,NaN,NaN,502,500,3.79032193109421,0.628572721625412,0.863684779545137,NaN,NaN,0
广阔,FMT*,45,20263948,1,229.957759339793,0.0154293,0.0038851,0.0153461,0,NaN,NaN,502,500,2.78649493841731,0.251516185184638,0.885583306979481,NaN,NaN,0
广阔,BIT*,45,20263948,1,209.436592186555,0.2952387,0.0129783,0.2951399,0,NaN,NaN,433,500,0.764356925230966,0.00487981625713196,0.97235516895886,NaN,NaN,0
广阔,RRT#,45,20263948,1,213.013167195632,0.0134101,0.0041392,0.0132791,0,NaN,NaN,438,500,4.70750753516723,0.299955999762156,0.956028942542765,NaN,NaN,0
广阔,APF-only,45,20263948,1,301.840641895898,0.002392,0.0022863,0.002392,NaN,NaN,NaN,NaN,72,53.671042473467,0.127432159127466,0.6746830105535,1,8,0
广阔,AB-IRRT*,45,20263948,1,221.226373504114,0.0157702,0.002342,0.0132486,0,0.002342,0.0133451,375,500,1.3222034995512,0.157996066854144,0.920535602315692,1,8,0
广阔,RRT*,46,20263949,1,230.373690750373,0.0140628,0.0058543,0.0139749,0,NaN,NaN,419,500,5.82285693598285,0.301583127934478,0.883984418179036,NaN,NaN,0
广阔,Informed-RRT*,46,20263949,1,228.261531716942,0.0154531,0.0059049,0.0153321,0,NaN,NaN,404,500,6.11936436316018,0.289439610033412,0.892164139309552,NaN,NaN,0
广阔,PRM*,46,20263949,1,216.544577622095,0.0599486,0.0002264,0.0598693,0,NaN,NaN,502,500,2.21657685176291,0.805561403618102,0.940438016125816,NaN,NaN,0
广阔,FMT*,46,20263949,1,237.460634670833,0.0357128,0.0085349,0.0355909,0,NaN,NaN,502,500,2.97152958692578,0.40104770545207,0.857602159044256,NaN,NaN,0
广阔,BIT*,46,20263949,1,209.117766091424,0.3343395,0.0228791,0.3342134,0,NaN,NaN,419,500,0.910663260620024,0.00483214642892449,0.973837645591017,NaN,NaN,0
广阔,RRT#,46,20263949,1,230.373690750373,0.0141448,0.0057252,0.014024,0,NaN,NaN,419,500,5.82285693598285,0.301583127934478,0.883984418179036,NaN,NaN,0
广阔,APF-only,46,20263949,1,301.840641895898,0.0022042,0.002105,0.0022042,NaN,NaN,NaN,NaN,72,53.671042473467,0.127432159127466,0.6746830105535,1,8,0
广阔,AB-IRRT*,46,20263949,1,221.226373504114,0.011413,0.0027553,0.0084839,0,0.0027553,0.0085737,258,500,1.3222034995512,0.157996066854144,0.920535602315692,1,8,0
广阔,RRT*,47,20263950,1,213.56613410336,0.0137589,0.0034051,0.013674,0,NaN,NaN,416,500,3.06608187574078,0.693535811393819,0.953553585809471,NaN,NaN,0
广阔,Informed-RRT*,47,20263950,1,212.668293785801,0.0122806,0.0030263,0.0121666,0,NaN,NaN,371,500,2.75048135692324,0.652350144357611,0.957579286298492,NaN,NaN,0
广阔,PRM*,47,20263950,1,218.021282197325,0.0663014,0.0001926,0.0662307,0,NaN,NaN,502,500,2.30056465554688,0.356800271669869,0.93406822916219,NaN,NaN,0
广阔,FMT*,47,20263950,1,221.796591027177,0.0161203,0.0059744,0.0160375,0,NaN,NaN,502,500,1.42957248733568,0.389257726542882,0.918168994566615,NaN,NaN,0
广阔,BIT*,47,20263950,1,209.158667222692,0.8102321,0.0238964,0.8101124,0,NaN,NaN,408,500,0.93358756080993,0.410922146048239,0.973647210922903,NaN,NaN,0
广阔,RRT#,47,20263950,1,213.56613410336,0.020012,0.0079855,0.0198725,0,NaN,NaN,416,500,3.06608187574078,0.693535811393819,0.953553585809471,NaN,NaN,0
广阔,APF-only,47,20263950,1,301.840641895898,0.0017074,0.001624,0.0017074,NaN,NaN,NaN,NaN,72,53.671042473467,0.127432159127466,0.6746830105535,1,8,0
广阔,AB-IRRT*,47,20263950,1,211.450694871571,0.0137178,0.0016085,0.0118827,0,0.0016085,0.0120261,335,500,4.98259374095485,0.0514946322552046,0.963093325871616,1,8,0
广阔,RRT*,48,20263951,1,233.429114252411,0.0117674,0.0055479,0.0116951,0,NaN,NaN,434,500,6.64201353477285,0.746553917494649,0.872413681703469,NaN,NaN,0
广阔,Informed-RRT*,48,20263951,1,229.998280151373,0.0163881,0.0036035,0.0162668,0,NaN,NaN,409,500,6.692577210373,0.18322517169131,0.885427286011425,NaN,NaN,0
广阔,PRM*,48,20263951,1,234.568141008225,0.062026,0.0002673,0.0619181,0,NaN,NaN,502,500,3.86945175294292,0.345969084604524,0.868177375266766,NaN,NaN,0
广阔,FMT*,48,20263951,1,241.143884764579,0.0115558,0.0042588,0.011467,0,NaN,NaN,502,500,3.47494241280761,2.26047386893004,0.844503078237041,NaN,NaN,0
广阔,BIT*,48,20263951,1,209.563782106541,0.5918829,0.0204685,0.591788,0,NaN,NaN,437,500,0.852248296123109,0.310393905132354,0.97176502034208,NaN,NaN,0
广阔,RRT#,48,20263951,1,233.429114252411,0.0125606,0.004429,0.012476,0,NaN,NaN,434,500,6.64201353477285,0.746553917494649,0.872413681703469,NaN,NaN,0
广阔,APF-only,48,20263951,1,301.840641895898,0.0022963,0.0021835,0.0022963,NaN,NaN,NaN,NaN,72,53.671042473467,0.127432159127466,0.6746830105535,1,8,0
广阔,AB-IRRT*,48,20263951,1,214.480241194583,0.0118237,0.0020267,0.0096275,0,0.0020267,0.0097258,336,500,5.09383328853485,0.0911263840587466,0.94948957464558,1,8,0
广阔,RRT*,49,20263952,1,225.227952801376,0.0101945,0.0060426,0.0101363,0,NaN,NaN,420,500,6.20836225725737,0.0425504453356567,0.904180633215262,NaN,NaN,0
广阔,Informed-RRT*,49,20263952,1,222.529548302796,0.0178339,0.0129202,0.0176412,0,NaN,NaN,401,500,5.47061465209102,0.0419883592136614,0.915144773064579,NaN,NaN,0
广阔,PRM*,49,20263952,1,215.269272100807,0.0597827,6.73e-05,0.059694,0,NaN,NaN,502,500,2.55091871910754,0.359320212513678,0.946009390910009,NaN,NaN,0
广阔,FMT*,49,20263952,1,265.162160464884,0.0203854,0.0034708,0.0202755,0,NaN,NaN,502,500,3.9006809760059,7.49405780968164,0.76800834864481,NaN,NaN,0
广阔,BIT*,49,20263952,1,210.764348112011,0.3098601,0.0128775,0.3097428,0,NaN,NaN,450,500,1.70872446989624,0.24553352923591,0.966229605746686,NaN,NaN,0
广阔,RRT#,49,20263952,1,225.227952801376,0.0153308,0.0087977,0.0152224,0,NaN,NaN,420,500,6.20836225725737,0.0425504453356567,0.904180633215262,NaN,NaN,0
广阔,APF-only,49,20263952,1,301.840641895898,0.0018908,0.0018031,0.0018908,NaN,NaN,NaN,NaN,72,53.671042473467,0.127432159127466,0.6746830105535,1,8,0
广阔,AB-IRRT*,49,20263952,1,221.226373504114,0.0097019,0.0017349,0.00783,0,0.0017349,0.0079033,301,500,1.3222034995512,0.157996066854144,0.920535602315692,1,8,0
广阔,RRT*,50,20263953,1,222.488452837232,0.0104577,0.0042968,0.0103956,0,NaN,NaN,411,500,6.28506889564607,0.401917976811607,0.915313807906738,NaN,NaN,0
广阔,Informed-RRT*,50,20263953,1,220.826483393038,0.0174373,0.0074872,0.0173328,0,NaN,NaN,379,500,4.94805715705121,0.403667342449872,0.922202581197043,NaN,NaN,0
广阔,PRM*,50,20263953,1,223.277325956093,0.0667481,0.0003948,0.0666772,0,NaN,NaN,502,500,3.7605399724195,1.98244734229525,0.912079863504689,NaN,NaN,0
广阔,FMT*,50,20263953,1,215.08140663474,0.0176091,0.0033982,0.0175308,0,NaN,NaN,502,500,0.933450992769869,0.254965135672009,0.946835694298611,NaN,NaN,0
广阔,BIT*,50,20263953,1,210.705945847058,0.261895,0.0166312,0.2617884,0,NaN,NaN,429,500,0.873304866435898,0.146314041180759,0.966497419724185,NaN,NaN,0
广阔,RRT#,50,20263953,1,222.488452837232,0.0129456,0.005931,0.0128354,0,NaN,NaN,411,500,6.28506889564607,0.401917976811607,0.915313807906738,NaN,NaN,0
广阔,APF-only,50,20263953,1,301.840641895898,0.001793,0.0017104,0.001793,NaN,NaN,NaN,NaN,72,53.671042473467,0.127432159127466,0.6746830105535,1,8,0
广阔,AB-IRRT*,50,20263953,1,218.050095760065,0.0150775,0.0027042,0.0121632,0,0.0027042,0.0122887,273,500,7.98451043501522,0.00892555239862958,0.933944799574,1,8,0
