scenario,algorithm,run,seed,success,length,time,firstSolutionTime,tPlanner,tShortcut,tPre,tOpt,nodes,iterations,turnSum,minClear,straightness,escapes,sideFlips,fallback
一般,RRT*,1,20261904,1,211.713585914951,0.0189102,0.0121641,0.0166417,0,NaN,NaN,191,250,4.17113705992187,0.695344949490458,0.96189742430386,NaN,NaN,0
一般,Informed-RRT*,1,20261904,1,212.096563560742,0.0166062,0.0092952,0.0143949,0,NaN,NaN,186,250,3.88795822000322,0.688274866448271,0.960160549340552,NaN,NaN,0
一般,PRM*,1,20261904,1,219.069139780528,0.0364142,0.0075291,0.0338266,0,NaN,NaN,252,250,2.25578838195919,0.11620742072168,0.929600368110939,NaN,NaN,0
一般,FMT*,1,20261904,1,218.695625137044,0.0448814,0.0249006,0.0397441,0,NaN,NaN,252,250,2.12259191562196,0.0533733262349632,0.931188051220101,NaN,NaN,0
一般,BIT*,1,20261904,1,214.248611207651,0.0699614,0.0206453,0.0667267,0,NaN,NaN,107,250,3.5766300949691,0.535092267885663,0.950516093587882,NaN,NaN,0
一般,RRT#,1,20261904,1,211.713585914951,0.0206608,0.0110184,0.017373,0,NaN,NaN,191,250,4.17113705992187,0.695344949490458,0.96189742430386,NaN,NaN,0
一般,APF-only,1,20261904,1,229.358752665851,0.0088594,0.0082484,0.0088594,NaN,NaN,NaN,NaN,52,16.5135672987644,0.40276509044968,0.887896147911194,1,5,0
一般,AB-IRRT*,1,20261904,1,212.320830966407,0.016272,0.002479,0.0106491,0,0.002479,0.0115069,197,250,3.99538179110983,0.404071672326772,0.959146363806131,1,5,0
一般,RRT*,2,20261905,1,216.415001005241,0.0172427,0.0139348,0.0162054,0,NaN,NaN,192,250,4.98642116224202,0.833339680439364,0.941001095283565,NaN,NaN,0
一般,Informed-RRT*,2,20261905,1,214.323903455085,0.0096433,0.0078524,0.0087878,0,NaN,NaN,193,250,4.44225330224154,0.832568238203057,0.950182176130453,NaN,NaN,0
一般,PRM*,2,20261905,1,214.628739937914,0.0321267,0.0007086,0.0320318,0,NaN,NaN,252,250,2.88828323267237,1,0.948832635557731,NaN,NaN,0
一般,FMT*,2,20261905,1,222.371693861248,0.0382899,0.0146759,0.0380648,0,NaN,NaN,252,250,3.63698636930445,0.128111296428189,0.915794404609761,NaN,NaN,0
一般,BIT*,2,20261905,1,218.939890542162,0.1070893,0.1067344,0.1068412,0,NaN,NaN,206,250,1.99207133329639,0.128111508067336,0.930149149510554,NaN,NaN,0
一般,RRT#,2,20261905,1,216.415001005241,0.0104102,0.0078919,0.0090236,0,NaN,NaN,192,250,4.98642116224202,0.833339680439364,0.941001095283565,NaN,NaN,0
一般,APF-only,2,20261905,1,229.358752665851,0.0023754,0.0022662,0.0023754,NaN,NaN,NaN,NaN,52,16.5135672987644,0.40276509044968,0.887896147911194,1,5,0
一般,AB-IRRT*,2,20261905,1,211.020600169104,0.0118628,0.0019395,0.0091473,0,0.0019395,0.0098331,201,250,2.71623572843472,0.036729475060568,0.96505626852796,1,5,0
一般,RRT*,3,20261906,0,Inf,0.0076335,NaN,0.0072595,0,NaN,NaN,174,250,NaN,NaN,NaN,NaN,NaN,0
一般,Informed-RRT*,3,20261906,0,Inf,0.0081899,NaN,0.00755,0,NaN,NaN,174,250,NaN,NaN,NaN,NaN,NaN,0
一般,PRM*,3,20261906,1,216.617604191455,0.0264605,0.0004675,0.0263518,0,NaN,NaN,252,250,2.29528030216376,1,0.940120973740136,NaN,NaN,0
一般,FMT*,3,20261906,0,Inf,0.0050685,NaN,0.0049589,0,NaN,NaN,252,250,NaN,NaN,NaN,NaN,NaN,0
一般,BIT*,3,20261906,1,236.790098332292,0.0812745,0.0808457,0.0810205,0,NaN,NaN,206,250,6.29042878715871,0.450150921985875,0.860030695607654,NaN,NaN,0
一般,RRT#,3,20261906,0,Inf,0.0085175,NaN,0.0084112,0,NaN,NaN,174,250,NaN,NaN,NaN,NaN,NaN,0
一般,APF-only,3,20261906,1,229.358752665851,0.0018266,0.0017144,0.0018266,NaN,NaN,NaN,NaN,52,16.5135672987644,0.40276509044968,0.887896147911194,1,5,0
一般,AB-IRRT*,3,20261906,1,211.374587131647,0.010971,0.0021107,0.0086048,0,0.0021107,0.0087663,192,250,3.08860017068266,0.0380099251336166,0.963440098193508,1,5,0
一般,RRT*,4,20261907,1,217.692359706142,0.0108177,0.0059594,0.0093081,0,NaN,NaN,185,250,6.10631898649627,1,0.935479560498238,NaN,NaN,0
一般,Informed-RRT*,4,20261907,1,217.312467273215,0.0098961,0.0048988,0.0088747,0,NaN,NaN,185,250,4.83621351447101,0.940433937483526,0.937114908946719,NaN,NaN,0
一般,PRM*,4,20261907,1,214.862808405176,0.0256205,0.0026798,0.0255218,0,NaN,NaN,252,250,2.34049503332025,1,0.947798990869094,NaN,NaN,0
一般,FMT*,4,20261907,1,226.214641114853,0.012871,0.0104368,0.0122064,0,NaN,NaN,252,250,3.12189818397822,0.14060535932167,0.900236836917779,NaN,NaN,0
一般,BIT*,4,20261907,1,220.387655561901,0.058442,0.0417911,0.0583202,0,NaN,NaN,183,250,2.70425109615709,0.357912003734842,0.924038837213942,NaN,NaN,0
一般,RRT#,4,20261907,1,217.087762034231,0.0106116,0.0057697,0.0103216,0,NaN,NaN,185,250,5.32201432207869,0.212117537924534,0.938084906645332,NaN,NaN,0
一般,APF-only,4,20261907,1,229.358752665851,0.0017906,0.001691,0.0017906,NaN,NaN,NaN,NaN,52,16.5135672987644,0.40276509044968,0.887896147911194,1,5,0
一般,AB-IRRT*,4,20261907,1,210.377813804854,0.0091085,0.0017377,0.0071634,0,0.0017377,0.0072841,185,250,2.88669604797577,0.115997112257059,0.968004892239388,1,5,0
一般,RRT*,5,20261908,1,216.182982567301,0.0072087,0.0058205,0.0069931,0,NaN,NaN,162,250,5.26080027415697,0.586064271184529,0.942011024934986,NaN,NaN,0
一般,Informed-RRT*,5,20261908,1,216.153034970311,0.0060904,0.0052587,0.0059569,0,NaN,NaN,159,250,5.26080027415697,0.587245072383066,0.942141538793092,NaN,NaN,0
一般,PRM*,5,20261908,1,232.54381027573,0.0288925,0.000879,0.0287982,0,NaN,NaN,252,250,6.30114322821987,1,0.875734996946422,NaN,NaN,0
一般,FMT*,5,20261908,1,214.850088163174,0.0133744,0.0073272,0.0116717,0,NaN,NaN,252,250,2.16047310836514,0.340007025969634,0.94785510549598,NaN,NaN,0
一般,BIT*,5,20261908,1,212.828036128755,0.0455573,0.0345283,0.0442382,0,NaN,NaN,185,250,1.33026623382515,0.33993488712377,0.956860555996132,NaN,NaN,0
一般,RRT#,5,20261908,1,216.182982567301,0.0095061,0.0066775,0.0091761,0,NaN,NaN,162,250,5.26080027415697,0.586064271184529,0.942011024934986,NaN,NaN,0
一般,APF-only,5,20261908,1,229.358752665851,0.0020246,0.001881,0.0020246,NaN,NaN,NaN,NaN,52,16.5135672987644,0.40276509044968,0.887896147911194,1,5,0
一般,AB-IRRT*,5,20261908,1,212.066217241666,0.0138565,0.0047842,0.0087501,0,0.0047842,0.0089403,182,250,3.61917823078613,0.0356795941507961,0.960297946700554,1,5,0
一般,RRT*,6,20261909,0,Inf,0.0055374,NaN,0.0054748,0,NaN,NaN,165,250,NaN,NaN,NaN,NaN,NaN,0
一般,Informed-RRT*,6,20261909,0,Inf,0.0062531,NaN,0.0061526,0,NaN,NaN,165,250,NaN,NaN,NaN,NaN,NaN,0
一般,PRM*,6,20261909,1,226.757615517738,0.0329577,0.0018928,0.0328424,0,NaN,NaN,252,250,3.18110173000011,0.0230334074004563,0.898081206740313,NaN,NaN,0
一般,FMT*,6,20261909,0,Inf,0.004785,NaN,0.0046634,0,NaN,NaN,252,250,NaN,NaN,NaN,NaN,NaN,0
一般,BIT*,6,20261909,1,223.853495257978,0.0740253,0.0736461,0.0737886,0,NaN,NaN,209,250,3.46258198196585,0.139696577591364,0.909732290519007,NaN,NaN,0
一般,RRT#,6,20261909,0,Inf,0.0080476,NaN,0.0079664,0,NaN,NaN,165,250,NaN,NaN,NaN,NaN,NaN,0
一般,APF-only,6,20261909,1,229.358752665851,0.0018655,0.0017617,0.0018655,NaN,NaN,NaN,NaN,52,16.5135672987644,0.40276509044968,0.887896147911194,1,5,0
一般,AB-IRRT*,6,20261909,1,210.828603520734,0.0106025,0.0021376,0.0082114,0,0.0021376,0.0083626,192,250,3.29029835444632,0.0356717724350002,0.965935122563662,1,5,0
一般,RRT*,7,20261910,1,221.892949354521,0.0103241,0.0071746,0.0093995,0,NaN,NaN,193,250,5.58555934310357,0.260842883817979,0.917770274243176,NaN,NaN,0
一般,Informed-RRT*,7,20261910,1,222.546108856491,0.0088741,0.0074068,0.0087104,0,NaN,NaN,188,250,6.16089734363988,0.26263745112125,0.91507667345039,NaN,NaN,0
一般,PRM*,7,20261910,1,226.710067697282,0.0325506,0.0013296,0.032451,0,NaN,NaN,252,250,2.65115495820918,0.546704953196208,0.898269560986803,NaN,NaN,0
一般,FMT*,7,20261910,0,Inf,0.005542,NaN,0.0054403,0,NaN,NaN,252,250,NaN,NaN,NaN,NaN,NaN,0
一般,BIT*,7,20261910,1,216.120907105087,0.0606436,0.0595929,0.0598127,0,NaN,NaN,212,250,0.88923360533665,0.0874188343077709,0.942281594638616,NaN,NaN,0
一般,RRT#,7,20261910,1,222.09785302969,0.0111675,0.0084982,0.009666,0,NaN,NaN,193,250,5.53787401020239,0.259767361673084,0.916923555107496,NaN,NaN,0
一般,APF-only,7,20261910,1,229.358752665851,0.0020449,0.0019182,0.0020449,NaN,NaN,NaN,NaN,52,16.5135672987644,0.40276509044968,0.887896147911194,1,5,0
一般,AB-IRRT*,7,20261910,1,211.204507311405,0.010052,0.0019068,0.0077538,0,0.0019068,0.0080269,192,250,2.80224728906618,0.0539487086654784,0.964215942046463,1,5,0
一般,RRT*,8,20261911,0,Inf,0.0104079,NaN,0.0103185,0,NaN,NaN,165,250,NaN,NaN,NaN,NaN,NaN,0
一般,Informed-RRT*,8,20261911,0,Inf,0.0073936,NaN,0.0072792,0,NaN,NaN,165,250,NaN,NaN,NaN,NaN,NaN,0
一般,PRM*,8,20261911,1,211.670829268073,0.0287264,0.0004683,0.0286278,0,NaN,NaN,252,250,2.07626970146675,0.401653751762995,0.962091723672585,NaN,NaN,0
一般,FMT*,8,20261911,1,215.722293219893,0.0234732,0.0192517,0.0227906,0,NaN,NaN,252,250,1.11896107017765,0.12138117094282,0.944022752317684,NaN,NaN,0
一般,BIT*,8,20261911,1,213.411548878019,0.0404341,0.0265276,0.0403156,0,NaN,NaN,175,250,1.97746736118307,0.081124557540976,0.954244294895799,NaN,NaN,0
一般,RRT#,8,20261911,0,Inf,0.0076681,NaN,0.0075668,0,NaN,NaN,165,250,NaN,NaN,NaN,NaN,NaN,0
一般,APF-only,8,20261911,1,229.358752665851,0.0016713,0.0015818,0.0016713,NaN,NaN,NaN,NaN,52,16.5135672987644,0.40276509044968,0.887896147911194,1,5,0
一般,AB-IRRT*,8,20261911,1,211.025994470912,0.0088372,0.0018459,0.0067923,0,0.0018459,0.0069055,192,250,2.47089947636341,0.0356374227746041,0.965031599506557,1,5,0
一般,RRT*,9,20261912,0,Inf,0.0076641,NaN,0.0075828,0,NaN,NaN,172,250,NaN,NaN,NaN,NaN,NaN,0
一般,Informed-RRT*,9,20261912,0,Inf,0.0067237,NaN,0.0066102,0,NaN,NaN,172,250,NaN,NaN,NaN,NaN,NaN,0
一般,PRM*,9,20261912,1,218.848241176204,0.0369308,0.0021011,0.0368356,0,NaN,NaN,252,250,5.15842576113502,0.786100809682377,0.930538677794358,NaN,NaN,0
一般,FMT*,9,20261912,1,214.116008310155,0.0121836,0.0089983,0.0119569,0,NaN,NaN,252,250,1.82390374664041,0.472737614749548,0.951104751993769,NaN,NaN,0
一般,BIT*,9,20261912,1,213.016731413204,0.0382326,0.0282847,0.0381231,0,NaN,NaN,166,250,0.814991594364401,0.472813654431068,0.956012946169462,NaN,NaN,0
一般,RRT#,9,20261912,0,Inf,0.0064337,NaN,0.0063611,0,NaN,NaN,172,250,NaN,NaN,NaN,NaN,NaN,0
一般,APF-only,9,20261912,1,229.358752665851,0.0020382,0.0019465,0.0020382,NaN,NaN,NaN,NaN,52,16.5135672987644,0.40276509044968,0.887896147911194,1,5,0
一般,AB-IRRT*,9,20261912,1,210.54945028678,0.0086149,0.0015226,0.0068975,0,0.0015226,0.0070132,199,250,2.55746772293161,0.402806470598783,0.967215790420481,1,5,0
一般,RRT*,10,20261913,1,214.494872184444,0.0078027,0.0056017,0.0074076,0,NaN,NaN,166,250,4.2944058194285,0.194932081509053,0.949424808657476,NaN,NaN,0
一般,Informed-RRT*,10,20261913,1,214.364181806924,0.0071749,0.0050363,0.0070397,0,NaN,NaN,167,250,3.92504241546337,0.186091091739385,0.950003639904491,NaN,NaN,0
一般,PRM*,10,20261913,1,216.004297605851,0.0221922,0.0015829,0.0220936,0,NaN,NaN,252,250,3.99939651081529,0.683520999837066,0.9427902835217,NaN,NaN,0
一般,FMT*,10,20261913,1,219.461685665991,0.0181544,0.0141833,0.018016,0,NaN,NaN,252,250,3.00097696529278,0.459926765670605,0.927937614092993,NaN,NaN,0
一般,BIT*,10,20261913,1,212.324553918568,0.0384797,0.0285744,0.0383481,0,NaN,NaN,185,250,1.20671012371569,0.459728338806682,0.959129545892414,NaN,NaN,0
一般,RRT#,10,20261913,1,214.494872184444,0.0081505,0.0059338,0.0075512,0,NaN,NaN,166,250,4.2944058194285,0.194932081509053,0.949424808657476,NaN,NaN,0
一般,APF-only,10,20261913,1,229.358752665851,0.0019239,0.0018074,0.0019239,NaN,NaN,NaN,NaN,52,16.5135672987644,0.40276509044968,0.887896147911194,1,5,0
一般,AB-IRRT*,10,20261913,1,211.055684544571,0.0088207,0.0022437,0.0063615,0,0.0022437,0.006482,175,250,3.37187346424717,0.0380290490188457,0.964895844531112,1,5,0
一般,RRT*,11,20261914,0,Inf,0.0074739,NaN,0.0074043,0,NaN,NaN,183,250,NaN,NaN,NaN,NaN,NaN,0
一般,Informed-RRT*,11,20261914,0,Inf,0.0083228,NaN,0.0082123,0,NaN,NaN,183,250,NaN,NaN,NaN,NaN,NaN,0
一般,PRM*,11,20261914,1,214.210973077056,0.0261574,0.00157,0.0259923,0,NaN,NaN,252,250,2.10465277943736,0.173332161215278,0.950683104868161,NaN,NaN,0
一般,FMT*,11,20261914,1,215.860043291877,0.015367,0.0136712,0.0152505,0,NaN,NaN,252,250,1.51233984287374,0.152471297844924,0.943420328635638,NaN,NaN,0
一般,BIT*,11,20261914,1,214.836032011169,0.0426397,0.027334,0.0425274,0,NaN,NaN,177,250,1.45896100508451,0.152413683964872,0.947917121142596,NaN,NaN,0
一般,RRT#,11,20261914,0,Inf,0.0125677,NaN,0.0124692,0,NaN,NaN,183,250,NaN,NaN,NaN,NaN,NaN,0
一般,APF-only,11,20261914,1,229.358752665851,0.0033377,0.0032121,0.0033377,NaN,NaN,NaN,NaN,52,16.5135672987644,0.40276509044968,0.887896147911194,1,5,0
一般,AB-IRRT*,11,20261914,1,212.179379805519,0.0101821,0.0017811,0.0081372,0,0.0017811,0.0082954,194,250,3.55805296504985,0.403382061927481,0.959785786763945,1,5,0
一般,RRT*,12,20261915,0,Inf,0.0056324,NaN,0.0055769,0,NaN,NaN,165,250,NaN,NaN,NaN,NaN,NaN,0
一般,Informed-RRT*,12,20261915,0,Inf,0.0061004,NaN,0.0060044,0,NaN,NaN,165,250,NaN,NaN,NaN,NaN,NaN,0
一般,PRM*,12,20261915,1,229.189675153579,0.0284643,0.0005647,0.028372,0,NaN,NaN,252,250,3.8607336371684,0.304615539163564,0.888551165515038,NaN,NaN,0
一般,FMT*,12,20261915,1,249.498383733612,0.0106169,0.0074599,0.0104938,0,NaN,NaN,252,250,5.3951187121658,0.0408842890642127,0.816224738350042,NaN,NaN,0
一般,BIT*,12,20261915,1,221.887150858441,0.05814,0.0329202,0.0573167,0,NaN,NaN,183,250,2.51314056987679,0.0409005035092544,0.917794257999409,NaN,NaN,0
一般,RRT#,12,20261915,0,Inf,0.0065534,NaN,0.0064788,0,NaN,NaN,165,250,NaN,NaN,NaN,NaN,NaN,0
一般,APF-only,12,20261915,1,229.358752665851,0.0017091,0.0016141,0.0017091,NaN,NaN,NaN,NaN,52,16.5135672987644,0.40276509044968,0.887896147911194,1,5,0
一般,AB-IRRT*,12,20261915,1,211.278730532221,0.0090241,0.0017157,0.0071096,0,0.0017157,0.0072244,196,250,2.90229475627624,0.0368965318477219,0.963877208409622,1,5,0
一般,RRT*,13,20261916,0,Inf,0.0065401,NaN,0.0064712,0,NaN,NaN,143,250,NaN,NaN,NaN,NaN,NaN,0
一般,Informed-RRT*,13,20261916,0,Inf,0.006078,NaN,0.0059769,0,NaN,NaN,143,250,NaN,NaN,NaN,NaN,NaN,0
一般,PRM*,13,20261916,1,220.50405085162,0.0318863,0.0201536,0.0317986,0,NaN,NaN,252,250,4.27649519227081,0.529548055539331,0.9235510739835,NaN,NaN,0
一般,FMT*,13,20261916,1,222.009773114691,0.0233281,0.0158968,0.0232048,0,NaN,NaN,252,250,4.066421381903,0.464644575064716,0.917287334357669,NaN,NaN,0
一般,BIT*,13,20261916,1,212.602041556602,0.0554737,0.0380938,0.0553362,0,NaN,NaN,180,250,1.6175975815441,0.0271223690439975,0.957877692475063,NaN,NaN,0
一般,RRT#,13,20261916,0,Inf,0.009869,NaN,0.0097858,0,NaN,NaN,143,250,NaN,NaN,NaN,NaN,NaN,0
一般,APF-only,13,20261916,1,229.358752665851,0.0017489,0.0016524,0.0017489,NaN,NaN,NaN,NaN,52,16.5135672987644,0.40276509044968,0.887896147911194,1,5,0
一般,AB-IRRT*,13,20261916,1,210.884053849775,0.0093058,0.0015822,0.0074941,0,0.0015822,0.0076343,197,250,2.29648066967058,0.0361820803048012,0.965681137402619,1,5,0
一般,RRT*,14,20261917,0,Inf,0.0070751,NaN,0.0070083,0,NaN,NaN,147,250,NaN,NaN,NaN,NaN,NaN,0
一般,Informed-RRT*,14,20261917,0,Inf,0.0065045,NaN,0.0063511,0,NaN,NaN,147,250,NaN,NaN,NaN,NaN,NaN,0
一般,PRM*,14,20261917,1,211.689105161275,0.0258318,0.0010516,0.025737,0,NaN,NaN,252,250,1.29069404036636,0.90244564998487,0.962008662782045,NaN,NaN,0
一般,FMT*,14,20261917,1,230.951553087132,0.0086642,0.0079455,0.0085567,0,NaN,NaN,252,250,8.25249815196337,0.0948381223051467,0.88177260667693,NaN,NaN,0
一般,BIT*,14,20261917,1,218.119106577384,0.0511573,0.0510271,0.0510435,0,NaN,NaN,216,250,4.48773482364479,0.0959383675226952,0.933649308294209,NaN,NaN,0
一般,RRT#,14,20261917,0,Inf,0.0077125,NaN,0.0076245,0,NaN,NaN,147,250,NaN,NaN,NaN,NaN,NaN,0
一般,APF-only,14,20261917,1,229.358752665851,0.0017471,0.0016433,0.0017471,NaN,NaN,NaN,NaN,52,16.5135672987644,0.40276509044968,0.887896147911194,1,5,0
一般,AB-IRRT*,14,20261917,1,211.39234930393,0.0086394,0.0016794,0.0067517,0,0.0016794,0.006876,197,250,3.17006772281417,0.0382062950677273,0.96335914545768,1,5,0
一般,RRT*,15,20261918,0,Inf,0.0067033,NaN,0.0066447,0,NaN,NaN,195,250,NaN,NaN,NaN,NaN,NaN,0
一般,Informed-RRT*,15,20261918,0,Inf,0.0071786,NaN,0.0070789,0,NaN,NaN,195,250,NaN,NaN,NaN,NaN,NaN,0
一般,PRM*,15,20261918,1,217.865888137609,0.0271867,0.0012925,0.0270903,0,NaN,NaN,252,250,2.23969713109609,0.334707102400635,0.934734458535783,NaN,NaN,0
一般,FMT*,15,20261918,1,260.378098132373,0.0254654,0.0249808,0.0253424,0,NaN,NaN,252,250,10.8666911720928,0.0412105180889579,0.782119365808541,NaN,NaN,0
一般,BIT*,15,20261918,1,228.951830635049,0.0409466,0.029353,0.0408345,0,NaN,NaN,169,250,5.90544703502318,0.416266893547593,0.889474228779329,NaN,NaN,0
一般,RRT#,15,20261918,0,Inf,0.0083159,NaN,0.0082252,0,NaN,NaN,195,250,NaN,NaN,NaN,NaN,NaN,0
一般,APF-only,15,20261918,1,229.358752665851,0.0023187,0.0020881,0.0023187,NaN,NaN,NaN,NaN,52,16.5135672987644,0.40276509044968,0.887896147911194,1,5,0
一般,AB-IRRT*,15,20261918,1,211.427551006252,0.0102868,0.002154,0.0078814,0,0.002154,0.0080301,194,250,3.04475068690096,0.0344909197976708,0.963198750647705,1,5,0
一般,RRT*,16,20261919,0,Inf,0.0052327,NaN,0.0051612,0,NaN,NaN,139,250,NaN,NaN,NaN,NaN,NaN,0
一般,Informed-RRT*,16,20261919,0,Inf,0.005521,NaN,0.0054065,0,NaN,NaN,139,250,NaN,NaN,NaN,NaN,NaN,0
一般,PRM*,16,20261919,1,220.994532562665,0.028159,0.014445,0.0280206,0,NaN,NaN,252,250,3.86755156223227,0.740608518049596,0.921501317793823,NaN,NaN,0
一般,FMT*,16,20261919,1,212.986018307963,0.0132855,0.0106781,0.0119251,0,NaN,NaN,252,250,1.17666786279372,0.321138888385441,0.956150805576668,NaN,NaN,0
一般,BIT*,16,20261919,1,212.602978956696,0.0429686,0.0343258,0.0428091,0,NaN,NaN,183,250,1.34036399712457,0.321100684138283,0.957873469041114,NaN,NaN,0
一般,RRT#,16,20261919,0,Inf,0.0060555,NaN,0.0059632,0,NaN,NaN,139,250,NaN,NaN,NaN,NaN,NaN,0
一般,APF-only,16,20261919,1,229.358752665851,0.0018511,0.0017394,0.0018511,NaN,NaN,NaN,NaN,52,16.5135672987644,0.40276509044968,0.887896147911194,1,5,0
一般,AB-IRRT*,16,20261919,1,211.915170769216,0.0100611,0.0018714,0.0079355,0,0.0018714,0.0080955,200,250,3.7312646195766,0.0378947927386957,0.960982416891263,1,5,0
一般,RRT*,17,20261920,0,Inf,0.0059233,NaN,0.0058653,0,NaN,NaN,146,250,NaN,NaN,NaN,NaN,NaN,0
一般,Informed-RRT*,17,20261920,0,Inf,0.0064244,NaN,0.0063156,0,NaN,NaN,146,250,NaN,NaN,NaN,NaN,NaN,0
一般,PRM*,17,20261920,1,218.477957718522,0.0287024,0.007677,0.028616,0,NaN,NaN,252,250,1.88757261554274,0.049170242279466,0.932115784623433,NaN,NaN,0
一般,FMT*,17,20261920,1,217.853980162683,0.0167386,0.0138213,0.0166043,0,NaN,NaN,252,250,3.35590428523761,0.320411842571941,0.934785551448966,NaN,NaN,0
一般,BIT*,17,20261920,1,212.369229549979,0.0450534,0.0316625,0.0447909,0,NaN,NaN,185,250,1.82739950612021,0.320418525912343,0.958927775993083,NaN,NaN,0
一般,RRT#,17,20261920,0,Inf,0.0071562,NaN,0.0070765,0,NaN,NaN,146,250,NaN,NaN,NaN,NaN,NaN,0
一般,APF-only,17,20261920,1,229.358752665851,0.0015945,0.001492,0.0015945,NaN,NaN,NaN,NaN,52,16.5135672987644,0.40276509044968,0.887896147911194,1,5,0
一般,AB-IRRT*,17,20261920,1,211.024012781555,0.0096589,0.0015937,0.0078379,0,0.0015937,0.0079821,190,250,2.43785257443053,0.0356372203433999,0.965040661948428,1,5,0
一般,RRT*,18,20261921,0,Inf,0.0060002,NaN,0.0059459,0,NaN,NaN,162,250,NaN,NaN,NaN,NaN,NaN,0
一般,Informed-RRT*,18,20261921,0,Inf,0.0086392,NaN,0.0085334,0,NaN,NaN,162,250,NaN,NaN,NaN,NaN,NaN,0
一般,PRM*,18,20261921,1,215.485872676473,0.0327572,0.0040492,0.0326434,0,NaN,NaN,252,250,2.72624198139784,1,0.945058487836356,NaN,NaN,0
一般,FMT*,18,20261921,1,217.306719184542,0.0084588,0.0080818,0.0083505,0,NaN,NaN,252,250,5.81200877732094,0.497996296856551,0.937139697041693,NaN,NaN,0
一般,BIT*,18,20261921,1,213.741400560477,0.0503249,0.0360853,0.0501897,0,NaN,NaN,177,250,2.71888207573886,0.498156960920971,0.952771678522361,NaN,NaN,0
一般,RRT#,18,20261921,0,Inf,0.0069955,NaN,0.0069125,0,NaN,NaN,162,250,NaN,NaN,NaN,NaN,NaN,0
一般,APF-only,18,20261921,1,229.358752665851,0.0017391,0.0016407,0.0017391,NaN,NaN,NaN,NaN,52,16.5135672987644,0.40276509044968,0.887896147911194,1,5,0
一般,AB-IRRT*,18,20261921,1,211.11264366038,0.0090766,0.0020881,0.0067549,0,0.0020881,0.0068866,190,250,2.74429409834431,0.0357968334967254,0.964635511406578,1,5,0
一般,RRT*,19,20261922,0,Inf,0.0053184,NaN,0.0052484,0,NaN,NaN,125,250,NaN,NaN,NaN,NaN,NaN,0
一般,Informed-RRT*,19,20261922,0,Inf,0.0047198,NaN,0.0046172,0,NaN,NaN,125,250,NaN,NaN,NaN,NaN,NaN,0
一般,PRM*,19,20261922,1,213.013891913308,0.0254391,0.0025382,0.0253506,0,NaN,NaN,252,250,3.33471018249979,0.133158410902084,0.956025689932964,NaN,NaN,0
一般,FMT*,19,20261922,1,215.936428353302,0.0135221,0.0079597,0.013402,0,NaN,NaN,252,250,1.35922432086672,0.415570650888766,0.943086604398824,NaN,NaN,0
一般,BIT*,19,20261922,1,210.732517349932,0.0461372,0.0264787,0.0460193,0,NaN,NaN,187,250,2.467727816415,0.341406714009667,0.966375552964899,NaN,NaN,0
一般,RRT#,19,20261922,0,Inf,0.0048817,NaN,0.0048076,0,NaN,NaN,125,250,NaN,NaN,NaN,NaN,NaN,0
一般,APF-only,19,20261922,1,229.358752665851,0.0019493,0.0018028,0.0019493,NaN,NaN,NaN,NaN,52,16.5135672987644,0.40276509044968,0.887896147911194,1,5,0
一般,AB-IRRT*,19,20261922,1,210.644241981841,0.0095395,0.0017049,0.0076183,0,0.0017049,0.0077454,189,250,2.82903099365308,0.403937953423029,0.966780535113233,1,5,0
一般,RRT*,20,20261923,1,211.842795883465,0.0064716,0.0051437,0.0063638,0,NaN,NaN,149,250,3.51880024731896,0.489349827021668,0.961310731065652,NaN,NaN,0
一般,Informed-RRT*,20,20261923,1,212.68726836322,0.0064445,0.0051162,0.0063119,0,NaN,NaN,149,250,3.52972021814348,0.483986606465918,0.957493857290718,NaN,NaN,0
一般,PRM*,20,20261923,1,214.678838090421,0.0259978,0.0018706,0.0259078,0,NaN,NaN,252,250,1.97958505111847,1,0.948611212885135,NaN,NaN,0
一般,FMT*,20,20261923,1,214.770753391064,0.0347347,0.0259015,0.0346184,0,NaN,NaN,252,250,3.62453710965664,0.294776354750814,0.948205236356909,NaN,NaN,0
一般,BIT*,20,20261923,1,212.592721220174,0.0455237,0.0307692,0.0453993,0,NaN,NaN,187,250,2.35967506242661,0.378446809645375,0.957919687056532,NaN,NaN,0
一般,RRT#,20,20261923,1,211.842795883465,0.0067614,0.0055134,0.0066323,0,NaN,NaN,149,250,3.51880024731896,0.489349827021668,0.961310731065652,NaN,NaN,0
一般,APF-only,20,20261923,1,229.358752665851,0.0024059,0.0023085,0.0024059,NaN,NaN,NaN,NaN,52,16.5135672987644,0.40276509044968,0.887896147911194,1,5,0
一般,AB-IRRT*,20,20261923,1,210.687261667218,0.0111425,0.0017381,0.0091437,0,0.0017381,0.0093049,190,250,3.13541181360577,0.0357427844020073,0.966583130703872,1,5,0
一般,RRT*,21,20261924,0,Inf,0.0067122,NaN,0.0066494,0,NaN,NaN,182,250,NaN,NaN,NaN,NaN,NaN,0
一般,Informed-RRT*,21,20261924,0,Inf,0.007296,NaN,0.0071841,0,NaN,NaN,182,250,NaN,NaN,NaN,NaN,NaN,0
一般,PRM*,21,20261924,1,217.478120116148,0.0297135,0.0004632,0.0296193,0,NaN,NaN,252,250,4.04904246258684,1,0.936401109559731,NaN,NaN,0
一般,FMT*,21,20261924,1,218.448219543329,0.0077596,0.0050022,0.0075762,0,NaN,NaN,252,250,1.69806697762179,0.38165373925457,0.93224267704014,NaN,NaN,0
一般,BIT*,21,20261924,1,213.509484663857,0.0412481,0.0313867,0.0411315,0,NaN,NaN,188,250,2.94014006611937,0.0774044485943151,0.953806587573103,NaN,NaN,0
一般,RRT#,21,20261924,0,Inf,0.0067572,NaN,0.0066886,0,NaN,NaN,182,250,NaN,NaN,NaN,NaN,NaN,0
一般,APF-only,21,20261924,1,229.358752665851,0.001682,0.0015717,0.001682,NaN,NaN,NaN,NaN,52,16.5135672987644,0.40276509044968,0.887896147911194,1,5,0
一般,AB-IRRT*,21,20261924,1,211.729443107416,0.0083501,0.0016863,0.0064725,0,0.0016863,0.0065812,200,250,3.77826926066232,0.0365333607541451,0.961825384287295,1,5,0
一般,RRT*,22,20261925,0,Inf,0.0054474,NaN,0.0053823,0,NaN,NaN,142,250,NaN,NaN,NaN,NaN,NaN,0
一般,Informed-RRT*,22,20261925,0,Inf,0.0059275,NaN,0.0058198,0,NaN,NaN,142,250,NaN,NaN,NaN,NaN,NaN,0
一般,PRM*,22,20261925,1,213.459756088428,0.0257349,0.0006301,0.0256412,0,NaN,NaN,252,250,1.9003785303341,0.756435204556827,0.954028790782291,NaN,NaN,0
一般,FMT*,22,20261925,0,Inf,0.002643,NaN,0.0025649,0,NaN,NaN,252,250,NaN,NaN,NaN,NaN,NaN,0
一般,BIT*,22,20261925,1,232.910532858002,0.0382221,0.0379563,0.0379739,0,NaN,NaN,203,250,5.6686178689726,0.238539358035078,0.874356133588355,NaN,NaN,0
一般,RRT#,22,20261925,0,Inf,0.0056392,NaN,0.0055721,0,NaN,NaN,142,250,NaN,NaN,NaN,NaN,NaN,0
一般,APF-only,22,20261925,1,229.358752665851,0.0015568,0.0014699,0.0015568,NaN,NaN,NaN,NaN,52,16.5135672987644,0.40276509044968,0.887896147911194,1,5,0
一般,AB-IRRT*,22,20261925,1,211.132196511528,0.0096447,0.0019529,0.0074685,0,0.0019529,0.007604,198,250,2.90390937724622,0.184636642106215,0.964546176975934,1,5,0
一般,RRT*,23,20261926,0,Inf,0.0063831,NaN,0.0063149,0,NaN,NaN,165,250,NaN,NaN,NaN,NaN,NaN,0
一般,Informed-RRT*,23,20261926,0,Inf,0.0056641,NaN,0.005574,0,NaN,NaN,165,250,NaN,NaN,NaN,NaN,NaN,0
一般,PRM*,23,20261926,1,220.214470398004,0.0258642,0.0013158,0.0257666,0,NaN,NaN,252,250,3.64261873366834,0.403429025392306,0.924765537040619,NaN,NaN,0
一般,FMT*,23,20261926,0,Inf,0.0012778,NaN,0.0011931,0,NaN,NaN,252,250,NaN,NaN,NaN,NaN,NaN,0
一般,BIT*,23,20261926,0,Inf,0.0033803,NaN,0.002533,0,NaN,NaN,3,250,NaN,NaN,NaN,NaN,NaN,0
一般,RRT#,23,20261926,0,Inf,0.007906,NaN,0.0078289,0,NaN,NaN,165,250,NaN,NaN,NaN,NaN,NaN,0
一般,APF-only,23,20261926,1,229.358752665851,0.0016731,0.0015723,0.0016731,NaN,NaN,NaN,NaN,52,16.5135672987644,0.40276509044968,0.887896147911194,1,5,0
一般,AB-IRRT*,23,20261926,1,211.174495545384,0.0082944,0.0015744,0.0065268,0,0.0015744,0.0066411,194,250,3.34678823965117,0.0356404622445261,0.964352974803055,1,5,0
一般,RRT*,24,20261927,0,Inf,0.0057307,NaN,0.0056775,0,NaN,NaN,165,250,NaN,NaN,NaN,NaN,NaN,0
一般,Informed-RRT*,24,20261927,0,Inf,0.0058373,NaN,0.0057443,0,NaN,NaN,165,250,NaN,NaN,NaN,NaN,NaN,0
一般,PRM*,24,20261927,1,229.143308891999,0.028325,0.00064,0.0282272,0,NaN,NaN,252,250,3.4545743007018,0.751150160977332,0.888730960403952,NaN,NaN,0
一般,FMT*,24,20261927,1,211.653019668565,0.0151172,0.0132001,0.0150048,0,NaN,NaN,252,250,1.27735004401547,0.108138644125141,0.962172679135992,NaN,NaN,0
一般,BIT*,24,20261927,1,211.57252526132,0.0436375,0.0327672,0.043515,0,NaN,NaN,186,250,1.0056940804133,0.108317677642084,0.962538745190072,NaN,NaN,0
一般,RRT#,24,20261927,0,Inf,0.0078845,NaN,0.0077992,0,NaN,NaN,165,250,NaN,NaN,NaN,NaN,NaN,0
一般,APF-only,24,20261927,1,229.358752665851,0.0020202,0.0019056,0.0020202,NaN,NaN,NaN,NaN,52,16.5135672987644,0.40276509044968,0.887896147911194,1,5,0
一般,AB-IRRT*,24,20261927,1,210.268384423198,0.0119889,0.0032416,0.0084719,0,0.0032416,0.0086154,197,250,2.05631948586711,0.0358839548813989,0.968508668292494,1,5,0
一般,RRT*,25,20261928,1,218.946999269642,0.011074,0.0099633,0.0109544,0,NaN,NaN,177,250,5.71512089143009,0.201514215348897,0.930118949613585,NaN,NaN,0
一般,Informed-RRT*,25,20261928,1,219.146352634528,0.0063176,0.0056011,0.0061794,0,NaN,NaN,176,250,5.24616396997231,0.207729614948466,0.929272837688288,NaN,NaN,0
一般,PRM*,25,20261928,1,215.080685242782,0.02535,0.0025068,0.0252534,0,NaN,NaN,252,250,2.85970185841934,1,0.946838870035447,NaN,NaN,0
一般,FMT*,25,20261928,1,220.273110654004,0.0120816,0.008758,0.0119699,0,NaN,NaN,252,250,4.99814003636856,0.0366330369653198,0.924519349534251,NaN,NaN,0
一般,BIT*,25,20261928,1,215.11373405296,0.0376145,0.033171,0.037503,0,NaN,NaN,178,250,2.31484683413054,0.036946787963906,0.946693403274703,NaN,NaN,0
一般,RRT#,25,20261928,1,218.946999269642,0.0080627,0.0072569,0.0079502,0,NaN,NaN,177,250,5.71512089143009,0.201514215348897,0.930118949613585,NaN,NaN,0
一般,APF-only,25,20261928,1,229.358752665851,0.0016327,0.0015362,0.0016327,NaN,NaN,NaN,NaN,52,16.5135672987644,0.40276509044968,0.887896147911194,1,5,0
一般,AB-IRRT*,25,20261928,1,211.07096098246,0.0104153,0.0020379,0.0081283,0,0.0020379,0.0082772,196,250,2.85029104819323,0.0358669174889812,0.964826009384818,1,5,0
一般,RRT*,26,20261929,0,Inf,0.006169,NaN,0.0061041,0,NaN,NaN,146,250,NaN,NaN,NaN,NaN,NaN,0
一般,Informed-RRT*,26,20261929,0,Inf,0.0052064,NaN,0.0051065,0,NaN,NaN,146,250,NaN,NaN,NaN,NaN,NaN,0
一般,PRM*,26,20261929,1,219.606479700752,0.0313355,0.0028887,0.0312353,0,NaN,NaN,252,250,3.27607412397877,0.154074349067059,0.927325793206222,NaN,NaN,0
一般,FMT*,26,20261929,1,213.24205958064,0.0111179,0.0087702,0.0110065,0,NaN,NaN,252,250,1.32327741935976,0.21181399773309,0.955002748436286,NaN,NaN,0
一般,BIT*,26,20261929,1,212.735222072469,0.0371228,0.0312783,0.0369927,0,NaN,NaN,186,250,1.1566911381115,0.112711479211761,0.957278023816635,NaN,NaN,0
一般,RRT#,26,20261929,0,Inf,0.0055428,NaN,0.0054773,0,NaN,NaN,146,250,NaN,NaN,NaN,NaN,NaN,0
一般,APF-only,26,20261929,1,229.358752665851,0.0015001,0.001415,0.0015001,NaN,NaN,NaN,NaN,52,16.5135672987644,0.40276509044968,0.887896147911194,1,5,0
一般,AB-IRRT*,26,20261929,1,214.113876409556,0.0079398,0.0017702,0.0059801,0,0.0017702,0.0060894,196,250,3.75084721907623,0.0359639511063818,0.951114222004887,1,5,0
一般,RRT*,27,20261930,0,Inf,0.0057404,NaN,0.0056802,0,NaN,NaN,181,250,NaN,NaN,NaN,NaN,NaN,0
一般,Informed-RRT*,27,20261930,0,Inf,0.0062956,NaN,0.0061977,0,NaN,NaN,181,250,NaN,NaN,NaN,NaN,NaN,0
一般,PRM*,27,20261930,1,213.399906642286,0.0260374,0.0008716,0.0259464,0,NaN,NaN,252,250,0.981403245501141,0.0724659087301944,0.954296354604742,NaN,NaN,0
一般,FMT*,27,20261930,1,215.193588107038,0.0190914,0.0188083,0.0188119,0,NaN,NaN,252,250,3.59153662991697,0.0718856895317632,0.946342104210053,NaN,NaN,0
一般,BIT*,27,20261930,1,212.314346539148,0.0368995,0.0236304,0.0367652,0,NaN,NaN,176,250,1.14359590291584,0.182078476857457,0.959175657704205,NaN,NaN,0
一般,RRT#,27,20261930,0,Inf,0.0084032,NaN,0.0083205,0,NaN,NaN,181,250,NaN,NaN,NaN,NaN,NaN,0
一般,APF-only,27,20261930,1,229.358752665851,0.0016203,0.0015245,0.0016203,NaN,NaN,NaN,NaN,52,16.5135672987644,0.40276509044968,0.887896147911194,1,5,0
一般,AB-IRRT*,27,20261930,1,210.723670743315,0.0097463,0.0018953,0.0076206,0,0.0018953,0.0077567,193,250,2.50432710483708,0.0357550503957587,0.966416123368457,1,5,0
一般,RRT*,28,20261931,0,Inf,0.0086599,NaN,0.0085876,0,NaN,NaN,131,250,NaN,NaN,NaN,NaN,NaN,0
一般,Informed-RRT*,28,20261931,0,Inf,0.0054757,NaN,0.0053776,0,NaN,NaN,131,250,NaN,NaN,NaN,NaN,NaN,0
一般,PRM*,28,20261931,1,210.399975848329,0.0249965,0.0015471,0.0248973,0,NaN,NaN,252,250,2.00566051327832,0.193608911907681,0.967902929459121,NaN,NaN,0
一般,FMT*,28,20261931,1,217.309561086035,0.0110754,0.0065319,0.010949,0,NaN,NaN,252,250,5.29801764026624,0.264442870201943,0.937127441443316,NaN,NaN,0
一般,BIT*,28,20261931,1,212.916039470573,0.043114,0.0281452,0.0429869,0,NaN,NaN,201,250,2.97406560780244,0.136156865938926,0.956465062416642,NaN,NaN,0
一般,RRT#,28,20261931,0,Inf,0.0052896,NaN,0.0052263,0,NaN,NaN,131,250,NaN,NaN,NaN,NaN,NaN,0
一般,APF-only,28,20261931,1,229.358752665851,0.0012988,0.0012226,0.0012988,NaN,NaN,NaN,NaN,52,16.5135672987644,0.40276509044968,0.887896147911194,1,5,0
一般,AB-IRRT*,28,20261931,1,210.985753829983,0.0086603,0.0015459,0.0069014,0,0.0015459,0.0070219,189,250,2.68878107495777,0.0221794685176615,0.965215656910317,1,5,0
一般,RRT*,29,20261932,0,Inf,0.0058374,NaN,0.0057837,0,NaN,NaN,175,250,NaN,NaN,NaN,NaN,NaN,0
一般,Informed-RRT*,29,20261932,0,Inf,0.0050818,NaN,0.0050008,0,NaN,NaN,175,250,NaN,NaN,NaN,NaN,NaN,0
一般,PRM*,29,20261932,1,223.969161471905,0.0257637,0.0068281,0.0256728,0,NaN,NaN,252,250,3.76615768441998,0.611425190901111,0.909262470080156,NaN,NaN,0
一般,FMT*,29,20261932,1,245.859067041624,0.0152767,0.0147017,0.0151575,0,NaN,NaN,252,250,7.66040484202285,0.285677609580061,0.828306864709806,NaN,NaN,0
一般,BIT*,29,20261932,0,Inf,0.0718254,NaN,0.071085,0,NaN,NaN,202,250,NaN,NaN,NaN,NaN,NaN,0
一般,RRT#,29,20261932,0,Inf,0.0074299,NaN,0.0073485,0,NaN,NaN,175,250,NaN,NaN,NaN,NaN,NaN,0
一般,APF-only,29,20261932,1,229.358752665851,0.0019179,0.0018048,0.0019179,NaN,NaN,NaN,NaN,52,16.5135672987644,0.40276509044968,0.887896147911194,1,5,0
一般,AB-IRRT*,29,20261932,1,210.456665406984,0.0101557,0.002004,0.0079267,0,0.002004,0.0080591,198,250,2.22042266005515,0.0363300819768444,0.967642210751135,1,5,0
一般,RRT*,30,20261933,0,Inf,0.0055402,NaN,0.0054852,0,NaN,NaN,168,250,NaN,NaN,NaN,NaN,NaN,0
一般,Informed-RRT*,30,20261933,0,Inf,0.0059297,NaN,0.0058327,0,NaN,NaN,168,250,NaN,NaN,NaN,NaN,NaN,0
一般,PRM*,30,20261933,1,210.316436845713,0.0330451,0.005876,0.0329494,0,NaN,NaN,252,250,1.60012085726865,0.870746770970461,0.968287386549438,NaN,NaN,0
一般,FMT*,30,20261933,0,Inf,0.0061896,NaN,0.0061044,0,NaN,NaN,252,250,NaN,NaN,NaN,NaN,NaN,0
一般,BIT*,30,20261933,0,Inf,0.0109493,NaN,0.0107869,0,NaN,NaN,2,250,NaN,NaN,NaN,NaN,NaN,0
一般,RRT#,30,20261933,0,Inf,0.0085556,NaN,0.0084447,0,NaN,NaN,168,250,NaN,NaN,NaN,NaN,NaN,0
一般,APF-only,30,20261933,1,229.358752665851,0.0018805,0.0017684,0.0018805,NaN,NaN,NaN,NaN,52,16.5135672987644,0.40276509044968,0.887896147911194,1,5,0
一般,AB-IRRT*,30,20261933,1,211.556500225057,0.008372,0.0016881,0.006494,0,0.0016881,0.0066043,196,250,3.32501323082514,0.035661484424125,0.962611655822833,1,5,0
一般,RRT*,31,20261934,1,215.656445427073,0.0057505,0.0053926,0.0056716,0,NaN,NaN,170,250,3.94984920939887,0.164712353499293,0.944310996958315,NaN,NaN,0
一般,Informed-RRT*,31,20261934,1,215.656445427073,0.0058559,0.0054533,0.0057353,0,NaN,NaN,170,250,3.94984920939887,0.164712353499293,0.944310996958315,NaN,NaN,0
一般,PRM*,31,20261934,1,214.409716693823,0.0253294,0.0017652,0.0252502,0,NaN,NaN,252,250,2.37056570941847,0.0995115656642955,0.949801884550473,NaN,NaN,0
一般,FMT*,31,20261934,1,222.088268668413,0.0268153,0.0195113,0.0267065,0,NaN,NaN,252,250,4.16082837421959,0.18417522319994,0.91696312552996,NaN,NaN,0
一般,BIT*,31,20261934,1,222.590416929994,0.0735696,0.04433,0.071857,0,NaN,NaN,191,250,4.02420941580293,0.184163958238313,0.914894521473374,NaN,NaN,0
一般,RRT#,31,20261934,1,215.656445427073,0.0062706,0.0059162,0.006184,0,NaN,NaN,170,250,3.94984920939887,0.164712353499293,0.944310996958315,NaN,NaN,0
一般,APF-only,31,20261934,1,229.358752665851,0.0014971,0.0014107,0.0014971,NaN,NaN,NaN,NaN,52,16.5135672987644,0.40276509044968,0.887896147911194,1,5,0
一般,AB-IRRT*,31,20261934,1,210.923588832846,0.0082402,0.0016339,0.0064172,0,0.0016339,0.0065288,195,250,2.47473529841902,0.0362947312585344,0.96550013257698,1,5,0
一般,RRT*,32,20261935,0,Inf,0.0043158,NaN,0.00427,0,NaN,NaN,143,250,NaN,NaN,NaN,NaN,NaN,0
一般,Informed-RRT*,32,20261935,0,Inf,0.0037644,NaN,0.0036985,0,NaN,NaN,143,250,NaN,NaN,NaN,NaN,NaN,0
一般,PRM*,32,20261935,1,215.283410093325,0.0206078,0.0011117,0.0205411,0,NaN,NaN,252,250,1.57519629672244,1,0.945947265018912,NaN,NaN,0
一般,FMT*,32,20261935,1,214.265280610089,0.0110439,0.0107698,0.01094,0,NaN,NaN,252,250,3.07957583976666,0.0699324473115368,0.950442145371714,NaN,NaN,0
一般,BIT*,32,20261935,1,225.3340769192,0.0484158,0.0371125,0.048303,0,NaN,NaN,176,250,4.04413474166473,0.0699316759562478,0.903754797170555,NaN,NaN,0
一般,RRT#,32,20261935,0,Inf,0.0058694,NaN,0.0057982,0,NaN,NaN,143,250,NaN,NaN,NaN,NaN,NaN,0
一般,APF-only,32,20261935,1,229.358752665851,0.0027849,0.0026793,0.0027849,NaN,NaN,NaN,NaN,52,16.5135672987644,0.40276509044968,0.887896147911194,1,5,0
一般,AB-IRRT*,32,20261935,1,210.971165573966,0.0115824,0.0021229,0.0092169,0,0.0021229,0.0093566,194,250,2.64608617904813,0.176951812773773,0.965282399742572,1,5,0
一般,RRT*,33,20261936,0,Inf,0.0069748,NaN,0.0069144,0,NaN,NaN,201,250,NaN,NaN,NaN,NaN,NaN,0
一般,Informed-RRT*,33,20261936,0,Inf,0.0069557,NaN,0.0068421,0,NaN,NaN,201,250,NaN,NaN,NaN,NaN,NaN,0
一般,PRM*,33,20261936,1,214.647308769593,0.0299548,0.0025233,0.029867,0,NaN,NaN,252,250,2.15623816040063,0.974312092703302,0.948750553403511,NaN,NaN,0
一般,FMT*,33,20261936,0,Inf,0.0035834,NaN,0.0035144,0,NaN,NaN,252,250,NaN,NaN,NaN,NaN,NaN,0
一般,BIT*,33,20261936,1,211.795179294665,0.0506296,0.0381754,0.0504862,0,NaN,NaN,185,250,2.3890606027826,0.169093506238238,0.961526856559836,NaN,NaN,0
一般,RRT#,33,20261936,0,Inf,0.0070599,NaN,0.0069844,0,NaN,NaN,201,250,NaN,NaN,NaN,NaN,NaN,0
一般,APF-only,33,20261936,1,229.358752665851,0.0018771,0.0017747,0.0018771,NaN,NaN,NaN,NaN,52,16.5135672987644,0.40276509044968,0.887896147911194,1,5,0
一般,AB-IRRT*,33,20261936,1,209.52813734092,0.0087833,0.0018079,0.0067702,0,0.0018079,0.0068859,192,250,2.09039803564255,0.403226830020563,0.971930336260162,1,5,0
一般,RRT*,34,20261937,0,Inf,0.0064071,NaN,0.0063556,0,NaN,NaN,168,250,NaN,NaN,NaN,NaN,NaN,0
一般,Informed-RRT*,34,20261937,0,Inf,0.0057498,NaN,0.0056651,0,NaN,NaN,168,250,NaN,NaN,NaN,NaN,NaN,0
一般,PRM*,34,20261937,1,231.12334296365,0.0255628,0.0009319,0.0254775,0,NaN,NaN,252,250,6.69185424496332,1,0.881117200756976,NaN,NaN,0
一般,FMT*,34,20261937,1,227.251914436083,0.0116151,0.01019,0.0115128,0,NaN,NaN,252,250,3.46500574400047,0.415240741810594,0.896127777348179,NaN,NaN,0
一般,BIT*,34,20261937,1,222.882222450953,0.039392,0.0293279,0.0392803,0,NaN,NaN,174,250,2.60447357726687,0.00399733361900889,0.913696708253792,NaN,NaN,0
一般,RRT#,34,20261937,0,Inf,0.0090896,NaN,0.0090035,0,NaN,NaN,168,250,NaN,NaN,NaN,NaN,NaN,0
一般,APF-only,34,20261937,1,229.358752665851,0.0018762,0.0017668,0.0018762,NaN,NaN,NaN,NaN,52,16.5135672987644,0.40276509044968,0.887896147911194,1,5,0
一般,AB-IRRT*,34,20261937,1,211.065474988945,0.0112423,0.001676,0.009357,0,0.001676,0.009482,202,250,2.58669772022857,0.0356727610882821,0.964851087049609,1,5,0
一般,RRT*,35,20261938,1,218.066402615003,0.008121,0.0069443,0.007984,0,NaN,NaN,184,250,4.74131858045613,0.269372065376595,0.933874959827096,NaN,NaN,0
一般,Informed-RRT*,35,20261938,1,218.877802203516,0.0063878,0.0053073,0.0062604,0,NaN,NaN,186,250,5.27504016134666,0.268601217234369,0.93041300182817,NaN,NaN,0
一般,PRM*,35,20261938,1,211.376226283257,0.0334222,0.0044284,0.0333254,0,NaN,NaN,252,250,1.84240211546772,0.248839009872608,0.963432627039269,NaN,NaN,0
一般,FMT*,35,20261938,1,217.136386035632,0.0180605,0.0152363,0.0179335,0,NaN,NaN,252,250,3.64541050153562,0.382317896745153,0.937874838481964,NaN,NaN,0
一般,BIT*,35,20261938,1,212.376080076281,0.0369813,0.0257856,0.036858,0,NaN,NaN,186,250,2.06635735659781,0.382853595120748,0.958896844261273,NaN,NaN,0
一般,RRT#,35,20261938,1,218.011483618086,0.0069705,0.0060017,0.0068549,0,NaN,NaN,184,250,4.63459667859196,0.269572885033138,0.934110211086289,NaN,NaN,0
一般,APF-only,35,20261938,1,229.358752665851,0.0016649,0.001552,0.0016649,NaN,NaN,NaN,NaN,52,16.5135672987644,0.40276509044968,0.887896147911194,1,5,0
一般,AB-IRRT*,35,20261938,1,210.702308192591,0.009296,0.0016728,0.0073944,0,0.0016728,0.0075317,193,250,2.78748439470582,0.0370350013551768,0.966514105747641,1,5,0
一般,RRT*,36,20261939,0,Inf,0.0055172,NaN,0.0054554,0,NaN,NaN,141,250,NaN,NaN,NaN,NaN,NaN,0
一般,Informed-RRT*,36,20261939,0,Inf,0.0048426,NaN,0.004748,0,NaN,NaN,141,250,NaN,NaN,NaN,NaN,NaN,0
一般,PRM*,36,20261939,1,215.904667996381,0.0281971,0.0023436,0.028108,0,NaN,NaN,252,250,2.88705807363159,0.0928943823072821,0.943225335846558,NaN,NaN,0
一般,FMT*,36,20261939,1,220.676470746747,0.0214371,0.0107333,0.0213308,0,NaN,NaN,252,250,4.6129074926318,0.339080627257148,0.9228294810616,NaN,NaN,0
一般,BIT*,36,20261939,1,215.845594332867,0.0502018,0.028766,0.0501066,0,NaN,NaN,185,250,3.46518541831973,0.328643742666626,0.943483482306667,NaN,NaN,0
一般,RRT#,36,20261939,0,Inf,0.0043594,NaN,0.0043023,0,NaN,NaN,141,250,NaN,NaN,NaN,NaN,NaN,0
一般,APF-only,36,20261939,1,229.358752665851,0.0012867,0.0012131,0.0012867,NaN,NaN,NaN,NaN,52,16.5135672987644,0.40276509044968,0.887896147911194,1,5,0
一般,AB-IRRT*,36,20261939,1,211.152883240806,0.0070545,0.0015606,0.0053252,0,0.0015606,0.005422,216,250,2.72509196720429,0.0359631036699231,0.964451680015563,1,5,0
一般,RRT*,37,20261940,0,Inf,0.0049178,NaN,0.0048712,0,NaN,NaN,167,250,NaN,NaN,NaN,NaN,NaN,0
一般,Informed-RRT*,37,20261940,0,Inf,0.0048577,NaN,0.0047223,0,NaN,NaN,167,250,NaN,NaN,NaN,NaN,NaN,0
一般,PRM*,37,20261940,1,239.915598917312,0.0230752,0.0003258,0.022801,0,NaN,NaN,252,250,5.08868544756821,1,0.848826645290011,NaN,NaN,0
一般,FMT*,37,20261940,0,Inf,0.0018299,NaN,0.0017569,0,NaN,NaN,252,250,NaN,NaN,NaN,NaN,NaN,0
一般,BIT*,37,20261940,1,217.941162332899,0.0251396,0.0178756,0.0250386,0,NaN,NaN,191,250,2.51112971612778,0.300168671984725,0.93441161275749,NaN,NaN,0
一般,RRT#,37,20261940,0,Inf,0.0075219,NaN,0.00745,0,NaN,NaN,167,250,NaN,NaN,NaN,NaN,NaN,0
一般,APF-only,37,20261940,1,229.358752665851,0.0016623,0.0015732,0.0016623,NaN,NaN,NaN,NaN,52,16.5135672987644,0.40276509044968,0.887896147911194,1,5,0
一般,AB-IRRT*,37,20261940,1,210.162324016044,0.0079057,0.0015448,0.0061923,0,0.0015448,0.0062887,197,250,2.49581446391978,0.0357003434558454,0.968997435364195,1,5,0
一般,RRT*,38,20261941,0,Inf,0.00679,NaN,0.0067344,0,NaN,NaN,177,250,NaN,NaN,NaN,NaN,NaN,0
一般,Informed-RRT*,38,20261941,0,Inf,0.0072007,NaN,0.0070942,0,NaN,NaN,177,250,NaN,NaN,NaN,NaN,NaN,0
一般,PRM*,38,20261941,1,213.441123440066,0.0252913,0.0008143,0.025196,0,NaN,NaN,252,250,2.44348261451001,0.146603892365059,0.954112074091053,NaN,NaN,0
一般,FMT*,38,20261941,0,Inf,0.002198,NaN,0.0021302,0,NaN,NaN,252,250,NaN,NaN,NaN,NaN,NaN,0
一般,BIT*,38,20261941,1,214.60134641609,0.029955,0.0233015,0.0298254,0,NaN,NaN,176,250,1.47262141301104,0.257669998981234,0.948953752540189,NaN,NaN,0
一般,RRT#,38,20261941,0,Inf,0.0069905,NaN,0.0069116,0,NaN,NaN,177,250,NaN,NaN,NaN,NaN,NaN,0
一般,APF-only,38,20261941,1,229.358752665851,0.0015657,0.0014758,0.0015657,NaN,NaN,NaN,NaN,52,16.5135672987644,0.40276509044968,0.887896147911194,1,5,0
一般,AB-IRRT*,38,20261941,1,211.03622447296,0.0083443,0.0016656,0.0064833,0,0.0016656,0.0065998,192,250,2.52388041888126,0.035640856883786,0.964984819503433,1,5,0
一般,RRT*,39,20261942,0,Inf,0.0062737,NaN,0.0062224,0,NaN,NaN,187,250,NaN,NaN,NaN,NaN,NaN,0
一般,Informed-RRT*,39,20261942,0,Inf,0.0069539,NaN,0.00686,0,NaN,NaN,187,250,NaN,NaN,NaN,NaN,NaN,0
一般,PRM*,39,20261942,1,223.416890610303,0.02601,0.0111393,0.0259299,0,NaN,NaN,252,250,4.58652611836873,1,0.911510103042917,NaN,NaN,0
一般,FMT*,39,20261942,1,228.236020925038,0.0076758,0.0072987,0.0075796,0,NaN,NaN,252,250,5.66500771376721,0.465657670055919,0.892263859825225,NaN,NaN,0
一般,BIT*,39,20261942,1,215.04734537404,0.0341946,0.0258924,0.0340884,0,NaN,NaN,179,250,3.51267486611871,0.241022454460598,0.946985663215302,NaN,NaN,0
一般,RRT#,39,20261942,0,Inf,0.0066251,NaN,0.00656,0,NaN,NaN,187,250,NaN,NaN,NaN,NaN,NaN,0
一般,APF-only,39,20261942,1,229.358752665851,0.0012189,0.0011484,0.0012189,NaN,NaN,NaN,NaN,52,16.5135672987644,0.40276509044968,0.887896147911194,1,5,0
一般,AB-IRRT*,39,20261942,1,210.544614218641,0.0114522,0.0021799,0.0090422,0,0.0021799,0.0091753,189,250,2.83946705485282,0.0358024943926054,0.967238006716468,1,5,0
一般,RRT*,40,20261943,0,Inf,0.0061434,NaN,0.0060845,0,NaN,NaN,178,250,NaN,NaN,NaN,NaN,NaN,0
一般,Informed-RRT*,40,20261943,0,Inf,0.0057708,NaN,0.005681,0,NaN,NaN,178,250,NaN,NaN,NaN,NaN,NaN,0
一般,PRM*,40,20261943,1,225.594675009091,0.0255231,0.0014908,0.025428,0,NaN,NaN,252,250,4.72225363002542,0.14987396950912,0.90271081519774,NaN,NaN,0
一般,FMT*,40,20261943,1,214.090631860416,0.0100473,0.0081197,0.009932,0,NaN,NaN,252,250,1.53843225988012,0.362681100772614,0.951217487715672,NaN,NaN,0
一般,BIT*,40,20261943,1,212.932262141964,0.0383518,0.0257528,0.0382235,0,NaN,NaN,195,250,1.09974543401993,0.362706300641896,0.956392192207831,NaN,NaN,0
一般,RRT#,40,20261943,0,Inf,0.0065721,NaN,0.0065016,0,NaN,NaN,178,250,NaN,NaN,NaN,NaN,NaN,0
一般,APF-only,40,20261943,1,229.358752665851,0.002205,0.0021158,0.002205,NaN,NaN,NaN,NaN,52,16.5135672987644,0.40276509044968,0.887896147911194,1,5,0
一般,AB-IRRT*,40,20261943,1,210.921601157369,0.0106458,0.0020007,0.0084098,0,0.0020007,0.008546,183,250,2.6369733242677,0.0356484835831026,0.965509231222765,1,5,0
一般,RRT*,41,20261944,0,Inf,0.0061705,NaN,0.0061104,0,NaN,NaN,156,250,NaN,NaN,NaN,NaN,NaN,0
一般,Informed-RRT*,41,20261944,0,Inf,0.0047235,NaN,0.0046373,0,NaN,NaN,156,250,NaN,NaN,NaN,NaN,NaN,0
一般,PRM*,41,20261944,1,212.613277311324,0.0201176,0.0040201,0.020055,0,NaN,NaN,252,250,1.83516239164275,0.102921762642531,0.95782707249995,NaN,NaN,0
一般,FMT*,41,20261944,0,Inf,0.0014242,NaN,0.0013552,0,NaN,NaN,252,250,NaN,NaN,NaN,NaN,NaN,0
一般,BIT*,41,20261944,1,232.58240799981,0.0522325,0.0303351,0.0521135,0,NaN,NaN,185,250,5.07162137083967,0.039244825713439,0.875589666187873,NaN,NaN,0
一般,RRT#,41,20261944,0,Inf,0.0060786,NaN,0.0059932,0,NaN,NaN,156,250,NaN,NaN,NaN,NaN,NaN,0
一般,APF-only,41,20261944,1,229.358752665851,0.0015277,0.001436,0.0015277,NaN,NaN,NaN,NaN,52,16.5135672987644,0.40276509044968,0.887896147911194,1,5,0
一般,AB-IRRT*,41,20261944,1,210.868823875537,0.0082543,0.0017756,0.0062507,0,0.0017756,0.0063867,192,250,2.09410991827249,0.402763771502329,0.965750883601106,1,5,0
一般,RRT*,42,20261945,0,Inf,0.0060413,NaN,0.0059782,0,NaN,NaN,124,250,NaN,NaN,NaN,NaN,NaN,0
一般,Informed-RRT*,42,20261945,0,Inf,0.004927,NaN,0.0048374,0,NaN,NaN,124,250,NaN,NaN,NaN,NaN,NaN,0
一般,PRM*,42,20261945,1,214.625903625574,0.0272586,0.0018894,0.0271787,0,NaN,NaN,252,250,3.90276704500949,0.221329890924984,0.94884517451816,NaN,NaN,0
一般,FMT*,42,20261945,1,217.862918017709,0.0104035,0.0077998,0.0103106,0,NaN,NaN,252,250,1.19286513951692,0.0650321580614737,0.934747201748082,NaN,NaN,0
一般,BIT*,42,20261945,1,210.883830297806,0.0321544,0.0226623,0.032035,0,NaN,NaN,206,250,2.35441313671161,0.0874870029674035,0.965682161093809,NaN,NaN,0
一般,RRT#,42,20261945,0,Inf,0.0051734,NaN,0.0051089,0,NaN,NaN,124,250,NaN,NaN,NaN,NaN,NaN,0
一般,APF-only,42,20261945,1,229.358752665851,0.0017993,0.0017094,0.0017993,NaN,NaN,NaN,NaN,52,16.5135672987644,0.40276509044968,0.887896147911194,1,5,0
一般,AB-IRRT*,42,20261945,1,211.059548176609,0.0089995,0.0016943,0.0071018,0,0.0016943,0.0072211,197,250,2.51803246858822,0.24362106962818,0.964878181257734,1,5,0
一般,RRT*,43,20261946,1,213.620657834805,0.0065517,0.0048837,0.0064743,0,NaN,NaN,208,250,4.63757373451421,0.0759555235857903,0.953310204386732,NaN,NaN,0
一般,Informed-RRT*,43,20261946,1,213.216753035231,0.0072067,0.0051999,0.0070789,0,NaN,NaN,205,250,4.45483422347236,0.0781800809806139,0.955116097036126,NaN,NaN,0
一般,PRM*,43,20261946,1,224.398301612944,0.0252091,0.0158603,0.0251193,0,NaN,NaN,252,250,4.24354176180897,0.150710098515813,0.907523593173127,NaN,NaN,0
一般,FMT*,43,20261946,1,223.763544298417,0.0110026,0.007208,0.0108966,0,NaN,NaN,252,250,2.18498715593822,0.362840956449324,0.910097994828581,NaN,NaN,0
一般,BIT*,43,20261946,1,220.381971450718,0.0379228,0.0251098,0.0378059,0,NaN,NaN,203,250,1.73036122419697,0.363181099740814,0.924062670104872,NaN,NaN,0
一般,RRT#,43,20261946,1,213.620657834805,0.0074026,0.0055432,0.0072967,0,NaN,NaN,208,250,4.63757373451421,0.0759555235857903,0.953310204386732,NaN,NaN,0
一般,APF-only,43,20261946,1,229.358752665851,0.0015834,0.0014847,0.0015834,NaN,NaN,NaN,NaN,52,16.5135672987644,0.40276509044968,0.887896147911194,1,5,0
一般,AB-IRRT*,43,20261946,1,211.441733454406,0.0087328,0.0016561,0.0068856,0,0.0016561,0.0069942,203,250,3.62708715514415,0.0356388882372141,0.963134144119374,1,5,0
一般,RRT*,44,20261947,1,220.775698686894,0.0055944,0.0052557,0.0055231,0,NaN,NaN,163,250,6.76475529878927,0.183665772995784,0.922414714087436,NaN,NaN,0
一般,Informed-RRT*,44,20261947,1,220.775698686894,0.0058718,0.0053606,0.005751,0,NaN,NaN,164,250,6.76475529878927,0.183665772995784,0.922414714087436,NaN,NaN,0
一般,PRM*,44,20261947,1,214.086317659857,0.0259371,0.0048474,0.0258437,0,NaN,NaN,252,250,2.06940305980116,0.3662076856877,0.951236656353171,NaN,NaN,0
一般,FMT*,44,20261947,0,Inf,0.0032551,NaN,0.003172,0,NaN,NaN,252,250,NaN,NaN,NaN,NaN,NaN,0
一般,BIT*,44,20261947,0,Inf,0.0024462,NaN,0.0017216,0,NaN,NaN,11,250,NaN,NaN,NaN,NaN,NaN,0
一般,RRT#,44,20261947,1,219.944960441419,0.0064463,0.0061055,0.0063592,0,NaN,NaN,163,250,6.47576969043743,0.182770981435972,0.925898700170333,NaN,NaN,0
一般,APF-only,44,20261947,1,229.358752665851,0.0016921,0.001587,0.0016921,NaN,NaN,NaN,NaN,52,16.5135672987644,0.40276509044968,0.887896147911194,1,5,0
一般,AB-IRRT*,44,20261947,1,211.507022263841,0.0100591,0.0019236,0.0078837,0,0.0019236,0.008023,211,250,3.11480111658674,0.0356409943729723,0.962836840129542,1,5,0
一般,RRT*,45,20261948,0,Inf,0.0070759,NaN,0.0070168,0,NaN,NaN,173,250,NaN,NaN,NaN,NaN,NaN,0
一般,Informed-RRT*,45,20261948,0,Inf,0.0057764,NaN,0.0056856,0,NaN,NaN,173,250,NaN,NaN,NaN,NaN,NaN,0
一般,PRM*,45,20261948,1,222.411346782189,0.0270563,0.0007562,0.0269739,0,NaN,NaN,252,250,3.6400860123482,0.453729140028761,0.915631130911503,NaN,NaN,0
一般,FMT*,45,20261948,1,218.924299196569,0.0143822,0.0139768,0.0142826,0,NaN,NaN,252,250,3.92091588370653,0.182295610170879,0.930215392850815,NaN,NaN,0
一般,BIT*,45,20261948,1,218.082736011304,0.0425895,0.036958,0.0424656,0,NaN,NaN,181,250,2.43574140983748,0.182562032801297,0.933805016877493,NaN,NaN,0
一般,RRT#,45,20261948,0,Inf,0.0076672,NaN,0.0075941,0,NaN,NaN,173,250,NaN,NaN,NaN,NaN,NaN,0
一般,APF-only,45,20261948,1,229.358752665851,0.001542,0.0014508,0.001542,NaN,NaN,NaN,NaN,52,16.5135672987644,0.40276509044968,0.887896147911194,1,5,0
一般,AB-IRRT*,45,20261948,1,210.971872263538,0.0073352,0.0014787,0.0056862,0,0.0014787,0.0057821,196,250,2.65004978236602,0.0363665736936767,0.965279166349428,1,5,0
一般,RRT*,46,20261949,0,Inf,0.0046038,NaN,0.0045582,0,NaN,NaN,155,250,NaN,NaN,NaN,NaN,NaN,0
一般,Informed-RRT*,46,20261949,0,Inf,0.0043241,NaN,0.0042421,0,NaN,NaN,155,250,NaN,NaN,NaN,NaN,NaN,0
一般,PRM*,46,20261949,1,222.042451669599,0.026416,0.0001776,0.0263325,0,NaN,NaN,252,250,4.16197666994524,0.166299607761341,0.917152334837094,NaN,NaN,0
一般,FMT*,46,20261949,1,227.606482143311,0.009201,0.0048891,0.0088927,0,NaN,NaN,252,250,5.18753313713829,0.393913870783962,0.894731780325573,NaN,NaN,0
一般,BIT*,46,20261949,1,218.892116408377,0.0441275,0.0267735,0.044015,0,NaN,NaN,191,250,2.84416915155132,0.393899887593543,0.930352158511691,NaN,NaN,0
一般,RRT#,46,20261949,0,Inf,0.0061336,NaN,0.0060616,0,NaN,NaN,155,250,NaN,NaN,NaN,NaN,NaN,0
一般,APF-only,46,20261949,1,229.358752665851,0.001657,0.0015653,0.001657,NaN,NaN,NaN,NaN,52,16.5135672987644,0.40276509044968,0.887896147911194,1,5,0
一般,AB-IRRT*,46,20261949,1,210.848108779105,0.0080401,0.0013946,0.0064393,0,0.0013946,0.0065664,199,250,2.52243282306449,0.402728700844943,0.965845765280619,1,5,0
一般,RRT*,47,20261950,0,Inf,0.0063296,NaN,0.0062749,0,NaN,NaN,176,250,NaN,NaN,NaN,NaN,NaN,0
一般,Informed-RRT*,47,20261950,0,Inf,0.0066659,NaN,0.0065704,0,NaN,NaN,176,250,NaN,NaN,NaN,NaN,NaN,0
一般,PRM*,47,20261950,1,213.954180164447,0.0235442,0.0024758,0.0234543,0,NaN,NaN,252,250,2.32305979580874,1,0.951824137416718,NaN,NaN,0
一般,FMT*,47,20261950,1,215.663332008331,0.013635,0.0080207,0.0135223,0,NaN,NaN,252,250,5.03000624557453,0.0404565358845623,0.944280843133126,NaN,NaN,0
一般,BIT*,47,20261950,1,213.179195728903,0.0347778,0.0248772,0.034663,0,NaN,NaN,185,250,2.98269405470901,0.0404315299188784,0.955284366682294,NaN,NaN,0
一般,RRT#,47,20261950,0,Inf,0.0073732,NaN,0.0072904,0,NaN,NaN,176,250,NaN,NaN,NaN,NaN,NaN,0
一般,APF-only,47,20261950,1,229.358752665851,0.0017063,0.0016086,0.0017063,NaN,NaN,NaN,NaN,52,16.5135672987644,0.40276509044968,0.887896147911194,1,5,0
一般,AB-IRRT*,47,20261950,1,210.916610239431,0.0078955,0.0015793,0.0061336,0,0.0015793,0.00624,191,250,2.35089553602243,0.0362864901013218,0.965532078059414,1,5,0
一般,RRT*,48,20261951,0,Inf,0.0060914,NaN,0.0060444,0,NaN,NaN,208,250,NaN,NaN,NaN,NaN,NaN,0
一般,Informed-RRT*,48,20261951,0,Inf,0.0051822,NaN,0.0051156,0,NaN,NaN,208,250,NaN,NaN,NaN,NaN,NaN,0
一般,PRM*,48,20261951,1,225.019623463615,0.0287538,0.0002791,0.0286747,0,NaN,NaN,252,250,1.51748684830772,0.0257065959195941,0.905017748439413,NaN,NaN,0
一般,FMT*,48,20261951,1,214.329517608761,0.0115683,0.0077482,0.0114461,0,NaN,NaN,252,250,1.71467223083192,0.420124769123218,0.950157287030638,NaN,NaN,0
一般,BIT*,48,20261951,1,212.171920788382,0.0464614,0.025146,0.0463077,0,NaN,NaN,186,250,1.02926319828091,0.0172389559478887,0.959819528545632,NaN,NaN,0
一般,RRT#,48,20261951,0,Inf,0.0078255,NaN,0.0077472,0,NaN,NaN,208,250,NaN,NaN,NaN,NaN,NaN,0
一般,APF-only,48,20261951,1,229.358752665851,0.001456,0.0013689,0.001456,NaN,NaN,NaN,NaN,52,16.5135672987644,0.40276509044968,0.887896147911194,1,5,0
一般,AB-IRRT*,48,20261951,1,211.733639100568,0.0080078,0.0014303,0.0063733,0,0.0014303,0.0064876,194,250,3.3829815440555,0.206405803209316,0.961806323486458,1,5,0
一般,RRT*,49,20261952,0,Inf,0.006699,NaN,0.0066305,0,NaN,NaN,175,250,NaN,NaN,NaN,NaN,NaN,0
一般,Informed-RRT*,49,20261952,0,Inf,0.0056851,NaN,0.0055898,0,NaN,NaN,175,250,NaN,NaN,NaN,NaN,NaN,0
一般,PRM*,49,20261952,1,228.278046805899,0.0248336,0.0013185,0.0247515,0,NaN,NaN,252,250,3.94280629178421,1,0.892099594469035,NaN,NaN,0
一般,FMT*,49,20261952,0,Inf,0.0008619,NaN,0.0007808,0,NaN,NaN,252,250,NaN,NaN,NaN,NaN,NaN,0
一般,BIT*,49,20261952,0,Inf,0.0030211,NaN,0.0029455,0,NaN,NaN,1,250,NaN,NaN,NaN,NaN,NaN,0
一般,RRT#,49,20261952,0,Inf,0.006579,NaN,0.006515,0,NaN,NaN,175,250,NaN,NaN,NaN,NaN,NaN,0
一般,APF-only,49,20261952,1,229.358752665851,0.0016496,0.001562,0.0016496,NaN,NaN,NaN,NaN,52,16.5135672987644,0.40276509044968,0.887896147911194,1,5,0
一般,AB-IRRT*,49,20261952,1,210.923556456569,0.0086696,0.0017603,0.0066584,0,0.0017603,0.0068258,184,250,2.45792884068828,0.036309950681968,0.965500280779014,1,5,0
一般,RRT*,50,20261953,0,Inf,0.0047716,NaN,0.0047181,0,NaN,NaN,134,250,NaN,NaN,NaN,NaN,NaN,0
一般,Informed-RRT*,50,20261953,0,Inf,0.0060415,NaN,0.0057326,0,NaN,NaN,134,250,NaN,NaN,NaN,NaN,NaN,0
一般,PRM*,50,20261953,1,219.220693658245,0.0239162,0.0005838,0.0238262,0,NaN,NaN,252,250,3.84684911572934,0.964783971927204,0.92895770733762,NaN,NaN,0
一般,FMT*,50,20261953,1,216.30227020605,0.0076113,0.0053447,0.0075146,0,NaN,NaN,252,250,2.72555757955632,0.412334908389482,0.94149151919548,NaN,NaN,0
一般,BIT*,50,20261953,1,211.604589292723,0.0385614,0.021827,0.0384514,0,NaN,NaN,194,250,1.27626483012106,0.412355271359516,0.962392893568161,NaN,NaN,0
一般,RRT#,50,20261953,0,Inf,0.0062438,NaN,0.0061668,0,NaN,NaN,134,250,NaN,NaN,NaN,NaN,NaN,0
一般,APF-only,50,20261953,1,229.358752665851,0.0026167,0.0025115,0.0026167,NaN,NaN,NaN,NaN,52,16.5135672987644,0.40276509044968,0.887896147911194,1,5,0
一般,AB-IRRT*,50,20261953,1,211.125573387765,0.008531,0.0016833,0.0066625,0,0.0016833,0.0067701,197,250,2.68378474197479,0.0358410021082918,0.964576435312725,1,5,0
狭窄,RRT*,1,20262904,0,Inf,0.0040803,NaN,0.0040195,0,NaN,NaN,104,250,NaN,NaN,NaN,NaN,NaN,0
狭窄,Informed-RRT*,1,20262904,0,Inf,0.003717,NaN,0.0035264,0,NaN,NaN,104,250,NaN,NaN,NaN,NaN,NaN,0
狭窄,PRM*,1,20262904,1,231.684404132895,0.0323795,0.0007462,0.0322704,0,NaN,NaN,252,250,2.68942064862781,0.13366299180346,0.878983433278113,NaN,NaN,0
狭窄,FMT*,1,20262904,1,281.756073769027,0.0288592,0.0140223,0.0287026,0,NaN,NaN,252,250,11.0599385481829,0.179406160735788,0.722776798588794,NaN,NaN,0
狭窄,BIT*,1,20262904,0,Inf,0.0514786,NaN,0.0506674,0,NaN,NaN,200,250,NaN,NaN,NaN,NaN,NaN,0
狭窄,RRT#,1,20262904,0,Inf,0.0041866,NaN,0.004113,0,NaN,NaN,104,250,NaN,NaN,NaN,NaN,NaN,0
狭窄,APF-only,1,20262904,1,279.791130115633,0.0121238,0.0119971,0.0121238,NaN,NaN,NaN,NaN,64,46.4502175583217,0.0632608111899984,0.727852783959099,3,5,0
狭窄,AB-IRRT*,1,20262904,1,212.885243942151,0.0135261,0.0093209,0.0031598,0,0.0093209,0.0037451,31,250,2.34656541775505,0.316946328405102,0.956603422626436,3,5,0
狭窄,RRT*,2,20262905,0,Inf,0.0017603,NaN,0.0017076,0,NaN,NaN,20,250,NaN,NaN,NaN,NaN,NaN,0
狭窄,Informed-RRT*,2,20262905,0,Inf,0.0015331,NaN,0.001459,0,NaN,NaN,20,250,NaN,NaN,NaN,NaN,NaN,0
狭窄,PRM*,2,20262905,1,229.241851492209,0.0277561,0.0007069,0.0276252,0,NaN,NaN,252,250,2.33017011753934,0.278059028140394,0.888348927807566,NaN,NaN,0
狭窄,FMT*,2,20262905,0,Inf,0.0042633,NaN,0.004149,0,NaN,NaN,252,250,NaN,NaN,NaN,NaN,NaN,0
狭窄,BIT*,2,20262905,1,256.938330970388,0.0330712,0.0269366,0.032939,0,NaN,NaN,171,250,4.24622502360625,0.202903882559401,0.792590004817911,NaN,NaN,0
狭窄,RRT#,2,20262905,0,Inf,0.0022647,NaN,0.002196,0,NaN,NaN,20,250,NaN,NaN,NaN,NaN,NaN,0
狭窄,APF-only,2,20262905,1,279.791130115633,0.0094683,0.0093512,0.0094683,NaN,NaN,NaN,NaN,64,46.4502175583217,0.0632608111899984,0.727852783959099,3,5,0
狭窄,AB-IRRT*,2,20262905,1,212.885243942151,0.0106258,0.0082484,0.0021904,0,0.0082484,0.0022854,34,250,2.34656541775505,0.316946328405102,0.956603422626436,3,5,0
狭窄,RRT*,3,20262906,0,Inf,0.0020688,NaN,0.0020219,0,NaN,NaN,32,250,NaN,NaN,NaN,NaN,NaN,0
狭窄,Informed-RRT*,3,20262906,0,Inf,0.0021183,NaN,0.0020352,0,NaN,NaN,32,250,NaN,NaN,NaN,NaN,NaN,0
狭窄,PRM*,3,20262906,1,240.39880583516,0.0280026,0.0001751,0.0279049,0,NaN,NaN,252,250,1.62789244548529,0.341498977741772,0.847120484955174,NaN,NaN,0
狭窄,FMT*,3,20262906,0,Inf,0.0038542,NaN,0.0037589,0,NaN,NaN,252,250,NaN,NaN,NaN,NaN,NaN,0
狭窄,BIT*,3,20262906,0,Inf,0.0034888,NaN,0.0026796,0,NaN,NaN,10,250,NaN,NaN,NaN,NaN,NaN,0
狭窄,RRT#,3,20262906,0,Inf,0.0023953,NaN,0.0023348,0,NaN,NaN,32,250,NaN,NaN,NaN,NaN,NaN,0
狭窄,APF-only,3,20262906,1,279.791130115633,0.00649,0.0064082,0.00649,NaN,NaN,NaN,NaN,64,46.4502175583217,0.0632608111899984,0.727852783959099,3,5,0
狭窄,AB-IRRT*,3,20262906,1,212.885243942151,0.0087953,0.0066741,0.0019664,0,0.0066741,0.0020482,32,250,2.34656541775505,0.316946328405102,0.956603422626436,3,5,0
狭窄,RRT*,4,20262907,0,Inf,0.0022577,NaN,0.0022122,0,NaN,NaN,27,250,NaN,NaN,NaN,NaN,NaN,0
狭窄,Informed-RRT*,4,20262907,0,Inf,0.0015615,NaN,0.001494,0,NaN,NaN,27,250,NaN,NaN,NaN,NaN,NaN,0
狭窄,PRM*,4,20262907,1,242.466945433488,0.021056,0.0098169,0.0209564,0,NaN,NaN,252,250,1.88586945903361,0.421181846039154,0.839894908634417,NaN,NaN,0
狭窄,FMT*,4,20262907,1,242.486501357567,0.0140586,0.0135011,0.0139411,0,NaN,NaN,252,250,4.13169859449454,1,0.839827173230691,NaN,NaN,0
狭窄,BIT*,4,20262907,1,234.670135969924,0.0477334,0.0286407,0.0464542,0,NaN,NaN,192,250,3.17309665385887,1,0.867800038296418,NaN,NaN,0
狭窄,RRT#,4,20262907,0,Inf,0.0025863,NaN,0.0025248,0,NaN,NaN,27,250,NaN,NaN,NaN,NaN,NaN,0
狭窄,APF-only,4,20262907,1,279.791130115633,0.0084337,0.008319,0.0084337,NaN,NaN,NaN,NaN,64,46.4502175583217,0.0632608111899984,0.727852783959099,3,5,0
狭窄,AB-IRRT*,4,20262907,1,212.885243942151,0.0122384,0.009694,0.0023449,0,0.009694,0.0024444,32,250,2.34656541775505,0.316946328405102,0.956603422626436,3,5,0
狭窄,RRT*,5,20262908,0,Inf,0.0050566,NaN,0.005007,0,NaN,NaN,147,250,NaN,NaN,NaN,NaN,NaN,0
狭窄,Informed-RRT*,5,20262908,0,Inf,0.0054616,NaN,0.0053739,0,NaN,NaN,147,250,NaN,NaN,NaN,NaN,NaN,0
狭窄,PRM*,5,20262908,0,Inf,0.0204301,NaN,0.0203356,0,NaN,NaN,252,250,NaN,NaN,NaN,NaN,NaN,0
狭窄,FMT*,5,20262908,0,Inf,0.0364916,NaN,0.0363922,0,NaN,NaN,252,250,NaN,NaN,NaN,NaN,NaN,0
狭窄,BIT*,5,20262908,1,236.229955115031,0.0374206,0.0235693,0.0373069,0,NaN,NaN,181,250,4.59777629271719,0.0783911148683807,0.86206998127126,NaN,NaN,0
狭窄,RRT#,5,20262908,0,Inf,0.0061265,NaN,0.0060583,0,NaN,NaN,147,250,NaN,NaN,NaN,NaN,NaN,0
狭窄,APF-only,5,20262908,1,279.791130115633,0.008839,0.0087359,0.008839,NaN,NaN,NaN,NaN,64,46.4502175583217,0.0632608111899984,0.727852783959099,3,5,0
狭窄,AB-IRRT*,5,20262908,1,212.885243942151,0.0116838,0.0088868,0.0025929,0,0.0088868,0.0027018,35,250,2.34656541775505,0.316946328405102,0.956603422626436,3,5,0
狭窄,RRT*,6,20262909,0,Inf,0.0064992,NaN,0.0064368,0,NaN,NaN,159,250,NaN,NaN,NaN,NaN,NaN,0
狭窄,Informed-RRT*,6,20262909,0,Inf,0.0057356,NaN,0.0056486,0,NaN,NaN,159,250,NaN,NaN,NaN,NaN,NaN,0
狭窄,PRM*,6,20262909,1,234.281498486534,0.0268503,0.000162,0.0267681,0,NaN,NaN,252,250,4.80848048457452,0.0256760645059402,0.869239586981004,NaN,NaN,0
狭窄,FMT*,6,20262909,0,Inf,0.002262,NaN,0.0021833,0,NaN,NaN,252,250,NaN,NaN,NaN,NaN,NaN,0
狭窄,BIT*,6,20262909,1,250.183230553647,0.0342327,0.0338323,0.0339522,0,NaN,NaN,217,250,4.49685589877358,0.592731558758313,0.813990420265429,NaN,NaN,0
狭窄,RRT#,6,20262909,0,Inf,0.0066229,NaN,0.0065467,0,NaN,NaN,159,250,NaN,NaN,NaN,NaN,NaN,0
狭窄,APF-only,6,20262909,1,279.791130115633,0.015911,0.0157883,0.015911,NaN,NaN,NaN,NaN,64,46.4502175583217,0.0632608111899984,0.727852783959099,3,5,0
狭窄,AB-IRRT*,6,20262909,1,212.885243942151,0.0113546,0.0084446,0.0027173,0,0.0084446,0.0028197,38,250,2.34656541775505,0.316946328405102,0.956603422626436,3,5,0
狭窄,RRT*,7,20262910,0,Inf,0.0052084,NaN,0.0051545,0,NaN,NaN,140,250,NaN,NaN,NaN,NaN,NaN,0
狭窄,Informed-RRT*,7,20262910,0,Inf,0.0053625,NaN,0.0052742,0,NaN,NaN,140,250,NaN,NaN,NaN,NaN,NaN,0
狭窄,PRM*,7,20262910,1,239.3892818663,0.0271833,0.0149358,0.0270804,0,NaN,NaN,252,250,2.76780724178223,0.0406280051037837,0.850692860574531,NaN,NaN,0
狭窄,FMT*,7,20262910,1,243.295862105765,0.01003,0.0091377,0.0097246,0,NaN,NaN,252,250,2.65114167311503,0.218472949723333,0.837033360202389,NaN,NaN,0
狭窄,BIT*,7,20262910,1,256.227278151686,0.0317234,0.0246319,0.031618,0,NaN,NaN,168,250,5.13160816681649,0.597616764232053,0.794789510510926,NaN,NaN,0
狭窄,RRT#,7,20262910,0,Inf,0.0055494,NaN,0.0054779,0,NaN,NaN,140,250,NaN,NaN,NaN,NaN,NaN,0
狭窄,APF-only,7,20262910,1,279.791130115633,0.0086798,0.0085756,0.0086798,NaN,NaN,NaN,NaN,64,46.4502175583217,0.0632608111899984,0.727852783959099,3,5,0
狭窄,AB-IRRT*,7,20262910,1,212.885243942151,0.0166934,0.0127336,0.0037253,0,0.0127336,0.0038453,74,250,2.34656541775505,0.316946328405102,0.956603422626436,3,5,0
狭窄,RRT*,8,20262911,0,Inf,0.0073344,NaN,0.0072702,0,NaN,NaN,200,250,NaN,NaN,NaN,NaN,NaN,0
狭窄,Informed-RRT*,8,20262911,0,Inf,0.0068412,NaN,0.0067432,0,NaN,NaN,200,250,NaN,NaN,NaN,NaN,NaN,0
狭窄,PRM*,8,20262911,1,237.188695128607,0.0276653,0.0016503,0.0275776,0,NaN,NaN,252,250,1.69300604380633,1,0.858585409693771,NaN,NaN,0
狭窄,FMT*,8,20262911,0,Inf,0.0063472,NaN,0.0062577,0,NaN,NaN,252,250,NaN,NaN,NaN,NaN,NaN,0
狭窄,BIT*,8,20262911,0,Inf,0.006138,NaN,0.0053974,0,NaN,NaN,17,250,NaN,NaN,NaN,NaN,NaN,0
狭窄,RRT#,8,20262911,0,Inf,0.0054324,NaN,0.0053817,0,NaN,NaN,200,250,NaN,NaN,NaN,NaN,NaN,0
狭窄,APF-only,8,20262911,1,279.791130115633,0.007068,0.0069721,0.007068,NaN,NaN,NaN,NaN,64,46.4502175583217,0.0632608111899984,0.727852783959099,3,5,0
狭窄,AB-IRRT*,8,20262911,1,212.885243942151,0.0122718,0.0096561,0.0024212,0,0.0096561,0.0025215,36,250,2.34656541775505,0.316946328405102,0.956603422626436,3,5,0
狭窄,RRT*,9,20262912,0,Inf,0.0046499,NaN,0.004599,0,NaN,NaN,124,250,NaN,NaN,NaN,NaN,NaN,0
狭窄,Informed-RRT*,9,20262912,0,Inf,0.0041107,NaN,0.0040313,0,NaN,NaN,124,250,NaN,NaN,NaN,NaN,NaN,0
狭窄,PRM*,9,20262912,0,Inf,0.0226495,NaN,0.0225762,0,NaN,NaN,252,250,NaN,NaN,NaN,NaN,NaN,0
狭窄,FMT*,9,20262912,0,Inf,0.0067917,NaN,0.0066931,0,NaN,NaN,252,250,NaN,NaN,NaN,NaN,NaN,0
狭窄,BIT*,9,20262912,1,244.969975473755,0.0389639,0.0388348,0.0388507,0,NaN,NaN,208,250,4.54879219646648,0.65980246380407,0.831313113322915,NaN,NaN,0
狭窄,RRT#,9,20262912,0,Inf,0.0049606,NaN,0.0048904,0,NaN,NaN,124,250,NaN,NaN,NaN,NaN,NaN,0
狭窄,APF-only,9,20262912,1,279.791130115633,0.0097412,0.0096173,0.0097412,NaN,NaN,NaN,NaN,64,46.4502175583217,0.0632608111899984,0.727852783959099,3,5,0
狭窄,AB-IRRT*,9,20262912,1,212.885243942151,0.0106818,0.0083745,0.0021038,0,0.0083745,0.0022048,30,250,2.34656541775505,0.316946328405102,0.956603422626436,3,5,0
狭窄,RRT*,10,20262913,0,Inf,0.0020007,NaN,0.0019503,0,NaN,NaN,25,250,NaN,NaN,NaN,NaN,NaN,0
狭窄,Informed-RRT*,10,20262913,0,Inf,0.0019397,NaN,0.0018601,0,NaN,NaN,25,250,NaN,NaN,NaN,NaN,NaN,0
狭窄,PRM*,10,20262913,1,267.352317959802,0.0267062,0.0007909,0.0266245,0,NaN,NaN,252,250,2.44856831226709,1,0.761716803264616,NaN,NaN,0
狭窄,FMT*,10,20262913,1,259.328138950394,0.024399,0.01203,0.0242821,0,NaN,NaN,252,250,5.909853942598,0.903977393996826,0.785285984798897,NaN,NaN,0
狭窄,BIT*,10,20262913,1,224.035784191617,0.0611291,0.0609929,0.0610083,0,NaN,NaN,212,250,3.34904024861311,0.0250758080266991,0.908992077834975,NaN,NaN,0
狭窄,RRT#,10,20262913,0,Inf,0.0025541,NaN,0.0024872,0,NaN,NaN,25,250,NaN,NaN,NaN,NaN,NaN,0
狭窄,APF-only,10,20262913,1,279.791130115633,0.0078789,0.0077815,0.0078789,NaN,NaN,NaN,NaN,64,46.4502175583217,0.0632608111899984,0.727852783959099,3,5,0
狭窄,AB-IRRT*,10,20262913,1,212.885243942151,0.0123984,0.0087395,0.0034642,0,0.0087395,0.0035651,77,250,2.34656541775505,0.316946328405102,0.956603422626436,3,5,0
狭窄,RRT*,11,20262914,0,Inf,0.0020631,NaN,0.0019737,0,NaN,NaN,27,250,NaN,NaN,NaN,NaN,NaN,0
狭窄,Informed-RRT*,11,20262914,0,Inf,0.0020676,NaN,0.001982,0,NaN,NaN,27,250,NaN,NaN,NaN,NaN,NaN,0
狭窄,PRM*,11,20262914,1,242.736155113704,0.0250164,0.0023556,0.0249212,0,NaN,NaN,252,250,2.49991471164878,0.710230938268273,0.838963412295677,NaN,NaN,0
狭窄,FMT*,11,20262914,1,247.224435395043,0.0128236,0.0123631,0.0127064,0,NaN,NaN,252,250,5.57146328984058,0.104488069976925,0.823732300799133,NaN,NaN,0
狭窄,BIT*,11,20262914,1,239.526633384945,0.0474681,0.0471073,0.0471233,0,NaN,NaN,207,250,4.97134021943165,0.101703374951492,0.850205048615381,NaN,NaN,0
狭窄,RRT#,11,20262914,0,Inf,0.0044198,NaN,0.0043112,0,NaN,NaN,27,250,NaN,NaN,NaN,NaN,NaN,0
狭窄,APF-only,11,20262914,1,279.791130115633,0.0103661,0.0102161,0.0103661,NaN,NaN,NaN,NaN,64,46.4502175583217,0.0632608111899984,0.727852783959099,3,5,0
狭窄,AB-IRRT*,11,20262914,1,212.885243942151,0.0099043,0.0076144,0.0021092,0,0.0076144,0.0021999,31,250,2.34656541775505,0.316946328405102,0.956603422626436,3,5,0
狭窄,RRT*,12,20262915,0,Inf,0.002667,NaN,0.002607,0,NaN,NaN,23,250,NaN,NaN,NaN,NaN,NaN,0
狭窄,Informed-RRT*,12,20262915,0,Inf,0.0021515,NaN,0.0020649,0,NaN,NaN,23,250,NaN,NaN,NaN,NaN,NaN,0
狭窄,PRM*,12,20262915,0,Inf,0.0240859,NaN,0.0240024,0,NaN,NaN,252,250,NaN,NaN,NaN,NaN,NaN,0
狭窄,FMT*,12,20262915,0,Inf,0.003833,NaN,0.0037405,0,NaN,NaN,252,250,NaN,NaN,NaN,NaN,NaN,0
狭窄,BIT*,12,20262915,0,Inf,0.0087225,NaN,0.0079997,0,NaN,NaN,15,250,NaN,NaN,NaN,NaN,NaN,0
狭窄,RRT#,12,20262915,0,Inf,0.0020587,NaN,0.0020005,0,NaN,NaN,23,250,NaN,NaN,NaN,NaN,NaN,0
狭窄,APF-only,12,20262915,1,279.791130115633,0.0083188,0.0082157,0.0083188,NaN,NaN,NaN,NaN,64,46.4502175583217,0.0632608111899984,0.727852783959099,3,5,0
狭窄,AB-IRRT*,12,20262915,1,212.885243942151,0.0098757,0.0077984,0.0018802,0,0.0077984,0.0019928,35,250,2.34656541775505,0.316946328405102,0.956603422626436,3,5,0
狭窄,RRT*,13,20262916,0,Inf,0.0061396,NaN,0.0060747,0,NaN,NaN,121,250,NaN,NaN,NaN,NaN,NaN,0
狭窄,Informed-RRT*,13,20262916,0,Inf,0.0053938,NaN,0.0052949,0,NaN,NaN,121,250,NaN,NaN,NaN,NaN,NaN,0
狭窄,PRM*,13,20262916,1,240.006076244587,0.0273756,0.0019829,0.0272895,0,NaN,NaN,252,250,2.40555433325176,0.479562825379659,0.848506655198979,NaN,NaN,0
狭窄,FMT*,13,20262916,1,259.792021053853,0.0121408,0.0080379,0.0120287,0,NaN,NaN,252,250,3.53821543583464,1,0.783883785789985,NaN,NaN,0
狭窄,BIT*,13,20262916,1,239.576421757099,0.0520253,0.0318768,0.0503997,0,NaN,NaN,172,250,1.61166276821299,0.66664797112024,0.850028360421036,NaN,NaN,0
狭窄,RRT#,13,20262916,0,Inf,0.0052326,NaN,0.005161,0,NaN,NaN,121,250,NaN,NaN,NaN,NaN,NaN,0
狭窄,APF-only,13,20262916,1,279.791130115633,0.0075491,0.0074534,0.0075491,NaN,NaN,NaN,NaN,64,46.4502175583217,0.0632608111899984,0.727852783959099,3,5,0
狭窄,AB-IRRT*,13,20262916,1,212.885243942151,0.0153928,0.0120717,0.003063,0,0.0120717,0.0032106,27,250,2.34656541775505,0.316946328405102,0.956603422626436,3,5,0
狭窄,RRT*,14,20262917,0,Inf,0.0040595,NaN,0.0040036,0,NaN,NaN,84,250,NaN,NaN,NaN,NaN,NaN,0
狭窄,Informed-RRT*,14,20262917,0,Inf,0.0039685,NaN,0.003875,0,NaN,NaN,84,250,NaN,NaN,NaN,NaN,NaN,0
狭窄,PRM*,14,20262917,1,235.513076271436,0.0255251,0.0018728,0.0254492,0,NaN,NaN,252,250,5.65743759387974,0.592758867563527,0.864694038249566,NaN,NaN,0
狭窄,FMT*,14,20262917,0,Inf,0.0033559,NaN,0.0032654,0,NaN,NaN,252,250,NaN,NaN,NaN,NaN,NaN,0
狭窄,BIT*,14,20262917,0,Inf,0.0059674,NaN,0.0051467,0,NaN,NaN,12,250,NaN,NaN,NaN,NaN,NaN,0
狭窄,RRT#,14,20262917,0,Inf,0.0040622,NaN,0.0039955,0,NaN,NaN,84,250,NaN,NaN,NaN,NaN,NaN,0
狭窄,APF-only,14,20262917,1,279.791130115633,0.0062984,0.0062141,0.0062984,NaN,NaN,NaN,NaN,64,46.4502175583217,0.0632608111899984,0.727852783959099,3,5,0
狭窄,AB-IRRT*,14,20262917,1,212.885243942151,0.0143189,0.0115994,0.0024749,0,0.0115994,0.0026064,36,250,2.34656541775505,0.316946328405102,0.956603422626436,3,5,0
狭窄,RRT*,15,20262918,0,Inf,0.0052262,NaN,0.0051733,0,NaN,NaN,175,250,NaN,NaN,NaN,NaN,NaN,0
狭窄,Informed-RRT*,15,20262918,0,Inf,0.0055912,NaN,0.0055091,0,NaN,NaN,175,250,NaN,NaN,NaN,NaN,NaN,0
狭窄,PRM*,15,20262918,1,238.419011777627,0.0270625,0.0065618,0.0269717,0,NaN,NaN,252,250,7.29895242857826,0.209908562544513,0.854154840519459,NaN,NaN,0
狭窄,FMT*,15,20262918,0,Inf,0.0017329,NaN,0.0016562,0,NaN,NaN,252,250,NaN,NaN,NaN,NaN,NaN,0
狭窄,BIT*,15,20262918,0,Inf,0.0027382,NaN,0.0026655,0,NaN,NaN,10,250,NaN,NaN,NaN,NaN,NaN,0
狭窄,RRT#,15,20262918,0,Inf,0.0060455,NaN,0.0059847,0,NaN,NaN,175,250,NaN,NaN,NaN,NaN,NaN,0
狭窄,APF-only,15,20262918,1,279.791130115633,0.0088018,0.0087123,0.0088018,NaN,NaN,NaN,NaN,64,46.4502175583217,0.0632608111899984,0.727852783959099,3,5,0
狭窄,AB-IRRT*,15,20262918,1,212.885243942151,0.0091415,0.0073086,0.0016811,0,0.0073086,0.001754,33,250,2.34656541775505,0.316946328405102,0.956603422626436,3,5,0
狭窄,RRT*,16,20262919,0,Inf,0.0020167,NaN,0.0019608,0,NaN,NaN,22,250,NaN,NaN,NaN,NaN,NaN,0
狭窄,Informed-RRT*,16,20262919,0,Inf,0.001872,NaN,0.0017889,0,NaN,NaN,22,250,NaN,NaN,NaN,NaN,NaN,0
狭窄,PRM*,16,20262919,1,229.920232444279,0.0276478,0.0010332,0.0275639,0,NaN,NaN,252,250,1.79364172056703,1,0.885727849249107,NaN,NaN,0
狭窄,FMT*,16,20262919,1,234.443077148992,0.0114286,0.0054895,0.0113424,0,NaN,NaN,252,250,4.99766781463385,0.687018441876758,0.868640505227225,NaN,NaN,0
狭窄,BIT*,16,20262919,0,Inf,0.0719412,NaN,0.0709253,0,NaN,NaN,209,250,NaN,NaN,NaN,NaN,NaN,0
狭窄,RRT#,16,20262919,0,Inf,0.0021055,NaN,0.0020442,0,NaN,NaN,22,250,NaN,NaN,NaN,NaN,NaN,0
狭窄,APF-only,16,20262919,1,279.791130115633,0.008326,0.0082262,0.008326,NaN,NaN,NaN,NaN,64,46.4502175583217,0.0632608111899984,0.727852783959099,3,5,0
狭窄,AB-IRRT*,16,20262919,1,212.885243942151,0.0121609,0.0086613,0.0032666,0,0.0086613,0.003391,54,250,2.34656541775505,0.316946328405102,0.956603422626436,3,5,0
狭窄,RRT*,17,20262920,0,Inf,0.0018784,NaN,0.0018302,0,NaN,NaN,25,250,NaN,NaN,NaN,NaN,NaN,0
狭窄,Informed-RRT*,17,20262920,0,Inf,0.0020887,NaN,0.002001,0,NaN,NaN,25,250,NaN,NaN,NaN,NaN,NaN,0
狭窄,PRM*,17,20262920,1,246.747369484459,0.0276355,0.0009398,0.027548,0,NaN,NaN,252,250,3.4133208256196,0.338751835978368,0.82532492000711,NaN,NaN,0
狭窄,FMT*,17,20262920,1,238.042842192098,0.0178341,0.0091396,0.0177074,0,NaN,NaN,252,250,6.7640504481291,0.135451585073369,0.855504627261108,NaN,NaN,0
狭窄,BIT*,17,20262920,1,223.67932651408,0.0515656,0.0273048,0.0514398,0,NaN,NaN,190,250,5.81746192567284,0.108289153006289,0.910440656968387,NaN,NaN,0
狭窄,RRT#,17,20262920,0,Inf,0.0020545,NaN,0.0019947,0,NaN,NaN,25,250,NaN,NaN,NaN,NaN,NaN,0
狭窄,APF-only,17,20262920,1,279.791130115633,0.0084859,0.0083874,0.0084859,NaN,NaN,NaN,NaN,64,46.4502175583217,0.0632608111899984,0.727852783959099,3,5,0
狭窄,AB-IRRT*,17,20262920,1,212.885243942151,0.010763,0.0083062,0.0022582,0,0.0083062,0.0023599,33,250,2.34656541775505,0.316946328405102,0.956603422626436,3,5,0
狭窄,RRT*,18,20262921,0,Inf,0.0058302,NaN,0.0057714,0,NaN,NaN,165,250,NaN,NaN,NaN,NaN,NaN,0
狭窄,Informed-RRT*,18,20262921,0,Inf,0.006235,NaN,0.0061322,0,NaN,NaN,165,250,NaN,NaN,NaN,NaN,NaN,0
狭窄,PRM*,18,20262921,1,225.081978950506,0.0278593,0.0112375,0.027772,0,NaN,NaN,252,250,2.76134348938304,0.135789521887565,0.904767027246133,NaN,NaN,0
狭窄,FMT*,18,20262921,0,Inf,0.0014422,NaN,0.001368,0,NaN,NaN,252,250,NaN,NaN,NaN,NaN,NaN,0
狭窄,BIT*,18,20262921,1,244.67119548876,0.0343166,0.0342029,0.0342175,0,NaN,NaN,203,250,4.53420633327007,0.536762417315156,0.832328270497541,NaN,NaN,0
狭窄,RRT#,18,20262921,0,Inf,0.0069819,NaN,0.0069,0,NaN,NaN,165,250,NaN,NaN,NaN,NaN,NaN,0
狭窄,APF-only,18,20262921,1,279.791130115633,0.0099724,0.009853,0.0099724,NaN,NaN,NaN,NaN,64,46.4502175583217,0.0632608111899984,0.727852783959099,3,5,0
狭窄,AB-IRRT*,18,20262921,1,212.885243942151,0.01153,0.0084688,0.0027705,0,0.0084688,0.0029454,38,250,2.34656541775505,0.316946328405102,0.956603422626436,3,5,0
狭窄,RRT*,19,20262922,0,Inf,0.0018922,NaN,0.0018438,0,NaN,NaN,23,250,NaN,NaN,NaN,NaN,NaN,0
狭窄,Informed-RRT*,19,20262922,0,Inf,0.0018526,NaN,0.0017731,0,NaN,NaN,23,250,NaN,NaN,NaN,NaN,NaN,0
狭窄,PRM*,19,20262922,1,240.147516896032,0.0286349,0.0036331,0.0285447,0,NaN,NaN,252,250,2.23293559507594,0.731336602264292,0.848006906812579,NaN,NaN,0
狭窄,FMT*,19,20262922,0,Inf,0.0010947,NaN,0.0010311,0,NaN,NaN,252,250,NaN,NaN,NaN,NaN,NaN,0
狭窄,BIT*,19,20262922,1,229.940776791933,0.0348683,0.0244168,0.034762,0,NaN,NaN,184,250,2.51407387153785,1,0.885648712781378,NaN,NaN,0
狭窄,RRT#,19,20262922,0,Inf,0.0019084,NaN,0.0018468,0,NaN,NaN,23,250,NaN,NaN,NaN,NaN,NaN,0
狭窄,APF-only,19,20262922,1,279.791130115633,0.0079735,0.0078777,0.0079735,NaN,NaN,NaN,NaN,64,46.4502175583217,0.0632608111899984,0.727852783959099,3,5,0
狭窄,AB-IRRT*,19,20262922,1,212.885243942151,0.0131692,0.0105087,0.0024423,0,0.0105087,0.0025516,31,250,2.34656541775505,0.316946328405102,0.956603422626436,3,5,0
狭窄,RRT*,20,20262923,0,Inf,0.0034624,NaN,0.0034212,0,NaN,NaN,93,250,NaN,NaN,NaN,NaN,NaN,0
狭窄,Informed-RRT*,20,20262923,0,Inf,0.0035413,NaN,0.0034694,0,NaN,NaN,93,250,NaN,NaN,NaN,NaN,NaN,0
狭窄,PRM*,20,20262923,1,241.395775717272,0.0195258,0.0017415,0.0194617,0,NaN,NaN,252,250,3.29347028466048,0.688668951043907,0.843621858653571,NaN,NaN,0
狭窄,FMT*,20,20262923,1,251.466393435637,0.0229766,0.0104907,0.0228669,0,NaN,NaN,252,250,10.0943329807047,0.294960713956072,0.809836854139514,NaN,NaN,0
狭窄,BIT*,20,20262923,1,230.394063052493,0.0781848,0.0769286,0.0770908,0,NaN,NaN,209,250,4.4839924922387,0.362968053082066,0.88390625298069,NaN,NaN,0
狭窄,RRT#,20,20262923,0,Inf,0.0049319,NaN,0.0048651,0,NaN,NaN,93,250,NaN,NaN,NaN,NaN,NaN,0
狭窄,APF-only,20,20262923,1,279.791130115633,0.0100884,0.0099695,0.0100884,NaN,NaN,NaN,NaN,64,46.4502175583217,0.0632608111899984,0.727852783959099,3,5,0
狭窄,AB-IRRT*,20,20262923,1,212.885243942151,0.0109052,0.0085229,0.0022062,0,0.0085229,0.0022956,31,250,2.34656541775505,0.316946328405102,0.956603422626436,3,5,0
狭窄,RRT*,21,20262924,0,Inf,0.0055936,NaN,0.0055349,0,NaN,NaN,146,250,NaN,NaN,NaN,NaN,NaN,0
狭窄,Informed-RRT*,21,20262924,0,Inf,0.004642,NaN,0.0045516,0,NaN,NaN,146,250,NaN,NaN,NaN,NaN,NaN,0
狭窄,PRM*,21,20262924,1,241.846537227401,0.0275466,0.0089393,0.0274695,0,NaN,NaN,252,250,3.20420245458892,1,0.842049488557459,NaN,NaN,0
狭窄,FMT*,21,20262924,0,Inf,0.0029495,NaN,0.0028689,0,NaN,NaN,252,250,NaN,NaN,NaN,NaN,NaN,0
狭窄,BIT*,21,20262924,0,Inf,0.0123517,NaN,0.0114301,0,NaN,NaN,14,250,NaN,NaN,NaN,NaN,NaN,0
狭窄,RRT#,21,20262924,0,Inf,0.0052121,NaN,0.0051472,0,NaN,NaN,146,250,NaN,NaN,NaN,NaN,NaN,0
狭窄,APF-only,21,20262924,1,279.791130115633,0.007501,0.0074152,0.007501,NaN,NaN,NaN,NaN,64,46.4502175583217,0.0632608111899984,0.727852783959099,3,5,0
狭窄,AB-IRRT*,21,20262924,1,212.885243942151,0.0143791,0.0100655,0.0040894,0,0.0100655,0.0042194,86,250,2.34656541775505,0.316946328405102,0.956603422626436,3,5,0
狭窄,RRT*,22,20262925,0,Inf,0.0023327,NaN,0.0022775,0,NaN,NaN,28,250,NaN,NaN,NaN,NaN,NaN,0
狭窄,Informed-RRT*,22,20262925,0,Inf,0.0021059,NaN,0.0020327,0,NaN,NaN,28,250,NaN,NaN,NaN,NaN,NaN,0
狭窄,PRM*,22,20262925,1,231.524531827317,0.0266137,0.012925,0.0265291,0,NaN,NaN,252,250,2.67062433359199,0.757314172577289,0.879590388864779,NaN,NaN,0
狭窄,FMT*,22,20262925,1,254.997390041842,0.0160849,0.0155379,0.0159683,0,NaN,NaN,252,250,5.4802930507383,1,0.798622891584537,NaN,NaN,0
狭窄,BIT*,22,20262925,1,248.000349363238,0.0598196,0.0596866,0.0597027,0,NaN,NaN,210,250,4.52437374875838,1,0.821155105243223,NaN,NaN,0
狭窄,RRT#,22,20262925,0,Inf,0.0026424,NaN,0.0025783,0,NaN,NaN,28,250,NaN,NaN,NaN,NaN,NaN,0
狭窄,APF-only,22,20262925,1,279.791130115633,0.0085215,0.0084249,0.0085215,NaN,NaN,NaN,NaN,64,46.4502175583217,0.0632608111899984,0.727852783959099,3,5,0
狭窄,AB-IRRT*,22,20262925,1,212.885243942151,0.0111477,0.0086952,0.002263,0,0.0086952,0.0023601,34,250,2.34656541775505,0.316946328405102,0.956603422626436,3,5,0
狭窄,RRT*,23,20262926,0,Inf,0.0040066,NaN,0.0039489,0,NaN,NaN,87,250,NaN,NaN,NaN,NaN,NaN,0
狭窄,Informed-RRT*,23,20262926,0,Inf,0.0039422,NaN,0.0038487,0,NaN,NaN,87,250,NaN,NaN,NaN,NaN,NaN,0
狭窄,PRM*,23,20262926,1,242.492323361523,0.0232165,0.0129704,0.023127,0,NaN,NaN,252,250,3.53332570852959,0.112613015397457,0.839807009800126,NaN,NaN,0
狭窄,FMT*,23,20262926,0,Inf,0.004548,NaN,0.004454,0,NaN,NaN,252,250,NaN,NaN,NaN,NaN,NaN,0
狭窄,BIT*,23,20262926,0,Inf,0.0087333,NaN,0.0078423,0,NaN,NaN,12,250,NaN,NaN,NaN,NaN,NaN,0
狭窄,RRT#,23,20262926,0,Inf,0.0034174,NaN,0.0033621,0,NaN,NaN,87,250,NaN,NaN,NaN,NaN,NaN,0
狭窄,APF-only,23,20262926,1,279.791130115633,0.0088925,0.0087915,0.0088925,NaN,NaN,NaN,NaN,64,46.4502175583217,0.0632608111899984,0.727852783959099,3,5,0
狭窄,AB-IRRT*,23,20262926,1,212.885243942151,0.010633,0.0083756,0.0020714,0,0.0083756,0.0021664,33,250,2.34656541775505,0.316946328405102,0.956603422626436,3,5,0
狭窄,RRT*,24,20262927,0,Inf,0.0021468,NaN,0.0020957,0,NaN,NaN,29,250,NaN,NaN,NaN,NaN,NaN,0
狭窄,Informed-RRT*,24,20262927,0,Inf,0.0022346,NaN,0.0021469,0,NaN,NaN,29,250,NaN,NaN,NaN,NaN,NaN,0
狭窄,PRM*,24,20262927,0,Inf,0.0262343,NaN,0.0261617,0,NaN,NaN,252,250,NaN,NaN,NaN,NaN,NaN,0
狭窄,FMT*,24,20262927,0,Inf,0.0026883,NaN,0.0026123,0,NaN,NaN,252,250,NaN,NaN,NaN,NaN,NaN,0
狭窄,BIT*,24,20262927,1,231.078079748075,0.0377219,0.0375246,0.0376175,0,NaN,NaN,203,250,3.66639136920875,0.0559378632237964,0.881289792626565,NaN,NaN,0
狭窄,RRT#,24,20262927,0,Inf,0.0022576,NaN,0.0021959,0,NaN,NaN,29,250,NaN,NaN,NaN,NaN,NaN,0
狭窄,APF-only,24,20262927,1,279.791130115633,0.0081808,0.0080841,0.0081808,NaN,NaN,NaN,NaN,64,46.4502175583217,0.0632608111899984,0.727852783959099,3,5,0
狭窄,AB-IRRT*,24,20262927,1,212.885243942151,0.0148099,0.010382,0.0041861,0,0.010382,0.004309,34,250,2.34656541775505,0.316946328405102,0.956603422626436,3,5,0
狭窄,RRT*,25,20262928,0,Inf,0.0019642,NaN,0.0019176,0,NaN,NaN,26,250,NaN,NaN,NaN,NaN,NaN,0
狭窄,Informed-RRT*,25,20262928,0,Inf,0.0019671,NaN,0.0018913,0,NaN,NaN,26,250,NaN,NaN,NaN,NaN,NaN,0
狭窄,PRM*,25,20262928,1,243.85010348508,0.027414,0.0184164,0.0273222,0,NaN,NaN,252,250,3.50374427711434,1,0.835130886028866,NaN,NaN,0
狭窄,FMT*,25,20262928,0,Inf,0.0019234,NaN,0.0018469,0,NaN,NaN,252,250,NaN,NaN,NaN,NaN,NaN,0
狭窄,BIT*,25,20262928,0,Inf,0.0061098,NaN,0.0059475,0,NaN,NaN,8,250,NaN,NaN,NaN,NaN,NaN,0
狭窄,RRT#,25,20262928,0,Inf,0.002062,NaN,0.0020069,0,NaN,NaN,26,250,NaN,NaN,NaN,NaN,NaN,0
狭窄,APF-only,25,20262928,1,279.791130115633,0.0081788,0.0080865,0.0081788,NaN,NaN,NaN,NaN,64,46.4502175583217,0.0632608111899984,0.727852783959099,3,5,0
狭窄,AB-IRRT*,25,20262928,1,212.885243942151,0.0112476,0.0085891,0.0024747,0,0.0085891,0.0025735,30,250,2.34656541775505,0.316946328405102,0.956603422626436,3,5,0
狭窄,RRT*,26,20262929,0,Inf,0.0020841,NaN,0.0020376,0,NaN,NaN,30,250,NaN,NaN,NaN,NaN,NaN,0
狭窄,Informed-RRT*,26,20262929,0,Inf,0.0024869,NaN,0.002339,0,NaN,NaN,30,250,NaN,NaN,NaN,NaN,NaN,0
狭窄,PRM*,26,20262929,1,229.151576863918,0.0263016,0.0009969,0.0262237,0,NaN,NaN,252,250,4.52374887176547,0.200195215883777,0.88869889428106,NaN,NaN,0
狭窄,FMT*,26,20262929,1,255.779746689105,0.0114583,0.0074069,0.0113642,0,NaN,NaN,252,250,5.77642109519213,1,0.796180133954288,NaN,NaN,0
狭窄,BIT*,26,20262929,1,254.548043482746,0.0491048,0.0427851,0.0490038,0,NaN,NaN,163,250,6.36788235210519,1,0.800032678292926,NaN,NaN,0
狭窄,RRT#,26,20262929,0,Inf,0.0024302,NaN,0.002367,0,NaN,NaN,30,250,NaN,NaN,NaN,NaN,NaN,0
狭窄,APF-only,26,20262929,1,279.791130115633,0.0081879,0.008092,0.0081879,NaN,NaN,NaN,NaN,64,46.4502175583217,0.0632608111899984,0.727852783959099,3,5,0
狭窄,AB-IRRT*,26,20262929,1,212.885243942151,0.0119664,0.0088143,0.0029023,0,0.0088143,0.0030534,33,250,2.34656541775505,0.316946328405102,0.956603422626436,3,5,0
狭窄,RRT*,27,20262930,0,Inf,0.0031217,NaN,0.003058,0,NaN,NaN,39,250,NaN,NaN,NaN,NaN,NaN,0
狭窄,Informed-RRT*,27,20262930,0,Inf,0.0025713,NaN,0.0024803,0,NaN,NaN,39,250,NaN,NaN,NaN,NaN,NaN,0
狭窄,PRM*,27,20262930,1,225.645784016196,0.0254808,0.0037376,0.0254036,0,NaN,NaN,252,250,2.89230243164399,0.608948093974776,0.902506350249862,NaN,NaN,0
狭窄,FMT*,27,20262930,0,Inf,0.0035964,NaN,0.0035159,0,NaN,NaN,252,250,NaN,NaN,NaN,NaN,NaN,0
狭窄,BIT*,27,20262930,1,242.302620835326,0.0344133,0.0342635,0.0342904,0,NaN,NaN,205,250,2.98099009910754,1,0.840464507893739,NaN,NaN,0
狭窄,RRT#,27,20262930,0,Inf,0.0030592,NaN,0.0029885,0,NaN,NaN,39,250,NaN,NaN,NaN,NaN,NaN,0
狭窄,APF-only,27,20262930,1,279.791130115633,0.0087429,0.0086382,0.0087429,NaN,NaN,NaN,NaN,64,46.4502175583217,0.0632608111899984,0.727852783959099,3,5,0
狭窄,AB-IRRT*,27,20262930,1,212.885243942151,0.0106707,0.0082879,0.0022066,0,0.0082879,0.0022965,27,250,2.34656541775505,0.316946328405102,0.956603422626436,3,5,0
狭窄,RRT*,28,20262931,0,Inf,0.0021995,NaN,0.0021515,0,NaN,NaN,26,250,NaN,NaN,NaN,NaN,NaN,0
狭窄,Informed-RRT*,28,20262931,0,Inf,0.0021604,NaN,0.002082,0,NaN,NaN,26,250,NaN,NaN,NaN,NaN,NaN,0
狭窄,PRM*,28,20262931,1,241.688312836827,0.0238121,0.0077817,0.023725,0,NaN,NaN,252,250,4.89166383803973,0.0715002174360695,0.842600747183067,NaN,NaN,0
狭窄,FMT*,28,20262931,1,260.788240748831,0.0159893,0.01546,0.0158741,0,NaN,NaN,252,250,8.92613933019633,0.090635784035447,0.780889323832133,NaN,NaN,0
狭窄,BIT*,28,20262931,0,Inf,0.0360834,NaN,0.0359933,0,NaN,NaN,215,250,NaN,NaN,NaN,NaN,NaN,0
狭窄,RRT#,28,20262931,0,Inf,0.0024046,NaN,0.0023375,0,NaN,NaN,26,250,NaN,NaN,NaN,NaN,NaN,0
狭窄,APF-only,28,20262931,1,279.791130115633,0.0073878,0.0072911,0.0073878,NaN,NaN,NaN,NaN,64,46.4502175583217,0.0632608111899984,0.727852783959099,3,5,0
狭窄,AB-IRRT*,28,20262931,1,212.885243942151,0.0103967,0.0080233,0.0021893,0,0.0080233,0.0022817,34,250,2.34656541775505,0.316946328405102,0.956603422626436,3,5,0
狭窄,RRT*,29,20262932,0,Inf,0.0045848,NaN,0.0045278,0,NaN,NaN,123,250,NaN,NaN,NaN,NaN,NaN,0
狭窄,Informed-RRT*,29,20262932,0,Inf,0.0040532,NaN,0.0039708,0,NaN,NaN,123,250,NaN,NaN,NaN,NaN,NaN,0
狭窄,PRM*,29,20262932,1,232.198882136482,0.023393,0.0022335,0.0232882,0,NaN,NaN,252,250,2.48933398564327,0.496351398949267,0.877035888837854,NaN,NaN,0
狭窄,FMT*,29,20262932,1,240.056993908016,0.0139938,0.009422,0.0138927,0,NaN,NaN,252,250,8.01009790570494,0.0608692181514687,0.848326681370334,NaN,NaN,0
狭窄,BIT*,29,20262932,1,226.842788628791,0.0525628,0.0269198,0.0524343,0,NaN,NaN,192,250,6.17867531661719,0.124938710807022,0.897744002411187,NaN,NaN,0
狭窄,RRT#,29,20262932,0,Inf,0.0045292,NaN,0.0044602,0,NaN,NaN,123,250,NaN,NaN,NaN,NaN,NaN,0
狭窄,APF-only,29,20262932,1,279.791130115633,0.0078745,0.0077848,0.0078745,NaN,NaN,NaN,NaN,64,46.4502175583217,0.0632608111899984,0.727852783959099,3,5,0
狭窄,AB-IRRT*,29,20262932,1,212.885243942151,0.0119613,0.0088368,0.0029339,0,0.0088368,0.003035,30,250,2.34656541775505,0.316946328405102,0.956603422626436,3,5,0
狭窄,RRT*,30,20262933,0,Inf,0.004944,NaN,0.0048922,0,NaN,NaN,136,250,NaN,NaN,NaN,NaN,NaN,0
狭窄,Informed-RRT*,30,20262933,0,Inf,0.0047759,NaN,0.0046917,0,NaN,NaN,136,250,NaN,NaN,NaN,NaN,NaN,0
狭窄,PRM*,30,20262933,1,240.92317442035,0.0278214,0.0036683,0.0277272,0,NaN,NaN,252,250,2.71367692180865,0.599517725996729,0.845276729694809,NaN,NaN,0
狭窄,FMT*,30,20262933,0,Inf,0.0038423,NaN,0.0037476,0,NaN,NaN,252,250,NaN,NaN,NaN,NaN,NaN,0
狭窄,BIT*,30,20262933,0,Inf,0.050093,NaN,0.0485271,0,NaN,NaN,207,250,NaN,NaN,NaN,NaN,NaN,0
狭窄,RRT#,30,20262933,0,Inf,0.0054559,NaN,0.0053886,0,NaN,NaN,136,250,NaN,NaN,NaN,NaN,NaN,0
狭窄,APF-only,30,20262933,1,279.791130115633,0.0087886,0.008682,0.0087886,NaN,NaN,NaN,NaN,64,46.4502175583217,0.0632608111899984,0.727852783959099,3,5,0
狭窄,AB-IRRT*,30,20262933,1,212.885243942151,0.0199908,0.0154776,0.0042508,0,0.0154776,0.0044015,40,250,2.34656541775505,0.316946328405102,0.956603422626436,3,5,0
狭窄,RRT*,31,20262934,0,Inf,0.0018027,NaN,0.0017563,0,NaN,NaN,21,250,NaN,NaN,NaN,NaN,NaN,0
狭窄,Informed-RRT*,31,20262934,0,Inf,0.0016279,NaN,0.00155,0,NaN,NaN,21,250,NaN,NaN,NaN,NaN,NaN,0
狭窄,PRM*,31,20262934,0,Inf,0.025468,NaN,0.0253751,0,NaN,NaN,252,250,NaN,NaN,NaN,NaN,NaN,0
狭窄,FMT*,31,20262934,1,254.279611069482,0.0072868,0.0057873,0.0071611,0,NaN,NaN,252,250,4.83698875999448,0.192728223375534,0.800877239528572,NaN,NaN,0
狭窄,BIT*,31,20262934,1,254.279611069482,0.0384419,0.035373,0.0371933,0,NaN,NaN,171,250,4.83698875999448,0.192728223375534,0.800877239528572,NaN,NaN,0
狭窄,RRT#,31,20262934,0,Inf,0.0023151,NaN,0.0022506,0,NaN,NaN,21,250,NaN,NaN,NaN,NaN,NaN,0
狭窄,APF-only,31,20262934,1,279.791130115633,0.0090828,0.0089298,0.0090828,NaN,NaN,NaN,NaN,64,46.4502175583217,0.0632608111899984,0.727852783959099,3,5,0
狭窄,AB-IRRT*,31,20262934,1,212.885243942151,0.0111295,0.0085099,0.002416,0,0.0085099,0.0025198,33,250,2.34656541775505,0.316946328405102,0.956603422626436,3,5,0
狭窄,RRT*,32,20262935,0,Inf,0.002191,NaN,0.0021081,0,NaN,NaN,23,250,NaN,NaN,NaN,NaN,NaN,0
狭窄,Informed-RRT*,32,20262935,0,Inf,0.0019596,NaN,0.0018735,0,NaN,NaN,23,250,NaN,NaN,NaN,NaN,NaN,0
狭窄,PRM*,32,20262935,1,231.910320797752,0.026846,0.0008349,0.0267488,0,NaN,NaN,252,250,2.67218228530481,1,0.878127166920375,NaN,NaN,0
狭窄,FMT*,32,20262935,0,Inf,0.0037175,NaN,0.0036308,0,NaN,NaN,252,250,NaN,NaN,NaN,NaN,NaN,0
狭窄,BIT*,32,20262935,0,Inf,0.0034473,NaN,0.0033789,0,NaN,NaN,13,250,NaN,NaN,NaN,NaN,NaN,0
狭窄,RRT#,32,20262935,0,Inf,0.001853,NaN,0.0018043,0,NaN,NaN,23,250,NaN,NaN,NaN,NaN,NaN,0
狭窄,APF-only,32,20262935,1,279.791130115633,0.0081151,0.0080221,0.0081151,NaN,NaN,NaN,NaN,64,46.4502175583217,0.0632608111899984,0.727852783959099,3,5,0
狭窄,AB-IRRT*,32,20262935,1,212.885243942151,0.0114383,0.008982,0.0022704,0,0.008982,0.0023651,29,250,2.34656541775505,0.316946328405102,0.956603422626436,3,5,0
狭窄,RRT*,33,20262936,0,Inf,0.0074832,NaN,0.0074259,0,NaN,NaN,179,250,NaN,NaN,NaN,NaN,NaN,0
狭窄,Informed-RRT*,33,20262936,0,Inf,0.0057911,NaN,0.0057025,0,NaN,NaN,179,250,NaN,NaN,NaN,NaN,NaN,0
狭窄,PRM*,33,20262936,1,224.625451013465,0.0225968,0.0011809,0.022529,0,NaN,NaN,252,250,1.86720427925579,0.229331717343566,0.906605872410774,NaN,NaN,0
狭窄,FMT*,33,20262936,1,252.414171317879,0.0104392,0.0062066,0.0103396,0,NaN,NaN,252,250,7.99047792826689,0.0201100200253723,0.806796036523885,NaN,NaN,0
狭窄,BIT*,33,20262936,1,238.537411772971,0.0475942,0.0329093,0.0474314,0,NaN,NaN,187,250,3.8226546330603,0.752871834205398,0.853730873778185,NaN,NaN,0
狭窄,RRT#,33,20262936,0,Inf,0.0079194,NaN,0.0078149,0,NaN,NaN,179,250,NaN,NaN,NaN,NaN,NaN,0
狭窄,APF-only,33,20262936,1,279.791130115633,0.0077626,0.007666,0.0077626,NaN,NaN,NaN,NaN,64,46.4502175583217,0.0632608111899984,0.727852783959099,3,5,0
狭窄,AB-IRRT*,33,20262936,1,212.885243942151,0.0110024,0.0078672,0.0029503,0,0.0078672,0.0030507,48,250,2.34656541775505,0.316946328405102,0.956603422626436,3,5,0
狭窄,RRT*,34,20262937,0,Inf,0.0018963,NaN,0.0018496,0,NaN,NaN,25,250,NaN,NaN,NaN,NaN,NaN,0
狭窄,Informed-RRT*,34,20262937,0,Inf,0.0018212,NaN,0.0017469,0,NaN,NaN,25,250,NaN,NaN,NaN,NaN,NaN,0
狭窄,PRM*,34,20262937,1,243.310516885058,0.0293949,0.0218773,0.029299,0,NaN,NaN,252,250,2.60491895818174,1,0.836982945040268,NaN,NaN,0
狭窄,FMT*,34,20262937,0,Inf,0.0056939,NaN,0.0056084,0,NaN,NaN,252,250,NaN,NaN,NaN,NaN,NaN,0
狭窄,BIT*,34,20262937,0,Inf,0.0058567,NaN,0.0057857,0,NaN,NaN,15,250,NaN,NaN,NaN,NaN,NaN,0
狭窄,RRT#,34,20262937,0,Inf,0.0020385,NaN,0.0019845,0,NaN,NaN,25,250,NaN,NaN,NaN,NaN,NaN,0
狭窄,APF-only,34,20262937,1,279.791130115633,0.0102679,0.0101594,0.0102679,NaN,NaN,NaN,NaN,64,46.4502175583217,0.0632608111899984,0.727852783959099,3,5,0
狭窄,AB-IRRT*,34,20262937,1,212.885243942151,0.0117289,0.008983,0.0025526,0,0.008983,0.0026481,37,250,2.34656541775505,0.316946328405102,0.956603422626436,3,5,0
狭窄,RRT*,35,20262938,0,Inf,0.0019145,NaN,0.00187,0,NaN,NaN,20,250,NaN,NaN,NaN,NaN,NaN,0
狭窄,Informed-RRT*,35,20262938,0,Inf,0.0019847,NaN,0.0019083,0,NaN,NaN,20,250,NaN,NaN,NaN,NaN,NaN,0
狭窄,PRM*,35,20262938,1,241.561342374808,0.0275951,0.0253103,0.0275075,0,NaN,NaN,252,250,3.4226122007857,0.149173925763257,0.843043638438415,NaN,NaN,0
狭窄,FMT*,35,20262938,0,Inf,0.0017851,NaN,0.0016845,0,NaN,NaN,252,250,NaN,NaN,NaN,NaN,NaN,0
狭窄,BIT*,35,20262938,0,Inf,0.0062286,NaN,0.0054655,0,NaN,NaN,7,250,NaN,NaN,NaN,NaN,NaN,0
狭窄,RRT#,35,20262938,0,Inf,0.0016841,NaN,0.0016398,0,NaN,NaN,20,250,NaN,NaN,NaN,NaN,NaN,0
狭窄,APF-only,35,20262938,1,279.791130115633,0.0081822,0.0080812,0.0081822,NaN,NaN,NaN,NaN,64,46.4502175583217,0.0632608111899984,0.727852783959099,3,5,0
狭窄,AB-IRRT*,35,20262938,1,212.885243942151,0.0107583,0.0080859,0.0024879,0,0.0080859,0.002584,32,250,2.34656541775505,0.316946328405102,0.956603422626436,3,5,0
狭窄,RRT*,36,20262939,0,Inf,0.0022354,NaN,0.0021845,0,NaN,NaN,24,250,NaN,NaN,NaN,NaN,NaN,0
狭窄,Informed-RRT*,36,20262939,0,Inf,0.002216,NaN,0.0021347,0,NaN,NaN,24,250,NaN,NaN,NaN,NaN,NaN,0
狭窄,PRM*,36,20262939,0,Inf,0.0260734,NaN,0.0259798,0,NaN,NaN,252,250,NaN,NaN,NaN,NaN,NaN,0
狭窄,FMT*,36,20262939,0,Inf,0.002108,NaN,0.0020144,0,NaN,NaN,252,250,NaN,NaN,NaN,NaN,NaN,0
狭窄,BIT*,36,20262939,1,248.166825268432,0.0387546,0.029178,0.0371704,0,NaN,NaN,168,250,3.4926871660295,1,0.820604255872835,NaN,NaN,0
狭窄,RRT#,36,20262939,0,Inf,0.0022524,NaN,0.0021924,0,NaN,NaN,24,250,NaN,NaN,NaN,NaN,NaN,0
狭窄,APF-only,36,20262939,1,279.791130115633,0.0074155,0.0073205,0.0074155,NaN,NaN,NaN,NaN,64,46.4502175583217,0.0632608111899984,0.727852783959099,3,5,0
狭窄,AB-IRRT*,36,20262939,1,212.885243942151,0.009397,0.0074014,0.001772,0,0.0074014,0.0018521,30,250,2.34656541775505,0.316946328405102,0.956603422626436,3,5,0
狭窄,RRT*,37,20262940,0,Inf,0.0020829,NaN,0.0020247,0,NaN,NaN,23,250,NaN,NaN,NaN,NaN,NaN,0
狭窄,Informed-RRT*,37,20262940,0,Inf,0.0021441,NaN,0.0020525,0,NaN,NaN,23,250,NaN,NaN,NaN,NaN,NaN,0
狭窄,PRM*,37,20262940,1,243.494117261244,0.0296436,0.0196624,0.0295563,0,NaN,NaN,252,250,3.49191640156992,0.782840868256415,0.836351839922414,NaN,NaN,0
狭窄,FMT*,37,20262940,1,247.031536927048,0.0127068,0.0078163,0.0125854,0,NaN,NaN,252,250,4.26083577089293,0.975269365883831,0.824375525145462,NaN,NaN,0
狭窄,BIT*,37,20262940,1,244.587881696639,0.0435381,0.0332277,0.0434127,0,NaN,NaN,182,250,4.71044633830814,1,0.832611785870518,NaN,NaN,0
狭窄,RRT#,37,20262940,0,Inf,0.0019844,NaN,0.0019244,0,NaN,NaN,23,250,NaN,NaN,NaN,NaN,NaN,0
狭窄,APF-only,37,20262940,1,279.791130115633,0.0071439,0.0070497,0.0071439,NaN,NaN,NaN,NaN,64,46.4502175583217,0.0632608111899984,0.727852783959099,3,5,0
狭窄,AB-IRRT*,37,20262940,1,212.885243942151,0.011404,0.008814,0.0024023,0,0.008814,0.0024944,36,250,2.34656541775505,0.316946328405102,0.956603422626436,3,5,0
狭窄,RRT*,38,20262941,0,Inf,0.0020074,NaN,0.0019638,0,NaN,NaN,25,250,NaN,NaN,NaN,NaN,NaN,0
狭窄,Informed-RRT*,38,20262941,0,Inf,0.0019314,NaN,0.0018553,0,NaN,NaN,25,250,NaN,NaN,NaN,NaN,NaN,0
狭窄,PRM*,38,20262941,1,237.463086782954,0.0250304,0.014142,0.0249436,0,NaN,NaN,252,250,2.10809121388653,0.239830087589957,0.857593303197743,NaN,NaN,0
狭窄,FMT*,38,20262941,0,Inf,0.0062412,NaN,0.0061501,0,NaN,NaN,252,250,NaN,NaN,NaN,NaN,NaN,0
狭窄,BIT*,38,20262941,0,Inf,0.0054719,NaN,0.005388,0,NaN,NaN,14,250,NaN,NaN,NaN,NaN,NaN,0
狭窄,RRT#,38,20262941,0,Inf,0.0023018,NaN,0.0022444,0,NaN,NaN,25,250,NaN,NaN,NaN,NaN,NaN,0
狭窄,APF-only,38,20262941,1,279.791130115633,0.0087724,0.0086723,0.0087724,NaN,NaN,NaN,NaN,64,46.4502175583217,0.0632608111899984,0.727852783959099,3,5,0
狭窄,AB-IRRT*,38,20262941,1,212.885243942151,0.0140673,0.0085243,0.0049918,0,0.0085243,0.0051269,77,250,2.34656541775505,0.316946328405102,0.956603422626436,3,5,0
狭窄,RRT*,39,20262942,0,Inf,0.0028679,NaN,0.0028148,0,NaN,NaN,32,250,NaN,NaN,NaN,NaN,NaN,0
狭窄,Informed-RRT*,39,20262942,0,Inf,0.0036052,NaN,0.003504,0,NaN,NaN,32,250,NaN,NaN,NaN,NaN,NaN,0
狭窄,PRM*,39,20262942,1,235.019100439531,0.0253376,0.0006583,0.0252036,0,NaN,NaN,252,250,5.73191390404235,0.872674875254244,0.866511498856334,NaN,NaN,0
狭窄,FMT*,39,20262942,1,246.972308655833,0.0384532,0.0173105,0.0382957,0,NaN,NaN,252,250,8.52969149759773,1,0.824573224788196,NaN,NaN,0
狭窄,BIT*,39,20262942,0,Inf,0.092252,NaN,0.0908656,0,NaN,NaN,209,250,NaN,NaN,NaN,NaN,NaN,0
狭窄,RRT#,39,20262942,0,Inf,0.0041014,NaN,0.0040152,0,NaN,NaN,32,250,NaN,NaN,NaN,NaN,NaN,0
狭窄,APF-only,39,20262942,1,279.791130115633,0.0101089,0.0099903,0.0101089,NaN,NaN,NaN,NaN,64,46.4502175583217,0.0632608111899984,0.727852783959099,3,5,0
狭窄,AB-IRRT*,39,20262942,1,212.885243942151,0.0133505,0.0103586,0.0027581,0,0.0103586,0.0028808,31,250,2.34656541775505,0.316946328405102,0.956603422626436,3,5,0
狭窄,RRT*,40,20262943,0,Inf,0.0021842,NaN,0.0021286,0,NaN,NaN,24,250,NaN,NaN,NaN,NaN,NaN,0
狭窄,Informed-RRT*,40,20262943,0,Inf,0.0019158,NaN,0.0018367,0,NaN,NaN,24,250,NaN,NaN,NaN,NaN,NaN,0
狭窄,PRM*,40,20262943,1,230.668798006221,0.0204284,0.00843,0.020361,0,NaN,NaN,252,250,3.0355751075437,0.337241419275247,0.882853488386555,NaN,NaN,0
狭窄,FMT*,40,20262943,0,Inf,0.0016036,NaN,0.0015306,0,NaN,NaN,252,250,NaN,NaN,NaN,NaN,NaN,0
狭窄,BIT*,40,20262943,0,Inf,0.0048054,NaN,0.0038572,0,NaN,NaN,5,250,NaN,NaN,NaN,NaN,NaN,0
狭窄,RRT#,40,20262943,0,Inf,0.001704,NaN,0.0016606,0,NaN,NaN,24,250,NaN,NaN,NaN,NaN,NaN,0
狭窄,APF-only,40,20262943,1,279.791130115633,0.0066584,0.0065735,0.0066584,NaN,NaN,NaN,NaN,64,46.4502175583217,0.0632608111899984,0.727852783959099,3,5,0
狭窄,AB-IRRT*,40,20262943,1,212.885243942151,0.0101534,0.0065781,0.0033644,0,0.0065781,0.0034761,31,250,2.34656541775505,0.316946328405102,0.956603422626436,3,5,0
狭窄,RRT*,41,20262944,0,Inf,0.0020757,NaN,0.0020142,0,NaN,NaN,21,250,NaN,NaN,NaN,NaN,NaN,0
狭窄,Informed-RRT*,41,20262944,0,Inf,0.0019895,NaN,0.0019007,0,NaN,NaN,21,250,NaN,NaN,NaN,NaN,NaN,0
狭窄,PRM*,41,20262944,1,231.230876498949,0.0257167,0.010559,0.0256244,0,NaN,NaN,252,250,7.74551612523904,0.300479024441941,0.880707438665319,NaN,NaN,0
狭窄,FMT*,41,20262944,1,246.025299892831,0.0244757,0.0117666,0.0243702,0,NaN,NaN,252,250,7.64396274808111,0.215535877591947,0.827747199456457,NaN,NaN,0
狭窄,BIT*,41,20262944,0,Inf,0.0933412,NaN,0.0932519,0,NaN,NaN,195,250,NaN,NaN,NaN,NaN,NaN,0
狭窄,RRT#,41,20262944,0,Inf,0.0017073,NaN,0.0016531,0,NaN,NaN,21,250,NaN,NaN,NaN,NaN,NaN,0
狭窄,APF-only,41,20262944,1,279.791130115633,0.0067209,0.0066289,0.0067209,NaN,NaN,NaN,NaN,64,46.4502175583217,0.0632608111899984,0.727852783959099,3,5,0
狭窄,AB-IRRT*,41,20262944,1,212.885243942151,0.0133111,0.0084641,0.0045083,0,0.0084641,0.0046994,35,250,2.34656541775505,0.316946328405102,0.956603422626436,3,5,0
狭窄,RRT*,42,20262945,0,Inf,0.0060108,NaN,0.0059482,0,NaN,NaN,129,250,NaN,NaN,NaN,NaN,NaN,0
狭窄,Informed-RRT*,42,20262945,0,Inf,0.0053088,NaN,0.0052153,0,NaN,NaN,129,250,NaN,NaN,NaN,NaN,NaN,0
狭窄,PRM*,42,20262945,1,238.061766108149,0.0243094,0.0075129,0.0242093,0,NaN,NaN,252,250,1.84786314434743,0.979666290469817,0.855436621810204,NaN,NaN,0
狭窄,FMT*,42,20262945,1,271.56476115007,0.0289592,0.0141176,0.0288197,0,NaN,NaN,252,250,5.97493638369582,1,0.749901246830726,NaN,NaN,0
狭窄,BIT*,42,20262945,0,Inf,0.0672593,NaN,0.0671555,0,NaN,NaN,212,250,NaN,NaN,NaN,NaN,NaN,0
狭窄,RRT#,42,20262945,0,Inf,0.0058411,NaN,0.0057658,0,NaN,NaN,129,250,NaN,NaN,NaN,NaN,NaN,0
狭窄,APF-only,42,20262945,1,279.791130115633,0.0100676,0.009426,0.0100676,NaN,NaN,NaN,NaN,64,46.4502175583217,0.0632608111899984,0.727852783959099,3,5,0
狭窄,AB-IRRT*,42,20262945,1,212.885243942151,0.0122782,0.0085607,0.0035207,0,0.0085607,0.0036214,70,250,2.34656541775505,0.316946328405102,0.956603422626436,3,5,0
狭窄,RRT*,43,20262946,0,Inf,0.003021,NaN,0.0029637,0,NaN,NaN,22,250,NaN,NaN,NaN,NaN,NaN,0
狭窄,Informed-RRT*,43,20262946,0,Inf,0.0019736,NaN,0.0018908,0,NaN,NaN,22,250,NaN,NaN,NaN,NaN,NaN,0
狭窄,PRM*,43,20262946,1,245.926510574977,0.0250063,0.0159164,0.024921,0,NaN,NaN,252,250,3.98575610085736,0.106891943852208,0.828079707655751,NaN,NaN,0
狭窄,FMT*,43,20262946,1,254.214463029587,0.0165472,0.010338,0.0164332,0,NaN,NaN,252,250,6.76679735422026,0.158226053778414,0.801082481912227,NaN,NaN,0
狭窄,BIT*,43,20262946,1,244.654912295246,0.0666635,0.0367746,0.0664961,0,NaN,NaN,169,250,4.52153721340405,0.178562174815694,0.832383666737776,NaN,NaN,0
狭窄,RRT#,43,20262946,0,Inf,0.0033788,NaN,0.0032966,0,NaN,NaN,22,250,NaN,NaN,NaN,NaN,NaN,0
狭窄,APF-only,43,20262946,1,279.791130115633,0.008122,0.0080208,0.008122,NaN,NaN,NaN,NaN,64,46.4502175583217,0.0632608111899984,0.727852783959099,3,5,0
狭窄,AB-IRRT*,43,20262946,1,212.885243942151,0.0104784,0.0080362,0.0022646,0,0.0080362,0.002357,37,250,2.34656541775505,0.316946328405102,0.956603422626436,3,5,0
狭窄,RRT*,44,20262947,0,Inf,0.0017719,NaN,0.00173,0,NaN,NaN,22,250,NaN,NaN,NaN,NaN,NaN,0
狭窄,Informed-RRT*,44,20262947,0,Inf,0.0017202,NaN,0.0016495,0,NaN,NaN,22,250,NaN,NaN,NaN,NaN,NaN,0
狭窄,PRM*,44,20262947,0,Inf,0.027076,NaN,0.0269594,0,NaN,NaN,252,250,NaN,NaN,NaN,NaN,NaN,0
狭窄,FMT*,44,20262947,1,242.857823828593,0.0092183,0.00878,0.0091056,0,NaN,NaN,252,250,6.54625135622539,0.427036190031941,0.83854310217923,NaN,NaN,0
狭窄,BIT*,44,20262947,0,Inf,0.0370106,NaN,0.0369185,0,NaN,NaN,211,250,NaN,NaN,NaN,NaN,NaN,0
狭窄,RRT#,44,20262947,0,Inf,0.0021297,NaN,0.0020697,0,NaN,NaN,22,250,NaN,NaN,NaN,NaN,NaN,0
狭窄,APF-only,44,20262947,1,279.791130115633,0.0077324,0.0076307,0.0077324,NaN,NaN,NaN,NaN,64,46.4502175583217,0.0632608111899984,0.727852783959099,3,5,0
狭窄,AB-IRRT*,44,20262947,1,212.885243942151,0.0113079,0.0087502,0.0023711,0,0.0087502,0.0024644,32,250,2.34656541775505,0.316946328405102,0.956603422626436,3,5,0
狭窄,RRT*,45,20262948,0,Inf,0.0040237,NaN,0.0039746,0,NaN,NaN,95,250,NaN,NaN,NaN,NaN,NaN,0
狭窄,Informed-RRT*,45,20262948,0,Inf,0.0039058,NaN,0.0038255,0,NaN,NaN,95,250,NaN,NaN,NaN,NaN,NaN,0
狭窄,PRM*,45,20262948,1,233.520663902625,0.0258923,0.001043,0.0257979,0,NaN,NaN,252,250,2.86148274184585,0.243529201873494,0.872071659862374,NaN,NaN,0
狭窄,FMT*,45,20262948,0,Inf,0.0058272,NaN,0.0057351,0,NaN,NaN,252,250,NaN,NaN,NaN,NaN,NaN,0
狭窄,BIT*,45,20262948,0,Inf,0.0056239,NaN,0.0055416,0,NaN,NaN,21,250,NaN,NaN,NaN,NaN,NaN,0
狭窄,RRT#,45,20262948,0,Inf,0.0043939,NaN,0.0043265,0,NaN,NaN,95,250,NaN,NaN,NaN,NaN,NaN,0
狭窄,APF-only,45,20262948,1,279.791130115633,0.0090733,0.0088867,0.0090733,NaN,NaN,NaN,NaN,64,46.4502175583217,0.0632608111899984,0.727852783959099,3,5,0
狭窄,AB-IRRT*,45,20262948,1,212.885243942151,0.0105409,0.0080833,0.0022701,0,0.0080833,0.0023664,38,250,2.34656541775505,0.316946328405102,0.956603422626436,3,5,0
狭窄,RRT*,46,20262949,0,Inf,0.0019889,NaN,0.0019384,0,NaN,NaN,25,250,NaN,NaN,NaN,NaN,NaN,0
狭窄,Informed-RRT*,46,20262949,0,Inf,0.0018744,NaN,0.0018,0,NaN,NaN,25,250,NaN,NaN,NaN,NaN,NaN,0
狭窄,PRM*,46,20262949,1,228.693778087263,0.0256209,0.0147888,0.025537,0,NaN,NaN,252,250,3.91961331074074,0.102325592591075,0.890477890063192,NaN,NaN,0
狭窄,FMT*,46,20262949,0,Inf,0.0034392,NaN,0.00335,0,NaN,NaN,252,250,NaN,NaN,NaN,NaN,NaN,0
狭窄,BIT*,46,20262949,0,Inf,0.0047796,NaN,0.0047075,0,NaN,NaN,11,250,NaN,NaN,NaN,NaN,NaN,0
狭窄,RRT#,46,20262949,0,Inf,0.0021734,NaN,0.0020906,0,NaN,NaN,25,250,NaN,NaN,NaN,NaN,NaN,0
狭窄,APF-only,46,20262949,1,279.791130115633,0.0077145,0.0076228,0.0077145,NaN,NaN,NaN,NaN,64,46.4502175583217,0.0632608111899984,0.727852783959099,3,5,0
狭窄,AB-IRRT*,46,20262949,1,212.885243942151,0.0113226,0.0084731,0.0026527,0,0.0084731,0.0027561,34,250,2.34656541775505,0.316946328405102,0.956603422626436,3,5,0
狭窄,RRT*,47,20262950,0,Inf,0.0052414,NaN,0.0051912,0,NaN,NaN,154,250,NaN,NaN,NaN,NaN,NaN,0
狭窄,Informed-RRT*,47,20262950,0,Inf,0.0062013,NaN,0.0061029,0,NaN,NaN,154,250,NaN,NaN,NaN,NaN,NaN,0
狭窄,PRM*,47,20262950,1,241.317704151469,0.0239415,0.0018142,0.0238226,0,NaN,NaN,252,250,1.61336780018245,0.924351016279692,0.843894788812931,NaN,NaN,0
狭窄,FMT*,47,20262950,0,Inf,0.002389,NaN,0.0023076,0,NaN,NaN,252,250,NaN,NaN,NaN,NaN,NaN,0
狭窄,BIT*,47,20262950,0,Inf,0.0029511,NaN,0.0028796,0,NaN,NaN,11,250,NaN,NaN,NaN,NaN,NaN,0
狭窄,RRT#,47,20262950,0,Inf,0.0061423,NaN,0.0060804,0,NaN,NaN,154,250,NaN,NaN,NaN,NaN,NaN,0
狭窄,APF-only,47,20262950,1,279.791130115633,0.0087767,0.0086747,0.0087767,NaN,NaN,NaN,NaN,64,46.4502175583217,0.0632608111899984,0.727852783959099,3,5,0
狭窄,AB-IRRT*,47,20262950,1,212.885243942151,0.0138046,0.0098771,0.0036867,0,0.0098771,0.0038178,31,250,2.34656541775505,0.316946328405102,0.956603422626436,3,5,0
狭窄,RRT*,48,20262951,0,Inf,0.0020901,NaN,0.0020258,0,NaN,NaN,21,250,NaN,NaN,NaN,NaN,NaN,0
狭窄,Informed-RRT*,48,20262951,0,Inf,0.002342,NaN,0.0022456,0,NaN,NaN,21,250,NaN,NaN,NaN,NaN,NaN,0
狭窄,PRM*,48,20262951,1,222.885078785075,0.0220311,0.0013902,0.0219547,0,NaN,NaN,252,250,1.5094332528796,0.349380615650075,0.913684998976982,NaN,NaN,0
狭窄,FMT*,48,20262951,0,Inf,0.0026265,NaN,0.0025458,0,NaN,NaN,252,250,NaN,NaN,NaN,NaN,NaN,0
狭窄,BIT*,48,20262951,0,Inf,0.0030302,NaN,0.0029637,0,NaN,NaN,10,250,NaN,NaN,NaN,NaN,NaN,0
狭窄,RRT#,48,20262951,0,Inf,0.0024008,NaN,0.002339,0,NaN,NaN,21,250,NaN,NaN,NaN,NaN,NaN,0
狭窄,APF-only,48,20262951,1,279.791130115633,0.0061215,0.006029,0.0061215,NaN,NaN,NaN,NaN,64,46.4502175583217,0.0632608111899984,0.727852783959099,3,5,0
狭窄,AB-IRRT*,48,20262951,1,212.885243942151,0.0095002,0.0069221,0.0024141,0,0.0069221,0.0024989,69,250,2.34656541775505,0.316946328405102,0.956603422626436,3,5,0
狭窄,RRT*,49,20262952,0,Inf,0.0032732,NaN,0.0031905,0,NaN,NaN,23,250,NaN,NaN,NaN,NaN,NaN,0
狭窄,Informed-RRT*,49,20262952,0,Inf,0.0023837,NaN,0.0022802,0,NaN,NaN,23,250,NaN,NaN,NaN,NaN,NaN,0
狭窄,PRM*,49,20262952,1,229.835327053036,0.0202731,0.0054684,0.0201984,0,NaN,NaN,252,250,2.29856637438728,0.208261966047253,0.88605505338495,NaN,NaN,0
狭窄,FMT*,49,20262952,1,244.317616127546,0.0064112,0.0042488,0.0063087,0,NaN,NaN,252,250,3.16744389965856,0.573589165551828,0.833532825874545,NaN,NaN,0
狭窄,BIT*,49,20262952,1,249.607986547528,0.0333634,0.0286636,0.0332594,0,NaN,NaN,159,250,2.41710591414852,1,0.815866334240669,NaN,NaN,0
狭窄,RRT#,49,20262952,0,Inf,0.0022693,NaN,0.0021799,0,NaN,NaN,23,250,NaN,NaN,NaN,NaN,NaN,0
狭窄,APF-only,49,20262952,1,279.791130115633,0.0077307,0.0076351,0.0077307,NaN,NaN,NaN,NaN,64,46.4502175583217,0.0632608111899984,0.727852783959099,3,5,0
狭窄,AB-IRRT*,49,20262952,1,212.885243942151,0.0105036,0.0082561,0.0020651,0,0.0082561,0.002156,32,250,2.34656541775505,0.316946328405102,0.956603422626436,3,5,0
狭窄,RRT*,50,20262953,0,Inf,0.0051118,NaN,0.0050449,0,NaN,NaN,111,250,NaN,NaN,NaN,NaN,NaN,0
狭窄,Informed-RRT*,50,20262953,0,Inf,0.0046031,NaN,0.0045032,0,NaN,NaN,111,250,NaN,NaN,NaN,NaN,NaN,0
狭窄,PRM*,50,20262953,1,235.647243019082,0.0264649,0.0086033,0.0263365,0,NaN,NaN,252,250,2.72674151858966,0.925625628327886,0.86420172106675,NaN,NaN,0
狭窄,FMT*,50,20262953,0,Inf,0.0040068,NaN,0.0039258,0,NaN,NaN,252,250,NaN,NaN,NaN,NaN,NaN,0
狭窄,BIT*,50,20262953,0,Inf,0.0053716,NaN,0.00529,0,NaN,NaN,18,250,NaN,NaN,NaN,NaN,NaN,0
狭窄,RRT#,50,20262953,0,Inf,0.0049933,NaN,0.0049232,0,NaN,NaN,111,250,NaN,NaN,NaN,NaN,NaN,0
狭窄,APF-only,50,20262953,1,279.791130115633,0.0083507,0.0082511,0.0083507,NaN,NaN,NaN,NaN,64,46.4502175583217,0.0632608111899984,0.727852783959099,3,5,0
狭窄,AB-IRRT*,50,20262953,1,212.885243942151,0.0091048,0.0071252,0.0018332,0,0.0071252,0.0019056,37,250,2.34656541775505,0.316946328405102,0.956603422626436,3,5,0
广阔,RRT*,1,20263904,0,Inf,0.0156524,NaN,0.0155623,0,NaN,NaN,212,250,NaN,NaN,NaN,NaN,NaN,0
广阔,Informed-RRT*,1,20263904,0,Inf,0.0083128,NaN,0.008198,0,NaN,NaN,212,250,NaN,NaN,NaN,NaN,NaN,0
广阔,PRM*,1,20263904,1,224.974177449215,0.0300166,0.0001767,0.0298697,0,NaN,NaN,252,250,1.00808364202399,0.0707334406960882,0.90520056697483,NaN,NaN,0
广阔,FMT*,1,20263904,1,239.105997017781,0.0182866,0.0114042,0.0181308,0,NaN,NaN,252,250,2.6056303541048,0.912802106166506,0.85170073323833,NaN,NaN,0
广阔,BIT*,1,20263904,1,223.567011375272,0.1363496,0.0630778,0.1362273,0,NaN,NaN,232,250,1.46044046055648,0.569384169074588,0.910898042287156,NaN,NaN,0
广阔,RRT#,1,20263904,0,Inf,0.006892,NaN,0.0067738,0,NaN,NaN,212,250,NaN,NaN,NaN,NaN,NaN,0
广阔,APF-only,1,20263904,1,301.840641895898,0.0056891,0.0026488,0.0056891,NaN,NaN,NaN,NaN,72,53.671042473467,0.127432159127466,0.6746830105535,1,8,0
广阔,AB-IRRT*,1,20263904,1,221.226373504114,0.007151,0.0022652,0.0046804,0,0.0022652,0.0047965,92,250,1.3222034995512,0.157996066854144,0.920535602315692,1,8,0
广阔,RRT*,2,20263905,0,Inf,0.006574,NaN,0.006522,0,NaN,NaN,174,250,NaN,NaN,NaN,NaN,NaN,0
广阔,Informed-RRT*,2,20263905,0,Inf,0.0056575,NaN,0.0055757,0,NaN,NaN,174,250,NaN,NaN,NaN,NaN,NaN,0
广阔,PRM*,2,20263905,1,245.274319156284,0.0313265,0.0002603,0.0312172,0,NaN,NaN,252,250,2.78674511676239,3.03366030087347,0.83028159524506,NaN,NaN,0
广阔,FMT*,2,20263905,1,231.730161969243,0.014221,0.0085294,0.0141164,0,NaN,NaN,252,250,3.00132402276338,1.41754816374435,0.878809867697563,NaN,NaN,0
广阔,BIT*,2,20263905,1,213.991469101853,0.0794342,0.0302109,0.0792951,0,NaN,NaN,232,250,2.15109466165696,0.788630264804022,0.951658277951242,NaN,NaN,0
广阔,RRT#,2,20263905,0,Inf,0.0068186,NaN,0.0067487,0,NaN,NaN,174,250,NaN,NaN,NaN,NaN,NaN,0
广阔,APF-only,2,20263905,1,301.840641895898,0.0020544,0.0019605,0.0020544,NaN,NaN,NaN,NaN,72,53.671042473467,0.127432159127466,0.6746830105535,1,8,0
广阔,AB-IRRT*,2,20263905,1,221.226373504114,0.0087789,0.0031969,0.0049953,0,0.0031969,0.0051121,139,250,1.3222034995512,0.157996066854144,0.920535602315692,1,8,0
广阔,RRT*,3,20263906,0,Inf,0.0057168,NaN,0.0056713,0,NaN,NaN,204,250,NaN,NaN,NaN,NaN,NaN,0
广阔,Informed-RRT*,3,20263906,0,Inf,0.0070309,NaN,0.0069457,0,NaN,NaN,204,250,NaN,NaN,NaN,NaN,NaN,0
广阔,PRM*,3,20263906,1,212.731435155139,0.0318532,0.0004462,0.0317557,0,NaN,NaN,252,250,0.783152201584281,0.520268497900872,0.957295064705467,NaN,NaN,0
广阔,FMT*,3,20263906,1,226.704984943087,0.0099534,0.0040358,0.0098559,0,NaN,NaN,252,250,2.6158711352115,1.3766454830283,0.898289700303017,NaN,NaN,0
广阔,BIT*,3,20263906,1,214.388498849021,0.0524201,0.0262703,0.0516747,0,NaN,NaN,241,250,1.76970296526549,0.922144397542557,0.949895885623697,NaN,NaN,0
广阔,RRT#,3,20263906,0,Inf,0.0075441,NaN,0.0074653,0,NaN,NaN,204,250,NaN,NaN,NaN,NaN,NaN,0
广阔,APF-only,3,20263906,1,301.840641895898,0.0029906,0.0028665,0.0029906,NaN,NaN,NaN,NaN,72,53.671042473467,0.127432159127466,0.6746830105535,1,8,0
广阔,AB-IRRT*,3,20263906,1,221.226373504114,0.0077938,0.0025538,0.0050546,0,0.0025538,0.0051494,140,250,1.3222034995512,0.157996066854144,0.920535602315692,1,8,0
广阔,RRT*,4,20263907,1,217.229460175052,0.0069799,0.0049277,0.0068896,0,NaN,NaN,220,250,5.30192737663132,0.21404696470392,0.937472996607453,NaN,NaN,0
广阔,Informed-RRT*,4,20263907,1,216.896781323123,0.0065181,0.0046901,0.0064024,0,NaN,NaN,212,250,5.10850263882021,0.243099685490447,0.938910903792258,NaN,NaN,0
广阔,PRM*,4,20263907,1,238.846246147258,0.0263682,0.0002723,0.026202,0,NaN,NaN,252,250,3.45722811193696,2.50588675228528,0.852626977675711,NaN,NaN,0
广阔,FMT*,4,20263907,1,228.999984064243,0.0094893,0.0061025,0.0093764,0,NaN,NaN,252,250,1.57764411266585,0.134957782427282,0.889287192808692,NaN,NaN,0
广阔,BIT*,4,20263907,1,211.216911430744,0.0544178,0.0151565,0.0543187,0,NaN,NaN,231,250,1.20030774399597,0.0746517385674625,0.964159316610874,NaN,NaN,0
广阔,RRT#,4,20263907,1,217.229460175052,0.0065709,0.0045711,0.0063072,0,NaN,NaN,220,250,5.30192737663132,0.21404696470392,0.937472996607453,NaN,NaN,0
广阔,APF-only,4,20263907,1,301.840641895898,0.0025145,0.0024225,0.0025145,NaN,NaN,NaN,NaN,72,53.671042473467,0.127432159127466,0.6746830105535,1,8,0
广阔,AB-IRRT*,4,20263907,1,221.226373504114,0.0081666,0.002927,0.0050486,0,0.002927,0.0051502,106,250,1.3222034995512,0.157996066854144,0.920535602315692,1,8,0
广阔,RRT*,5,20263908,1,223.26976557816,0.0049696,0.0043956,0.0049126,0,NaN,NaN,210,250,5.43333523090937,0.239460654349768,0.912110748423009,NaN,NaN,0
广阔,Informed-RRT*,5,20263908,1,222.940306888831,0.0054334,0.0047473,0.0053365,0,NaN,NaN,208,250,5.37586521210041,0.235741854571259,0.913458655474417,NaN,NaN,0
广阔,PRM*,5,20263908,1,240.726147682898,0.0296647,0.0003169,0.0295826,0,NaN,NaN,252,250,3.31219094983141,0.158808092581891,0.845968561961055,NaN,NaN,0
广阔,FMT*,5,20263908,1,216.755112516557,0.0061541,0.0053284,0.0060539,0,NaN,NaN,252,250,1.03923718779846,0.230859861026914,0.939524565844646,NaN,NaN,0
广阔,BIT*,5,20263908,1,210.285192358521,0.0558016,0.0200654,0.0556888,0,NaN,NaN,231,250,0.996921552910624,0.31541743698464,0.968431256132016,NaN,NaN,0
广阔,RRT#,5,20263908,1,223.26976557816,0.0061752,0.0052707,0.006074,0,NaN,NaN,210,250,5.43333523090937,0.239460654349768,0.912110748423009,NaN,NaN,0
广阔,APF-only,5,20263908,1,301.840641895898,0.0024509,0.0023469,0.0024509,NaN,NaN,NaN,NaN,72,53.671042473467,0.127432159127466,0.6746830105535,1,8,0
广阔,AB-IRRT*,5,20263908,1,221.226373504114,0.0047625,0.0021323,0.0024695,0,0.0021323,0.0025399,79,250,1.3222034995512,0.157996066854144,0.920535602315692,1,8,0
广阔,RRT*,6,20263909,1,218.542292790235,0.0055705,0.0035734,0.0054903,0,NaN,NaN,211,250,5.11226746011693,0.687485499713336,0.931841385855657,NaN,NaN,0
广阔,Informed-RRT*,6,20263909,1,217.53135506582,0.0098236,0.0057859,0.0096799,0,NaN,NaN,207,250,5.3617753539674,0.687517123540399,0.93617195056826,NaN,NaN,0
广阔,PRM*,6,20263909,1,226.703442309984,0.0294123,0.0008358,0.0293236,0,NaN,NaN,252,250,2.02683208948875,0.00288684963367736,0.898295812832294,NaN,NaN,0
广阔,FMT*,6,20263909,1,254.644221931349,0.0085502,0.0034005,0.0084365,0,NaN,NaN,252,250,4.80939326008357,0.554068855594082,0.799730508067952,NaN,NaN,0
广阔,BIT*,6,20263909,1,230.734569042215,0.052355,0.0201308,0.0522421,0,NaN,NaN,237,250,1.71197981308746,0.033888057268209,0.882601830436888,NaN,NaN,0
广阔,RRT#,6,20263909,1,218.542292790235,0.0060782,0.0038711,0.0059862,0,NaN,NaN,211,250,5.11226746011693,0.687485499713336,0.931841385855657,NaN,NaN,0
广阔,APF-only,6,20263909,1,301.840641895898,0.0019683,0.0018851,0.0019683,NaN,NaN,NaN,NaN,72,53.671042473467,0.127432159127466,0.6746830105535,1,8,0
广阔,AB-IRRT*,6,20263909,1,221.226373504114,0.0078348,0.0023,0.0053492,0,0.0023,0.0054431,149,250,1.3222034995512,0.157996066854144,0.920535602315692,1,8,0
广阔,RRT*,7,20263910,0,Inf,0.0053807,NaN,0.0053213,0,NaN,NaN,137,250,NaN,NaN,NaN,NaN,NaN,0
广阔,Informed-RRT*,7,20263910,0,Inf,0.0043137,NaN,0.004238,0,NaN,NaN,137,250,NaN,NaN,NaN,NaN,NaN,0
广阔,PRM*,7,20263910,1,214.591165413749,0.0281211,0.0002827,0.0280325,0,NaN,NaN,252,250,1.79538489495292,0.087707017571125,0.94899877443267,NaN,NaN,0
广阔,FMT*,7,20263910,1,253.595459076669,0.0084458,0.0052458,0.0083619,0,NaN,NaN,252,250,5.74579124455261,0.378324247248143,0.803037852977318,NaN,NaN,0
广阔,BIT*,7,20263910,1,226.909922808784,0.0570145,0.0184472,0.0569128,0,NaN,NaN,238,250,2.28355449017968,0.373028404744801,0.897478393456324,NaN,NaN,0
广阔,RRT#,7,20263910,0,Inf,0.0048595,NaN,0.0047926,0,NaN,NaN,137,250,NaN,NaN,NaN,NaN,NaN,0
广阔,APF-only,7,20263910,1,301.840641895898,0.0022706,0.0021777,0.0022706,NaN,NaN,NaN,NaN,72,53.671042473467,0.127432159127466,0.6746830105535,1,8,0
广阔,AB-IRRT*,7,20263910,1,221.226373504114,0.0072253,0.0032637,0.0037245,0,0.0032637,0.0038351,86,250,1.3222034995512,0.157996066854144,0.920535602315692,1,8,0
广阔,RRT*,8,20263911,1,214.470538553853,0.0067391,0.005368,0.0066535,0,NaN,NaN,190,250,4.06558549871224,0.127562653171623,0.949532529525451,NaN,NaN,0
广阔,Informed-RRT*,8,20263911,1,214.470538553853,0.007026,0.0053262,0.0069006,0,NaN,NaN,185,250,4.06558549871224,0.127562653171623,0.949532529525451,NaN,NaN,0
广阔,PRM*,8,20263911,1,228.682525392582,0.0281203,0.0007541,0.0280297,0,NaN,NaN,252,250,2.05596538485605,1.7475608347541,0.890521707472502,NaN,NaN,0
广阔,FMT*,8,20263911,1,245.275928131649,0.0060011,0.0029643,0.0058805,0,NaN,NaN,252,250,2.21930440000367,0.252431503479404,0.830276148715337,NaN,NaN,0
广阔,BIT*,8,20263911,1,214.153964928734,0.0328189,0.0125139,0.0326909,0,NaN,NaN,237,250,0.964042306669588,0.457425099000114,0.950936178321494,NaN,NaN,0
广阔,RRT#,8,20263911,1,214.470538553853,0.0084082,0.0052002,0.0081309,0,NaN,NaN,190,250,4.06558549871224,0.127562653171623,0.949532529525451,NaN,NaN,0
广阔,APF-only,8,20263911,1,301.840641895898,0.0022191,0.0020769,0.0022191,NaN,NaN,NaN,NaN,72,53.671042473467,0.127432159127466,0.6746830105535,1,8,0
广阔,AB-IRRT*,8,20263911,1,221.226373504114,0.0068844,0.0027568,0.0039266,0,0.0027568,0.0040353,66,250,1.3222034995512,0.157996066854144,0.920535602315692,1,8,0
广阔,RRT*,9,20263912,0,Inf,0.0063715,NaN,0.0063191,0,NaN,NaN,223,250,NaN,NaN,NaN,NaN,NaN,0
广阔,Informed-RRT*,9,20263912,0,Inf,0.0073282,NaN,0.0072322,0,NaN,NaN,223,250,NaN,NaN,NaN,NaN,NaN,0
广阔,PRM*,9,20263912,1,215.479877736523,0.0304051,0.0002173,0.0303195,0,NaN,NaN,252,250,2.28701604855461,0.20111585971876,0.945084780634293,NaN,NaN,0
广阔,FMT*,9,20263912,1,251.608884353629,0.0159518,0.0091013,0.0158411,0,NaN,NaN,252,250,3.42927960094975,0.414036738038865,0.809378228057743,NaN,NaN,0
广阔,BIT*,9,20263912,1,226.429523894594,0.055069,0.0218024,0.0549468,0,NaN,NaN,232,250,2.05700883520706,2.57473454770405,0.899382507541404,NaN,NaN,0
广阔,RRT#,9,20263912,0,Inf,0.0111508,NaN,0.0110763,0,NaN,NaN,223,250,NaN,NaN,NaN,NaN,NaN,0
广阔,APF-only,9,20263912,1,301.840641895898,0.001948,0.0018582,0.001948,NaN,NaN,NaN,NaN,72,53.671042473467,0.127432159127466,0.6746830105535,1,8,0
广阔,AB-IRRT*,9,20263912,1,221.226373504114,0.0061937,0.0021675,0.003855,0,0.0021675,0.0039455,111,250,1.3222034995512,0.157996066854144,0.920535602315692,1,8,0
广阔,RRT*,10,20263913,0,Inf,0.0116631,NaN,0.0115682,0,NaN,NaN,208,250,NaN,NaN,NaN,NaN,NaN,0
广阔,Informed-RRT*,10,20263913,0,Inf,0.0088365,NaN,0.0085612,0,NaN,NaN,208,250,NaN,NaN,NaN,NaN,NaN,0
广阔,PRM*,10,20263913,1,244.24659904922,0.0311861,0.0001696,0.0311061,0,NaN,NaN,252,250,4.12995641268544,1.6568560729012,0.833775183664636,NaN,NaN,0
广阔,FMT*,10,20263913,1,260.819724336385,0.00696,0.004796,0.0068638,0,NaN,NaN,252,250,2.52509990201819,0.0944080785444896,0.780795062566195,NaN,NaN,0
广阔,BIT*,10,20263913,1,251.466115239988,0.0351951,0.0182115,0.0350983,0,NaN,NaN,234,250,3.92321863601138,1.77606254523215,0.809837750057795,NaN,NaN,0
广阔,RRT#,10,20263913,0,Inf,0.0058363,NaN,0.0057836,0,NaN,NaN,208,250,NaN,NaN,NaN,NaN,NaN,0
广阔,APF-only,10,20263913,1,301.840641895898,0.0016958,0.0016215,0.0016958,NaN,NaN,NaN,NaN,72,53.671042473467,0.127432159127466,0.6746830105535,1,8,0
广阔,AB-IRRT*,10,20263913,1,221.226373504114,0.0048805,0.0019328,0.0028059,0,0.0019328,0.0028794,86,250,1.3222034995512,0.157996066854144,0.920535602315692,1,8,0
广阔,RRT*,11,20263914,0,Inf,0.0043263,NaN,0.0042881,0,NaN,NaN,187,250,NaN,NaN,NaN,NaN,NaN,0
广阔,Informed-RRT*,11,20263914,0,Inf,0.0053499,NaN,0.0052729,0,NaN,NaN,187,250,NaN,NaN,NaN,NaN,NaN,0
广阔,PRM*,11,20263914,1,212.342901159246,0.0289698,0.0001792,0.0288944,0,NaN,NaN,252,250,1.01280616671635,0.602967168284646,0.959046673422822,NaN,NaN,0
广阔,FMT*,11,20263914,1,246.654986821022,0.0098554,0.0053306,0.0097655,0,NaN,NaN,252,250,6.28481991851081,3.26340618466031,0.825634038891321,NaN,NaN,0
广阔,BIT*,11,20263914,1,216.890912243264,0.0652352,0.0219069,0.0651203,0,NaN,NaN,238,250,3.1166622337484,1.03734092578468,0.938936310772285,NaN,NaN,0
广阔,RRT#,11,20263914,0,Inf,0.0080568,NaN,0.0079794,0,NaN,NaN,187,250,NaN,NaN,NaN,NaN,NaN,0
广阔,APF-only,11,20263914,1,301.840641895898,0.002141,0.0020435,0.002141,NaN,NaN,NaN,NaN,72,53.671042473467,0.127432159127466,0.6746830105535,1,8,0
广阔,AB-IRRT*,11,20263914,1,221.226373504114,0.0083789,0.0023585,0.0058419,0,0.0023585,0.0059352,156,250,1.3222034995512,0.157996066854144,0.920535602315692,1,8,0
广阔,RRT*,12,20263915,0,Inf,0.0056376,NaN,0.0055833,0,NaN,NaN,161,250,NaN,NaN,NaN,NaN,NaN,0
广阔,Informed-RRT*,12,20263915,0,Inf,0.005972,NaN,0.0058774,0,NaN,NaN,161,250,NaN,NaN,NaN,NaN,NaN,0
广阔,PRM*,12,20263915,1,217.479782820822,0.0265074,0.0003924,0.0264281,0,NaN,NaN,252,250,2.75804259055104,0.102945795811053,0.936393950464383,NaN,NaN,0
广阔,FMT*,12,20263915,1,226.157872402918,0.0053392,0.0035088,0.0052362,0,NaN,NaN,252,250,4.58076968840724,1.76568062694243,0.900462808647725,NaN,NaN,0
广阔,BIT*,12,20263915,1,212.892625647887,0.0560917,0.0170752,0.0559784,0,NaN,NaN,231,250,0.927720503084185,0.458854361629543,0.956570253957725,NaN,NaN,0
广阔,RRT#,12,20263915,0,Inf,0.0051915,NaN,0.0051292,0,NaN,NaN,161,250,NaN,NaN,NaN,NaN,NaN,0
广阔,APF-only,12,20263915,1,301.840641895898,0.0019087,0.0018226,0.0019087,NaN,NaN,NaN,NaN,72,53.671042473467,0.127432159127466,0.6746830105535,1,8,0
广阔,AB-IRRT*,12,20263915,1,221.226373504114,0.0079731,0.0026416,0.0051416,0,0.0026416,0.0052395,133,250,1.3222034995512,0.157996066854144,0.920535602315692,1,8,0
广阔,RRT*,13,20263916,1,221.105731660626,0.0071946,0.0059842,0.0071111,0,NaN,NaN,210,250,5.63170855120741,0.281375974679946,0.921037873836313,NaN,NaN,0
广阔,Informed-RRT*,13,20263916,1,220.955953825308,0.0069661,0.0058524,0.0068554,0,NaN,NaN,207,250,6.1963986456038,0.304648789140231,0.921662211205826,NaN,NaN,0
广阔,PRM*,13,20263916,1,265.872599008,0.0317589,0.0002467,0.0316798,0,NaN,NaN,252,250,3.46893173333432,0.220601666513289,0.765956152463827,NaN,NaN,0
广阔,FMT*,13,20263916,1,237.057066452882,0.0061728,0.0042089,0.0060874,0,NaN,NaN,252,250,3.65772748058111,1.61691515999657,0.859062149164843,NaN,NaN,0
广阔,BIT*,13,20263916,1,232.730493481791,0.029397,0.0187431,0.0292884,0,NaN,NaN,227,250,4.10942361549721,0.674344943171299,0.875032531986011,NaN,NaN,0
广阔,RRT#,13,20263916,1,221.105731660626,0.0070717,0.0058427,0.0069653,0,NaN,NaN,210,250,5.63170855120741,0.281375974679946,0.921037873836313,NaN,NaN,0
广阔,APF-only,13,20263916,1,301.840641895898,0.0022782,0.0021703,0.0022782,NaN,NaN,NaN,NaN,72,53.671042473467,0.127432159127466,0.6746830105535,1,8,0
广阔,AB-IRRT*,13,20263916,1,221.226373504114,0.0089687,0.0023918,0.0063829,0,0.0023918,0.0064923,148,250,1.3222034995512,0.157996066854144,0.920535602315692,1,8,0
广阔,RRT*,14,20263917,0,Inf,0.0056179,NaN,0.0055607,0,NaN,NaN,199,250,NaN,NaN,NaN,NaN,NaN,0
广阔,Informed-RRT*,14,20263917,0,Inf,0.0060182,NaN,0.0059278,0,NaN,NaN,199,250,NaN,NaN,NaN,NaN,NaN,0
广阔,PRM*,14,20263917,1,228.741102839086,0.0292719,0.0006116,0.0291909,0,NaN,NaN,252,250,2.84735783879287,0.0368644385032139,0.890293657126356,NaN,NaN,0
广阔,FMT*,14,20263917,1,250.715704966604,0.0096227,0.0040771,0.0095036,0,NaN,NaN,252,250,2.95643230893929,5.44803037291306,0.812261653129596,NaN,NaN,0
广阔,BIT*,14,20263917,1,221.828309343824,0.0515187,0.0233077,0.051394,0,NaN,NaN,234,250,1.52509534010673,0.192355341537159,0.918037709362342,NaN,NaN,0
广阔,RRT#,14,20263917,0,Inf,0.0074153,NaN,0.00734,0,NaN,NaN,199,250,NaN,NaN,NaN,NaN,NaN,0
广阔,APF-only,14,20263917,1,301.840641895898,0.0022365,0.0021394,0.0022365,NaN,NaN,NaN,NaN,72,53.671042473467,0.127432159127466,0.6746830105535,1,8,0
广阔,AB-IRRT*,14,20263917,1,221.226373504114,0.0069501,0.0025807,0.0041826,0,0.0025807,0.0042799,128,250,1.3222034995512,0.157996066854144,0.920535602315692,1,8,0
广阔,RRT*,15,20263918,0,Inf,0.0085453,NaN,0.0084797,0,NaN,NaN,186,250,NaN,NaN,NaN,NaN,NaN,0
广阔,Informed-RRT*,15,20263918,0,Inf,0.006363,NaN,0.0062702,0,NaN,NaN,186,250,NaN,NaN,NaN,NaN,NaN,0
广阔,PRM*,15,20263918,1,231.885619068063,0.023095,0.0002081,0.0230271,0,NaN,NaN,252,250,2.27731240543973,1.80254408119045,0.878220709848987,NaN,NaN,0
广阔,FMT*,15,20263918,1,215.972116318237,0.0074652,0.0059726,0.0073801,0,NaN,NaN,252,250,0.992042684969328,0.0771896289053213,0.942930765569987,NaN,NaN,0
广阔,BIT*,15,20263918,1,213.95219429362,0.0238539,0.0196634,0.0236138,0,NaN,NaN,195,250,0.70069457427113,0.0771867717901245,0.951832972099593,NaN,NaN,0
广阔,RRT#,15,20263918,0,Inf,0.007576,NaN,0.0075013,0,NaN,NaN,186,250,NaN,NaN,NaN,NaN,NaN,0
广阔,APF-only,15,20263918,1,301.840641895898,0.0021984,0.0021017,0.0021984,NaN,NaN,NaN,NaN,72,53.671042473467,0.127432159127466,0.6746830105535,1,8,0
广阔,AB-IRRT*,15,20263918,1,221.226373504114,0.0063189,0.0025009,0.0036345,0,0.0025009,0.0037299,80,250,1.3222034995512,0.157996066854144,0.920535602315692,1,8,0
广阔,RRT*,16,20263919,0,Inf,0.0059712,NaN,0.0059177,0,NaN,NaN,199,250,NaN,NaN,NaN,NaN,NaN,0
广阔,Informed-RRT*,16,20263919,0,Inf,0.007311,NaN,0.0072142,0,NaN,NaN,199,250,NaN,NaN,NaN,NaN,NaN,0
广阔,PRM*,16,20263919,1,238.252001264671,0.0296872,0.0002381,0.0295541,0,NaN,NaN,252,250,2.13524979613237,2.44665166303151,0.854753588220639,NaN,NaN,0
广阔,FMT*,16,20263919,1,217.396326016195,0.0069956,0.0049354,0.006843,0,NaN,NaN,252,250,1.56135358938968,0.439928933440202,0.936753425016736,NaN,NaN,0
广阔,BIT*,16,20263919,1,212.70095795495,0.0302968,0.0184314,0.0302053,0,NaN,NaN,234,250,1.83364411392312,0.198730144218878,0.957432232274469,NaN,NaN,0
广阔,RRT#,16,20263919,0,Inf,0.0118012,NaN,0.0116861,0,NaN,NaN,199,250,NaN,NaN,NaN,NaN,NaN,0
广阔,APF-only,16,20263919,1,301.840641895898,0.0021307,0.0020312,0.0021307,NaN,NaN,NaN,NaN,72,53.671042473467,0.127432159127466,0.6746830105535,1,8,0
广阔,AB-IRRT*,16,20263919,1,221.226373504114,0.0070071,0.0024587,0.0043275,0,0.0024587,0.0044686,119,250,1.3222034995512,0.157996066854144,0.920535602315692,1,8,0
广阔,RRT*,17,20263920,1,222.478702214048,0.0082651,0.0052205,0.0081698,0,NaN,NaN,223,250,4.42582406758404,0.219668208328205,0.915353923567013,NaN,NaN,0
广阔,Informed-RRT*,17,20263920,1,222.29662192905,0.0068335,0.0046488,0.0067143,0,NaN,NaN,210,250,4.46356047737452,0.219308219170387,0.916103678114925,NaN,NaN,0
广阔,PRM*,17,20263920,1,225.248958206866,0.0329753,0.0001053,0.0328818,0,NaN,NaN,252,250,1.68061890947776,0.190799051933794,0.904096314597377,NaN,NaN,0
广阔,FMT*,17,20263920,1,264.569885789442,0.0106406,0.0049111,0.0105533,0,NaN,NaN,252,250,5.17063901380381,1.2769909385193,0.769727636892877,NaN,NaN,0
广阔,BIT*,17,20263920,1,210.288879140428,0.0522641,0.0267507,0.0520952,0,NaN,NaN,223,250,0.629345938067054,0.339905063604315,0.96841427760777,NaN,NaN,0
广阔,RRT#,17,20263920,1,222.478702214048,0.0089369,0.0063489,0.0088143,0,NaN,NaN,223,250,4.42582406758404,0.219668208328205,0.915353923567013,NaN,NaN,0
广阔,APF-only,17,20263920,1,301.840641895898,0.0027658,0.0026567,0.0027658,NaN,NaN,NaN,NaN,72,53.671042473467,0.127432159127466,0.6746830105535,1,8,0
广阔,AB-IRRT*,17,20263920,1,221.226373504114,0.0076148,0.0025906,0.0048419,0,0.0025906,0.0049369,122,250,1.3222034995512,0.157996066854144,0.920535602315692,1,8,0
广阔,RRT*,18,20263921,0,Inf,0.0062017,NaN,0.0061475,0,NaN,NaN,183,250,NaN,NaN,NaN,NaN,NaN,0
广阔,Informed-RRT*,18,20263921,0,Inf,0.006498,NaN,0.0063987,0,NaN,NaN,183,250,NaN,NaN,NaN,NaN,NaN,0
广阔,PRM*,18,20263921,1,248.837770995225,0.0286791,0.000797,0.0285927,0,NaN,NaN,252,250,4.13769731535436,0.816908625087217,0.818391645959703,NaN,NaN,0
广阔,FMT*,18,20263921,1,228.705112274596,0.0082964,0.0033232,0.008189,0,NaN,NaN,252,250,4.39881453395931,0.112167371021599,0.890433759684464,NaN,NaN,0
广阔,BIT*,18,20263921,1,230.614646134124,0.0338985,0.0161096,0.0337787,0,NaN,NaN,241,250,3.81588085038061,0.111282800564325,0.883060795988151,NaN,NaN,0
广阔,RRT#,18,20263921,0,Inf,0.0069718,NaN,0.0069026,0,NaN,NaN,183,250,NaN,NaN,NaN,NaN,NaN,0
广阔,APF-only,18,20263921,1,301.840641895898,0.0022382,0.002129,0.0022382,NaN,NaN,NaN,NaN,72,53.671042473467,0.127432159127466,0.6746830105535,1,8,0
广阔,AB-IRRT*,18,20263921,1,221.226373504114,0.005373,0.0024045,0.0027995,0,0.0024045,0.0028852,57,250,1.3222034995512,0.157996066854144,0.920535602315692,1,8,0
广阔,RRT*,19,20263922,0,Inf,0.0055077,NaN,0.0054577,0,NaN,NaN,170,250,NaN,NaN,NaN,NaN,NaN,0
广阔,Informed-RRT*,19,20263922,0,Inf,0.0057666,NaN,0.0056843,0,NaN,NaN,170,250,NaN,NaN,NaN,NaN,NaN,0
广阔,PRM*,19,20263922,1,232.490530695096,0.0294454,0.0003949,0.0293608,0,NaN,NaN,252,250,3.06414407871617,0.0566478762501674,0.875935688102505,NaN,NaN,0
广阔,FMT*,19,20263922,1,236.023444974395,0.0125473,0.0059701,0.0124405,0,NaN,NaN,252,250,3.69203975097239,1.57969252266591,0.862824254615122,NaN,NaN,0
广阔,BIT*,19,20263922,1,215.015382700435,0.0397834,0.019837,0.0396796,0,NaN,NaN,232,250,2.21125923631027,0.958540818993571,0.947126435439513,NaN,NaN,0
广阔,RRT#,19,20263922,0,Inf,0.006308,NaN,0.0062403,0,NaN,NaN,170,250,NaN,NaN,NaN,NaN,NaN,0
广阔,APF-only,19,20263922,1,301.840641895898,0.0018106,0.0017257,0.0018106,NaN,NaN,NaN,NaN,72,53.671042473467,0.127432159127466,0.6746830105535,1,8,0
广阔,AB-IRRT*,19,20263922,1,221.226373504114,0.0074749,0.0023478,0.0049314,0,0.0023478,0.0050398,89,250,1.3222034995512,0.157996066854144,0.920535602315692,1,8,0
广阔,RRT*,20,20263923,1,215.700187105302,0.0064166,0.0049098,0.006339,0,NaN,NaN,186,250,6.19519083811545,0.139264669298658,0.944119500843583,NaN,NaN,0
广阔,Informed-RRT*,20,20263923,1,214.102893219097,0.0057721,0.0043632,0.00566,0,NaN,NaN,181,250,5.29440994579799,0.140365823156918,0.951163012885251,NaN,NaN,0
广阔,PRM*,20,20263923,1,228.275134618811,0.0236083,0.0001524,0.0235281,0,NaN,NaN,252,250,1.66739705277942,0.293822310837454,0.892110975300873,NaN,NaN,0
广阔,FMT*,20,20263923,1,245.733068650596,0.0101,0.0039857,0.0100127,0,NaN,NaN,252,250,3.98519163401406,0.6944212931056,0.828731574875205,NaN,NaN,0
广阔,BIT*,20,20263923,1,221.534940160703,0.0530171,0.0163471,0.0529062,0,NaN,NaN,231,250,3.12675888272544,1.34818542592856,0.919253427174958,NaN,NaN,0
广阔,RRT#,20,20263923,1,215.700187105302,0.0060153,0.0048877,0.0059336,0,NaN,NaN,186,250,6.19519083811545,0.139264669298658,0.944119500843583,NaN,NaN,0
广阔,APF-only,20,20263923,1,301.840641895898,0.0014645,0.0013966,0.0014645,NaN,NaN,NaN,NaN,72,53.671042473467,0.127432159127466,0.6746830105535,1,8,0
广阔,AB-IRRT*,20,20263923,1,221.226373504114,0.0059326,0.0024757,0.0032826,0,0.0024757,0.0033829,98,250,1.3222034995512,0.157996066854144,0.920535602315692,1,8,0
广阔,RRT*,21,20263924,1,235.318156121829,0.0059322,0.00484,0.005851,0,NaN,NaN,195,250,4.95312472993069,0.321179667470894,0.865410286813115,NaN,NaN,0
广阔,Informed-RRT*,21,20263924,1,234.599306881123,0.0067128,0.0058213,0.0066006,0,NaN,NaN,190,250,5.02894576479098,0.328847914700789,0.868062040289482,NaN,NaN,0
广阔,PRM*,21,20263924,1,243.660316280808,0.0288937,0.0040871,0.0288188,0,NaN,NaN,252,250,2.47368974577739,1.61834953727772,0.835781370106371,NaN,NaN,0
广阔,FMT*,21,20263924,1,253.051869402919,0.0091596,0.0047144,0.0090437,0,NaN,NaN,252,250,3.09496540409891,1.11251329506524,0.804762887001127,NaN,NaN,0
广阔,BIT*,21,20263924,1,215.670019842356,0.0389584,0.0223325,0.0388436,0,NaN,NaN,238,250,2.37374853159095,0.677042435017862,0.944251561392639,NaN,NaN,0
广阔,RRT#,21,20263924,1,235.318156121829,0.0060838,0.0047914,0.0059705,0,NaN,NaN,195,250,4.95312472993069,0.321179667470894,0.865410286813115,NaN,NaN,0
广阔,APF-only,21,20263924,1,301.840641895898,0.0024582,0.0023433,0.0024582,NaN,NaN,NaN,NaN,72,53.671042473467,0.127432159127466,0.6746830105535,1,8,0
广阔,AB-IRRT*,21,20263924,1,220.504829675722,0.0063217,0.0023041,0.0038382,0,0.0023041,0.0039423,117,250,9.9322879377829,0.911497492477068,0.923547811996736,1,8,0
广阔,RRT*,22,20263925,1,216.405697440382,0.0054164,0.0044806,0.0053553,0,NaN,NaN,221,250,4.77278977438173,0.93479148536165,0.941041550155251,NaN,NaN,0
广阔,Informed-RRT*,22,20263925,1,215.160067515173,0.0054114,0.0040436,0.0053202,0,NaN,NaN,220,250,4.14979690731374,0.353683508287926,0.946489538386878,NaN,NaN,0
广阔,PRM*,22,20263925,1,245.982636297497,0.0313271,0.000429,0.0312375,0,NaN,NaN,252,250,5.02167323920939,0.440553021187043,0.827890765165354,NaN,NaN,0
广阔,FMT*,22,20263925,1,211.134320774623,0.0117231,0.0101423,0.0115642,0,NaN,NaN,252,250,0.659481979609087,0.324814249931862,0.964536472490942,NaN,NaN,0
广阔,BIT*,22,20263925,1,209.452522603421,0.0275078,0.0171138,0.0273883,0,NaN,NaN,224,250,0.737153353084606,0.259131263383779,0.972281214140889,NaN,NaN,0
广阔,RRT#,22,20263925,1,216.405697440382,0.0074568,0.0060091,0.0073233,0,NaN,NaN,221,250,4.77278977438173,0.93479148536165,0.941041550155251,NaN,NaN,0
广阔,APF-only,22,20263925,1,301.840641895898,0.0017135,0.0016176,0.0017135,NaN,NaN,NaN,NaN,72,53.671042473467,0.127432159127466,0.6746830105535,1,8,0
广阔,AB-IRRT*,22,20263925,1,221.226373504114,0.0048855,0.0019876,0.0027303,0,0.0019876,0.0028214,79,250,1.3222034995512,0.157996066854144,0.920535602315692,1,8,0
广阔,RRT*,23,20263926,1,224.91013548554,0.0052198,0.0039675,0.0051178,0,NaN,NaN,220,250,6.5021406943614,0.562820914779217,0.905458318017058,NaN,NaN,0
广阔,Informed-RRT*,23,20263926,1,222.792933030141,0.0081704,0.0059264,0.0080026,0,NaN,NaN,215,250,7.40040248969791,0.571121877408302,0.914062893342199,NaN,NaN,0
广阔,PRM*,23,20263926,1,227.119818935081,0.0231508,0.0001503,0.0230636,0,NaN,NaN,252,250,3.65841296404938,0.117576852000287,0.896648975578549,NaN,NaN,0
广阔,FMT*,23,20263926,1,280.687945181657,0.0113379,0.0055144,0.0112323,0,NaN,NaN,252,250,2.26537221748018,3.19753216484335,0.725527250021116,NaN,NaN,0
广阔,BIT*,23,20263926,1,224.945890396238,0.0823223,0.0274051,0.0822088,0,NaN,NaN,232,250,2.43365096627176,1.24938051656955,0.90531439637775,NaN,NaN,0
广阔,RRT#,23,20263926,1,224.91013548554,0.0077293,0.0062229,0.0076267,0,NaN,NaN,220,250,6.5021406943614,0.562820914779217,0.905458318017058,NaN,NaN,0
广阔,APF-only,23,20263926,1,301.840641895898,0.0024553,0.0023477,0.0024553,NaN,NaN,NaN,NaN,72,53.671042473467,0.127432159127466,0.6746830105535,1,8,0
广阔,AB-IRRT*,23,20263926,1,221.226373504114,0.0073582,0.0027686,0.0043971,0,0.0027686,0.0044943,110,250,1.3222034995512,0.157996066854144,0.920535602315692,1,8,0
广阔,RRT*,24,20263927,0,Inf,0.0065181,NaN,0.0064542,0,NaN,NaN,213,250,NaN,NaN,NaN,NaN,NaN,0
广阔,Informed-RRT*,24,20263927,0,Inf,0.0064687,NaN,0.0063816,0,NaN,NaN,213,250,NaN,NaN,NaN,NaN,NaN,0
广阔,PRM*,24,20263927,1,217.99741011482,0.0320018,0.0002522,0.0319059,0,NaN,NaN,252,250,3.16533207810275,2.33150824880057,0.934170515486696,NaN,NaN,0
广阔,FMT*,24,20263927,1,249.074566754115,0.0240423,0.0112254,0.0239242,0,NaN,NaN,252,250,4.17994723366352,3.35943167866889,0.817613599154684,NaN,NaN,0
广阔,BIT*,24,20263927,1,229.291600330566,0.0706251,0.02658,0.0705005,0,NaN,NaN,224,250,1.58091115047979,0.334667493866929,0.888156184910966,NaN,NaN,0
广阔,RRT#,24,20263927,0,Inf,0.0079398,NaN,0.0078651,0,NaN,NaN,213,250,NaN,NaN,NaN,NaN,NaN,0
广阔,APF-only,24,20263927,1,301.840641895898,0.0020259,0.0019319,0.0020259,NaN,NaN,NaN,NaN,72,53.671042473467,0.127432159127466,0.6746830105535,1,8,0
广阔,AB-IRRT*,24,20263927,1,221.226373504114,0.0085504,0.0026133,0.0057438,0,0.0026133,0.0058473,151,250,1.3222034995512,0.157996066854144,0.920535602315692,1,8,0
广阔,RRT*,25,20263928,0,Inf,0.0061105,NaN,0.0060635,0,NaN,NaN,218,250,NaN,NaN,NaN,NaN,NaN,0
广阔,Informed-RRT*,25,20263928,0,Inf,0.0075385,NaN,0.0074422,0,NaN,NaN,218,250,NaN,NaN,NaN,NaN,NaN,0
广阔,PRM*,25,20263928,1,225.693504038203,0.0330521,0.0001384,0.0329582,0,NaN,NaN,252,250,1.06672946708107,0.0885655055765255,0.902315526756387,NaN,NaN,0
广阔,FMT*,25,20263928,1,249.970716950492,0.0151444,0.0071674,0.0150225,0,NaN,NaN,252,250,4.27113593875774,0.21366614523771,0.814682437471502,NaN,NaN,0
广阔,BIT*,25,20263928,1,217.604367353301,0.0552725,0.0193767,0.0551475,0,NaN,NaN,235,250,0.934231437472665,0.165877593874491,0.935857838970146,NaN,NaN,0
广阔,RRT#,25,20263928,0,Inf,0.0075024,NaN,0.0074282,0,NaN,NaN,218,250,NaN,NaN,NaN,NaN,NaN,0
广阔,APF-only,25,20263928,1,301.840641895898,0.0020222,0.0019302,0.0020222,NaN,NaN,NaN,NaN,72,53.671042473467,0.127432159127466,0.6746830105535,1,8,0
广阔,AB-IRRT*,25,20263928,1,221.226373504114,0.0068624,0.0025966,0.004082,0,0.0025966,0.0041805,128,250,1.3222034995512,0.157996066854144,0.920535602315692,1,8,0
广阔,RRT*,26,20263929,0,Inf,0.0080779,NaN,0.0080138,0,NaN,NaN,210,250,NaN,NaN,NaN,NaN,NaN,0
广阔,Informed-RRT*,26,20263929,0,Inf,0.0065959,NaN,0.0065031,0,NaN,NaN,210,250,NaN,NaN,NaN,NaN,NaN,0
广阔,PRM*,26,20263929,1,228.755246450957,0.0303535,8.36e-05,0.0302694,0,NaN,NaN,252,250,2.30010567589271,1.32913177395083,0.89023861153447,NaN,NaN,0
广阔,FMT*,26,20263929,1,224.909917284983,0.0072848,0.0043421,0.0071917,0,NaN,NaN,252,250,1.76268118589608,0.013474914831729,0.905459196464357,NaN,NaN,0
广阔,BIT*,26,20263929,1,216.572314014917,0.0599321,0.0219645,0.0598162,0,NaN,NaN,232,250,1.06070974374903,0.0467108185254101,0.940317574330848,NaN,NaN,0
广阔,RRT#,26,20263929,0,Inf,0.0085576,NaN,0.0084342,0,NaN,NaN,210,250,NaN,NaN,NaN,NaN,NaN,0
广阔,APF-only,26,20263929,1,301.840641895898,0.0025874,0.0024718,0.0025874,NaN,NaN,NaN,NaN,72,53.671042473467,0.127432159127466,0.6746830105535,1,8,0
广阔,AB-IRRT*,26,20263929,1,221.226373504114,0.007774,0.0025933,0.004979,0,0.0025933,0.0050887,139,250,1.3222034995512,0.157996066854144,0.920535602315692,1,8,0
广阔,RRT*,27,20263930,1,216.044360590251,0.0065812,0.0039598,0.0064938,0,NaN,NaN,213,250,5.16087468521588,0.115587776498361,0.942615453721382,NaN,NaN,0
广阔,Informed-RRT*,27,20263930,1,215.398075643752,0.0062941,0.0038623,0.0061724,0,NaN,NaN,195,250,5.74185509495139,0.0384989827644723,0.945443697085477,NaN,NaN,0
广阔,PRM*,27,20263930,1,212.206705098706,0.0311269,0.0003793,0.0310425,0,NaN,NaN,252,250,1.45930935559745,0.115096176193768,0.959662197700119,NaN,NaN,0
广阔,FMT*,27,20263930,1,253.259891198339,0.0123445,0.0069882,0.0122334,0,NaN,NaN,252,250,3.45279445343594,0.696460582270699,0.804101873447623,NaN,NaN,0
广阔,BIT*,27,20263930,1,226.825851578959,0.0502853,0.0200975,0.0501638,0,NaN,NaN,236,250,3.5260564170074,0.45345822303468,0.897811036811362,NaN,NaN,0
广阔,RRT#,27,20263930,1,216.044360590251,0.0081715,0.0042833,0.0080611,0,NaN,NaN,213,250,5.16087468521588,0.115587776498361,0.942615453721382,NaN,NaN,0
广阔,APF-only,27,20263930,1,301.840641895898,0.0021356,0.0020391,0.0021356,NaN,NaN,NaN,NaN,72,53.671042473467,0.127432159127466,0.6746830105535,1,8,0
广阔,AB-IRRT*,27,20263930,1,221.226373504114,0.007893,0.0030261,0.0046719,0,0.0030261,0.0047762,147,250,1.3222034995512,0.157996066854144,0.920535602315692,1,8,0
广阔,RRT*,28,20263931,0,Inf,0.0045582,NaN,0.0045202,0,NaN,NaN,188,250,NaN,NaN,NaN,NaN,NaN,0
广阔,Informed-RRT*,28,20263931,0,Inf,0.0050922,NaN,0.005017,0,NaN,NaN,188,250,NaN,NaN,NaN,NaN,NaN,0
广阔,PRM*,28,20263931,1,230.432158075345,0.0321201,0.0001568,0.0320548,0,NaN,NaN,252,250,1.45899051278897,0.162609095987804,0.883760125681497,NaN,NaN,0
广阔,FMT*,28,20263931,1,233.017322524467,0.0064809,0.0033836,0.0063955,0,NaN,NaN,252,250,3.03748717958453,0.152038762760505,0.873955424324053,NaN,NaN,0
广阔,BIT*,28,20263931,1,212.970569690781,0.0662749,0.0234452,0.0661452,0,NaN,NaN,235,250,1.08855589520927,1.43539562322884,0.956220163553148,NaN,NaN,0
广阔,RRT#,28,20263931,0,Inf,0.0061804,NaN,0.0061144,0,NaN,NaN,188,250,NaN,NaN,NaN,NaN,NaN,0
广阔,APF-only,28,20263931,1,301.840641895898,0.0015905,0.0015078,0.0015905,NaN,NaN,NaN,NaN,72,53.671042473467,0.127432159127466,0.6746830105535,1,8,0
广阔,AB-IRRT*,28,20263931,1,221.226373504114,0.0101753,0.0035005,0.0064343,0,0.0035005,0.0065675,124,250,1.3222034995512,0.157996066854144,0.920535602315692,1,8,0
广阔,RRT*,29,20263932,1,233.675566375316,0.0067828,0.0050707,0.0067076,0,NaN,NaN,225,250,4.76755132338606,1.22763472808557,0.871493567515914,NaN,NaN,0
广阔,Informed-RRT*,29,20263932,1,230.948098398826,0.0070346,0.0052635,0.0069187,0,NaN,NaN,224,250,4.71268704383739,1.10151061773936,0.881785796867859,NaN,NaN,0
广阔,PRM*,29,20263932,1,230.169485539154,0.0271203,0.0002681,0.0270227,0,NaN,NaN,252,250,1.40183472722935,0.30754115168816,0.884768684713783,NaN,NaN,0
广阔,FMT*,29,20263932,1,230.546508478477,0.0083706,0.0055894,0.0082663,0,NaN,NaN,252,250,1.37503820010234,0.194946823866935,0.883321783208603,NaN,NaN,0
广阔,BIT*,29,20263932,1,258.980159701426,0.049797,0.0283241,0.0496791,0,NaN,NaN,229,250,3.53075131632344,2.32401331578265,0.78634113600249,NaN,NaN,0
广阔,RRT#,29,20263932,1,233.675566375316,0.0081833,0.0060326,0.0080675,0,NaN,NaN,225,250,4.76755132338606,1.22763472808557,0.871493567515914,NaN,NaN,0
广阔,APF-only,29,20263932,1,301.840641895898,0.0026303,0.0025261,0.0026303,NaN,NaN,NaN,NaN,72,53.671042473467,0.127432159127466,0.6746830105535,1,8,0
广阔,AB-IRRT*,29,20263932,1,221.226373504114,0.0055942,0.0022383,0.0031976,0,0.0022383,0.0032793,82,250,1.3222034995512,0.157996066854144,0.920535602315692,1,8,0
广阔,RRT*,30,20263933,1,239.019546004261,0.0060468,0.0053589,0.0059678,0,NaN,NaN,203,250,5.62299833186156,0.614955933017114,0.85200878499742,NaN,NaN,0
广阔,Informed-RRT*,30,20263933,1,239.019546004261,0.0071099,0.006383,0.0069773,0,NaN,NaN,203,250,5.62299833186156,0.614955933017114,0.85200878499742,NaN,NaN,0
广阔,PRM*,30,20263933,1,248.684601546146,0.0283836,0.0011152,0.0283019,0,NaN,NaN,252,250,3.43060969917834,2.02830697134949,0.818895708522336,NaN,NaN,0
广阔,FMT*,30,20263933,1,242.949584201185,0.0112222,0.0104904,0.0111382,0,NaN,NaN,252,250,1.84323500674186,0.202904296844707,0.83822639026658,NaN,NaN,0
广阔,BIT*,30,20263933,1,225.968298973438,0.071844,0.0294908,0.071729,0,NaN,NaN,220,250,2.48463769278754,0.202914769677554,0.901218241261637,NaN,NaN,0
广阔,RRT#,30,20263933,1,239.019546004261,0.0071192,0.0064095,0.0070183,0,NaN,NaN,203,250,5.62299833186156,0.614955933017114,0.85200878499742,NaN,NaN,0
广阔,APF-only,30,20263933,1,301.840641895898,0.0021362,0.0020388,0.0021362,NaN,NaN,NaN,NaN,72,53.671042473467,0.127432159127466,0.6746830105535,1,8,0
广阔,AB-IRRT*,30,20263933,1,221.226373504114,0.0077802,0.002486,0.0050906,0,0.002486,0.0051964,124,250,1.3222034995512,0.157996066854144,0.920535602315692,1,8,0
广阔,RRT*,31,20263934,0,Inf,0.0054483,NaN,0.0053875,0,NaN,NaN,188,250,NaN,NaN,NaN,NaN,NaN,0
广阔,Informed-RRT*,31,20263934,0,Inf,0.0061332,NaN,0.0060256,0,NaN,NaN,188,250,NaN,NaN,NaN,NaN,NaN,0
广阔,PRM*,31,20263934,1,243.033011411825,0.0272344,0.0003043,0.0271524,0,NaN,NaN,252,250,1.93891308428171,0.406999238178518,0.837938647917429,NaN,NaN,0
广阔,FMT*,31,20263934,1,220.5614890654,0.0089843,0.0064564,0.0088856,0,NaN,NaN,252,250,1.60652679897601,0.0851001755426388,0.923310564526253,NaN,NaN,0
广阔,BIT*,31,20263934,1,213.366207568038,0.0487297,0.0202975,0.0486164,0,NaN,NaN,235,250,1.68596871649897,0.260844569937207,0.954447076239974,NaN,NaN,0
广阔,RRT#,31,20263934,0,Inf,0.0066661,NaN,0.0065876,0,NaN,NaN,188,250,NaN,NaN,NaN,NaN,NaN,0
广阔,APF-only,31,20263934,1,301.840641895898,0.0029449,0.0028127,0.0029449,NaN,NaN,NaN,NaN,72,53.671042473467,0.127432159127466,0.6746830105535,1,8,0
广阔,AB-IRRT*,31,20263934,1,221.226373504114,0.005684,0.0021762,0.0033394,0,0.0021762,0.0034263,101,250,1.3222034995512,0.157996066854144,0.920535602315692,1,8,0
广阔,RRT*,32,20263935,1,217.074621354242,0.0060936,0.0049202,0.006023,0,NaN,NaN,218,250,5.70942904530714,0.240652392515878,0.938141693908089,NaN,NaN,0
广阔,Informed-RRT*,32,20263935,1,216.553679370898,0.0076546,0.0059328,0.0075321,0,NaN,NaN,214,250,5.96977766093596,0.242616142266955,0.940398489526165,NaN,NaN,0
广阔,PRM*,32,20263935,1,236.057641929658,0.032694,0.0002368,0.0325573,0,NaN,NaN,252,250,3.94973312810882,0.122255575670835,0.862699259879963,NaN,NaN,0
广阔,FMT*,32,20263935,1,218.700864808318,0.0063575,0.0051747,0.0062592,0,NaN,NaN,252,250,1.08075073844272,0.342361450755558,0.931165741663678,NaN,NaN,0
广阔,BIT*,32,20263935,1,210.621359954234,0.0486436,0.01713,0.0485118,0,NaN,NaN,226,250,1.47126828917185,0.4512076505394,0.966885566715437,NaN,NaN,0
广阔,RRT#,32,20263935,1,217.074621354242,0.0086151,0.0070258,0.0085142,0,NaN,NaN,218,250,5.70942904530714,0.240652392515878,0.938141693908089,NaN,NaN,0
广阔,APF-only,32,20263935,1,301.840641895898,0.0020652,0.0019754,0.0020652,NaN,NaN,NaN,NaN,72,53.671042473467,0.127432159127466,0.6746830105535,1,8,0
广阔,AB-IRRT*,32,20263935,1,221.226373504114,0.0061047,0.0025927,0.0033258,0,0.0025927,0.0034254,78,250,1.3222034995512,0.157996066854144,0.920535602315692,1,8,0
广阔,RRT*,33,20263936,1,226.746569411396,0.0048619,0.003596,0.004787,0,NaN,NaN,157,250,8.36330252081751,0.952748909307576,0.89812495734937,NaN,NaN,0
广阔,Informed-RRT*,33,20263936,1,224.35180536665,0.0059101,0.0040002,0.0057896,0,NaN,NaN,164,250,7.87591239692731,0.953123790399552,0.907711674746333,NaN,NaN,0
广阔,PRM*,33,20263936,1,218.696967233929,0.0352846,0.0002183,0.0351904,0,NaN,NaN,252,250,2.5534395846237,0.346314060694337,0.931182336716608,NaN,NaN,0
广阔,FMT*,33,20263936,1,238.393372388989,0.0090767,0.0048535,0.0089845,0,NaN,NaN,252,250,1.67305987433201,0.89434618167217,0.854246705522638,NaN,NaN,0
广阔,BIT*,33,20263936,1,213.832247243298,0.0500027,0.0182122,0.0498866,0,NaN,NaN,237,250,1.68019516455105,0.271394648928668,0.952366893240461,NaN,NaN,0
广阔,RRT#,33,20263936,1,226.746569411396,0.0067347,0.0045072,0.0066377,0,NaN,NaN,157,250,8.36330252081751,0.952748909307576,0.89812495734937,NaN,NaN,0
广阔,APF-only,33,20263936,1,301.840641895898,0.0021275,0.0020355,0.0021275,NaN,NaN,NaN,NaN,72,53.671042473467,0.127432159127466,0.6746830105535,1,8,0
广阔,AB-IRRT*,33,20263936,1,215.385210012822,0.0099841,0.00242,0.0073412,0,0.00242,0.0074791,160,250,6.3239034240306,0.414859902000587,0.945500171388754,1,8,0
广阔,RRT*,34,20263937,1,231.943834862954,0.0092348,0.0062707,0.0091458,0,NaN,NaN,229,250,5.36331596047797,0.553295884257107,0.87800028443115,NaN,NaN,0
广阔,Informed-RRT*,34,20263937,1,231.943834862954,0.0063344,0.003977,0.0061977,0,NaN,NaN,220,250,5.36331596047797,0.553295884257107,0.87800028443115,NaN,NaN,0
广阔,PRM*,34,20263937,1,247.762454617826,0.0316518,0.0001835,0.0315626,0,NaN,NaN,252,250,3.28370118395167,2.49142767185848,0.82194355595908,NaN,NaN,0
广阔,FMT*,34,20263937,1,256.43790412481,0.0170466,0.0090541,0.0169143,0,NaN,NaN,252,250,2.84579556300475,2.97831801260647,0.794136707975157,NaN,NaN,0
广阔,BIT*,34,20263937,1,219.741916237626,0.0442392,0.0199595,0.0441081,0,NaN,NaN,229,250,3.21601480760267,1.96677784201678,0.926754241832971,NaN,NaN,0
广阔,RRT#,34,20263937,1,231.943834862954,0.0078524,0.0052114,0.0077521,0,NaN,NaN,229,250,5.36331596047797,0.553295884257107,0.87800028443115,NaN,NaN,0
广阔,APF-only,34,20263937,1,301.840641895898,0.0022293,0.0021261,0.0022293,NaN,NaN,NaN,NaN,72,53.671042473467,0.127432159127466,0.6746830105535,1,8,0
广阔,AB-IRRT*,34,20263937,1,221.226373504114,0.0079736,0.0023792,0.0054043,0,0.0023792,0.0055087,128,250,1.3222034995512,0.157996066854144,0.920535602315692,1,8,0
广阔,RRT*,35,20263938,0,Inf,0.0068405,NaN,0.0067843,0,NaN,NaN,175,250,NaN,NaN,NaN,NaN,NaN,0
广阔,Informed-RRT*,35,20263938,0,Inf,0.0065117,NaN,0.0064163,0,NaN,NaN,175,250,NaN,NaN,NaN,NaN,NaN,0
广阔,PRM*,35,20263938,1,222.458488073006,0.0304274,0.0005652,0.0302525,0,NaN,NaN,252,250,2.53297254249442,0.668228747021704,0.915437099055053,NaN,NaN,0
广阔,FMT*,35,20263938,1,229.501499776207,0.0066884,0.0051191,0.0065941,0,NaN,NaN,252,250,1.46636639440516,0.0706747268749712,0.887343887426911,NaN,NaN,0
广阔,BIT*,35,20263938,1,219.4278415089,0.0377094,0.0164935,0.0375981,0,NaN,NaN,222,250,1.79909019988513,0.247284076451097,0.928080737527856,NaN,NaN,0
广阔,RRT#,35,20263938,0,Inf,0.006673,NaN,0.0066079,0,NaN,NaN,175,250,NaN,NaN,NaN,NaN,NaN,0
广阔,APF-only,35,20263938,1,301.840641895898,0.002308,0.0022123,0.002308,NaN,NaN,NaN,NaN,72,53.671042473467,0.127432159127466,0.6746830105535,1,8,0
广阔,AB-IRRT*,35,20263938,1,221.226373504114,0.006521,0.0021707,0.0041696,0,0.0021707,0.0042683,88,250,1.3222034995512,0.157996066854144,0.920535602315692,1,8,0
广阔,RRT*,36,20263939,1,223.990152907795,0.0085167,0.0060567,0.0084177,0,NaN,NaN,241,250,6.38007126111105,0.864319031530371,0.909177257741132,NaN,NaN,0
广阔,Informed-RRT*,36,20263939,1,223.772782605274,0.0082003,0.005472,0.0080709,0,NaN,NaN,241,250,5.57593645413819,0.898234077341752,0.910060422052981,NaN,NaN,0
广阔,PRM*,36,20263939,1,229.401507657052,0.0293429,0.0005048,0.0292428,0,NaN,NaN,252,250,2.18927264060811,0.534020818557082,0.887730665162721,NaN,NaN,0
广阔,FMT*,36,20263939,1,234.483232452212,0.0075821,0.0053264,0.0074765,0,NaN,NaN,252,250,2.6297921228731,0.0976960344644588,0.868491750356732,NaN,NaN,0
广阔,BIT*,36,20263939,1,212.158160101217,0.041457,0.0216259,0.0413351,0,NaN,NaN,238,250,0.666094880066619,0.410522881720507,0.959881782932926,NaN,NaN,0
广阔,RRT#,36,20263939,1,223.990152907795,0.008769,0.0065245,0.0086711,0,NaN,NaN,241,250,6.38007126111105,0.864319031530371,0.909177257741132,NaN,NaN,0
广阔,APF-only,36,20263939,1,301.840641895898,0.0020497,0.0019588,0.0020497,NaN,NaN,NaN,NaN,72,53.671042473467,0.127432159127466,0.6746830105535,1,8,0
广阔,AB-IRRT*,36,20263939,1,221.226373504114,0.0086304,0.0027087,0.0057356,0,0.0027087,0.0058301,141,250,1.3222034995512,0.157996066854144,0.920535602315692,1,8,0
广阔,RRT*,37,20263940,1,229.816573827752,0.0069035,0.0049623,0.0068088,0,NaN,NaN,213,250,6.57113332639921,0.165748927791554,0.886127356220876,NaN,NaN,0
广阔,Informed-RRT*,37,20263940,1,229.381319552073,0.0071502,0.0052516,0.0070111,0,NaN,NaN,202,250,5.82259230203874,0.165607137362045,0.887808795325615,NaN,NaN,0
广阔,PRM*,37,20263940,1,225.997226033814,0.0309794,0.0001263,0.0308926,0,NaN,NaN,252,250,2.96991246850493,1.523218291962,0.901102887657814,NaN,NaN,0
广阔,FMT*,37,20263940,1,211.666220455985,0.0074211,0.0057919,0.0073247,0,NaN,NaN,252,250,0.953334566077853,0.117542160235516,0.962112672220521,NaN,NaN,0
广阔,BIT*,37,20263940,1,210.863291563645,0.0356284,0.0172442,0.0355176,0,NaN,NaN,235,250,1.13392342107242,0.638718085341323,0.965776221511079,NaN,NaN,0
广阔,RRT#,37,20263940,1,229.816573827752,0.0121845,0.0096762,0.0120425,0,NaN,NaN,213,250,6.57113332639921,0.165748927791554,0.886127356220876,NaN,NaN,0
广阔,APF-only,37,20263940,1,301.840641895898,0.0023602,0.0022527,0.0023602,NaN,NaN,NaN,NaN,72,53.671042473467,0.127432159127466,0.6746830105535,1,8,0
广阔,AB-IRRT*,37,20263940,1,215.115467877725,0.008133,0.002545,0.0053954,0,0.002545,0.0055018,161,250,6.08780395900085,0.150422056894665,0.946685772951864,1,8,0
广阔,RRT*,38,20263941,1,217.956466035558,0.0064328,0.0054404,0.006347,0,NaN,NaN,183,250,5.48982670649667,0.187174111408992,0.934346003520273,NaN,NaN,0
广阔,Informed-RRT*,38,20263941,1,217.075075146162,0.0058181,0.0047555,0.0056526,0,NaN,NaN,182,250,5.37894905607619,0.101881959318053,0.938139732738109,NaN,NaN,0
广阔,PRM*,38,20263941,1,247.55174040296,0.0232307,0.0002003,0.0231585,0,NaN,NaN,252,250,2.94845688945523,1.82695044133033,0.822643188249187,NaN,NaN,0
广阔,FMT*,38,20263941,1,277.576467995015,0.0175057,0.0094722,0.0174021,0,NaN,NaN,252,250,5.42149398339235,0.097254607056243,0.733660005304855,NaN,NaN,0
广阔,BIT*,38,20263941,1,216.930602207037,0.0454258,0.0175506,0.0444745,0,NaN,NaN,236,250,2.3416350175797,2.33663260055372,0.938764521509816,NaN,NaN,0
广阔,RRT#,38,20263941,1,217.377410370434,0.005959,0.0047744,0.0058752,0,NaN,NaN,183,250,5.09302042917003,0.190519658676682,0.936834938987865,NaN,NaN,0
广阔,APF-only,38,20263941,1,301.840641895898,0.0020778,0.0018156,0.0020778,NaN,NaN,NaN,NaN,72,53.671042473467,0.127432159127466,0.6746830105535,1,8,0
广阔,AB-IRRT*,38,20263941,1,221.226373504114,0.0064148,0.0040307,0.0022101,0,0.0040307,0.0022925,37,250,1.3222034995512,0.157996066854144,0.920535602315692,1,8,0
广阔,RRT*,39,20263942,1,245.181864915962,0.0070974,0.006046,0.0069801,0,NaN,NaN,203,250,7.63055747582672,0.13630979821637,0.830594681427713,NaN,NaN,0
广阔,Informed-RRT*,39,20263942,1,246.49916353559,0.007344,0.0060624,0.0070086,0,NaN,NaN,202,250,8.16172555043946,0.138269359948398,0.826155959560985,NaN,NaN,0
广阔,PRM*,39,20263942,1,241.159623076206,0.0325293,0.000216,0.0324246,0,NaN,NaN,252,250,2.27233980084248,0.907055443217942,0.844447965144536,NaN,NaN,0
广阔,FMT*,39,20263942,1,217.305868306362,0.0072769,0.0045121,0.0071737,0,NaN,NaN,252,250,4.25615773026241,0.0709016061929049,0.937143366485717,NaN,NaN,0
广阔,BIT*,39,20263942,1,211.812078986335,0.0498756,0.0243439,0.0497406,0,NaN,NaN,226,250,1.11968637935366,0.0222953706854252,0.961450139936846,NaN,NaN,0
广阔,RRT#,39,20263942,1,245.181864915962,0.0080437,0.0073829,0.0079397,0,NaN,NaN,203,250,7.63055747582672,0.13630979821637,0.830594681427713,NaN,NaN,0
广阔,APF-only,39,20263942,1,301.840641895898,0.0021089,0.0020172,0.0021089,NaN,NaN,NaN,NaN,72,53.671042473467,0.127432159127466,0.6746830105535,1,8,0
广阔,AB-IRRT*,39,20263942,1,221.226373504114,0.0067804,0.0023609,0.0042361,0,0.0023609,0.0043388,103,250,1.3222034995512,0.157996066854144,0.920535602315692,1,8,0
广阔,RRT*,40,20263943,0,Inf,0.0048835,NaN,0.004838,0,NaN,NaN,176,250,NaN,NaN,NaN,NaN,NaN,0
广阔,Informed-RRT*,40,20263943,0,Inf,0.0047753,NaN,0.0047084,0,NaN,NaN,176,250,NaN,NaN,NaN,NaN,NaN,0
广阔,PRM*,40,20263943,1,226.275444091792,0.0300907,0.0005075,0.0300135,0,NaN,NaN,252,250,1.02622613424503,0.380784688782151,0.899994932278702,NaN,NaN,0
广阔,FMT*,40,20263943,1,217.433189002586,0.0159778,0.007368,0.0158694,0,NaN,NaN,252,250,2.66087080992697,2.45290901168504,0.936594610583133,NaN,NaN,0
广阔,BIT*,40,20263943,1,210.220065738034,0.061909,0.0223879,0.0618016,0,NaN,NaN,228,250,1.21682913634455,0.496588570327903,0.968731278181124,NaN,NaN,0
广阔,RRT#,40,20263943,0,Inf,0.0050371,NaN,0.0049728,0,NaN,NaN,176,250,NaN,NaN,NaN,NaN,NaN,0
广阔,APF-only,40,20263943,1,301.840641895898,0.0016182,0.0015403,0.0016182,NaN,NaN,NaN,NaN,72,53.671042473467,0.127432159127466,0.6746830105535,1,8,0
广阔,AB-IRRT*,40,20263943,1,221.226373504114,0.0069726,0.0024979,0.0043163,0,0.0024979,0.0043987,148,250,1.3222034995512,0.157996066854144,0.920535602315692,1,8,0
广阔,RRT*,41,20263944,0,Inf,0.0045333,NaN,0.004492,0,NaN,NaN,167,250,NaN,NaN,NaN,NaN,NaN,0
广阔,Informed-RRT*,41,20263944,0,Inf,0.0049051,NaN,0.004831,0,NaN,NaN,167,250,NaN,NaN,NaN,NaN,NaN,0
广阔,PRM*,41,20263944,1,212.040615408001,0.0301525,9.86e-05,0.0300886,0,NaN,NaN,252,250,1.21059974656029,0.403344232817968,0.9604138933,NaN,NaN,0
广阔,FMT*,41,20263944,1,217.612110408042,0.0196398,0.0079893,0.0195337,0,NaN,NaN,252,250,0.92096893622126,0.13138106427607,0.935824539359828,NaN,NaN,0
广阔,BIT*,41,20263944,1,228.096639383038,0.0458908,0.0193227,0.0450208,0,NaN,NaN,241,250,2.58190497360968,0.755900942676163,0.892809089746147,NaN,NaN,0
广阔,RRT#,41,20263944,0,Inf,0.0064116,NaN,0.0063443,0,NaN,NaN,167,250,NaN,NaN,NaN,NaN,NaN,0
广阔,APF-only,41,20263944,1,301.840641895898,0.0020273,0.0019381,0.0020273,NaN,NaN,NaN,NaN,72,53.671042473467,0.127432159127466,0.6746830105535,1,8,0
广阔,AB-IRRT*,41,20263944,1,221.226373504114,0.0075005,0.0028897,0.004421,0,0.0028897,0.0045151,111,250,1.3222034995512,0.157996066854144,0.920535602315692,1,8,0
广阔,RRT*,42,20263945,1,242.137052628513,0.0068885,0.0052982,0.0068061,0,NaN,NaN,183,250,8.91788804473378,0.184332926191415,0.841039199788068,NaN,NaN,0
广阔,Informed-RRT*,42,20263945,1,239.460449606217,0.0062652,0.005068,0.006157,0,NaN,NaN,179,250,7.7275106217018,0.18476650505786,0.850440034321387,NaN,NaN,0
广阔,PRM*,42,20263945,1,224.044949704049,0.0293019,0.0007208,0.0292234,0,NaN,NaN,252,250,2.80526660173582,2.39975154506112,0.908954891644432,NaN,NaN,0
广阔,FMT*,42,20263945,1,228.786522958421,0.0067794,0.0033449,0.0066696,0,NaN,NaN,252,250,1.79549179892088,0.0447806097639063,0.890116910508475,NaN,NaN,0
广阔,BIT*,42,20263945,1,213.423287945142,0.0407034,0.0168031,0.0405463,0,NaN,NaN,240,250,1.87459851751522,0.275101539230041,0.95419180794399,NaN,NaN,0
广阔,RRT#,42,20263945,1,242.137052628513,0.0073015,0.0061833,0.0072036,0,NaN,NaN,183,250,8.91788804473378,0.184332926191415,0.841039199788068,NaN,NaN,0
广阔,APF-only,42,20263945,1,301.840641895898,0.0014587,0.0013906,0.0014587,NaN,NaN,NaN,NaN,72,53.671042473467,0.127432159127466,0.6746830105535,1,8,0
广阔,AB-IRRT*,42,20263945,1,221.226373504114,0.0106119,0.0045249,0.0058436,0,0.0045249,0.0059636,107,250,1.3222034995512,0.157996066854144,0.920535602315692,1,8,0
广阔,RRT*,43,20263946,1,217.589735528902,0.006238,0.0047856,0.0061682,0,NaN,NaN,198,250,5.66702836839276,0.0550229432596865,0.93592077074185,NaN,NaN,0
广阔,Informed-RRT*,43,20263946,1,217.76683903406,0.0045736,0.0032195,0.0044809,0,NaN,NaN,193,250,5.24492600347473,0.0489063216844698,0.935159613304919,NaN,NaN,0
广阔,PRM*,43,20263946,1,222.354314303588,0.0235952,0.0003217,0.0235203,0,NaN,NaN,252,250,2.59743877831819,0.0745328399590548,0.915865984519105,NaN,NaN,0
广阔,FMT*,43,20263946,1,267.488956683349,0.0052933,0.0034087,0.0052075,0,NaN,NaN,252,250,3.32529462428128,0.422352733533939,0.761327703045328,NaN,NaN,0
广阔,BIT*,43,20263946,1,250.354936147811,0.0378652,0.0182417,0.0364016,0,NaN,NaN,232,250,1.73159535884709,0.422300681618859,0.813432146037223,NaN,NaN,0
广阔,RRT#,43,20263946,1,217.589735528902,0.0066319,0.0047234,0.0065449,0,NaN,NaN,198,250,5.66702836839276,0.0550229432596865,0.93592077074185,NaN,NaN,0
广阔,APF-only,43,20263946,1,301.840641895898,0.0024846,0.0023889,0.0024846,NaN,NaN,NaN,NaN,72,53.671042473467,0.127432159127466,0.6746830105535,1,8,0
广阔,AB-IRRT*,43,20263946,1,221.226373504114,0.007492,0.0022466,0.005072,0,0.0022466,0.0051599,165,250,1.3222034995512,0.157996066854144,0.920535602315692,1,8,0
广阔,RRT*,44,20263947,0,Inf,0.0052656,NaN,0.0052104,0,NaN,NaN,156,250,NaN,NaN,NaN,NaN,NaN,0
广阔,Informed-RRT*,44,20263947,0,Inf,0.0053517,NaN,0.0052624,0,NaN,NaN,156,250,NaN,NaN,NaN,NaN,NaN,0
广阔,PRM*,44,20263947,1,242.232167706346,0.0314708,0.0003325,0.0313849,0,NaN,NaN,252,250,4.47871989745063,0.549299484949131,0.840708956659311,NaN,NaN,0
广阔,FMT*,44,20263947,1,242.460494266922,0.0101328,0.0050424,0.0100262,0,NaN,NaN,252,250,4.25517693382138,1.33251026433127,0.839917255788207,NaN,NaN,0
广阔,BIT*,44,20263947,1,217.089864065762,0.0478117,0.0235426,0.047721,0,NaN,NaN,235,250,1.98201531073194,1.37982776058177,0.938075823383609,NaN,NaN,0
广阔,RRT#,44,20263947,0,Inf,0.0062227,NaN,0.0061388,0,NaN,NaN,156,250,NaN,NaN,NaN,NaN,NaN,0
广阔,APF-only,44,20263947,1,301.840641895898,0.0029998,0.002857,0.0029998,NaN,NaN,NaN,NaN,72,53.671042473467,0.127432159127466,0.6746830105535,1,8,0
广阔,AB-IRRT*,44,20263947,1,221.226373504114,0.0057628,0.0026024,0.0029735,0,0.0026024,0.0030697,64,250,1.3222034995512,0.157996066854144,0.920535602315692,1,8,0
广阔,RRT*,45,20263948,1,213.013167195632,0.0063403,0.0048984,0.0062638,0,NaN,NaN,219,250,4.70750753516723,0.299955999762156,0.956028942542765,NaN,NaN,0
广阔,Informed-RRT*,45,20263948,1,212.415799333348,0.0087528,0.0063403,0.0086066,0,NaN,NaN,206,250,4.5099655187558,0.345716083740452,0.958717541825312,NaN,NaN,0
广阔,PRM*,45,20263948,1,238.75923355524,0.027782,0.0001654,0.0277022,0,NaN,NaN,252,250,1.8313093268363,0.0480897600024477,0.852937706112252,NaN,NaN,0
广阔,FMT*,45,20263948,1,220.282785433611,0.0085803,0.0042549,0.0084865,0,NaN,NaN,252,250,1.89959469001127,0.326381897631448,0.924478744813677,NaN,NaN,0
广阔,BIT*,45,20263948,1,211.785111416543,0.0313879,0.0169871,0.0312697,0,NaN,NaN,233,250,1.70798603577008,0.462192341581384,0.961572565793775,NaN,NaN,0
广阔,RRT#,45,20263948,1,213.013167195632,0.0084101,0.0062477,0.008313,0,NaN,NaN,219,250,4.70750753516723,0.299955999762156,0.956028942542765,NaN,NaN,0
广阔,APF-only,45,20263948,1,301.840641895898,0.0022721,0.0021697,0.0022721,NaN,NaN,NaN,NaN,72,53.671042473467,0.127432159127466,0.6746830105535,1,8,0
广阔,AB-IRRT*,45,20263948,1,221.226373504114,0.0087693,0.002365,0.0062263,0,0.002365,0.0063206,177,250,1.3222034995512,0.157996066854144,0.920535602315692,1,8,0
广阔,RRT*,46,20263949,1,230.418939287099,0.0069058,0.0057179,0.0068183,0,NaN,NaN,199,250,6.09874909570624,0.309237157985265,0.883810825671691,NaN,NaN,0
广阔,Informed-RRT*,46,20263949,1,230.541410778132,0.0069179,0.005617,0.0067963,0,NaN,NaN,200,250,6.02712291431768,0.246480312222205,0.883341315099831,NaN,NaN,0
广阔,PRM*,46,20263949,1,224.249104042498,0.0278852,0.0003206,0.0278021,0,NaN,NaN,252,250,2.16116381014138,0.805402251091893,0.908127387403661,NaN,NaN,0
广阔,FMT*,46,20263949,1,238.518969100141,0.0141745,0.0105196,0.0140672,0,NaN,NaN,252,250,1.87278054362683,0.255242704057455,0.853796885631457,NaN,NaN,0
广阔,BIT*,46,20263949,1,212.649954341404,0.0537264,0.025742,0.0534917,0,NaN,NaN,217,250,3.91827079446206,0.21395571273335,0.957661870243228,NaN,NaN,0
广阔,RRT#,46,20263949,1,230.418939287099,0.0067417,0.0056702,0.0066426,0,NaN,NaN,199,250,6.09874909570624,0.309237157985265,0.883810825671691,NaN,NaN,0
广阔,APF-only,46,20263949,1,301.840641895898,0.0020785,0.0019889,0.0020785,NaN,NaN,NaN,NaN,72,53.671042473467,0.127432159127466,0.6746830105535,1,8,0
广阔,AB-IRRT*,46,20263949,1,221.226373504114,0.0049749,0.0024162,0.0023776,0,0.0024162,0.0024676,53,250,1.3222034995512,0.157996066854144,0.920535602315692,1,8,0
广阔,RRT*,47,20263950,1,214.782856966166,0.0063955,0.0032745,0.0063227,0,NaN,NaN,203,250,2.78739873080705,0.573876417486986,0.948151802514692,NaN,NaN,0
广阔,Informed-RRT*,47,20263950,1,212.601250511052,0.0071453,0.0026506,0.0070145,0,NaN,NaN,204,250,3.31974230405114,0.502132212197258,0.957881256541052,NaN,NaN,0
广阔,PRM*,47,20263950,1,218.021282197325,0.0298848,0.0003913,0.0295435,0,NaN,NaN,252,250,2.30056465554688,0.356800271669869,0.93406822916219,NaN,NaN,0
广阔,FMT*,47,20263950,1,256.035321757983,0.0139215,0.0074242,0.0137817,0,NaN,NaN,252,250,1.40895914855091,1.4520692875073,0.795385385045514,NaN,NaN,0
广阔,BIT*,47,20263950,1,211.051609182016,0.0441995,0.0246961,0.0440764,0,NaN,NaN,220,250,0.784088826016015,0.885739366161651,0.964914476468623,NaN,NaN,0
广阔,RRT#,47,20263950,1,214.782856966166,0.0074286,0.0038928,0.0073275,0,NaN,NaN,203,250,2.78739873080705,0.573876417486986,0.948151802514692,NaN,NaN,0
广阔,APF-only,47,20263950,1,301.840641895898,0.0020627,0.0019585,0.0020627,NaN,NaN,NaN,NaN,72,53.671042473467,0.127432159127466,0.6746830105535,1,8,0
广阔,AB-IRRT*,47,20263950,1,221.226373504114,0.009068,0.0031338,0.0057001,0,0.0031338,0.0058286,156,250,1.3222034995512,0.157996066854144,0.920535602315692,1,8,0
广阔,RRT*,48,20263951,1,234.251988013969,0.0077018,0.0059292,0.0076025,0,NaN,NaN,213,250,6.84455453597799,0.748560945078638,0.869349091584151,NaN,NaN,0
广阔,Informed-RRT*,48,20263951,1,233.823385258596,0.0076813,0.0057288,0.0075509,0,NaN,NaN,209,250,6.48568087668748,0.728946408124165,0.870942625163446,NaN,NaN,0
广阔,PRM*,48,20263951,1,235.466643795799,0.0307653,0.0002387,0.0306624,0,NaN,NaN,252,250,3.35498455176115,0.986673500455609,0.86486455023469,NaN,NaN,0
广阔,FMT*,48,20263951,1,242.740379304755,0.0069481,0.0041612,0.0068414,0,NaN,NaN,252,250,3.36276443759643,2.25198884915942,0.838948812574983,NaN,NaN,0
广阔,BIT*,48,20263951,1,239.968205221264,0.0336591,0.0204019,0.0335589,0,NaN,NaN,220,250,3.04970688265501,0.00639035115950115,0.848640563836165,NaN,NaN,0
广阔,RRT#,48,20263951,1,234.251988013969,0.0059321,0.0044565,0.0058527,0,NaN,NaN,213,250,6.84455453597799,0.748560945078638,0.869349091584151,NaN,NaN,0
广阔,APF-only,48,20263951,1,301.840641895898,0.0015332,0.0014644,0.0015332,NaN,NaN,NaN,NaN,72,53.671042473467,0.127432159127466,0.6746830105535,1,8,0
广阔,AB-IRRT*,48,20263951,1,221.226373504114,0.0116998,0.003975,0.0074903,0,0.003975,0.0076099,156,250,1.3222034995512,0.157996066854144,0.920535602315692,1,8,0
广阔,RRT*,49,20263952,0,Inf,0.006898,NaN,0.0068417,0,NaN,NaN,194,250,NaN,NaN,NaN,NaN,NaN,0
广阔,Informed-RRT*,49,20263952,0,Inf,0.0061162,NaN,0.0060319,0,NaN,NaN,194,250,NaN,NaN,NaN,NaN,NaN,0
广阔,PRM*,49,20263952,1,224.399569987128,0.0304458,0.0001091,0.0303669,0,NaN,NaN,252,250,3.28787177463913,0.169188698567458,0.907518463575518,NaN,NaN,0
广阔,FMT*,49,20263952,1,233.51750819271,0.0066083,0.0028257,0.0065342,0,NaN,NaN,252,250,1.46022202617429,0.233552207218732,0.872083444868152,NaN,NaN,0
广阔,BIT*,49,20263952,1,228.849308692889,0.0360352,0.0137121,0.035931,0,NaN,NaN,236,250,1.33245176459728,0.0671324302212923,0.889872703329925,NaN,NaN,0
广阔,RRT#,49,20263952,0,Inf,0.0085746,NaN,0.0084907,0,NaN,NaN,194,250,NaN,NaN,NaN,NaN,NaN,0
广阔,APF-only,49,20263952,1,301.840641895898,0.002099,0.001998,0.002099,NaN,NaN,NaN,NaN,72,53.671042473467,0.127432159127466,0.6746830105535,1,8,0
广阔,AB-IRRT*,49,20263952,1,221.226373504114,0.0059835,0.002461,0.0033413,0,0.002461,0.0034345,92,250,1.3222034995512,0.157996066854144,0.920535602315692,1,8,0
广阔,RRT*,50,20263953,1,222.488452837232,0.0080971,0.0055116,0.0079884,0,NaN,NaN,201,250,6.28506889564607,0.401917976811607,0.915313807906738,NaN,NaN,0
广阔,Informed-RRT*,50,20263953,1,222.488452837232,0.006775,0.0052407,0.0066526,0,NaN,NaN,191,250,6.28506889564607,0.4019179768116,0.915313807906738,NaN,NaN,0
广阔,PRM*,50,20263953,1,231.0824412603,0.0235117,0.0005693,0.023409,0,NaN,NaN,252,250,2.18937320987607,0.384715546661639,0.881273158925695,NaN,NaN,0
广阔,FMT*,50,20263953,1,264.617583380123,0.0079752,0.0045492,0.0078626,0,NaN,NaN,252,250,4.63338956252903,3.51097699395081,0.769588892697228,NaN,NaN,0
广阔,BIT*,50,20263953,1,226.867911337584,0.0419461,0.0194945,0.0418322,0,NaN,NaN,243,250,3.61449817965712,2.0071712539911,0.897644588787594,NaN,NaN,0
广阔,RRT#,50,20263953,1,222.488452837232,0.0082301,0.006049,0.0081317,0,NaN,NaN,201,250,6.28506889564607,0.401917976811607,0.915313807906738,NaN,NaN,0
广阔,APF-only,50,20263953,1,301.840641895898,0.0019749,0.0018738,0.0019749,NaN,NaN,NaN,NaN,72,53.671042473467,0.127432159127466,0.6746830105535,1,8,0
广阔,AB-IRRT*,50,20263953,1,221.226373504114,0.0075459,0.0031837,0.0041536,0,0.0031837,0.0042627,90,250,1.3222034995512,0.157996066854144,0.920535602315692,1,8,0
