scenario,algorithm,run,seed,success,length,time,firstSolutionTime,tPlanner,tShortcut,tPre,tOpt,nodes,iterations,turnSum,minClear,straightness,escapes,sideFlips,fallback
一般,RRT*,1,20261904,1,211.402514695408,0.0326194,0.0058455,0.0324168,0,NaN,NaN,571,750,3.74095972392246,1,0.96331282187037,NaN,NaN,0
一般,Informed-RRT*,1,20261904,1,210.5364061899,0.0320225,0.0056974,0.0310095,0,NaN,NaN,509,750,3.59057864029125,0.563636209743226,0.967275715716549,NaN,NaN,0
一般,PRM*,1,20261904,1,219.069139780528,0.0941849,0.0008002,0.09366,0,NaN,NaN,752,750,2.25578838195919,0.11620742072168,0.929600368110939,NaN,NaN,0
一般,FMT*,1,20261904,1,218.695625137044,0.0356423,0.011927,0.0350203,0,NaN,NaN,752,750,2.12259191562196,0.0533733262349632,0.931188051220101,NaN,NaN,0
一般,BIT*,1,20261904,1,211.366714055924,0.2038304,0.0166264,0.20313,0,NaN,NaN,397,750,3.37148097070577,0.054531223360776,0.96347598481303,NaN,NaN,0
一般,RRT#,1,20261904,1,210.487935829646,0.033368,0.0063823,0.0327826,0,NaN,NaN,571,750,2.8435312463167,1,0.967498456284653,NaN,NaN,0
一般,APF-only,1,20261904,1,229.358752665851,0.0031775,0.0030321,0.0031775,NaN,NaN,NaN,NaN,52,16.5135672987644,0.40276509044968,0.887896147911194,1,5,0
一般,AB-IRRT*,1,20261904,1,211.061601925706,0.0294168,0.0024457,0.0242142,0,0.0024457,0.0249187,519,750,3.04164418904472,1,0.964868792445772,1,5,0
一般,RRT*,2,20261905,1,214.493471044883,0.0236427,0.0062722,0.0235406,0,NaN,NaN,564,750,5.88040397880938,0.125301218813631,0.949431010602241,NaN,NaN,0
一般,Informed-RRT*,2,20261905,1,212.636320679396,0.0293686,0.0071676,0.0291281,0,NaN,NaN,534,750,5.39423021596018,0.816324106339042,0.957723272915241,NaN,NaN,0
一般,PRM*,2,20261905,1,212.969071341736,0.0932588,0.000615,0.0931577,0,NaN,NaN,752,750,3.85062540091071,0.12755930993475,0.956226891063201,NaN,NaN,0
一般,FMT*,2,20261905,1,216.920986504559,0.0577473,0.0134098,0.0576335,0,NaN,NaN,752,750,4.29535483146753,0.227151933842935,0.938806135188981,NaN,NaN,0
一般,BIT*,2,20261905,0,Inf,0.3554407,NaN,0.3539893,0,NaN,NaN,621,750,NaN,NaN,NaN,NaN,NaN,0
一般,RRT#,2,20261905,1,213.733052941313,0.0323487,0.0087262,0.0321968,0,NaN,NaN,564,750,4.66964110927509,0.119133292683284,0.952808890245174,NaN,NaN,0
一般,APF-only,2,20261905,1,229.358752665851,0.0033664,0.003244,0.0033664,NaN,NaN,NaN,NaN,52,16.5135672987644,0.40276509044968,0.887896147911194,1,5,0
一般,AB-IRRT*,2,20261905,1,210.293085002812,0.0329792,0.0019404,0.0307702,0,0.0019404,0.0309299,520,750,2.84626833403298,0.0241691282183503,0.968394909319069,1,5,0
一般,RRT*,3,20261906,1,219.233299561829,0.032027,0.0096495,0.0319106,0,NaN,NaN,565,750,5.86627661586194,0.0421484855046597,0.928904292316653,NaN,NaN,0
一般,Informed-RRT*,3,20261906,1,220.399763289557,0.0281547,0.007798,0.0279981,0,NaN,NaN,497,750,5.6595211249361,0.0490896173529372,0.923988074860945,NaN,NaN,0
一般,PRM*,3,20261906,1,216.617604191455,0.109947,0.0003914,0.109843,0,NaN,NaN,752,750,2.29528030216376,1,0.940120973740136,NaN,NaN,0
一般,FMT*,3,20261906,1,213.761534766052,0.0444473,0.0231385,0.0443023,0,NaN,NaN,752,750,3.10516975239723,0.051577792587997,0.952681936928474,NaN,NaN,0
一般,BIT*,3,20261906,1,209.666113333237,0.2064711,0.0867295,0.2062994,0,NaN,NaN,488,750,2.14009467632269,0.0517568860560083,0.971290733367367,NaN,NaN,0
一般,RRT#,3,20261906,1,218.713538993857,0.033006,0.0087998,0.032848,0,NaN,NaN,565,750,5.38986585505177,0.0415287675879288,0.931111781733117,NaN,NaN,0
一般,APF-only,3,20261906,1,229.358752665851,0.0020731,0.0019491,0.0020731,NaN,NaN,NaN,NaN,52,16.5135672987644,0.40276509044968,0.887896147911194,1,5,0
一般,AB-IRRT*,3,20261906,1,209.469167509404,0.0261228,0.0019957,0.023887,0,0.0019957,0.0240357,504,750,2.09707158146241,0.0364735027677199,0.972203954420083,1,5,0
一般,RRT*,4,20261907,1,217.287269538209,0.0307525,0.0041313,0.0306443,0,NaN,NaN,563,750,6.65502840397341,0.240918454617016,0.937223581549566,NaN,NaN,0
一般,Informed-RRT*,4,20261907,1,213.450325802258,0.0287135,0.0043836,0.0285635,0,NaN,NaN,523,750,4.71364711699382,0.179089363364565,0.954070940001215,NaN,NaN,0
一般,PRM*,4,20261907,1,212.447721865605,0.098884,0.0022522,0.0987553,0,NaN,NaN,752,750,3.61573600904767,0.109217242481009,0.958573484306665,NaN,NaN,0
一般,FMT*,4,20261907,1,216.156458896318,0.0210819,0.0089841,0.0209475,0,NaN,NaN,752,750,1.35685144625191,0.235799625773934,0.942126615237564,NaN,NaN,0
一般,BIT*,4,20261907,1,211.108966242719,0.2301564,0.0387874,0.2299058,0,NaN,NaN,465,750,1.07389988831247,0.210117545368826,0.964652314897826,NaN,NaN,0
一般,RRT#,4,20261907,1,212.689794520674,0.0307,0.0043131,0.0305163,0,NaN,NaN,563,750,3.76234720060617,0.276251556373546,0.957482484952659,NaN,NaN,0
一般,APF-only,4,20261907,1,229.358752665851,0.0021481,0.002026,0.0021481,NaN,NaN,NaN,NaN,52,16.5135672987644,0.40276509044968,0.887896147911194,1,5,0
一般,AB-IRRT*,4,20261907,1,209.936174784608,0.02599,0.0024767,0.0232697,0,0.0024767,0.0234169,505,750,2.75528014308863,0.186655348556005,0.970041267021582,1,5,0
一般,RRT*,5,20261908,1,213.37448930492,0.0270873,0.0058302,0.0269759,0,NaN,NaN,562,750,4.5848215961794,0.453733669661844,0.95441003113876,NaN,NaN,0
一般,Informed-RRT*,5,20261908,1,213.770025194219,0.0298318,0.0055475,0.0296877,0,NaN,NaN,505,750,4.45099734374135,0.204837910374266,0.952644098707027,NaN,NaN,0
一般,PRM*,5,20261908,1,215.229626668455,0.0972447,0.0007869,0.0971447,0,NaN,NaN,752,750,3.47775542964793,1,0.946183646433712,NaN,NaN,0
一般,FMT*,5,20261908,1,214.686694731312,0.012506,0.0048079,0.0124028,0,NaN,NaN,752,750,1.69313366224783,0.141169893039413,0.948576497656724,NaN,NaN,0
一般,BIT*,5,20261908,1,210.177183186387,0.2053056,0.0204129,0.205172,0,NaN,NaN,482,750,2.64411588654026,0.0401152062337573,0.968928928889154,NaN,NaN,0
一般,RRT#,5,20261908,1,213.918927017224,0.0288604,0.005324,0.0287581,0,NaN,NaN,562,750,6.10262400184153,0.488526487891018,0.951980994955761,NaN,NaN,0
一般,APF-only,5,20261908,1,229.358752665851,0.0011774,0.0011026,0.0011774,NaN,NaN,NaN,NaN,52,16.5135672987644,0.40276509044968,0.887896147911194,1,5,0
一般,AB-IRRT*,5,20261908,1,209.881429354534,0.0283899,0.0030959,0.0249997,0,0.0030959,0.0251741,511,750,2.47615415055511,0.111788999022945,0.970294292391747,1,5,0
一般,RRT*,6,20261909,1,213.070349116262,0.0302676,0.011531,0.0301559,0,NaN,NaN,577,750,4.90778020600393,0.165396855280829,0.955772372018811,NaN,NaN,0
一般,Informed-RRT*,6,20261909,1,211.230296095665,0.0252732,0.0103732,0.0251351,0,NaN,NaN,534,750,4.13847900135085,0.335536028163231,0.964098222394648,NaN,NaN,0
一般,PRM*,6,20261909,1,212.040732737565,0.1040291,0.0013718,0.1039282,0,NaN,NaN,752,750,3.59043129722287,0.0195492239117936,0.960413361869352,NaN,NaN,0
一般,FMT*,6,20261909,1,213.6513381948,0.0315369,0.0237442,0.0314283,0,NaN,NaN,752,750,1.58413777659335,0.139909306640424,0.953173308917203,NaN,NaN,0
一般,BIT*,6,20261909,1,212.425687446119,0.1805419,0.0699748,0.180414,0,NaN,NaN,515,750,1.73937424239911,0.139692842927122,0.958672914891143,NaN,NaN,0
一般,RRT#,6,20261909,1,211.281705843507,0.0294054,0.0123033,0.0292764,0,NaN,NaN,577,750,3.55529982558931,0.204637141600587,0.96386363489778,NaN,NaN,0
一般,APF-only,6,20261909,1,229.358752665851,0.0016874,0.0015418,0.0016874,NaN,NaN,NaN,NaN,52,16.5135672987644,0.40276509044968,0.887896147911194,1,5,0
一般,AB-IRRT*,6,20261909,1,210.419334256397,0.026428,0.0018971,0.0242817,0,0.0018971,0.0244339,531,750,3.58139086059271,0.0360094614085114,0.967813883174731,1,5,0
一般,RRT*,7,20261910,1,218.351085260283,0.0262895,0.0053014,0.0261855,0,NaN,NaN,591,750,5.00182613070848,0.197786225605689,0.932657388622413,NaN,NaN,0
一般,Informed-RRT*,7,20261910,1,219.715797139608,0.0291791,0.005944,0.0289324,0,NaN,NaN,543,750,7.26303653894627,0.650216840436537,0.926864411357403,NaN,NaN,0
一般,PRM*,7,20261910,1,218.063788452081,0.0858069,0.0022012,0.0857013,0,NaN,NaN,752,750,4.18468285709114,1,0.93388615518104,NaN,NaN,0
一般,FMT*,7,20261910,1,219.142755329449,0.0233599,0.0229435,0.0232417,0,NaN,NaN,752,750,3.96119126698742,0.369543996002669,0.929288092027374,NaN,NaN,0
一般,BIT*,7,20261910,1,219.007385456413,0.1088667,0.1086188,0.1086389,0,NaN,NaN,622,750,2.96346973046663,0.36969017495144,0.929862490971821,NaN,NaN,0
一般,RRT#,7,20261910,1,216.686312412776,0.0379381,0.0107953,0.0378194,0,NaN,NaN,591,750,3.88012229309926,0.2753011247913,0.939822874431448,NaN,NaN,0
一般,APF-only,7,20261910,1,229.358752665851,0.0015159,0.0014292,0.0015159,NaN,NaN,NaN,NaN,52,16.5135672987644,0.40276509044968,0.887896147911194,1,5,0
一般,AB-IRRT*,7,20261910,1,211.009309536616,0.0266551,0.0015583,0.024883,0,0.0015583,0.0250152,541,750,4.48577221701403,0.159037756231402,0.965107906513419,1,5,0
一般,RRT*,8,20261911,1,213.156111103486,0.0267234,0.0115863,0.0265551,0,NaN,NaN,572,750,3.86672162053733,0.107166201952396,0.955387823166168,NaN,NaN,0
一般,Informed-RRT*,8,20261911,1,210.626679521041,0.027539,0.0126241,0.0273371,0,NaN,NaN,536,750,2.67192027633836,0.383875071169935,0.966861147148179,NaN,NaN,0
一般,PRM*,8,20261911,1,211.020099354196,0.0825569,0.0004168,0.0824651,0,NaN,NaN,752,750,1.78750338166129,0.402834384019831,0.965058558900143,NaN,NaN,0
一般,FMT*,8,20261911,1,215.651214255891,0.0322834,0.0143633,0.032172,0,NaN,NaN,752,750,1.18042818418728,0.480602594317437,0.944333903634221,NaN,NaN,0
一般,BIT*,8,20261911,1,215.050081863299,0.304133,0.0239628,0.304028,0,NaN,NaN,527,750,1.0238042284722,0.121438724616878,0.946973612924164,NaN,NaN,0
一般,RRT#,8,20261911,1,212.365444521901,0.0227095,0.0097035,0.0225414,0,NaN,NaN,572,750,3.89612654501966,0.00196230199235359,0.958944867137853,NaN,NaN,0
一般,APF-only,8,20261911,1,229.358752665851,0.0017763,0.001681,0.0017763,NaN,NaN,NaN,NaN,52,16.5135672987644,0.40276509044968,0.887896147911194,1,5,0
一般,AB-IRRT*,8,20261911,1,209.931844580855,0.0258738,0.0015729,0.0240764,0,0.0015729,0.0242101,529,750,4.18270767101585,0.278169520158258,0.970061275783681,1,5,0
一般,RRT*,9,20261912,1,212.780792439229,0.022242,0.0082105,0.022148,0,NaN,NaN,570,750,4.46855270201726,0.465362166825618,0.957073007611285,NaN,NaN,0
一般,Informed-RRT*,9,20261912,1,214.64839129533,0.0297239,0.0111494,0.029581,0,NaN,NaN,539,750,5.35034448876026,0.658203414600587,0.948745768616232,NaN,NaN,0
一般,PRM*,9,20261912,1,211.667969872568,0.0956484,0.0019993,0.0955332,0,NaN,NaN,752,750,3.06534201764613,1,0.962104720446502,NaN,NaN,0
一般,FMT*,9,20261912,1,214.116008310155,0.0195922,0.0087442,0.0194833,0,NaN,NaN,752,750,1.82390374664041,0.472737614749548,0.951104751993769,NaN,NaN,0
一般,BIT*,9,20261912,1,209.661216070186,0.1746995,0.0298749,0.1744533,0,NaN,NaN,397,750,1.14306481312851,0.14069347442897,0.971313420759484,NaN,NaN,0
一般,RRT#,9,20261912,1,214.007230046859,0.0243899,0.0080076,0.0242717,0,NaN,NaN,570,750,4.59240209862827,0.475859441461082,0.95158819137622,NaN,NaN,0
一般,APF-only,9,20261912,1,229.358752665851,0.0015996,0.0015086,0.0015996,NaN,NaN,NaN,NaN,52,16.5135672987644,0.40276509044968,0.887896147911194,1,5,0
一般,AB-IRRT*,9,20261912,1,210.809351610252,0.025098,0.0012182,0.0235808,0,0.0012182,0.0237316,539,750,3.8816385630806,0.847217124859467,0.966023335426937,1,5,0
一般,RRT*,10,20261913,1,212.350646931158,0.0239611,0.003844,0.0238051,0,NaN,NaN,540,750,3.30775255757381,0.00926802166615026,0.959011690921509,NaN,NaN,0
一般,Informed-RRT*,10,20261913,1,212.519421789012,0.0298217,0.0046184,0.0296239,0,NaN,NaN,510,750,4.27889070025916,0.0689400751483973,0.958250080239278,NaN,NaN,0
一般,PRM*,10,20261913,1,212.450306882315,0.0871416,0.00114,0.0870275,0,NaN,NaN,752,750,3.71905292384137,0.103644742846626,0.958561820739256,NaN,NaN,0
一般,FMT*,10,20261913,1,217.675079503295,0.0349549,0.0127755,0.0348358,0,NaN,NaN,752,750,2.98636566295164,0.117184313387531,0.935553823829627,NaN,NaN,0
一般,BIT*,10,20261913,1,212.076672499081,0.2097689,0.0266397,0.2096384,0,NaN,NaN,484,750,2.46948077854521,0.154806437728499,0.96025060456665,NaN,NaN,0
一般,RRT#,10,20261913,1,212.581278803345,0.0259164,0.0043298,0.0258183,0,NaN,NaN,540,750,3.39379550039953,0.00986540572083605,0.957971248117836,NaN,NaN,0
一般,APF-only,10,20261913,1,229.358752665851,0.0013293,0.0012519,0.0013293,NaN,NaN,NaN,NaN,52,16.5135672987644,0.40276509044968,0.887896147911194,1,5,0
一般,AB-IRRT*,10,20261913,1,210.03514595319,0.0266986,0.0023469,0.024114,0,0.0023469,0.0242526,518,750,2.18307391868307,0.406487425418153,0.969584171532473,1,5,0
一般,RRT*,11,20261914,1,221.128795559059,0.0273575,0.0101142,0.0272517,0,NaN,NaN,567,750,6.79224425620983,0.0305112082564367,0.920941808898587,NaN,NaN,0
一般,Informed-RRT*,11,20261914,1,220.070990347202,0.0296524,0.0108999,0.0294865,0,NaN,NaN,540,750,4.20189570925062,0.0955360193658557,0.925368457970928,NaN,NaN,0
一般,PRM*,11,20261914,1,211.666457630687,0.0973628,0.0013098,0.0972629,0,NaN,NaN,752,750,1.87132516552813,0.268226481943984,0.9621115941622,NaN,NaN,0
一般,FMT*,11,20261914,1,215.679156060029,0.0187823,0.00929,0.0186771,0,NaN,NaN,752,750,1.55289855309562,0.240486466641489,0.944211562683624,NaN,NaN,0
一般,BIT*,11,20261914,1,212.84198444723,0.2427055,0.0222099,0.2424488,0,NaN,NaN,502,750,2.50963301657619,0.15242358472438,0.95679784940276,NaN,NaN,0
一般,RRT#,11,20261914,1,221.156070185227,0.026384,0.0120887,0.0262672,0,NaN,NaN,567,750,6.8544538752156,0.0303475494436256,0.920828231443808,NaN,NaN,0
一般,APF-only,11,20261914,1,229.358752665851,0.0036561,0.0033929,0.0036561,NaN,NaN,NaN,NaN,52,16.5135672987644,0.40276509044968,0.887896147911194,1,5,0
一般,AB-IRRT*,11,20261914,1,210.757733822382,0.0196225,0.0017869,0.0176297,0,0.0017869,0.0177515,544,750,4.03054653465762,0.402694916247437,0.966259929295647,1,5,0
一般,RRT*,12,20261915,1,213.185579410456,0.0217793,0.0077294,0.0216979,0,NaN,NaN,555,750,4.07933809285619,0.305830090453021,0.955255761411681,NaN,NaN,0
一般,Informed-RRT*,12,20261915,1,212.099453972974,0.0256125,0.0050586,0.0254965,0,NaN,NaN,517,750,4.6152775321052,0.155840968211967,0.960147464630789,NaN,NaN,0
一般,PRM*,12,20261915,1,214.333952277366,0.0997836,0.0004754,0.0996828,0,NaN,NaN,752,750,3.82963127176034,1,0.950137627836908,NaN,NaN,0
一般,FMT*,12,20261915,1,229.073726452961,0.0237098,0.007163,0.0235942,0,NaN,NaN,752,750,2.68890508743755,0.426809594393092,0.889000917455906,NaN,NaN,0
一般,BIT*,12,20261915,1,210.45139094168,0.1609821,0.0309645,0.1608548,0,NaN,NaN,424,750,3.77206545925916,0.297417334859865,0.967666462409651,NaN,NaN,0
一般,RRT#,12,20261915,1,212.946197357046,0.0257506,0.0071412,0.0256362,0,NaN,NaN,555,750,4.0888697967072,0.283821103668011,0.956329605831243,NaN,NaN,0
一般,APF-only,12,20261915,1,229.358752665851,0.0018232,0.0017264,0.0018232,NaN,NaN,NaN,NaN,52,16.5135672987644,0.40276509044968,0.887896147911194,1,5,0
一般,AB-IRRT*,12,20261915,1,210.688979647516,0.0258007,0.0017208,0.0238574,0,0.0017208,0.0239921,533,750,2.87045176143424,0.347002638588121,0.966575249082452,1,5,0
一般,RRT*,13,20261916,1,213.842359070231,0.024771,0.0089207,0.0246992,0,NaN,NaN,541,750,4.49154340006138,0.10933882318486,0.952321859275989,NaN,NaN,0
一般,Informed-RRT*,13,20261916,1,216.312964968863,0.0258521,0.0064688,0.0257293,0,NaN,NaN,517,750,6.25873698984782,0.162863890309104,0.941444970767423,NaN,NaN,0
一般,PRM*,13,20261916,1,213.264395511522,0.0928265,0.0136881,0.0923372,0,NaN,NaN,752,750,2.95024807311645,0.537561350597777,0.954902727636612,NaN,NaN,0
一般,FMT*,13,20261916,1,221.281420222694,0.0408711,0.0157036,0.0407564,0,NaN,NaN,752,750,3.83871401846704,0.155641110156587,0.920306606748904,NaN,NaN,0
一般,BIT*,13,20261916,1,214.465654706491,0.2683706,0.0479504,0.2682014,0,NaN,NaN,460,750,1.09431368482364,0.444358235143682,0.949554152437265,NaN,NaN,0
一般,RRT#,13,20261916,1,216.274040298114,0.031664,0.0120795,0.0315513,0,NaN,NaN,541,750,5.8095777027997,0.106012777054094,0.94161441059231,NaN,NaN,0
一般,APF-only,13,20261916,1,229.358752665851,0.0023521,0.0022255,0.0023521,NaN,NaN,NaN,NaN,52,16.5135672987644,0.40276509044968,0.887896147911194,1,5,0
一般,AB-IRRT*,13,20261916,1,210.799690082497,0.0273271,0.0017735,0.0253184,0,0.0017735,0.0254609,532,750,2.01130177376824,0.0359540764348303,0.966067610924986,1,5,0
一般,RRT*,14,20261917,1,230.890101292753,0.0220085,0.0067646,0.0219339,0,NaN,NaN,552,750,5.90911878743381,0.216825763143781,0.882007291960582,NaN,NaN,0
一般,Informed-RRT*,14,20261917,1,223.370220723782,0.0225604,0.0068081,0.0224415,0,NaN,NaN,512,750,6.28348384946067,0.387556902211621,0.911700549526489,NaN,NaN,0
一般,PRM*,14,20261917,1,211.424999327867,0.091314,0.0006342,0.0912061,0,NaN,NaN,752,750,1.43987750073022,0.347482146573585,0.963210375448181,NaN,NaN,0
一般,FMT*,14,20261917,1,221.376155619694,0.0145916,0.0079412,0.0144758,0,NaN,NaN,752,750,3.38911755188646,0.167860168861498,0.919912772049279,NaN,NaN,0
一般,BIT*,14,20261917,1,212.760714965976,0.2333143,0.0673718,0.2332026,0,NaN,NaN,556,750,2.42676692890116,0.0940278136275303,0.957163323192877,NaN,NaN,0
一般,RRT#,14,20261917,1,230.235224342341,0.0311681,0.0098216,0.0310488,0,NaN,NaN,552,750,5.51281406290518,0.40203078593523,0.884516057712002,NaN,NaN,0
一般,APF-only,14,20261917,1,229.358752665851,0.0013772,0.0012812,0.0013772,NaN,NaN,NaN,NaN,52,16.5135672987644,0.40276509044968,0.887896147911194,1,5,0
一般,AB-IRRT*,14,20261917,1,209.608794812478,0.0261392,0.0014841,0.0244326,0,0.0014841,0.0245723,559,750,3.77567752987898,0.226145947078386,0.971556337432853,1,5,0
一般,RRT*,15,20261918,1,219.241890427528,0.0289973,0.0091061,0.0289158,0,NaN,NaN,590,750,5.18614060838482,0.0832141213376758,0.928867893743339,NaN,NaN,0
一般,Informed-RRT*,15,20261918,1,210.651005678381,0.0297344,0.0080963,0.0296147,0,NaN,NaN,572,750,3.91522613569007,0.460720969463065,0.966749493200381,NaN,NaN,0
一般,PRM*,15,20261918,1,210.87291156998,0.1006861,0.000848,0.1006014,0,NaN,NaN,752,750,2.09624409914283,0.334709003907594,0.965732162872629,NaN,NaN,0
一般,FMT*,15,20261918,1,220.352987848601,0.0314743,0.0217847,0.0313682,0,NaN,NaN,752,750,2.03927667704738,0.28885489852602,0.924184214473398,NaN,NaN,0
一般,BIT*,15,20261918,1,217.840357622801,0.1196796,0.0284808,0.1195346,0,NaN,NaN,381,750,4.03031158902988,0.106429220298136,0.934844007804778,NaN,NaN,0
一般,RRT#,15,20261918,1,222.525406805721,0.03635,0.0083972,0.0362143,0,NaN,NaN,590,750,5.45718789952057,0.1003339211343,0.915161805139503,NaN,NaN,0
一般,APF-only,15,20261918,1,229.358752665851,0.0015757,0.0014857,0.0015757,NaN,NaN,NaN,NaN,52,16.5135672987644,0.40276509044968,0.887896147911194,1,5,0
一般,AB-IRRT*,15,20261918,1,210.826867537785,0.0248612,0.0018644,0.0227791,0,0.0018644,0.0229111,531,750,3.20519303760314,0.0358454502570407,0.965943076231627,1,5,0
一般,RRT*,16,20261919,1,210.160674446209,0.0232055,0.011877,0.0231105,0,NaN,NaN,518,750,2.85817030783633,0.0841859093008761,0.969005041111292,NaN,NaN,0
一般,Informed-RRT*,16,20261919,1,213.527513183357,0.0239808,0.0115475,0.0238382,0,NaN,NaN,505,750,4.53122537314606,0.0851403697721498,0.953726055933847,NaN,NaN,0
一般,PRM*,16,20261919,1,211.549361368893,0.0974749,0.0132635,0.0973715,0,NaN,NaN,752,750,2.71151398968005,0.879435511430719,0.962644139712682,NaN,NaN,0
一般,FMT*,16,20261919,1,212.238877512866,0.0199161,0.0102571,0.0198178,0,NaN,NaN,752,750,1.71526856512325,0.294444355368917,0.959516726474304,NaN,NaN,0
一般,BIT*,16,20261919,1,209.689390306584,0.2683928,0.0289252,0.268253,0,NaN,NaN,467,750,1.49307697046122,0.0653088204501413,0.971182913374763,NaN,NaN,0
一般,RRT#,16,20261919,1,209.148585106028,0.0215731,0.00927,0.0214492,0,NaN,NaN,518,750,1.95574351959421,0.0842029355708789,0.973694146094684,NaN,NaN,0
一般,APF-only,16,20261919,1,229.358752665851,0.0016923,0.0015829,0.0016923,NaN,NaN,NaN,NaN,52,16.5135672987644,0.40276509044968,0.887896147911194,1,5,0
一般,AB-IRRT*,16,20261919,1,209.429322012783,0.0199355,0.0012549,0.0185086,0,0.0012549,0.0186082,531,750,2.81758717144927,0.0624861209091598,0.972388923501817,1,5,0
一般,RRT*,17,20261920,1,220.790262986529,0.0251115,0.0093145,0.0250114,0,NaN,NaN,512,750,5.4166159520249,0.1850291714604,0.9223538675442,NaN,NaN,0
一般,Informed-RRT*,17,20261920,1,220.648086248504,0.025373,0.0117957,0.0252355,0,NaN,NaN,488,750,4.12621735147992,0.310731924269298,0.922948195219646,NaN,NaN,0
一般,PRM*,17,20261920,1,211.37442737726,0.0950173,0.00705,0.09493,0,NaN,NaN,752,750,1.4984041810767,0.0493269242625249,0.963440826350567,NaN,NaN,0
一般,FMT*,17,20261920,1,217.195636288239,0.0286112,0.0065712,0.0284995,0,NaN,NaN,752,750,3.2890561816343,0.260051423021594,0.93761898932199,NaN,NaN,0
一般,BIT*,17,20261920,1,210.65299888907,0.2914706,0.0326172,0.2913344,0,NaN,NaN,473,750,1.33363928871664,0.0889500191920263,0.966740345761546,NaN,NaN,0
一般,RRT#,17,20261920,1,219.300395096455,0.0262257,0.0113635,0.0261026,0,NaN,NaN,512,750,4.69469566137618,0.186854520280763,0.928620091596986,NaN,NaN,0
一般,APF-only,17,20261920,1,229.358752665851,0.0015435,0.001448,0.0015435,NaN,NaN,NaN,NaN,52,16.5135672987644,0.40276509044968,0.887896147911194,1,5,0
一般,AB-IRRT*,17,20261920,1,210.039360167001,0.0244302,0.0012616,0.0229673,0,0.0012616,0.0230957,506,750,2.83891047648601,0.221570787630073,0.969564717869107,1,5,0
一般,RRT*,18,20261921,1,224.352975773243,0.018942,0.0057806,0.0188593,0,NaN,NaN,540,750,5.76688384847097,0.5649474910631,0.907706939388023,NaN,NaN,0
一般,Informed-RRT*,18,20261921,1,218.68049819395,0.0187716,0.0062345,0.0186618,0,NaN,NaN,483,750,5.52803914589842,0.10773355013705,0.931252464959673,NaN,NaN,0
一般,PRM*,18,20261921,1,212.709172143678,0.0903604,0.0034469,0.0902493,0,NaN,NaN,752,750,4.27114629008197,0.174687364645347,0.957395259120133,NaN,NaN,0
一般,FMT*,18,20261921,1,216.364265366975,0.0353663,0.0145041,0.0352643,0,NaN,NaN,752,750,3.51747033068435,0.224316953303724,0.941221752290383,NaN,NaN,0
一般,BIT*,18,20261921,1,209.234146173721,0.2858922,0.0327964,0.285778,0,NaN,NaN,466,750,1.07288166056964,0.183192886051328,0.973295978241734,NaN,NaN,0
一般,RRT#,18,20261921,1,218.98216307641,0.0286555,0.0087808,0.0285473,0,NaN,NaN,540,750,4.94856220618111,0.161113907490924,0.929969592594931,NaN,NaN,0
一般,APF-only,18,20261921,1,229.358752665851,0.0015022,0.0014127,0.0015022,NaN,NaN,NaN,NaN,52,16.5135672987644,0.40276509044968,0.887896147911194,1,5,0
一般,AB-IRRT*,18,20261921,1,209.759881898461,0.0252811,0.0015641,0.0234911,0,0.0015641,0.0236324,507,750,2.95265571440478,0.0357096477472005,0.97085653909886,1,5,0
一般,RRT*,19,20261922,1,222.555358377648,0.0204577,0.0094719,0.0203828,0,NaN,NaN,522,750,5.86303816620208,0.12863999036011,0.915038642368536,NaN,NaN,0
一般,Informed-RRT*,19,20261922,1,216.487547984777,0.0249407,0.0067552,0.024838,0,NaN,NaN,479,750,6.56114684823,0.00585974551409052,0.940685757113597,NaN,NaN,0
一般,PRM*,19,20261922,1,213.013891913308,0.0882265,0.0022727,0.0881386,0,NaN,NaN,752,750,3.33471018249979,0.133158410902084,0.956025689932964,NaN,NaN,0
一般,FMT*,19,20261922,1,217.69581294489,0.0287999,0.007989,0.0286713,0,NaN,NaN,752,750,3.44498363129874,0.0473908825928309,0.935464721286483,NaN,NaN,0
一般,BIT*,19,20261922,1,210.921999140214,0.225717,0.0292451,0.2255841,0,NaN,NaN,472,750,1.26873406860855,0.134407324984609,0.965507409430289,NaN,NaN,0
一般,RRT#,19,20261922,1,222.21064549621,0.0302659,0.0102133,0.0301453,0,NaN,NaN,522,750,6.1425135759702,0.120796750274582,0.916458131548871,NaN,NaN,0
一般,APF-only,19,20261922,1,229.358752665851,0.0015547,0.0014639,0.0015547,NaN,NaN,NaN,NaN,52,16.5135672987644,0.40276509044968,0.887896147911194,1,5,0
一般,AB-IRRT*,19,20261922,1,210.47085100958,0.0241026,0.0017653,0.0221233,0,0.0017653,0.0222518,508,750,3.80632371235564,0.542701334917648,0.967576992276504,1,5,0
一般,RRT*,20,20261923,1,211.032297048127,0.0359755,0.0034033,0.0358681,0,NaN,NaN,544,750,3.73338163414925,0.063853270679509,0.965002778391229,NaN,NaN,0
一般,Informed-RRT*,20,20261923,1,212.152729772021,0.0286739,0.00452,0.0285232,0,NaN,NaN,485,750,3.71561751975834,0.150797976943887,0.95990635237437,NaN,NaN,0
一般,PRM*,20,20261923,1,211.0401151774,0.0999264,0.0012484,0.0998362,0,NaN,NaN,752,750,1.5414209402909,1,0.964967029185616,NaN,NaN,0
一般,FMT*,20,20261923,1,215.134367393329,0.0502368,0.0299924,0.0500733,0,NaN,NaN,752,750,1.279718858257,0.225783948852127,0.946602606776439,NaN,NaN,0
一般,BIT*,20,20261923,1,209.549641721003,0.1992336,0.030439,0.1991087,0,NaN,NaN,385,750,1.61524614420708,0.286196896778474,0.97183059493303,NaN,NaN,0
一般,RRT#,20,20261923,1,211.247677609046,0.0279368,0.0040271,0.0278328,0,NaN,NaN,544,750,3.96564544504979,0.0869923832764812,0.964018896144329,NaN,NaN,0
一般,APF-only,20,20261923,1,229.358752665851,0.0017426,0.0016471,0.0017426,NaN,NaN,NaN,NaN,52,16.5135672987644,0.40276509044968,0.887896147911194,1,5,0
一般,AB-IRRT*,20,20261923,1,209.615945446506,0.0208849,0.0015206,0.0191203,0,0.0015206,0.0192329,516,750,2.77388390569932,0.313391456624228,0.971523194707039,1,5,0
一般,RRT*,21,20261924,1,210.290474820621,0.0261106,0.0083535,0.0260116,0,NaN,NaN,577,750,2.657710786953,0.17313400825137,0.96840692929833,NaN,NaN,0
一般,Informed-RRT*,21,20261924,1,210.167606072973,0.0239703,0.00756,0.0237411,0,NaN,NaN,528,750,2.22203976242288,0.838936874669491,0.968973081945923,NaN,NaN,0
一般,PRM*,21,20261924,1,212.927948227672,0.0961742,0.0004591,0.0960646,0,NaN,NaN,752,750,2.84397039437905,1,0.956411568686969,NaN,NaN,0
一般,FMT*,21,20261924,1,218.448219543329,0.0243689,0.0057999,0.0242489,0,NaN,NaN,752,750,1.69806697762179,0.38165373925457,0.93224267704014,NaN,NaN,0
一般,BIT*,21,20261924,1,210.644203832803,0.1808623,0.0302703,0.1807349,0,NaN,NaN,449,750,1.63933138816002,0.187884589978639,0.96678071020349,NaN,NaN,0
一般,RRT#,21,20261924,1,210.698083258795,0.0319696,0.0087844,0.0318505,0,NaN,NaN,577,750,3.02957908931809,0.173978428719083,0.966533486361106,NaN,NaN,0
一般,APF-only,21,20261924,1,229.358752665851,0.0015068,0.0014194,0.0015068,NaN,NaN,NaN,NaN,52,16.5135672987644,0.40276509044968,0.887896147911194,1,5,0
一般,AB-IRRT*,21,20261924,1,210.547005175582,0.0203408,0.0013305,0.0188414,0,0.0013305,0.0189385,540,750,3.39127534712721,0.255751254246611,0.967227022829881,1,5,0
一般,RRT*,22,20261925,1,210.775620092959,0.0277483,0.0104572,0.027652,0,NaN,NaN,530,750,3.12217597893665,1,0.966177933159021,NaN,NaN,0
一般,Informed-RRT*,22,20261925,1,210.635428798301,0.0239908,0.0076648,0.0238668,0,NaN,NaN,506,750,2.72100269346537,0.490246069840236,0.966820986115934,NaN,NaN,0
一般,PRM*,22,20261925,1,213.15659984755,0.0973853,0.0005012,0.0972601,0,NaN,NaN,752,750,1.7194993935559,0.753205805651834,0.955385632569549,NaN,NaN,0
一般,FMT*,22,20261925,1,223.281445208413,0.0193517,0.0164527,0.0192484,0,NaN,NaN,752,750,4.05416294815894,0.345080576076001,0.912063036817232,NaN,NaN,0
一般,BIT*,22,20261925,1,212.246328381731,0.1538508,0.0620215,0.1537275,0,NaN,NaN,477,750,2.36165486694628,0.227624325858415,0.959483042813636,NaN,NaN,0
一般,RRT#,22,20261925,1,210.98185538477,0.0259835,0.008444,0.0258625,0,NaN,NaN,530,750,3.33008689336721,1,0.965233491810622,NaN,NaN,0
一般,APF-only,22,20261925,1,229.358752665851,0.0017127,0.0016149,0.0017127,NaN,NaN,NaN,NaN,52,16.5135672987644,0.40276509044968,0.887896147911194,1,5,0
一般,AB-IRRT*,22,20261925,1,210.597374918842,0.0246035,0.0018239,0.0225516,0,0.0018239,0.0226871,531,750,3.44624150531014,0.184176709622417,0.966995685773411,1,5,0
一般,RRT*,23,20261926,1,214.658326716015,0.0288916,0.0063207,0.0287874,0,NaN,NaN,571,750,6.1896094284181,0.194126381229605,0.948701856094979,NaN,NaN,0
一般,Informed-RRT*,23,20261926,1,213.731857662452,0.0202435,0.0057719,0.0201287,0,NaN,NaN,523,750,3.95438686731043,0.306192453712271,0.9528142187551,NaN,NaN,0
一般,PRM*,23,20261926,1,216.666878777128,0.096126,0.0018067,0.0960371,0,NaN,NaN,752,750,3.09829030192818,1,0.939907170542687,NaN,NaN,0
一般,FMT*,23,20261926,1,215.123429578885,0.0246809,0.0201206,0.0245636,0,NaN,NaN,752,750,3.57562860274965,0.103294876698349,0.946650736186079,NaN,NaN,0
一般,BIT*,23,20261926,1,211.622635211172,0.1277558,0.0928783,0.1275153,0,NaN,NaN,572,750,1.67840000132639,0.103309751659172,0.962310826431739,NaN,NaN,0
一般,RRT#,23,20261926,1,212.689907927248,0.0321672,0.0091133,0.0320425,0,NaN,NaN,571,750,3.67918525752985,0.19308653457426,0.957481974421583,NaN,NaN,0
一般,APF-only,23,20261926,1,229.358752665851,0.0016655,0.0015665,0.0016655,NaN,NaN,NaN,NaN,52,16.5135672987644,0.40276509044968,0.887896147911194,1,5,0
一般,AB-IRRT*,23,20261926,1,210.079339175593,0.0219011,0.0017718,0.0199152,0,0.0017718,0.0200444,527,750,3.11742891263352,0.276496956088721,0.969380205501832,1,5,0
一般,RRT*,24,20261927,1,244.812074071511,0.0259696,0.0143016,0.0258544,0,NaN,NaN,560,750,8.3746474780943,0.00373084711755212,0.831849302180413,NaN,NaN,0
一般,Informed-RRT*,24,20261927,1,245.613315820402,0.0220988,0.0135186,0.0219548,0,NaN,NaN,507,750,5.66559702641983,0.217164828806858,0.829135636646985,NaN,NaN,0
一般,PRM*,24,20261927,1,216.021436403214,0.1010029,0.0006673,0.1009008,0,NaN,NaN,752,750,3.26577779879784,0.418099562665583,0.942715484039323,NaN,NaN,0
一般,FMT*,24,20261927,1,211.653019668565,0.0206266,0.011245,0.0205014,0,NaN,NaN,752,750,1.27735004401547,0.108138644125141,0.962172679135992,NaN,NaN,0
一般,BIT*,24,20261927,1,210.88905262209,0.1346786,0.0414148,0.1345438,0,NaN,NaN,348,750,0.929069724521945,0.107881929026863,0.9656582475462,NaN,NaN,0
一般,RRT#,24,20261927,1,241.830908461072,0.0295293,0.0162348,0.0294029,0,NaN,NaN,560,750,7.78561575215459,0.167450926790636,0.842103907551203,NaN,NaN,0
一般,APF-only,24,20261927,1,229.358752665851,0.0018771,0.0017813,0.0018771,NaN,NaN,NaN,NaN,52,16.5135672987644,0.40276509044968,0.887896147911194,1,5,0
一般,AB-IRRT*,24,20261927,1,209.877882740664,0.0259192,0.0016054,0.0241232,0,0.0016054,0.0242352,526,750,2.79499546547562,0.410921998250929,0.970310688875026,1,5,0
一般,RRT*,25,20261928,1,218.229819749593,0.0275028,0.0082687,0.0274146,0,NaN,NaN,582,750,5.39853731160969,0.320875306084426,0.933175645818703,NaN,NaN,0
一般,Informed-RRT*,25,20261928,1,218.530474922008,0.0262079,0.005918,0.0260637,0,NaN,NaN,526,750,6.1023338645623,0.15912690715532,0.931891778729744,NaN,NaN,0
一般,PRM*,25,20261928,1,212.262640505062,0.0985439,0.0026373,0.0984314,0,NaN,NaN,752,750,2.53958007331804,0.580129184347769,0.959409307719741,NaN,NaN,0
一般,FMT*,25,20261928,1,215.401979010355,0.0312986,0.0085932,0.0309216,0,NaN,NaN,752,750,2.4803788773907,0.299506447702809,0.945426564404663,NaN,NaN,0
一般,BIT*,25,20261928,1,210.844130305312,0.2716053,0.03369,0.2713426,0,NaN,NaN,475,750,1.56286588774085,0.0365633759092425,0.965863990080423,NaN,NaN,0
一般,RRT#,25,20261928,1,218.653972770128,0.0265667,0.0054272,0.0264472,0,NaN,NaN,582,750,5.98898969613744,0.320859604884198,0.931365437369943,NaN,NaN,0
一般,APF-only,25,20261928,1,229.358752665851,0.0015651,0.0014714,0.0015651,NaN,NaN,NaN,NaN,52,16.5135672987644,0.40276509044968,0.887896147911194,1,5,0
一般,AB-IRRT*,25,20261928,1,210.516958466352,0.0285136,0.0023561,0.0258774,0,0.0023561,0.0260432,528,750,4.44892762942746,0.40871011503161,0.967365073414146,1,5,0
一般,RRT*,26,20261929,1,215.626817904016,0.0245146,0.0082753,0.0244079,0,NaN,NaN,553,750,3.58048860822627,0.398136766489896,0.944440747033503,NaN,NaN,0
一般,Informed-RRT*,26,20261929,1,211.093578979847,0.0254246,0.0089354,0.0252656,0,NaN,NaN,498,750,3.92785041919737,0.838674720947922,0.964722631384101,NaN,NaN,0
一般,PRM*,26,20261929,1,216.127874197645,0.0987541,0.0031333,0.0986354,0,NaN,NaN,752,750,5.14914936470306,0.157408895335969,0.942251219273522,NaN,NaN,0
一般,FMT*,26,20261929,1,213.530939706571,0.0186417,0.0094099,0.0185344,0,NaN,NaN,752,750,0.931697684058994,0.357550586769504,0.953710751526557,NaN,NaN,0
一般,BIT*,26,20261929,1,210.69651995745,0.1890223,0.0299934,0.188896,0,NaN,NaN,429,750,1.51345129532211,0.238776925670583,0.966540657732987,NaN,NaN,0
一般,RRT#,26,20261929,1,214.468778354794,0.0215829,0.0084714,0.0214344,0,NaN,NaN,553,750,3.85099726638614,0.424261737230281,0.94954032257709,NaN,NaN,0
一般,APF-only,26,20261929,1,229.358752665851,0.0020295,0.0019064,0.0020295,NaN,NaN,NaN,NaN,52,16.5135672987644,0.40276509044968,0.887896147911194,1,5,0
一般,AB-IRRT*,26,20261929,1,210.783513451198,0.0215671,0.0015582,0.0193363,0,0.0015582,0.0194785,512,750,3.36613718400518,0.0373108613119317,0.966141752015512,1,5,0
一般,RRT*,27,20261930,1,221.008257436259,0.0280502,0.0080031,0.0279407,0,NaN,NaN,584,750,8.68456261908212,0.30092668473121,0.921444091474543,NaN,NaN,0
一般,Informed-RRT*,27,20261930,1,221.787700797909,0.0259224,0.0064199,0.0257869,0,NaN,NaN,531,750,5.96795906404415,0.126636991907468,0.918205798829608,NaN,NaN,0
一般,PRM*,27,20261930,1,211.877578932185,0.0983606,0.0008317,0.0982488,0,NaN,NaN,752,750,0.957380005118105,0.0723588718967658,0.961152916736444,NaN,NaN,0
一般,FMT*,27,20261930,1,216.632490304189,0.0278628,0.0198223,0.0277541,0,NaN,NaN,752,750,3.88027954753134,0.0682099712665654,0.940056372411038,NaN,NaN,0
一般,BIT*,27,20261930,1,211.079360813651,0.1405192,0.0259979,0.1403829,0,NaN,NaN,450,750,1.92377216259162,0.072152167326978,0.964787614462755,NaN,NaN,0
一般,RRT#,27,20261930,1,218.115962942311,0.0285638,0.0076072,0.0284404,0,NaN,NaN,584,750,6.71932895768603,0.156982432999932,0.933662764680765,NaN,NaN,0
一般,APF-only,27,20261930,1,229.358752665851,0.0017509,0.0016451,0.0017509,NaN,NaN,NaN,NaN,52,16.5135672987644,0.40276509044968,0.887896147911194,1,5,0
一般,AB-IRRT*,27,20261930,1,209.505953753651,0.0278133,0.0014836,0.0261022,0,0.0014836,0.0262444,532,750,1.87291221883159,0.402925804250563,0.972033249332785,1,5,0
一般,RRT*,28,20261931,1,223.199192972764,0.0267338,0.0125171,0.0266332,0,NaN,NaN,531,750,7.53006844907816,0.217409306075688,0.912399145666159,NaN,NaN,0
一般,Informed-RRT*,28,20261931,1,221.472390993574,0.0263099,0.0113434,0.0261712,0,NaN,NaN,517,750,7.40168348087102,0.208411656330739,0.919513046606495,NaN,NaN,0
一般,PRM*,28,20261931,1,209.828978071896,0.1028836,0.0014995,0.1027738,0,NaN,NaN,752,750,1.72038441612379,0.183113102272539,0.970536838395828,NaN,NaN,0
一般,FMT*,28,20261931,1,214.143729840534,0.0243351,0.0059402,0.0242098,0,NaN,NaN,752,750,2.47763021523604,0.158447716029775,0.95098162870972,NaN,NaN,0
一般,BIT*,28,20261931,1,210.178110846084,0.1917019,0.0265562,0.1915767,0,NaN,NaN,445,750,1.40232064876868,0.46925504838425,0.968924652343357,NaN,NaN,0
一般,RRT#,28,20261931,1,220.683022708525,0.0293634,0.014815,0.0292504,0,NaN,NaN,531,750,7.64548551850038,0.133404626602534,0.92280208274426,NaN,NaN,0
一般,APF-only,28,20261931,1,229.358752665851,0.0014937,0.0014014,0.0014937,NaN,NaN,NaN,NaN,52,16.5135672987644,0.40276509044968,0.887896147911194,1,5,0
一般,AB-IRRT*,28,20261931,1,210.72481175482,0.0241161,0.0019031,0.0219445,0,0.0019031,0.022088,526,750,3.21808471010365,1,0.966410890515683,1,5,0
一般,RRT*,29,20261932,1,213.273149992937,0.027311,0.0074176,0.0271875,0,NaN,NaN,574,750,3.60270633364521,1,0.954863530587277,NaN,NaN,0
一般,Informed-RRT*,29,20261932,1,213.069366969961,0.0305987,0.0087273,0.0304338,0,NaN,NaN,542,750,5.77487065642432,0.829200293206478,0.955776777665256,NaN,NaN,0
一般,PRM*,29,20261932,1,223.817764406305,0.0987641,0.0067451,0.0986643,0,NaN,NaN,752,750,2.23722859544425,0.404402528840214,0.909877522554633,NaN,NaN,0
一般,FMT*,29,20261932,1,217.019502609368,0.0284936,0.0170267,0.0284006,0,NaN,NaN,752,750,2.90923905210629,0.0738462661876778,0.938379963704399,NaN,NaN,0
一般,BIT*,29,20261932,0,Inf,0.2727146,NaN,0.2724546,0,NaN,NaN,621,750,NaN,NaN,NaN,NaN,NaN,0
一般,RRT#,29,20261932,1,211.969401731572,0.0394089,0.0092275,0.0392797,0,NaN,NaN,574,750,3.79959996471791,0.429087982375314,0.960736555928078,NaN,NaN,0
一般,APF-only,29,20261932,1,229.358752665851,0.001592,0.0014863,0.001592,NaN,NaN,NaN,NaN,52,16.5135672987644,0.40276509044968,0.887896147911194,1,5,0
一般,AB-IRRT*,29,20261932,1,209.622097431225,0.0284396,0.0015336,0.0266821,0,0.0015336,0.0268201,547,750,2.1421142552581,0.130459130603288,0.971494682465621,1,5,0
一般,RRT*,30,20261933,1,220.73114573261,0.0286814,0.0139563,0.0285587,0,NaN,NaN,562,750,10.5366709631654,0.0521961942439297,0.922600896696383,NaN,NaN,0
一般,Informed-RRT*,30,20261933,1,221.225441856396,0.0271118,0.0134991,0.0269472,0,NaN,NaN,523,750,6.61562495736663,0.192000749155142,0.920539478971494,NaN,NaN,0
一般,PRM*,30,20261933,1,209.726719907185,0.1019746,0.0049579,0.1018643,0,NaN,NaN,752,750,2.06613728179405,0.0830056332059144,0.971010050945583,NaN,NaN,0
一般,FMT*,30,20261933,1,215.245181049135,0.0300282,0.0276532,0.0298896,0,NaN,NaN,752,750,1.62373952634558,0.413672248334782,0.946115271845451,NaN,NaN,0
一般,BIT*,30,20261933,1,215.068181034343,0.0930317,0.0866521,0.0929094,0,NaN,NaN,495,750,1.69121937728561,0.14548510034315,0.946893919883045,NaN,NaN,0
一般,RRT#,30,20261933,1,216.908911020001,0.0303404,0.015222,0.0302178,0,NaN,NaN,562,750,6.27742183724362,0.121260772341241,0.938858399242749,NaN,NaN,0
一般,APF-only,30,20261933,1,229.358752665851,0.0015393,0.0014258,0.0015393,NaN,NaN,NaN,NaN,52,16.5135672987644,0.40276509044968,0.887896147911194,1,5,0
一般,AB-IRRT*,30,20261933,1,210.394139672506,0.0278973,0.0018144,0.0258666,0,0.0018144,0.0259973,541,750,4.41589370374348,0.160978124139287,0.967929778361303,1,5,0
一般,RRT*,31,20261934,1,214.672669563376,0.0256345,0.0052282,0.025537,0,NaN,NaN,561,750,5.25508465610418,0.167942531344748,0.948638470821292,NaN,NaN,0
一般,Informed-RRT*,31,20261934,1,212.715714205359,0.0279668,0.0058887,0.0278207,0,NaN,NaN,487,750,4.92590611210527,0.0329766650900023,0.957365814474442,NaN,NaN,0
一般,PRM*,31,20261934,1,214.176410886267,0.100648,0.0019508,0.1005377,0,NaN,NaN,752,750,4.14778503227364,0.0991407026648901,0.950836519012671,NaN,NaN,0
一般,FMT*,31,20261934,1,221.996682880137,0.03438,0.0196704,0.0342654,0,NaN,NaN,752,750,4.13159433615842,0.0134423595256141,0.917341423032346,NaN,NaN,0
一般,BIT*,31,20261934,1,212.149623047594,0.2230925,0.0543273,0.222962,0,NaN,NaN,486,750,1.49801414612292,0.0902369650417114,0.959920409267185,NaN,NaN,0
一般,RRT#,31,20261934,1,211.545035863547,0.0282597,0.0067384,0.028137,0,NaN,NaN,561,750,3.89413338543015,0.151873579408211,0.962663823097622,NaN,NaN,0
一般,APF-only,31,20261934,1,229.358752665851,0.0017413,0.0016401,0.0017413,NaN,NaN,NaN,NaN,52,16.5135672987644,0.40276509044968,0.887896147911194,1,5,0
一般,AB-IRRT*,31,20261934,1,209.90363565614,0.0240588,0.001815,0.0220099,0,0.001815,0.0221562,509,750,2.44322565325957,0.0362277672472313,0.970191642203547,1,5,0
一般,RRT*,32,20261935,1,224.192373683924,0.0231017,0.0081367,0.0230178,0,NaN,NaN,537,750,5.10351258411663,0.325955428872128,0.90835718287561,NaN,NaN,0
一般,Informed-RRT*,32,20261935,1,223.246346306411,0.0297683,0.0078924,0.0296471,0,NaN,NaN,497,750,5.89374702545351,0.452398359184183,0.912206431823146,NaN,NaN,0
一般,PRM*,32,20261935,1,214.856704557013,0.0972832,0.0017475,0.0971759,0,NaN,NaN,752,750,1.92041355422514,1,0.947825916820237,NaN,NaN,0
一般,FMT*,32,20261935,1,218.69591335564,0.0357681,0.0134073,0.0356521,0,NaN,NaN,752,750,3.71301670561054,0.150791597977426,0.931186824010556,NaN,NaN,0
一般,BIT*,32,20261935,1,210.728480490741,0.3503624,0.0368942,0.3502363,0,NaN,NaN,514,750,1.46162298905656,0.190246660898481,0.966394065517277,NaN,NaN,0
一般,RRT#,32,20261935,1,219.674282728808,0.0268212,0.0077023,0.0266723,0,NaN,NaN,537,750,4.43538494731895,0.325884940492941,0.92703957173326,NaN,NaN,0
一般,APF-only,32,20261935,1,229.358752665851,0.0017254,0.001613,0.0017254,NaN,NaN,NaN,NaN,52,16.5135672987644,0.40276509044968,0.887896147911194,1,5,0
一般,AB-IRRT*,32,20261935,1,210.539397122791,0.019661,0.0015299,0.0179476,0,0.0015299,0.0180549,537,750,3.14612705098611,0.394401430946999,0.967261974550799,1,5,0
一般,RRT*,33,20261936,1,212.693782533141,0.0233088,0.0059383,0.0232364,0,NaN,NaN,582,750,4.30216389304509,0.251973589393138,0.957464532137861,NaN,NaN,0
一般,Informed-RRT*,33,20261936,1,213.041466903337,0.0205435,0.0056944,0.0204214,0,NaN,NaN,514,750,2.464261935328,1,0.95590194689246,NaN,NaN,0
一般,PRM*,33,20261936,1,213.515029308354,0.0884558,0.002008,0.0883738,0,NaN,NaN,752,750,2.30080081395908,1,0.953781818738498,NaN,NaN,0
一般,FMT*,33,20261936,1,218.801258731284,0.0307066,0.0256895,0.0305994,0,NaN,NaN,752,750,3.27140405640202,0.0286416219502108,0.930738489177659,NaN,NaN,0
一般,BIT*,33,20261936,1,210.519120864244,0.2564821,0.0290193,0.2563374,0,NaN,NaN,474,750,2.09054931571502,0.206708698212433,0.967355136890627,NaN,NaN,0
一般,RRT#,33,20261936,1,212.246567782542,0.032765,0.0087582,0.0326051,0,NaN,NaN,582,750,3.46564027290083,0.24358900279984,0.959481960576968,NaN,NaN,0
一般,APF-only,33,20261936,1,229.358752665851,0.0016111,0.0015074,0.0016111,NaN,NaN,NaN,NaN,52,16.5135672987644,0.40276509044968,0.887896147911194,1,5,0
一般,AB-IRRT*,33,20261936,1,209.250698374548,0.0266216,0.0012182,0.025198,0,0.0012182,0.0253258,487,750,1.60764781646174,0.0312902715279133,0.973218988341002,1,5,0
一般,RRT*,34,20261937,1,215.490780403923,0.0217359,0.0085075,0.0216611,0,NaN,NaN,582,750,5.03914608719589,0.270189710985267,0.945036964458543,NaN,NaN,0
一般,Informed-RRT*,34,20261937,1,212.964184133803,0.0222277,0.0067794,0.0221264,0,NaN,NaN,559,750,6.54973938581374,0.182296850063268,0.956248835033109,NaN,NaN,0
一般,PRM*,34,20261937,1,210.107583404903,0.0962986,0.0003757,0.0962062,0,NaN,NaN,752,750,1.97511344223301,0.59486492213719,0.969249894180512,NaN,NaN,0
一般,FMT*,34,20261937,1,215.653932011065,0.0240088,0.0081513,0.0238927,0,NaN,NaN,752,750,3.29917942532865,0.0317414445567117,0.944322002769126,NaN,NaN,0
一般,BIT*,34,20261937,1,210.756624625078,0.1313187,0.0277254,0.1311781,0,NaN,NaN,451,750,1.51908881375553,0.39565655330467,0.96626501465375,NaN,NaN,0
一般,RRT#,34,20261937,1,213.649581349716,0.0218429,0.0089723,0.0217485,0,NaN,NaN,582,750,3.46318421633359,0.801434794549928,0.953181146881738,NaN,NaN,0
一般,APF-only,34,20261937,1,229.358752665851,0.0012371,0.001161,0.0012371,NaN,NaN,NaN,NaN,52,16.5135672987644,0.40276509044968,0.887896147911194,1,5,0
一般,AB-IRRT*,34,20261937,1,210.311553635225,0.0225028,0.0013743,0.0208564,0,0.0013743,0.0210336,551,750,2.93619014462647,0.173691397041868,0.968309869152222,1,5,0
一般,RRT*,35,20261938,1,213.777431218589,0.0177104,0.0044698,0.0176454,0,NaN,NaN,555,750,5.67788933438671,0.578045174067439,0.952611095665637,NaN,NaN,0
一般,Informed-RRT*,35,20261938,1,213.716131421007,0.0254546,0.0075155,0.0253129,0,NaN,NaN,528,750,2.83574177507289,1,0.952884331321505,NaN,NaN,0
一般,PRM*,35,20261938,1,211.338176835065,0.0955666,0.0018454,0.0953254,0,NaN,NaN,752,750,1.71051455182834,0.248825791207445,0.963606084009412,NaN,NaN,0
一般,FMT*,35,20261938,1,215.046501805368,0.0270266,0.0146261,0.0268828,0,NaN,NaN,752,750,2.60056149956285,0.0614849542971694,0.946989377981326,NaN,NaN,0
一般,BIT*,35,20261938,1,211.297628184559,0.2010687,0.0296432,0.2008434,0,NaN,NaN,384,750,2.25663941040208,0.382597173967245,0.963791002915799,NaN,NaN,0
一般,RRT#,35,20261938,1,212.008992645589,0.0279701,0.0076402,0.0278397,0,NaN,NaN,555,750,2.73498836130348,0.209025348539912,0.960557146376136,NaN,NaN,0
一般,APF-only,35,20261938,1,229.358752665851,0.0015581,0.0014626,0.0015581,NaN,NaN,NaN,NaN,52,16.5135672987644,0.40276509044968,0.887896147911194,1,5,0
一般,AB-IRRT*,35,20261938,1,209.665480688102,0.0253619,0.001758,0.0233819,0,0.001758,0.0235147,538,750,1.90225060639527,0.528506331690345,0.971293664142405,1,5,0
一般,RRT*,36,20261939,1,210.894697969463,0.0222079,0.0057932,0.0221154,0,NaN,NaN,506,750,3.502178500983,1,0.965632398265476,NaN,NaN,0
一般,Informed-RRT*,36,20261939,1,213.101918384667,0.023168,0.0055251,0.0230303,0,NaN,NaN,470,750,3.77385577118746,1,0.955630782328885,NaN,NaN,0
一般,PRM*,36,20261939,1,213.456904734616,0.0920308,0.0020918,0.0919393,0,NaN,NaN,752,750,2.42955821308767,0.0950355072962292,0.954041534683139,NaN,NaN,0
一般,FMT*,36,20261939,1,215.597330848609,0.0366054,0.007825,0.036498,0,NaN,NaN,752,750,4.17249650056288,0.346398385391313,0.944569917355446,NaN,NaN,0
一般,BIT*,36,20261939,1,210.472807278879,0.197466,0.0331336,0.1973527,0,NaN,NaN,436,750,2.35899581585524,0.273770371664007,0.967567998995194,NaN,NaN,0
一般,RRT#,36,20261939,1,210.817348999623,0.0244861,0.00515,0.0243944,0,NaN,NaN,506,750,3.23973666320638,1,0.965986689179408,NaN,NaN,0
一般,APF-only,36,20261939,1,229.358752665851,0.0018868,0.0018121,0.0018868,NaN,NaN,NaN,NaN,52,16.5135672987644,0.40276509044968,0.887896147911194,1,5,0
一般,AB-IRRT*,36,20261939,1,210.750708121092,0.0212292,0.0011972,0.0198664,0,0.0011972,0.0199638,545,750,3.09964304648214,0.297145862584902,0.966292141067044,1,5,0
一般,RRT*,37,20261940,1,211.060923168171,0.0225211,0.0075025,0.0224497,0,NaN,NaN,571,750,3.52235580293489,0.277119918161602,0.964871895398006,NaN,NaN,0
一般,Informed-RRT*,37,20261940,1,211.885427274778,0.0222631,0.0061327,0.0221377,0,NaN,NaN,531,750,3.89289671152335,0.32538625391344,0.961117315149907,NaN,NaN,0
一般,PRM*,37,20261940,1,219.619976909224,0.0929926,0.0003888,0.0928919,0,NaN,NaN,752,750,3.12546993942205,0.0877226821491455,0.927268802445505,NaN,NaN,0
一般,FMT*,37,20261940,1,215.32762199029,0.0242999,0.0120226,0.0241766,0,NaN,NaN,752,750,2.90695856970441,0.23411908697029,0.945753039481897,NaN,NaN,0
一般,BIT*,37,20261940,1,212.564056560395,0.2413234,0.0256277,0.2411725,0,NaN,NaN,460,750,3.11993955685094,0.224963436494399,0.958048864314292,NaN,NaN,0
一般,RRT#,37,20261940,1,210.972784515474,0.0277368,0.0095648,0.0276117,0,NaN,NaN,571,750,3.48395982501306,0.326512209068923,0.965274992456615,NaN,NaN,0
一般,APF-only,37,20261940,1,229.358752665851,0.0015277,0.0014376,0.0015277,NaN,NaN,NaN,NaN,52,16.5135672987644,0.40276509044968,0.887896147911194,1,5,0
一般,AB-IRRT*,37,20261940,1,210.344822832883,0.0266238,0.001597,0.0247891,0,0.001597,0.0249374,546,750,3.56132305144668,0.270663529366418,0.96815671638147,1,5,0
一般,RRT*,38,20261941,1,215.766902400764,0.0248866,0.0077012,0.0247962,0,NaN,NaN,580,750,3.38646505193631,0.283522481877803,0.943827578353393,NaN,NaN,0
一般,Informed-RRT*,38,20261941,1,215.44782299218,0.0254068,0.0082737,0.0253059,0,NaN,NaN,554,750,4.05699566493194,0.106430635336622,0.945225392178213,NaN,NaN,0
一般,PRM*,38,20261941,1,211.138244001178,0.090888,0.0006918,0.0907911,0,NaN,NaN,752,750,2.35501006105609,0.146993571545478,0.964518550133388,NaN,NaN,0
一般,FMT*,38,20261941,1,218.796822720688,0.0409043,0.0360999,0.0407993,0,NaN,NaN,752,750,2.03467335738328,0.115114540918512,0.930757359496472,NaN,NaN,0
一般,BIT*,38,20261941,1,212.001247301689,0.2551817,0.031016,0.2550673,0,NaN,NaN,460,750,1.10560405761992,0.0601158638486652,0.960592239780201,NaN,NaN,0
一般,RRT#,38,20261941,1,215.079757988455,0.024043,0.0081622,0.0239208,0,NaN,NaN,580,750,2.96804705835414,0.182644613880669,0.94684295205808,NaN,NaN,0
一般,APF-only,38,20261941,1,229.358752665851,0.0012221,0.0011365,0.0012221,NaN,NaN,NaN,NaN,52,16.5135672987644,0.40276509044968,0.887896147911194,1,5,0
一般,AB-IRRT*,38,20261941,1,210.076816027634,0.0229271,0.0018411,0.0208492,0,0.0018411,0.0210001,532,750,2.83370947177536,0.0356375350748959,0.96939184833674,1,5,0
一般,RRT*,39,20261942,1,210.871789099691,0.0226999,0.0060944,0.0225709,0,NaN,NaN,595,750,3.15922759449042,0.328333071709213,0.965737303463813,NaN,NaN,0
一般,Informed-RRT*,39,20261942,1,212.750422067025,0.0246385,0.0073898,0.0244711,0,NaN,NaN,542,750,4.71792787375829,0.539527590884944,0.957209630905311,NaN,NaN,0
一般,PRM*,39,20261942,1,216.552905794729,0.0914125,0.0128777,0.0913023,0,NaN,NaN,752,750,4.60603745021977,1,0.940401848843179,NaN,NaN,0
一般,FMT*,39,20261942,1,220.000709857952,0.0249342,0.0093387,0.0248229,0,NaN,NaN,752,750,5.27842146512191,0.241095827442196,0.925664072235106,NaN,NaN,0
一般,BIT*,39,20261942,1,211.546837508605,0.2495472,0.0271045,0.2494362,0,NaN,NaN,510,750,1.89891808112603,0.241038304249063,0.962655624541976,NaN,NaN,0
一般,RRT#,39,20261942,1,210.871789099691,0.0299329,0.0077486,0.0298131,0,NaN,NaN,595,750,3.15922759449042,0.328333071709213,0.965737303463813,NaN,NaN,0
一般,APF-only,39,20261942,1,229.358752665851,0.0017115,0.0016114,0.0017115,NaN,NaN,NaN,NaN,52,16.5135672987644,0.40276509044968,0.887896147911194,1,5,0
一般,AB-IRRT*,39,20261942,1,210.142671156542,0.0227432,0.0018805,0.0206622,0,0.0018805,0.0207792,527,750,4.10911665713566,0.0152550250613128,0.969088057465599,1,5,0
一般,RRT*,40,20261943,1,212.899848619515,0.0295206,0.0123344,0.0294068,0,NaN,NaN,571,750,3.5040028729426,0.462492590783914,0.956537800765063,NaN,NaN,0
一般,Informed-RRT*,40,20261943,1,210.565064637189,0.0233851,0.0067327,0.0232695,0,NaN,NaN,524,750,2.69093601046593,0.960709482680295,0.967144067001883,NaN,NaN,0
一般,PRM*,40,20261943,1,219.06907354119,0.0968884,0.0011429,0.0968001,0,NaN,NaN,752,750,4.63118071376557,0.377405044572834,0.929600649191753,NaN,NaN,0
一般,FMT*,40,20261943,1,214.090631860416,0.0161424,0.0059974,0.0160582,0,NaN,NaN,752,750,1.53843225988012,0.362681100772614,0.951217487715672,NaN,NaN,0
一般,BIT*,40,20261943,1,212.499451294544,0.2276498,0.0276757,0.2275288,0,NaN,NaN,510,750,0.970447800428372,0.362806276879875,0.958340135662057,NaN,NaN,0
一般,RRT#,40,20261943,1,213.041492544702,0.0274443,0.0090177,0.0273411,0,NaN,NaN,571,750,3.41462297374122,0.497135105065009,0.95590183184149,NaN,NaN,0
一般,APF-only,40,20261943,1,229.358752665851,0.0013167,0.001236,0.0013167,NaN,NaN,NaN,NaN,52,16.5135672987644,0.40276509044968,0.887896147911194,1,5,0
一般,AB-IRRT*,40,20261943,1,210.796790520644,0.0189301,0.0013794,0.0173666,0,0.0013794,0.0174753,515,750,3.42183899425452,0.0788680092816936,0.966080899423284,1,5,0
一般,RRT*,41,20261944,1,217.931036783592,0.0214444,0.0068335,0.0213572,0,NaN,NaN,569,750,7.396386688171,0.495237035278313,0.934455027550525,NaN,NaN,0
一般,Informed-RRT*,41,20261944,1,215.827252889744,0.021401,0.0050169,0.0212733,0,NaN,NaN,521,750,6.34782835255772,0.796646117361821,0.943563661470309,NaN,NaN,0
一般,PRM*,41,20261944,1,210.819083559082,0.0922604,0.0048877,0.0921721,0,NaN,NaN,752,750,2.37333891815129,0.102280707393405,0.965978741315672,NaN,NaN,0
一般,FMT*,41,20261944,1,222.648457291081,0.0568016,0.0355955,0.0566926,0,NaN,NaN,752,750,8.37245739284837,0.212039982772332,0.914656025285127,NaN,NaN,0
一般,BIT*,41,20261944,1,215.355949824535,0.1414162,0.0257046,0.1413005,0,NaN,NaN,415,750,2.95208516164251,0.0388514168323653,0.945628635510886,NaN,NaN,0
一般,RRT#,41,20261944,1,215.839714156534,0.0296866,0.0075254,0.0295672,0,NaN,NaN,569,750,5.01296321399036,0.682419456091502,0.943509185867593,NaN,NaN,0
一般,APF-only,41,20261944,1,229.358752665851,0.0015687,0.0014616,0.0015687,NaN,NaN,NaN,NaN,52,16.5135672987644,0.40276509044968,0.887896147911194,1,5,0
一般,AB-IRRT*,41,20261944,1,209.753984658076,0.0238782,0.0015464,0.0221264,0,0.0015464,0.0222515,534,750,1.60375184997812,0.606701263075665,0.97088383476335,1,5,0
一般,RRT*,42,20261945,1,214.592317863701,0.0262449,0.0107824,0.0261526,0,NaN,NaN,518,750,4.87294082898008,0.324205584954374,0.948993677914753,NaN,NaN,0
一般,Informed-RRT*,42,20261945,1,216.595365870222,0.0263507,0.0092123,0.0261642,0,NaN,NaN,478,750,6.15045162358414,0.369748799387233,0.940217498022305,NaN,NaN,0
一般,PRM*,42,20261945,1,211.43926659823,0.0950837,0.0023216,0.0949869,0,NaN,NaN,752,750,3.13818430386458,0.315936371603925,0.96314538097925,NaN,NaN,0
一般,FMT*,42,20261945,1,217.862918017709,0.0312428,0.0099208,0.0311403,0,NaN,NaN,752,750,1.19286513951692,0.0650321580614737,0.934747201748082,NaN,NaN,0
一般,BIT*,42,20261945,1,211.16533205117,0.2030986,0.023602,0.2029228,0,NaN,NaN,467,750,3.34224906757207,0.087741981890364,0.964394822784535,NaN,NaN,0
一般,RRT#,42,20261945,1,210.691312770264,0.0229475,0.0070019,0.0228234,0,NaN,NaN,518,750,3.52680747089273,0.331827599974211,0.966564545562353,NaN,NaN,0
一般,APF-only,42,20261945,1,229.358752665851,0.0017425,0.0016388,0.0017425,NaN,NaN,NaN,NaN,52,16.5135672987644,0.40276509044968,0.887896147911194,1,5,0
一般,AB-IRRT*,42,20261945,1,209.339022776493,0.0204091,0.00161,0.0186043,0,0.00161,0.0187213,528,750,1.85227961120943,0.0978633575390369,0.972808367406754,1,5,0
一般,RRT*,43,20261946,1,212.244494669182,0.0231609,0.0040559,0.0230314,0,NaN,NaN,608,750,5.30719035659448,0.712150152673585,0.959491332385993,NaN,NaN,0
一般,Informed-RRT*,43,20261946,1,210.639290074331,0.024615,0.0052002,0.0244208,0,NaN,NaN,540,750,3.92674331748775,0.619451589407851,0.966803263103776,NaN,NaN,0
一般,PRM*,43,20261946,1,213.688033376798,0.0825598,0.0150983,0.0824486,0,NaN,NaN,752,750,3.43534401305726,1,0.95300962699504,NaN,NaN,0
一般,FMT*,43,20261946,1,213.64047689305,0.0351984,0.0059104,0.0351015,0,NaN,NaN,752,750,1.25320416783851,0.200946808300223,0.95322176744472,NaN,NaN,0
一般,BIT*,43,20261946,1,210.24727136879,0.1901311,0.0194,0.190014,0,NaN,NaN,448,750,1.68366688203786,0.329933720474221,0.968605926040835,NaN,NaN,0
一般,RRT#,43,20261946,1,211.660635013743,0.029176,0.0063483,0.0290343,0,NaN,NaN,608,750,4.39991423135192,0.714942492157285,0.962138061092479,NaN,NaN,0
一般,APF-only,43,20261946,1,229.358752665851,0.0017854,0.0016764,0.0017854,NaN,NaN,NaN,NaN,52,16.5135672987644,0.40276509044968,0.887896147911194,1,5,0
一般,AB-IRRT*,43,20261946,1,210.95111935431,0.0207972,0.0015378,0.0190667,0,0.0015378,0.0191805,544,750,3.70135755257666,0.247923653969142,0.965374128400259,1,5,0
一般,RRT*,44,20261947,1,217.543370490721,0.0210791,0.0044895,0.0210014,0,NaN,NaN,576,750,4.91800336015027,0.0270134327926463,0.936120243620167,NaN,NaN,0
一般,Informed-RRT*,44,20261947,1,216.547506425514,0.0228604,0.0044967,0.022755,0,NaN,NaN,528,750,4.66148770994962,0.922175800547901,0.94042529670862,NaN,NaN,0
一般,PRM*,44,20261947,1,214.068938929261,0.0966722,0.0032758,0.0965803,0,NaN,NaN,752,750,2.03210542870169,0.369140541150747,0.951313880473901,NaN,NaN,0
一般,FMT*,44,20261947,1,211.98471294275,0.0378909,0.0291026,0.0377899,0,NaN,NaN,752,750,2.60147826391934,0.255679355795028,0.96066716394179,NaN,NaN,0
一般,BIT*,44,20261947,1,211.322610442328,0.1247853,0.0566661,0.1245669,0,NaN,NaN,515,750,1.24474597929658,0.255588837284535,0.963677064917307,NaN,NaN,0
一般,RRT#,44,20261947,1,217.483513899132,0.031157,0.0057948,0.0310369,0,NaN,NaN,576,750,5.14064980344883,0.113995590914016,0.936377885986227,NaN,NaN,0
一般,APF-only,44,20261947,1,229.358752665851,0.0017445,0.0016457,0.0017445,NaN,NaN,NaN,NaN,52,16.5135672987644,0.40276509044968,0.887896147911194,1,5,0
一般,AB-IRRT*,44,20261947,1,210.877354455489,0.021047,0.0012656,0.0195774,0,0.0012656,0.0197062,569,750,2.52835084238301,0.389242254314416,0.965711816271438,1,5,0
一般,RRT*,45,20261948,1,217.401615360701,0.0240442,0.0066804,0.023974,0,NaN,NaN,570,750,6.25134395640081,0.378723623090442,0.936730633964453,NaN,NaN,0
一般,Informed-RRT*,45,20261948,1,213.340501761348,0.0310883,0.0124993,0.0308205,0,NaN,NaN,522,750,4.51318097334458,0.724137806490324,0.954562079400814,NaN,NaN,0
一般,PRM*,45,20261948,1,212.693271129788,0.0984952,0.0005896,0.0983946,0,NaN,NaN,752,750,1.56236227354121,0.341336520537359,0.957466834282019,NaN,NaN,0
一般,FMT*,45,20261948,1,213.41854996016,0.0322582,0.0225426,0.0321402,0,NaN,NaN,752,750,2.99556538666992,0.0485692669057851,0.9542129914187,NaN,NaN,0
一般,BIT*,45,20261948,1,216.347489670162,0.1463963,0.0314498,0.1462736,0,NaN,NaN,400,750,1.40825462622495,0.182287400783261,0.941294735114331,NaN,NaN,0
一般,RRT#,45,20261948,1,213.054311334727,0.0286,0.0072799,0.0284817,0,NaN,NaN,570,750,4.72684387021832,0.0711128555337428,0.955844318314585,NaN,NaN,0
一般,APF-only,45,20261948,1,229.358752665851,0.0016574,0.0015637,0.0016574,NaN,NaN,NaN,NaN,52,16.5135672987644,0.40276509044968,0.887896147911194,1,5,0
一般,AB-IRRT*,45,20261948,1,209.807223449327,0.0248244,0.0015753,0.0230484,0,0.0015753,0.0231673,538,750,3.00602791315618,0.247404171965538,0.970637472026365,1,5,0
一般,RRT*,46,20261949,1,212.871347007648,0.0238266,0.0086032,0.0237461,0,NaN,NaN,558,750,3.41283931783461,0.191232413621471,0.956665872811946,NaN,NaN,0
一般,Informed-RRT*,46,20261949,1,211.539933372555,0.0233831,0.0086659,0.0232544,0,NaN,NaN,502,750,3.73652369905842,0.0854415356354615,0.962687043221631,NaN,NaN,0
一般,PRM*,46,20261949,1,214.444231167587,0.0974452,0.0001502,0.0973514,0,NaN,NaN,752,750,3.78422391358995,0.220721340918914,0.949649015377694,NaN,NaN,0
一般,FMT*,46,20261949,1,217.380408699972,0.0169373,0.00513,0.016777,0,NaN,NaN,752,750,0.989097706854077,0.45201630964452,0.936822017216824,NaN,NaN,0
一般,BIT*,46,20261949,1,216.851753824065,0.1323899,0.025775,0.1322681,0,NaN,NaN,392,750,0.983248748234999,0.393274218395211,0.93910586098809,NaN,NaN,0
一般,RRT#,46,20261949,1,212.517675372181,0.0294094,0.0122253,0.0292992,0,NaN,NaN,558,750,3.65473906393387,0.143906580137021,0.958257954897542,NaN,NaN,0
一般,APF-only,46,20261949,1,229.358752665851,0.0019753,0.0018733,0.0019753,NaN,NaN,NaN,NaN,52,16.5135672987644,0.40276509044968,0.887896147911194,1,5,0
一般,AB-IRRT*,46,20261949,1,210.156252592092,0.0215091,0.0016849,0.0196121,0,0.0016849,0.0197418,510,750,2.28896304878757,0.293458160841925,0.969025429745357,1,5,0
一般,RRT*,47,20261950,1,213.433842154468,0.0263594,0.0064632,0.0262696,0,NaN,NaN,574,750,4.35197412186135,1,0.954144623580084,NaN,NaN,0
一般,Informed-RRT*,47,20261950,1,210.36620391259,0.0278485,0.0055747,0.0277191,0,NaN,NaN,530,750,2.66371890191287,0.596990017877752,0.968058315423821,NaN,NaN,0
一般,PRM*,47,20261950,1,211.730100631078,0.0962672,0.0026671,0.0961786,0,NaN,NaN,752,750,2.46158383629694,1,0.961822397357489,NaN,NaN,0
一般,FMT*,47,20261950,1,215.663332008331,0.0352302,0.0092643,0.0351148,0,NaN,NaN,752,750,5.03000624557453,0.0404565358845623,0.944280843133126,NaN,NaN,0
一般,BIT*,47,20261950,1,210.903817947295,0.2214779,0.0270958,0.2213619,0,NaN,NaN,458,750,1.64749198291745,0.0401518013161262,0.965590642046212,NaN,NaN,0
一般,RRT#,47,20261950,1,212.082105706089,0.0284345,0.0093805,0.0283113,0,NaN,NaN,574,750,5.15788753452367,0.128890915031945,0.960226004469925,NaN,NaN,0
一般,APF-only,47,20261950,1,229.358752665851,0.0022471,0.0021433,0.0022471,NaN,NaN,NaN,NaN,52,16.5135672987644,0.40276509044968,0.887896147911194,1,5,0
一般,AB-IRRT*,47,20261950,1,210.219661321854,0.0241516,0.0016033,0.0223112,0,0.0016033,0.0224521,539,750,3.29001646378197,0.42162566611362,0.96873314180606,1,5,0
一般,RRT*,48,20261951,1,211.425108656321,0.0267931,0.0073725,0.0267004,0,NaN,NaN,594,750,3.35531438421928,0.220048690460763,0.963209877369679,NaN,NaN,0
一般,Informed-RRT*,48,20261951,1,211.547234056549,0.0304598,0.0074613,0.0303097,0,NaN,NaN,552,750,2.76801417403295,1,0.96265382003193,NaN,NaN,0
一般,PRM*,48,20261951,1,212.875229642977,0.0956355,0.0003982,0.095536,0,NaN,NaN,752,750,4.09027654544853,0.193311576739314,0.956648424165042,NaN,NaN,0
一般,FMT*,48,20261951,1,213.052479791585,0.0250988,0.0085287,0.024993,0,NaN,NaN,752,750,2.6474241458984,0.123370512368236,0.955852535398508,NaN,NaN,0
一般,BIT*,48,20261951,1,210.230043038198,0.1902341,0.023755,0.1900601,0,NaN,NaN,459,750,1.39125001367845,0.240800941597429,0.968685303197716,NaN,NaN,0
一般,RRT#,48,20261951,1,210.594950162285,0.0331319,0.0097024,0.0329569,0,NaN,NaN,594,750,3.04281853245961,0.807430906749024,0.967006819606999,NaN,NaN,0
一般,APF-only,48,20261951,1,229.358752665851,0.0018526,0.0017389,0.0018526,NaN,NaN,NaN,NaN,52,16.5135672987644,0.40276509044968,0.887896147911194,1,5,0
一般,AB-IRRT*,48,20261951,1,209.620173602215,0.0300152,0.0028006,0.0268645,0,0.0028006,0.0270844,538,750,2.24723500942581,0.20671256449349,0.971503598542834,1,5,0
一般,RRT*,49,20261952,1,216.366534625962,0.0217837,0.0067396,0.0216559,0,NaN,NaN,552,750,3.4378413034011,0.0368679367873739,0.941211880727188,NaN,NaN,0
一般,Informed-RRT*,49,20261952,1,217.051695204346,0.0258296,0.0057901,0.0256649,0,NaN,NaN,509,750,4.60559541434912,0.247017219138103,0.93824078540368,NaN,NaN,0
一般,PRM*,49,20261952,1,217.310571882986,0.0906724,0.0013193,0.0905721,0,NaN,NaN,752,750,3.350548254693,1,0.937123082494955,NaN,NaN,0
一般,FMT*,49,20261952,1,225.18216411551,0.0270517,0.017999,0.0269199,0,NaN,NaN,752,750,7.40785387543185,0.109440502560718,0.904364489885898,NaN,NaN,0
一般,BIT*,49,20261952,1,210.091612174365,0.1926967,0.0998465,0.1925647,0,NaN,NaN,493,750,1.64908326369959,0.249907809010482,0.969323576862793,NaN,NaN,0
一般,RRT#,49,20261952,1,217.342518237707,0.028891,0.0074421,0.0287555,0,NaN,NaN,552,750,4.56669124356723,0.0369798109661144,0.936985338317455,NaN,NaN,0
一般,APF-only,49,20261952,1,229.358752665851,0.0018059,0.0016757,0.0018059,NaN,NaN,NaN,NaN,52,16.5135672987644,0.40276509044968,0.887896147911194,1,5,0
一般,AB-IRRT*,49,20261952,1,209.809132722417,0.0274473,0.0027527,0.0243867,0,0.0027527,0.0245779,510,750,2.85114263930229,0.0359743481306136,0.97062863917919,1,5,0
一般,RRT*,50,20261953,1,212.933152191056,0.0213366,0.0127693,0.0212204,0,NaN,NaN,503,750,4.38479565247968,0.113489667550084,0.956388194540049,NaN,NaN,0
一般,Informed-RRT*,50,20261953,1,213.239455712702,0.025484,0.0133461,0.02529,0,NaN,NaN,481,750,4.81428282586221,0.390611763594814,0.955014409979075,NaN,NaN,0
一般,PRM*,50,20261953,1,212.466766901018,0.1473028,0.0009485,0.1471675,0,NaN,NaN,752,750,3.126093527897,0.822784194775576,0.958487559970255,NaN,NaN,0
一般,FMT*,50,20261953,1,216.30227020605,0.0244162,0.0075887,0.0242747,0,NaN,NaN,752,750,2.72555757955632,0.412334908389482,0.94149151919548,NaN,NaN,0
一般,BIT*,50,20261953,1,210.178222456767,0.2629156,0.0497989,0.2627816,0,NaN,NaN,487,750,1.24097580439107,0.161453497339906,0.968924137816491,NaN,NaN,0
一般,RRT#,50,20261953,1,212.068356894074,0.0260446,0.015269,0.0258608,0,NaN,NaN,503,750,3.47268623771722,0.114110500492204,0.960288257825495,NaN,NaN,0
一般,APF-only,50,20261953,1,229.358752665851,0.0017043,0.0016014,0.0017043,NaN,NaN,NaN,NaN,52,16.5135672987644,0.40276509044968,0.887896147911194,1,5,0
一般,AB-IRRT*,50,20261953,1,210.402195478227,0.0269215,0.0020894,0.0245817,0,0.0020894,0.0247349,534,750,3.10892819008577,0.762067520531439,0.967892718604258,1,5,0
狭窄,RRT*,1,20262904,1,220.697156532417,0.0208145,0.0102781,0.0207017,0,NaN,NaN,515,750,6.33489956497892,0.101122232565359,0.922742984918399,NaN,NaN,0
狭窄,Informed-RRT*,1,20262904,1,216.014800410307,0.0221276,0.0103485,0.0219658,0,NaN,NaN,504,750,4.96997255489197,0.152255372993551,0.942744444338589,NaN,NaN,0
狭窄,PRM*,1,20262904,1,226.859989066897,0.090153,0.0008253,0.0900514,0,NaN,NaN,752,750,4.10440463240981,0.520526270272125,0.897675935802299,NaN,NaN,0
狭窄,FMT*,1,20262904,1,281.756073769027,0.126146,0.0170481,0.1260176,0,NaN,NaN,752,750,11.0599385481829,0.179406160735788,0.722776798588794,NaN,NaN,0
狭窄,BIT*,1,20262904,0,Inf,0.2889594,NaN,0.288847,0,NaN,NaN,608,750,NaN,NaN,NaN,NaN,NaN,0
狭窄,RRT#,1,20262904,1,217.713155376296,0.0290395,0.0142572,0.0289194,0,NaN,NaN,515,750,5.01202701249997,0.159174406325853,0.935390204738624,NaN,NaN,0
狭窄,APF-only,1,20262904,1,279.791130115633,0.0133242,0.0132065,0.0133242,NaN,NaN,NaN,NaN,64,46.4502175583217,0.0632608111899984,0.727852783959099,3,5,0
狭窄,AB-IRRT*,1,20262904,1,212.885243942151,0.0171375,0.0096977,0.0063649,0,0.0096977,0.0069024,63,750,2.34656541775505,0.316946328405102,0.956603422626436,3,5,0
狭窄,RRT*,2,20262905,0,Inf,0.005317,NaN,0.0052238,0,NaN,NaN,34,750,NaN,NaN,NaN,NaN,NaN,0
狭窄,Informed-RRT*,2,20262905,0,Inf,0.0056749,NaN,0.0051209,0,NaN,NaN,34,750,NaN,NaN,NaN,NaN,NaN,0
狭窄,PRM*,2,20262905,1,225.287571167095,0.1051244,0.0007972,0.1050058,0,NaN,NaN,752,750,4.07121885831965,0.324610347562908,0.903941357824316,NaN,NaN,0
狭窄,FMT*,2,20262905,1,242.746403576303,0.0245018,0.0125054,0.0243779,0,NaN,NaN,752,750,4.92885566609366,1,0.838927992264622,NaN,NaN,0
狭窄,BIT*,2,20262905,1,238.307504742709,0.0997191,0.0303636,0.0995877,0,NaN,NaN,310,750,3.02337084557433,0.0239141916227812,0.854554510155252,NaN,NaN,0
狭窄,RRT#,2,20262905,0,Inf,0.0057872,NaN,0.0056803,0,NaN,NaN,34,750,NaN,NaN,NaN,NaN,NaN,0
狭窄,APF-only,2,20262905,1,279.791130115633,0.0085188,0.0084104,0.0085188,NaN,NaN,NaN,NaN,64,46.4502175583217,0.0632608111899984,0.727852783959099,3,5,0
狭窄,AB-IRRT*,2,20262905,1,212.885243942151,0.0184223,0.009358,0.0088328,0,0.009358,0.0089582,102,750,2.34656541775505,0.316946328405102,0.956603422626436,3,5,0
狭窄,RRT*,3,20262906,1,273.414889486191,0.0175349,0.0137251,0.0174326,0,NaN,NaN,342,750,6.60225593966046,0.116117059194696,0.744826857690247,NaN,NaN,0
狭窄,Informed-RRT*,3,20262906,1,277.269911254659,0.0170838,0.0137686,0.0169221,0,NaN,NaN,322,750,8.36900168671422,0.118607919780652,0.734471158663466,NaN,NaN,0
狭窄,PRM*,3,20262906,1,231.571589510123,0.0998873,0.0001664,0.0997794,0,NaN,NaN,752,750,3.56223469951068,0.0686112771118896,0.879411647225505,NaN,NaN,0
狭窄,FMT*,3,20262906,1,237.008496045992,0.0380908,0.0377109,0.0379506,0,NaN,NaN,752,750,6.74442990715472,0.574189519823802,0.859238197698226,NaN,NaN,0
狭窄,BIT*,3,20262906,0,Inf,0.2925185,NaN,0.2923896,0,NaN,NaN,614,750,NaN,NaN,NaN,NaN,NaN,0
狭窄,RRT#,3,20262906,1,272.929943662057,0.0203265,0.0136492,0.0201662,0,NaN,NaN,342,750,7.32704154847592,0.177531547130423,0.746150276694749,NaN,NaN,0
狭窄,APF-only,3,20262906,1,279.791130115633,0.0095766,0.0094448,0.0095766,NaN,NaN,NaN,NaN,64,46.4502175583217,0.0632608111899984,0.727852783959099,3,5,0
狭窄,AB-IRRT*,3,20262906,1,212.885243942151,0.0158727,0.0085112,0.0071632,0,0.0085112,0.0072643,77,750,2.34656541775505,0.316946328405102,0.956603422626436,3,5,0
狭窄,RRT*,4,20262907,1,226.055542798899,0.0158068,0.0068184,0.015695,0,NaN,NaN,366,750,3.37540289626409,0.0211771007537651,0.900870425295837,NaN,NaN,0
狭窄,Informed-RRT*,4,20262907,1,228.076667262827,0.0171072,0.0086289,0.01696,0,NaN,NaN,342,750,4.68303723218074,0.0110650171963051,0.892887270871294,NaN,NaN,0
狭窄,PRM*,4,20262907,1,240.863040729777,0.1073628,0.0142757,0.1072505,0,NaN,NaN,752,750,2.43632578558812,0.420661151931312,0.845487760864881,NaN,NaN,0
狭窄,FMT*,4,20262907,1,255.269442909948,0.1018604,0.0247171,0.1017316,0,NaN,NaN,752,750,7.09865334425171,0.814194340267901,0.797771760929358,NaN,NaN,0
狭窄,BIT*,4,20262907,1,237.933429529058,0.1978605,0.0311558,0.1977333,0,NaN,NaN,468,750,5.35502637535302,1,0.855898027380198,NaN,NaN,0
狭窄,RRT#,4,20262907,1,226.055542798899,0.0202372,0.0090481,0.0201216,0,NaN,NaN,366,750,3.37540289626409,0.0211771007537651,0.900870425295837,NaN,NaN,0
狭窄,APF-only,4,20262907,1,279.791130115633,0.0094389,0.0093302,0.0094389,NaN,NaN,NaN,NaN,64,46.4502175583217,0.0632608111899984,0.727852783959099,3,5,0
狭窄,AB-IRRT*,4,20262907,1,212.885243942151,0.0134647,0.0083422,0.0049431,0,0.0083422,0.0050367,61,750,2.34656541775505,0.316946328405102,0.956603422626436,3,5,0
狭窄,RRT*,5,20262908,1,242.45698906802,0.018305,0.0056619,0.0182298,0,NaN,NaN,545,750,7.16086658287463,0.0918614963102513,0.839929398465778,NaN,NaN,0
狭窄,Informed-RRT*,5,20262908,1,244.74791729595,0.0177459,0.0065548,0.017189,0,NaN,NaN,458,750,7.53707668005049,0.0999060715650586,0.83206735825039,NaN,NaN,0
狭窄,PRM*,5,20262908,1,242.6403358629,0.0949561,0.0439001,0.094841,0,NaN,NaN,752,750,5.48265587920725,0.0933262284868466,0.839294720960132,NaN,NaN,0
狭窄,FMT*,5,20262908,1,250.330435809447,0.0859812,0.0318931,0.0858526,0,NaN,NaN,752,750,7.04277246622874,0.894498517447081,0.813511758261559,NaN,NaN,0
狭窄,BIT*,5,20262908,1,236.204068126048,0.1547769,0.0274038,0.154662,0,NaN,NaN,413,750,6.41420893075727,0.171309138482535,0.862164460575894,NaN,NaN,0
狭窄,RRT#,5,20262908,1,242.000409565071,0.0296619,0.0085211,0.0295302,0,NaN,NaN,545,750,6.86674782987798,0.0907350923033547,0.841514083995662,NaN,NaN,0
狭窄,APF-only,5,20262908,1,279.791130115633,0.0074584,0.0073542,0.0074584,NaN,NaN,NaN,NaN,64,46.4502175583217,0.0632608111899984,0.727852783959099,3,5,0
狭窄,AB-IRRT*,5,20262908,1,212.885243942151,0.0132331,0.0069267,0.0061088,0,0.0069267,0.0062127,73,750,2.34656541775505,0.316946328405102,0.956603422626436,3,5,0
狭窄,RRT*,6,20262909,1,219.119486250253,0.0238827,0.0087545,0.0237756,0,NaN,NaN,550,750,4.97192485109225,0.151453416469263,0.92938677644189,NaN,NaN,0
狭窄,Informed-RRT*,6,20262909,1,216.901582377983,0.0276428,0.0097011,0.027498,0,NaN,NaN,522,750,6.69960767006358,0.0345642298416848,0.938890121266339,NaN,NaN,0
狭窄,PRM*,6,20262909,1,222.446636086525,0.0941711,0.0001695,0.0940445,0,NaN,NaN,752,750,3.91580422458673,0.417845347023188,0.915485873665956,NaN,NaN,0
狭窄,FMT*,6,20262909,0,Inf,0.0097304,NaN,0.0096366,0,NaN,NaN,752,750,NaN,NaN,NaN,NaN,NaN,0
狭窄,BIT*,6,20262909,0,Inf,0.0129908,NaN,0.0128082,0,NaN,NaN,34,750,NaN,NaN,NaN,NaN,NaN,0
狭窄,RRT#,6,20262909,1,219.116056601443,0.0301949,0.0102128,0.0300753,0,NaN,NaN,550,750,4.81100500458699,0.151454122365035,0.929401323391579,NaN,NaN,0
狭窄,APF-only,6,20262909,1,279.791130115633,0.0071951,0.0070985,0.0071951,NaN,NaN,NaN,NaN,64,46.4502175583217,0.0632608111899984,0.727852783959099,3,5,0
狭窄,AB-IRRT*,6,20262909,1,212.885243942151,0.015827,0.0091508,0.0064884,0,0.0091508,0.0065855,65,750,2.34656541775505,0.316946328405102,0.956603422626436,3,5,0
狭窄,RRT*,7,20262910,1,219.775451425182,0.0222159,0.0073093,0.0220944,0,NaN,NaN,531,750,6.44125861581756,0.12535713450254,0.926612829873099,NaN,NaN,0
狭窄,Informed-RRT*,7,20262910,1,218.486750631964,0.0227294,0.0081481,0.0225641,0,NaN,NaN,503,750,5.19891311988929,0.140570559656673,0.932078271989885,NaN,NaN,0
狭窄,PRM*,7,20262910,1,228.227994982852,0.0952684,0.0140815,0.0951686,0,NaN,NaN,752,750,4.53727465497716,0.732284964946387,0.892295237475256,NaN,NaN,0
狭窄,FMT*,7,20262910,1,252.249178879998,0.0327875,0.0089717,0.0326832,0,NaN,NaN,752,750,2.89395854418946,0.587316092217129,0.807323749817264,NaN,NaN,0
狭窄,BIT*,7,20262910,1,241.012683471385,0.0834197,0.029967,0.0830537,0,NaN,NaN,265,750,2.19063807632149,0.21827501730311,0.844962804648016,NaN,NaN,0
狭窄,RRT#,7,20262910,1,217.676431148025,0.0255014,0.0079088,0.0253734,0,NaN,NaN,531,750,5.1364801663726,0.139900323344133,0.93554801458152,NaN,NaN,0
狭窄,APF-only,7,20262910,1,279.791130115633,0.0079234,0.0078231,0.0079234,NaN,NaN,NaN,NaN,64,46.4502175583217,0.0632608111899984,0.727852783959099,3,5,0
狭窄,AB-IRRT*,7,20262910,1,212.885243942151,0.0229433,0.0080329,0.0142278,0,0.0080329,0.0148147,418,750,2.34656541775505,0.316946328405102,0.956603422626436,3,5,0
狭窄,RRT*,8,20262911,1,215.880663872753,0.0290663,0.0146599,0.028981,0,NaN,NaN,605,750,5.79972691357231,0.381513600981757,0.94333021461228,NaN,NaN,0
狭窄,Informed-RRT*,8,20262911,1,215.096067905122,0.0292748,0.012366,0.0290972,0,NaN,NaN,554,750,5.53270806380211,0.257204477261341,0.946771156558536,NaN,NaN,0
狭窄,PRM*,8,20262911,1,237.188695128607,0.0938792,0.0022946,0.0937783,0,NaN,NaN,752,750,1.69300604380633,1,0.858585409693771,NaN,NaN,0
狭窄,FMT*,8,20262911,0,Inf,0.0160205,NaN,0.0159174,0,NaN,NaN,752,750,NaN,NaN,NaN,NaN,NaN,0
狭窄,BIT*,8,20262911,0,Inf,0.1778162,NaN,0.1775589,0,NaN,NaN,606,750,NaN,NaN,NaN,NaN,NaN,0
狭窄,RRT#,8,20262911,1,215.805394195529,0.0321374,0.0099774,0.0319838,0,NaN,NaN,605,750,5.47736322004368,0.381325837450847,0.943659234009753,NaN,NaN,0
狭窄,APF-only,8,20262911,1,279.791130115633,0.0092469,0.0091305,0.0092469,NaN,NaN,NaN,NaN,64,46.4502175583217,0.0632608111899984,0.727852783959099,3,5,0
狭窄,AB-IRRT*,8,20262911,1,212.885243942151,0.0237611,0.008581,0.0149085,0,0.008581,0.0150653,324,750,2.34656541775505,0.316946328405102,0.956603422626436,3,5,0
狭窄,RRT*,9,20262912,1,214.699572438328,0.0227483,0.0074586,0.0226374,0,NaN,NaN,514,750,5.74165150366058,0.0591407496934906,0.948519601920601,NaN,NaN,0
狭窄,Informed-RRT*,9,20262912,1,215.390504574139,0.0198389,0.0059964,0.0196815,0,NaN,NaN,495,750,5.88584903976262,0.03604543413946,0.945476929841299,NaN,NaN,0
狭窄,PRM*,9,20262912,1,245.984584051145,0.0798525,0.0600041,0.0797584,0,NaN,NaN,752,750,3.0802762672836,1,0.827884209765697,NaN,NaN,0
狭窄,FMT*,9,20262912,1,259.302807958141,0.0404211,0.0399447,0.0402872,0,NaN,NaN,752,750,10.2083646343447,0.676308237253202,0.785362698481076,NaN,NaN,0
狭窄,BIT*,9,20262912,0,Inf,0.1901446,NaN,0.1900529,0,NaN,NaN,623,750,NaN,NaN,NaN,NaN,NaN,0
狭窄,RRT#,9,20262912,1,214.598177844591,0.0314509,0.0109989,0.0313313,0,NaN,NaN,514,750,6.40149325839842,0.0422655391682554,0.948967763972368,NaN,NaN,0
狭窄,APF-only,9,20262912,1,279.791130115633,0.0089488,0.0088367,0.0089488,NaN,NaN,NaN,NaN,64,46.4502175583217,0.0632608111899984,0.727852783959099,3,5,0
狭窄,AB-IRRT*,9,20262912,1,212.885243942151,0.0186035,0.0109578,0.0073872,0,0.0109578,0.0075182,58,750,2.34656541775505,0.316946328405102,0.956603422626436,3,5,0
狭窄,RRT*,10,20262913,1,224.463663468949,0.012365,0.0102768,0.0122398,0,NaN,NaN,216,750,4.16307750300073,0.0192642834470176,0.907259330238529,NaN,NaN,0
狭窄,Informed-RRT*,10,20262913,1,224.545011949375,0.0137012,0.0118025,0.0135197,0,NaN,NaN,209,750,4.13586821661978,0.338101948419835,0.90693064706171,NaN,NaN,0
狭窄,PRM*,10,20262913,1,224.439272670718,0.1096392,0.0009593,0.1095246,0,NaN,NaN,752,750,2.56074043536954,0.80664645407828,0.907357926081422,NaN,NaN,0
狭窄,FMT*,10,20262913,1,259.328138950394,0.1368255,0.0113822,0.1367125,0,NaN,NaN,752,750,5.909853942598,0.903977393996826,0.785285984798897,NaN,NaN,0
狭窄,BIT*,10,20262913,0,Inf,0.3066705,NaN,0.3065659,0,NaN,NaN,612,750,NaN,NaN,NaN,NaN,NaN,0
狭窄,RRT#,10,20262913,1,224.463663468949,0.0114992,0.0097339,0.0113859,0,NaN,NaN,216,750,4.16307750300073,0.0192642834470176,0.907259330238529,NaN,NaN,0
狭窄,APF-only,10,20262913,1,279.791130115633,0.0086577,0.008554,0.0086577,NaN,NaN,NaN,NaN,64,46.4502175583217,0.0632608111899984,0.727852783959099,3,5,0
狭窄,AB-IRRT*,10,20262913,1,212.885243942151,0.0284893,0.0107432,0.0174553,0,0.0107432,0.0176187,401,750,2.34656541775505,0.316946328405102,0.956603422626436,3,5,0
狭窄,RRT*,11,20262914,0,Inf,0.0088777,NaN,0.0088041,0,NaN,NaN,132,750,NaN,NaN,NaN,NaN,NaN,0
狭窄,Informed-RRT*,11,20262914,0,Inf,0.0080913,NaN,0.0079791,0,NaN,NaN,132,750,NaN,NaN,NaN,NaN,NaN,0
狭窄,PRM*,11,20262914,1,241.19718008387,0.0911485,0.0025957,0.0910454,0,NaN,NaN,752,750,3.51112437134686,1,0.844316475470042,NaN,NaN,0
狭窄,FMT*,11,20262914,1,241.831914894954,0.0275367,0.0085487,0.0274253,0,NaN,NaN,752,750,4.04387795188292,0.125718510713621,0.8421004029604,NaN,NaN,0
狭窄,BIT*,11,20262914,1,239.413247765181,0.1577723,0.0442563,0.1575553,0,NaN,NaN,532,750,4.05030652420451,0.131467618160476,0.850607703970769,NaN,NaN,0
狭窄,RRT#,11,20262914,0,Inf,0.0100676,NaN,0.0099826,0,NaN,NaN,132,750,NaN,NaN,NaN,NaN,NaN,0
狭窄,APF-only,11,20262914,1,279.791130115633,0.0102549,0.0101091,0.0102549,NaN,NaN,NaN,NaN,64,46.4502175583217,0.0632608111899984,0.727852783959099,3,5,0
狭窄,AB-IRRT*,11,20262914,1,212.885243942151,0.0161851,0.0091197,0.0068519,0,0.0091197,0.0069649,82,750,2.34656541775505,0.316946328405102,0.956603422626436,3,5,0
狭窄,RRT*,12,20262915,1,224.390015940259,0.0128919,0.0100548,0.0127988,0,NaN,NaN,307,750,5.78392853035487,0.0177873351661064,0.907557103770357,NaN,NaN,0
狭窄,Informed-RRT*,12,20262915,1,223.798578843742,0.0104087,0.0079311,0.0102953,0,NaN,NaN,297,750,4.28027953714976,0.0172501088238706,0.909955523550993,NaN,NaN,0
狭窄,PRM*,12,20262915,1,238.613685513684,0.0843056,0.0292379,0.0842144,0,NaN,NaN,752,750,2.55533870995031,1,0.853457975569665,NaN,NaN,0
狭窄,FMT*,12,20262915,1,241.684377273069,0.0919386,0.0193329,0.0918203,0,NaN,NaN,752,750,9.14664710837954,0.442446403834899,0.842614468007726,NaN,NaN,0
狭窄,BIT*,12,20262915,0,Inf,0.2798217,NaN,0.2786949,0,NaN,NaN,617,750,NaN,NaN,NaN,NaN,NaN,0
狭窄,RRT#,12,20262915,1,224.390015940259,0.0146067,0.0114671,0.0144933,0,NaN,NaN,307,750,5.78392853035487,0.0177873351661064,0.907557103770357,NaN,NaN,0
狭窄,APF-only,12,20262915,1,279.791130115633,0.0078406,0.0077436,0.0078406,NaN,NaN,NaN,NaN,64,46.4502175583217,0.0632608111899984,0.727852783959099,3,5,0
狭窄,AB-IRRT*,12,20262915,1,212.885243942151,0.02026,0.0128392,0.0072044,0,0.0128392,0.0073173,79,750,2.34656541775505,0.316946328405102,0.956603422626436,3,5,0
狭窄,RRT*,13,20262916,1,215.677456257609,0.0249574,0.0094421,0.0248543,0,NaN,NaN,524,750,7.23843073396454,0.0176768648345558,0.944219004226785,NaN,NaN,0
狭窄,Informed-RRT*,13,20262916,1,216.387744543474,0.0260768,0.009392,0.0259149,0,NaN,NaN,483,750,6.82582989742425,0.0747550440969279,0.941119624918553,NaN,NaN,0
狭窄,PRM*,13,20262916,1,239.664721395571,0.0790835,0.0015399,0.0789959,0,NaN,NaN,752,750,2.2541487057214,0.802946638017572,0.849715184595747,NaN,NaN,0
狭窄,FMT*,13,20262916,1,259.792021053853,0.1250789,0.0086038,0.124936,0,NaN,NaN,752,750,3.53821543583464,1,0.783883785789985,NaN,NaN,0
狭窄,BIT*,13,20262916,1,247.604173035283,0.0638987,0.032052,0.0637758,0,NaN,NaN,224,750,1.68332073517097,0.587641327162864,0.82246898541854,NaN,NaN,0
狭窄,RRT#,13,20262916,1,213.878895426389,0.0286408,0.0123655,0.0285132,0,NaN,NaN,524,750,5.77464926758058,0.03270180208086,0.952159176695463,NaN,NaN,0
狭窄,APF-only,13,20262916,1,279.791130115633,0.008313,0.0081968,0.008313,NaN,NaN,NaN,NaN,64,46.4502175583217,0.0632608111899984,0.727852783959099,3,5,0
狭窄,AB-IRRT*,13,20262916,1,212.885243942151,0.0161271,0.0085518,0.0073775,0,0.0085518,0.0074794,66,750,2.34656541775505,0.316946328405102,0.956603422626436,3,5,0
狭窄,RRT*,14,20262917,1,224.665409071426,0.0196852,0.0069899,0.0195724,0,NaN,NaN,467,750,7.45790568101464,0.0181455338599967,0.906444627250035,NaN,NaN,0
狭窄,Informed-RRT*,14,20262917,1,225.785191140371,0.0237411,0.0086841,0.0235947,0,NaN,NaN,437,750,7.10202733407693,0.0829879234227278,0.901949113461201,NaN,NaN,0
狭窄,PRM*,14,20262917,1,227.53607586556,0.0912862,0.0020738,0.0912006,0,NaN,NaN,752,750,5.179781646349,0.393431372898185,0.895008636353781,NaN,NaN,0
狭窄,FMT*,14,20262917,1,257.462269761535,0.0516434,0.0187484,0.0515466,0,NaN,NaN,752,750,7.93348156045989,0.190679393068802,0.790977074700483,NaN,NaN,0
狭窄,BIT*,14,20262917,1,247.477787800264,0.1115038,0.043299,0.1113656,0,NaN,NaN,442,750,3.71593526492874,0.433983731205888,0.822889014775282,NaN,NaN,0
狭窄,RRT#,14,20262917,1,223.957529868698,0.0239635,0.0082422,0.0238005,0,NaN,NaN,467,750,7.15601838562428,0.0192766894700096,0.909309694124238,NaN,NaN,0
狭窄,APF-only,14,20262917,1,279.791130115633,0.0088025,0.0086658,0.0088025,NaN,NaN,NaN,NaN,64,46.4502175583217,0.0632608111899984,0.727852783959099,3,5,0
狭窄,AB-IRRT*,14,20262917,1,212.885243942151,0.0229062,0.0085977,0.0140797,0,0.0085977,0.0142035,294,750,2.34656541775505,0.316946328405102,0.956603422626436,3,5,0
狭窄,RRT*,15,20262918,1,219.625155346468,0.0266351,0.0097358,0.0265303,0,NaN,NaN,588,750,5.25098610345888,0.0566320818746817,0.927246938814747,NaN,NaN,0
狭窄,Informed-RRT*,15,20262918,1,218.061782474207,0.0257176,0.0091183,0.0255631,0,NaN,NaN,524,750,7.32834237233923,0.0538564910942867,0.933894746117713,NaN,NaN,0
狭窄,PRM*,15,20262918,1,224.343394772082,0.1104386,0.0053268,0.1103255,0,NaN,NaN,752,750,7.86700423291122,0.101161429667968,0.907745704698004,NaN,NaN,0
狭窄,FMT*,15,20262918,0,Inf,0.0147444,NaN,0.0146554,0,NaN,NaN,752,750,NaN,NaN,NaN,NaN,NaN,0
狭窄,BIT*,15,20262918,1,241.314863760384,0.1652471,0.0468593,0.1651289,0,NaN,NaN,511,750,5.27498172808371,0.600705868165857,0.843904721857246,NaN,NaN,0
狭窄,RRT#,15,20262918,1,219.616435973261,0.0311692,0.0105647,0.0310438,0,NaN,NaN,588,750,5.73919493001928,0.074978271852757,0.927283753054441,NaN,NaN,0
狭窄,APF-only,15,20262918,1,279.791130115633,0.0126466,0.0125393,0.0126466,NaN,NaN,NaN,NaN,64,46.4502175583217,0.0632608111899984,0.727852783959099,3,5,0
狭窄,AB-IRRT*,15,20262918,1,212.885243942151,0.0153806,0.0091431,0.0060362,0,0.0091431,0.0061438,75,750,2.34656541775505,0.316946328405102,0.956603422626436,3,5,0
狭窄,RRT*,16,20262919,0,Inf,0.0051789,NaN,0.0051127,0,NaN,NaN,38,750,NaN,NaN,NaN,NaN,NaN,0
狭窄,Informed-RRT*,16,20262919,0,Inf,0.0053516,NaN,0.0052542,0,NaN,NaN,38,750,NaN,NaN,NaN,NaN,NaN,0
狭窄,PRM*,16,20262919,1,224.713738991002,0.0942,0.001091,0.094107,0,NaN,NaN,752,750,4.02979089659653,0.573717322052014,0.906249675236278,NaN,NaN,0
狭窄,FMT*,16,20262919,1,234.443077148992,0.0455263,0.0053125,0.0454252,0,NaN,NaN,752,750,4.99766781463385,0.687018441876758,0.868640505227225,NaN,NaN,0
狭窄,BIT*,16,20262919,0,Inf,0.2507542,NaN,0.2506509,0,NaN,NaN,639,750,NaN,NaN,NaN,NaN,NaN,0
狭窄,RRT#,16,20262919,0,Inf,0.0065456,NaN,0.0064641,0,NaN,NaN,38,750,NaN,NaN,NaN,NaN,NaN,0
狭窄,APF-only,16,20262919,1,279.791130115633,0.0094442,0.0093234,0.0094442,NaN,NaN,NaN,NaN,64,46.4502175583217,0.0632608111899984,0.727852783959099,3,5,0
狭窄,AB-IRRT*,16,20262919,1,212.885243942151,0.028535,0.0101848,0.0181099,0,0.0101848,0.0182405,380,750,2.34656541775505,0.316946328405102,0.956603422626436,3,5,0
狭窄,RRT*,17,20262920,0,Inf,0.005536,NaN,0.0054826,0,NaN,NaN,51,750,NaN,NaN,NaN,NaN,NaN,0
狭窄,Informed-RRT*,17,20262920,0,Inf,0.0068705,NaN,0.0067693,0,NaN,NaN,51,750,NaN,NaN,NaN,NaN,NaN,0
狭窄,PRM*,17,20262920,1,226.39730500948,0.1078894,0.0008685,0.1077747,0,NaN,NaN,752,750,2.3217041327364,0.0516565217286594,0.8995104997968,NaN,NaN,0
狭窄,FMT*,17,20262920,1,238.042842192098,0.0650723,0.009885,0.0649137,0,NaN,NaN,752,750,6.7640504481291,0.135451585073369,0.855504627261108,NaN,NaN,0
狭窄,BIT*,17,20262920,1,223.525539516299,0.2104956,0.0315901,0.2103394,0,NaN,NaN,476,750,5.74571593248236,0.149866726555082,0.911067045951035,NaN,NaN,0
狭窄,RRT#,17,20262920,0,Inf,0.0063324,NaN,0.0062411,0,NaN,NaN,51,750,NaN,NaN,NaN,NaN,NaN,0
狭窄,APF-only,17,20262920,1,279.791130115633,0.0091044,0.008997,0.0091044,NaN,NaN,NaN,NaN,64,46.4502175583217,0.0632608111899984,0.727852783959099,3,5,0
狭窄,AB-IRRT*,17,20262920,1,212.885243942151,0.0228298,0.0099275,0.0126756,0,0.0099275,0.012796,260,750,2.34656541775505,0.316946328405102,0.956603422626436,3,5,0
狭窄,RRT*,18,20262921,1,222.66383997506,0.0252385,0.010624,0.0250875,0,NaN,NaN,540,750,8.39742338524935,0.0366441774654476,0.914592836468352,NaN,NaN,0
狭窄,Informed-RRT*,18,20262921,1,222.759955858823,0.0171815,0.0078635,0.0170675,0,NaN,NaN,505,750,6.90555876650012,0.0651039969924483,0.914198210340773,NaN,NaN,0
狭窄,PRM*,18,20262921,1,224.716184258753,0.0909797,0.0124908,0.090843,0,NaN,NaN,752,750,3.43865389002507,0.216969558870461,0.90623981380546,NaN,NaN,0
狭窄,FMT*,18,20262921,0,Inf,0.0137388,NaN,0.0136358,0,NaN,NaN,752,750,NaN,NaN,NaN,NaN,NaN,0
狭窄,BIT*,18,20262921,0,Inf,0.01649,NaN,0.0163937,0,NaN,NaN,39,750,NaN,NaN,NaN,NaN,NaN,0
狭窄,RRT#,18,20262921,1,223.933162842691,0.0270444,0.0135462,0.0268853,0,NaN,NaN,540,750,7.61762198217127,0.0336612509174543,0.909408639598343,NaN,NaN,0
狭窄,APF-only,18,20262921,1,279.791130115633,0.0081875,0.0080513,0.0081875,NaN,NaN,NaN,NaN,64,46.4502175583217,0.0632608111899984,0.727852783959099,3,5,0
狭窄,AB-IRRT*,18,20262921,1,212.885243942151,0.0177293,0.0071422,0.0101983,0,0.0071422,0.0104941,139,750,2.34656541775505,0.316946328405102,0.956603422626436,3,5,0
狭窄,RRT*,19,20262922,0,Inf,0.0079247,NaN,0.0078642,0,NaN,NaN,222,750,NaN,NaN,NaN,NaN,NaN,0
狭窄,Informed-RRT*,19,20262922,0,Inf,0.009037,NaN,0.0089432,0,NaN,NaN,222,750,NaN,NaN,NaN,NaN,NaN,0
狭窄,PRM*,19,20262922,1,222.855247713868,0.0903772,0.0038869,0.0902815,0,NaN,NaN,752,750,2.54744319277633,0.0952074165177184,0.913807303488742,NaN,NaN,0
狭窄,FMT*,19,20262922,1,253.624289325936,0.0971245,0.0241014,0.0969934,0,NaN,NaN,752,750,6.74365565114671,1,0.802946569206613,NaN,NaN,0
狭窄,BIT*,19,20262922,1,225.368937619393,0.1626502,0.0283343,0.1624898,0,NaN,NaN,441,750,4.33577784482725,0.530334480777847,0.903615001840439,NaN,NaN,0
狭窄,RRT#,19,20262922,0,Inf,0.0114353,NaN,0.011348,0,NaN,NaN,222,750,NaN,NaN,NaN,NaN,NaN,0
狭窄,APF-only,19,20262922,1,279.791130115633,0.0078516,0.0077472,0.0078516,NaN,NaN,NaN,NaN,64,46.4502175583217,0.0632608111899984,0.727852783959099,3,5,0
狭窄,AB-IRRT*,19,20262922,1,212.885243942151,0.0231833,0.0084249,0.0145145,0,0.0084249,0.0146483,307,750,2.34656541775505,0.316946328405102,0.956603422626436,3,5,0
狭窄,RRT*,20,20262923,1,236.180144152474,0.0265644,0.0194828,0.0264562,0,NaN,NaN,483,750,6.98398701773092,0.0911538944588912,0.862251793911406,NaN,NaN,0
狭窄,Informed-RRT*,20,20262923,1,233.832183994827,0.0263313,0.0208321,0.0261677,0,NaN,NaN,470,750,9.39150378311076,0.0702097550166272,0.87090985296631,NaN,NaN,0
狭窄,PRM*,20,20262923,1,225.740977389059,0.1095018,0.0026283,0.1094013,0,NaN,NaN,752,750,6.4380321459892,0.304573546313078,0.902125769707932,NaN,NaN,0
狭窄,FMT*,20,20262923,1,251.466393435637,0.0869667,0.0095412,0.0868469,0,NaN,NaN,752,750,10.0943329807047,0.294960713956072,0.809836854139514,NaN,NaN,0
狭窄,BIT*,20,20262923,0,Inf,0.2475229,NaN,0.246413,0,NaN,NaN,620,750,NaN,NaN,NaN,NaN,NaN,0
狭窄,RRT#,20,20262923,1,234.610245944681,0.0272868,0.0202134,0.027151,0,NaN,NaN,483,750,7.25856657239761,0.0943477958247811,0.868021565561737,NaN,NaN,0
狭窄,APF-only,20,20262923,1,279.791130115633,0.0085465,0.00844,0.0085465,NaN,NaN,NaN,NaN,64,46.4502175583217,0.0632608111899984,0.727852783959099,3,5,0
狭窄,AB-IRRT*,20,20262923,1,212.885243942151,0.0232006,0.0084998,0.0144973,0,0.0084998,0.0146135,296,750,2.34656541775505,0.316946328405102,0.956603422626436,3,5,0
狭窄,RRT*,21,20262924,1,220.261770121201,0.0245558,0.0102891,0.024439,0,NaN,NaN,543,750,8.65108384566289,0.142506486082867,0.924566949905411,NaN,NaN,0
狭窄,Informed-RRT*,21,20262924,1,225.161081289042,0.0250349,0.0121534,0.0248467,0,NaN,NaN,508,750,6.80642642107245,0.0534660294489591,0.904449169527225,NaN,NaN,0
狭窄,PRM*,21,20262924,1,225.562005262967,0.0820595,0.0094192,0.0819642,0,NaN,NaN,752,750,3.60077397299057,0.559795158986239,0.902841561211996,NaN,NaN,0
狭窄,FMT*,21,20262924,0,Inf,0.0081823,NaN,0.0081047,0,NaN,NaN,752,750,NaN,NaN,NaN,NaN,NaN,0
狭窄,BIT*,21,20262924,0,Inf,0.0162902,NaN,0.016129,0,NaN,NaN,38,750,NaN,NaN,NaN,NaN,NaN,0
狭窄,RRT#,21,20262924,1,222.157557092025,0.0295049,0.0136007,0.0293789,0,NaN,NaN,543,750,9.86849633651118,0.197751426679417,0.91667713512608,NaN,NaN,0
狭窄,APF-only,21,20262924,1,279.791130115633,0.0077011,0.0076077,0.0077011,NaN,NaN,NaN,NaN,64,46.4502175583217,0.0632608111899984,0.727852783959099,3,5,0
狭窄,AB-IRRT*,21,20262924,1,212.885243942151,0.0277148,0.0104982,0.0169672,0,0.0104982,0.0170771,430,750,2.34656541775505,0.316946328405102,0.956603422626436,3,5,0
狭窄,RRT*,22,20262925,1,223.092415815217,0.0156119,0.0137632,0.0155235,0,NaN,NaN,256,750,3.80250045713306,0.221918904566453,0.912835840866962,NaN,NaN,0
狭窄,Informed-RRT*,22,20262925,1,222.41703268071,0.0113629,0.0098049,0.0112386,0,NaN,NaN,252,750,3.37630764099849,0.229576881504249,0.915607723595836,NaN,NaN,0
狭窄,PRM*,22,20262925,1,226.926543715033,0.0869556,0.0129324,0.0868509,0,NaN,NaN,752,750,4.57690100590534,0.281731257890543,0.897412658950371,NaN,NaN,0
狭窄,FMT*,22,20262925,1,255.353129012325,0.0983535,0.0057964,0.0981939,0,NaN,NaN,752,750,6.44644065158658,0.120849919516569,0.797510309622627,NaN,NaN,0
狭窄,BIT*,22,20262925,0,Inf,0.3418966,NaN,0.3417596,0,NaN,NaN,638,750,NaN,NaN,NaN,NaN,NaN,0
狭窄,RRT#,22,20262925,1,223.065980597321,0.0169906,0.014482,0.0167635,0,NaN,NaN,256,750,4.00028980723744,0.159874932898528,0.912944019686037,NaN,NaN,0
狭窄,APF-only,22,20262925,1,279.791130115633,0.0082555,0.0081499,0.0082555,NaN,NaN,NaN,NaN,64,46.4502175583217,0.0632608111899984,0.727852783959099,3,5,0
狭窄,AB-IRRT*,22,20262925,1,212.885243942151,0.014662,0.0080872,0.0063859,0,0.0080872,0.006487,80,750,2.34656541775505,0.316946328405102,0.956603422626436,3,5,0
狭窄,RRT*,23,20262926,1,218.740032578997,0.0209283,0.0075743,0.0208226,0,NaN,NaN,489,750,6.50233783277963,0.0611314586794833,0.93099900635783,NaN,NaN,0
狭窄,Informed-RRT*,23,20262926,1,218.38115388139,0.0212622,0.0098203,0.0211161,0,NaN,NaN,453,750,7.37498781903466,0.122971933934437,0.93252897222227,NaN,NaN,0
狭窄,PRM*,23,20262926,1,239.153224045681,0.1024361,0.0150168,0.102336,0,NaN,NaN,752,750,2.51793511878439,0.21652246905532,0.851532542763576,NaN,NaN,0
狭窄,FMT*,23,20262926,1,242.212666575332,0.0619378,0.0341651,0.0617984,0,NaN,NaN,752,750,10.8899221892057,1,0.840776644182595,NaN,NaN,0
狭窄,BIT*,23,20262926,0,Inf,0.274266,NaN,0.2741541,0,NaN,NaN,614,750,NaN,NaN,NaN,NaN,NaN,0
狭窄,RRT#,23,20262926,1,217.973860510844,0.0259642,0.0112954,0.0258166,0,NaN,NaN,489,750,6.12887019053831,0.0996749778688582,0.934271442018135,NaN,NaN,0
狭窄,APF-only,23,20262926,1,279.791130115633,0.0090542,0.0089483,0.0090542,NaN,NaN,NaN,NaN,64,46.4502175583217,0.0632608111899984,0.727852783959099,3,5,0
狭窄,AB-IRRT*,23,20262926,1,212.885243942151,0.0170777,0.009191,0.0076855,0,0.009191,0.0077907,84,750,2.34656541775505,0.316946328405102,0.956603422626436,3,5,0
狭窄,RRT*,24,20262927,1,225.511124152553,0.0141044,0.0106952,0.0140179,0,NaN,NaN,332,750,5.41634889344946,0.417973156380395,0.90304526549193,NaN,NaN,0
狭窄,Informed-RRT*,24,20262927,1,225.298874469736,0.0155232,0.0125663,0.0153812,0,NaN,NaN,319,750,5.84290824113044,0.418539539039489,0.903896006853249,NaN,NaN,0
狭窄,PRM*,24,20262927,1,240.851008212456,0.0938923,0.0299094,0.0938016,0,NaN,NaN,752,750,2.12660859395279,1,0.845530000032585,NaN,NaN,0
狭窄,FMT*,24,20262927,0,Inf,0.0113574,NaN,0.0112718,0,NaN,NaN,752,750,NaN,NaN,NaN,NaN,NaN,0
狭窄,BIT*,24,20262927,0,Inf,0.016014,NaN,0.015944,0,NaN,NaN,41,750,NaN,NaN,NaN,NaN,NaN,0
狭窄,RRT#,24,20262927,1,225.511124152553,0.0157881,0.0121115,0.015692,0,NaN,NaN,332,750,5.41634889344946,0.417973156380395,0.90304526549193,NaN,NaN,0
狭窄,APF-only,24,20262927,1,279.791130115633,0.0072404,0.0071494,0.0072404,NaN,NaN,NaN,NaN,64,46.4502175583217,0.0632608111899984,0.727852783959099,3,5,0
狭窄,AB-IRRT*,24,20262927,1,212.885243942151,0.0151075,0.0090658,0.0058495,0,0.0090658,0.0059516,75,750,2.34656541775505,0.316946328405102,0.956603422626436,3,5,0
狭窄,RRT*,25,20262928,0,Inf,0.0096717,NaN,0.0096174,0,NaN,NaN,224,750,NaN,NaN,NaN,NaN,NaN,0
狭窄,Informed-RRT*,25,20262928,0,Inf,0.0107914,NaN,0.0106892,0,NaN,NaN,224,750,NaN,NaN,NaN,NaN,NaN,0
狭窄,PRM*,25,20262928,1,224.73516526794,0.097593,0.0155731,0.0974921,0,NaN,NaN,752,750,3.28540679224594,0.67934204666016,0.906163273286262,NaN,NaN,0
狭窄,FMT*,25,20262928,1,230.508337598713,0.0311201,0.0105618,0.0310079,0,NaN,NaN,752,750,9.82238593360789,0.184231608919617,0.883468056310613,NaN,NaN,0
狭窄,BIT*,25,20262928,1,220.851709526133,0.1375108,0.0659145,0.1373887,0,NaN,NaN,466,750,4.62638468355835,0.0525358433694763,0.922097245335691,NaN,NaN,0
狭窄,RRT#,25,20262928,0,Inf,0.0132531,NaN,0.0131612,0,NaN,NaN,224,750,NaN,NaN,NaN,NaN,NaN,0
狭窄,APF-only,25,20262928,1,279.791130115633,0.0088149,0.0087052,0.0088149,NaN,NaN,NaN,NaN,64,46.4502175583217,0.0632608111899984,0.727852783959099,3,5,0
狭窄,AB-IRRT*,25,20262928,1,212.885243942151,0.0163511,0.0085523,0.0075605,0,0.0085523,0.0076939,81,750,2.34656541775505,0.316946328405102,0.956603422626436,3,5,0
狭窄,RRT*,26,20262929,0,Inf,0.0061581,NaN,0.0060825,0,NaN,NaN,44,750,NaN,NaN,NaN,NaN,NaN,0
狭窄,Informed-RRT*,26,20262929,0,Inf,0.0046719,NaN,0.00458,0,NaN,NaN,44,750,NaN,NaN,NaN,NaN,NaN,0
狭窄,PRM*,26,20262929,1,228.539555327145,0.098964,0.000839,0.0988527,0,NaN,NaN,752,750,5.07476542423141,0.458470173227037,0.891078801173888,NaN,NaN,0
狭窄,FMT*,26,20262929,1,251.17021211389,0.0312674,0.0078349,0.0311347,0,NaN,NaN,752,750,4.18429689570146,1,0.810791818296449,NaN,NaN,0
狭窄,BIT*,26,20262929,1,246.092555025728,0.1460398,0.0410259,0.1459082,0,NaN,NaN,469,750,4.87996766712413,0.313845885589794,0.827520982747467,NaN,NaN,0
狭窄,RRT#,26,20262929,0,Inf,0.0077341,NaN,0.0076537,0,NaN,NaN,44,750,NaN,NaN,NaN,NaN,NaN,0
狭窄,APF-only,26,20262929,1,279.791130115633,0.0082326,0.0081262,0.0082326,NaN,NaN,NaN,NaN,64,46.4502175583217,0.0632608111899984,0.727852783959099,3,5,0
狭窄,AB-IRRT*,26,20262929,1,212.885243942151,0.0213719,0.0086657,0.0124953,0,0.0086657,0.0126101,215,750,2.34656541775505,0.316946328405102,0.956603422626436,3,5,0
狭窄,RRT*,27,20262930,1,241.476639588525,0.0157621,0.0103939,0.015671,0,NaN,NaN,408,750,5.04747655737242,0.160917493370711,0.843339352944196,NaN,NaN,0
狭窄,Informed-RRT*,27,20262930,1,244.874444511405,0.0167401,0.012014,0.0165961,0,NaN,NaN,376,750,7.32577140630328,0.16035999891332,0.831637427041679,NaN,NaN,0
狭窄,PRM*,27,20262930,1,222.599274358002,0.1007793,0.0021601,0.1006763,0,NaN,NaN,752,750,2.31029679290048,0.608782056097274,0.914858116986511,NaN,NaN,0
狭窄,FMT*,27,20262930,1,243.59605840021,0.0264937,0.0112471,0.02638,0,NaN,NaN,752,750,5.2095334042599,1,0.836001839763553,NaN,NaN,0
狭窄,BIT*,27,20262930,1,240.278176913746,0.2027406,0.0637667,0.2026214,0,NaN,NaN,524,750,3.31484715514872,1,0.847545772144049,NaN,NaN,0
狭窄,RRT#,27,20262930,1,240.930978084283,0.0234691,0.0155152,0.0231481,0,NaN,NaN,408,750,4.17269502328951,0.161541155911605,0.845249351498856,NaN,NaN,0
狭窄,APF-only,27,20262930,1,279.791130115633,0.0078008,0.0077007,0.0078008,NaN,NaN,NaN,NaN,64,46.4502175583217,0.0632608111899984,0.727852783959099,3,5,0
狭窄,AB-IRRT*,27,20262930,1,212.885243942151,0.0153959,0.0084398,0.0067292,0,0.0084398,0.0068443,75,750,2.34656541775505,0.316946328405102,0.956603422626436,3,5,0
狭窄,RRT*,28,20262931,1,274.411256475546,0.0128053,0.0117881,0.0127155,0,NaN,NaN,284,750,6.82523000592877,0.25766729896114,0.742122446423307,NaN,NaN,0
狭窄,Informed-RRT*,28,20262931,1,274.411256475546,0.0127317,0.0118345,0.0125673,0,NaN,NaN,281,750,6.82523000592877,0.25766729896114,0.742122446423307,NaN,NaN,0
狭窄,PRM*,28,20262931,1,229.016816413532,0.1032714,0.0068084,0.1031567,0,NaN,NaN,752,750,6.73132263441247,0.572051508013629,0.889221831701669,NaN,NaN,0
狭窄,FMT*,28,20262931,1,244.952401523998,0.0768181,0.0158286,0.0766821,0,NaN,NaN,752,750,6.83948188300606,0.708435362524967,0.831372755338242,NaN,NaN,0
狭窄,BIT*,28,20262931,0,Inf,0.3051778,NaN,0.3050618,0,NaN,NaN,622,750,NaN,NaN,NaN,NaN,NaN,0
狭窄,RRT#,28,20262931,1,274.310315666964,0.0156805,0.0147392,0.0155538,0,NaN,NaN,284,750,7.3941325484824,0.211692060490456,0.742395532907958,NaN,NaN,0
狭窄,APF-only,28,20262931,1,279.791130115633,0.0088884,0.0087728,0.0088884,NaN,NaN,NaN,NaN,64,46.4502175583217,0.0632608111899984,0.727852783959099,3,5,0
狭窄,AB-IRRT*,28,20262931,1,212.885243942151,0.0161564,0.008966,0.0069804,0,0.008966,0.007089,71,750,2.34656541775505,0.316946328405102,0.956603422626436,3,5,0
狭窄,RRT*,29,20262932,1,234.410656146669,0.0265706,0.0086337,0.0264561,0,NaN,NaN,508,750,7.49154693259891,0.0281437542732501,0.868760645652156,NaN,NaN,0
狭窄,Informed-RRT*,29,20262932,1,234.875169007869,0.0237883,0.0080493,0.0236202,0,NaN,NaN,457,750,6.06840340901453,0.0658796299332067,0.867042496837555,NaN,NaN,0
狭窄,PRM*,29,20262932,1,228.415841106612,0.0940911,0.0030338,0.0939941,0,NaN,NaN,752,750,2.75759730980604,1,0.891561425841192,NaN,NaN,0
狭窄,FMT*,29,20262932,1,240.056993908016,0.049247,0.0091079,0.049136,0,NaN,NaN,752,750,8.01009790570494,0.0608692181514687,0.848326681370334,NaN,NaN,0
狭窄,BIT*,29,20262932,1,220.142178525576,0.2221975,0.0343635,0.2220752,0,NaN,NaN,484,750,4.86033991905484,0.125020955411237,0.925069218201029,NaN,NaN,0
狭窄,RRT#,29,20262932,1,231.248827435661,0.026618,0.0078551,0.0264596,0,NaN,NaN,508,750,7.74581606730547,0.0359998839607059,0.880639072811668,NaN,NaN,0
狭窄,APF-only,29,20262932,1,279.791130115633,0.0078551,0.0077387,0.0078551,NaN,NaN,NaN,NaN,64,46.4502175583217,0.0632608111899984,0.727852783959099,3,5,0
狭窄,AB-IRRT*,29,20262932,1,212.885243942151,0.0128343,0.0072003,0.0054499,0,0.0072003,0.0055499,81,750,2.34656541775505,0.316946328405102,0.956603422626436,3,5,0
狭窄,RRT*,30,20262933,1,232.787332893378,0.0212734,0.0095079,0.0211684,0,NaN,NaN,530,750,8.88182679132921,0.163567518240676,0.874818876313173,NaN,NaN,0
狭窄,Informed-RRT*,30,20262933,1,235.029320444367,0.0207018,0.0096615,0.0205565,0,NaN,NaN,505,750,10.2949280359316,0.156217069362704,0.866473819507684,NaN,NaN,0
狭窄,PRM*,30,20262933,1,238.83510711768,0.1144395,0.0037365,0.1143317,0,NaN,NaN,752,750,3.0986851422724,0.41874107648615,0.852666743341814,NaN,NaN,0
狭窄,FMT*,30,20262933,1,262.354257796852,0.0615856,0.0181064,0.0614002,0,NaN,NaN,752,750,9.70512377166489,0.261600077000209,0.776228122584596,NaN,NaN,0
狭窄,BIT*,30,20262933,1,237.350294523234,0.2033711,0.0668321,0.2032244,0,NaN,NaN,529,750,3.45755228310563,0.0669579584450446,0.858000843819434,NaN,NaN,0
狭窄,RRT#,30,20262933,1,230.088458598193,0.0289668,0.0142996,0.0288188,0,NaN,NaN,530,750,8.05005257097072,0.16782144977104,0.88508026096762,NaN,NaN,0
狭窄,APF-only,30,20262933,1,279.791130115633,0.0081132,0.0080107,0.0081132,NaN,NaN,NaN,NaN,64,46.4502175583217,0.0632608111899984,0.727852783959099,3,5,0
狭窄,AB-IRRT*,30,20262933,1,212.885243942151,0.0180626,0.0098994,0.0079316,0,0.0098994,0.0080534,91,750,2.34656541775505,0.316946328405102,0.956603422626436,3,5,0
狭窄,RRT*,31,20262934,0,Inf,0.0048129,NaN,0.0047579,0,NaN,NaN,33,750,NaN,NaN,NaN,NaN,NaN,0
狭窄,Informed-RRT*,31,20262934,0,Inf,0.0051367,NaN,0.0050398,0,NaN,NaN,33,750,NaN,NaN,NaN,NaN,NaN,0
狭窄,PRM*,31,20262934,1,229.983837647802,0.1030236,0.0556849,0.1029022,0,NaN,NaN,752,750,4.9155391199039,0.340490648685837,0.885482888991489,NaN,NaN,0
狭窄,FMT*,31,20262934,1,254.279611069482,0.0944182,0.0053726,0.0942887,0,NaN,NaN,752,750,4.83698875999448,0.192728223375534,0.800877239528572,NaN,NaN,0
狭窄,BIT*,31,20262934,1,248.399490427066,0.1528215,0.0273808,0.1527009,0,NaN,NaN,451,750,4.27910652724782,0.243210348945924,0.819835631029683,NaN,NaN,0
狭窄,RRT#,31,20262934,0,Inf,0.0060406,NaN,0.0059633,0,NaN,NaN,33,750,NaN,NaN,NaN,NaN,NaN,0
狭窄,APF-only,31,20262934,1,279.791130115633,0.0072477,0.0071475,0.0072477,NaN,NaN,NaN,NaN,64,46.4502175583217,0.0632608111899984,0.727852783959099,3,5,0
狭窄,AB-IRRT*,31,20262934,1,212.885243942151,0.0177714,0.0091718,0.0083438,0,0.0091718,0.0084806,78,750,2.34656541775505,0.316946328405102,0.956603422626436,3,5,0
狭窄,RRT*,32,20262935,0,Inf,0.0057357,NaN,0.0056776,0,NaN,NaN,45,750,NaN,NaN,NaN,NaN,NaN,0
狭窄,Informed-RRT*,32,20262935,0,Inf,0.0055555,NaN,0.0054598,0,NaN,NaN,45,750,NaN,NaN,NaN,NaN,NaN,0
狭窄,PRM*,32,20262935,1,226.609806619117,0.1029935,0.0009198,0.1028959,0,NaN,NaN,752,750,2.62044772994921,1,0.898666990718599,NaN,NaN,0
狭窄,FMT*,32,20262935,1,248.293750348605,0.0696501,0.0112977,0.0695265,0,NaN,NaN,752,750,6.00462464897156,1,0.820184771851104,NaN,NaN,0
狭窄,BIT*,32,20262935,0,Inf,0.22166,NaN,0.2215262,0,NaN,NaN,634,750,NaN,NaN,NaN,NaN,NaN,0
狭窄,RRT#,32,20262935,0,Inf,0.006489,NaN,0.0064076,0,NaN,NaN,45,750,NaN,NaN,NaN,NaN,NaN,0
狭窄,APF-only,32,20262935,1,279.791130115633,0.0102801,0.01012,0.0102801,NaN,NaN,NaN,NaN,64,46.4502175583217,0.0632608111899984,0.727852783959099,3,5,0
狭窄,AB-IRRT*,32,20262935,1,212.885243942151,0.0221916,0.0140251,0.0078509,0,0.0140251,0.0080131,68,750,2.34656541775505,0.316946328405102,0.956603422626436,3,5,0
狭窄,RRT*,33,20262936,1,216.93362923445,0.0237999,0.0074013,0.0236737,0,NaN,NaN,560,750,5.20668014990162,0.168338505204042,0.938751422268584,NaN,NaN,0
狭窄,Informed-RRT*,33,20262936,1,215.208829614248,0.0241282,0.0084957,0.0239578,0,NaN,NaN,503,750,4.44357186982421,0.0196160925663396,0.946275082424609,NaN,NaN,0
狭窄,PRM*,33,20262936,1,224.289717363591,0.1004133,0.0015847,0.1003004,0,NaN,NaN,752,750,2.6923097918644,0.195253096247137,0.907962947991942,NaN,NaN,0
狭窄,FMT*,33,20262936,1,252.414171317879,0.0677911,0.0078266,0.0676641,0,NaN,NaN,752,750,7.99047792826689,0.0201100200253723,0.806796036523885,NaN,NaN,0
狭窄,BIT*,33,20262936,1,229.714536483478,0.2269501,0.038997,0.2268261,0,NaN,NaN,501,750,5.51380017026352,0.748710458353792,0.886520966845183,NaN,NaN,0
狭窄,RRT#,33,20262936,1,215.988134922341,0.0261922,0.0080945,0.026068,0,NaN,NaN,560,750,4.56884579789008,0.0643070153792245,0.942860833790464,NaN,NaN,0
狭窄,APF-only,33,20262936,1,279.791130115633,0.0097766,0.0096321,0.0097766,NaN,NaN,NaN,NaN,64,46.4502175583217,0.0632608111899984,0.727852783959099,3,5,0
狭窄,AB-IRRT*,33,20262936,1,212.885243942151,0.0224906,0.0074613,0.0148214,0,0.0074613,0.0149374,369,750,2.34656541775505,0.316946328405102,0.956603422626436,3,5,0
狭窄,RRT*,34,20262937,0,Inf,0.004838,NaN,0.0047882,0,NaN,NaN,43,750,NaN,NaN,NaN,NaN,NaN,0
狭窄,Informed-RRT*,34,20262937,0,Inf,0.0045567,NaN,0.0044735,0,NaN,NaN,43,750,NaN,NaN,NaN,NaN,NaN,0
狭窄,PRM*,34,20262937,1,239.468381131522,0.1033373,0.0222506,0.1032489,0,NaN,NaN,752,750,3.84687824025455,0.420499582400261,0.850411866566543,NaN,NaN,0
狭窄,FMT*,34,20262937,1,250.785679066424,0.091031,0.0446631,0.0909072,0,NaN,NaN,752,750,7.96824600005933,1,0.812035016272948,NaN,NaN,0
狭窄,BIT*,34,20262937,0,Inf,0.2319044,NaN,0.2318081,0,NaN,NaN,604,750,NaN,NaN,NaN,NaN,NaN,0
狭窄,RRT#,34,20262937,0,Inf,0.0054492,NaN,0.0053817,0,NaN,NaN,43,750,NaN,NaN,NaN,NaN,NaN,0
狭窄,APF-only,34,20262937,1,279.791130115633,0.0076973,0.0075917,0.0076973,NaN,NaN,NaN,NaN,64,46.4502175583217,0.0632608111899984,0.727852783959099,3,5,0
狭窄,AB-IRRT*,34,20262937,1,212.885243942151,0.0154442,0.0086767,0.0065593,0,0.0086767,0.0066723,70,750,2.34656541775505,0.316946328405102,0.956603422626436,3,5,0
狭窄,RRT*,35,20262938,0,Inf,0.0051618,NaN,0.0051113,0,NaN,NaN,49,750,NaN,NaN,NaN,NaN,NaN,0
狭窄,Informed-RRT*,35,20262938,0,Inf,0.0054769,NaN,0.0053837,0,NaN,NaN,49,750,NaN,NaN,NaN,NaN,NaN,0
狭窄,PRM*,35,20262938,1,221.997920918603,0.0913065,0.0221722,0.091216,0,NaN,NaN,752,750,1.96213074934433,0.694568456797325,0.917336307200797,NaN,NaN,0
狭窄,FMT*,35,20262938,1,238.780825263556,0.0854464,0.0451803,0.0853169,0,NaN,NaN,752,750,6.72862536263044,0.762792947145857,0.852860579390951,NaN,NaN,0
狭窄,BIT*,35,20262938,0,Inf,0.2089147,NaN,0.208817,0,NaN,NaN,635,750,NaN,NaN,NaN,NaN,NaN,0
狭窄,RRT#,35,20262938,0,Inf,0.0053204,NaN,0.0052473,0,NaN,NaN,49,750,NaN,NaN,NaN,NaN,NaN,0
狭窄,APF-only,35,20262938,1,279.791130115633,0.0096274,0.0094985,0.0096274,NaN,NaN,NaN,NaN,64,46.4502175583217,0.0632608111899984,0.727852783959099,3,5,0
狭窄,AB-IRRT*,35,20262938,1,212.885243942151,0.0172946,0.009267,0.0078148,0,0.009267,0.0079292,79,750,2.34656541775505,0.316946328405102,0.956603422626436,3,5,0
狭窄,RRT*,36,20262939,0,Inf,0.0057316,NaN,0.0056683,0,NaN,NaN,45,750,NaN,NaN,NaN,NaN,NaN,0
狭窄,Informed-RRT*,36,20262939,0,Inf,0.0056644,NaN,0.0055649,0,NaN,NaN,45,750,NaN,NaN,NaN,NaN,NaN,0
狭窄,PRM*,36,20262939,1,223.032666141027,0.0889249,0.02586,0.0888297,0,NaN,NaN,752,750,4.47762089300271,0.121008581734884,0.913080386408316,NaN,NaN,0
狭窄,FMT*,36,20262939,1,252.371954689202,0.0295228,0.0072532,0.0294117,0,NaN,NaN,752,750,4.43321506866037,1,0.806930996879261,NaN,NaN,0
狭窄,BIT*,36,20262939,1,240.869154120963,0.08369,0.0304224,0.0835634,0,NaN,NaN,264,750,6.0615799688978,0.418488541867951,0.84546630192198,NaN,NaN,0
狭窄,RRT#,36,20262939,0,Inf,0.0060032,NaN,0.0059264,0,NaN,NaN,45,750,NaN,NaN,NaN,NaN,NaN,0
狭窄,APF-only,36,20262939,1,279.791130115633,0.0103419,0.0102218,0.0103419,NaN,NaN,NaN,NaN,64,46.4502175583217,0.0632608111899984,0.727852783959099,3,5,0
狭窄,AB-IRRT*,36,20262939,1,212.885243942151,0.0158702,0.0088244,0.0068329,0,0.0088244,0.006939,72,750,2.34656541775505,0.316946328405102,0.956603422626436,3,5,0
狭窄,RRT*,37,20262940,0,Inf,0.0062207,NaN,0.006151,0,NaN,NaN,39,750,NaN,NaN,NaN,NaN,NaN,0
狭窄,Informed-RRT*,37,20262940,0,Inf,0.0050621,NaN,0.0049675,0,NaN,NaN,39,750,NaN,NaN,NaN,NaN,NaN,0
狭窄,PRM*,37,20262940,1,220.588755219443,0.082214,0.0147061,0.0821228,0,NaN,NaN,752,750,5.44635055442999,0.0632555143370581,0.923196437547947,NaN,NaN,0
狭窄,FMT*,37,20262940,1,253.600703900867,0.0893811,0.0092716,0.0892619,0,NaN,NaN,752,750,9.40823768389706,0.762977607647928,0.803021245009366,NaN,NaN,0
狭窄,BIT*,37,20262940,1,240.75064138682,0.2639446,0.0364657,0.2638239,0,NaN,NaN,497,750,2.95709755991204,0.784355547540808,0.845882494055422,NaN,NaN,0
狭窄,RRT#,37,20262940,0,Inf,0.005645,NaN,0.0055722,0,NaN,NaN,39,750,NaN,NaN,NaN,NaN,NaN,0
狭窄,APF-only,37,20262940,1,279.791130115633,0.0103574,0.0102315,0.0103574,NaN,NaN,NaN,NaN,64,46.4502175583217,0.0632608111899984,0.727852783959099,3,5,0
狭窄,AB-IRRT*,37,20262940,1,212.885243942151,0.0249411,0.0089228,0.0158086,0,0.0089228,0.0159195,355,750,2.34656541775505,0.316946328405102,0.956603422626436,3,5,0
狭窄,RRT*,38,20262941,1,247.46999881938,0.009949,0.0083611,0.0098768,0,NaN,NaN,233,750,6.55007858354834,0.0465084600831833,0.822914914750377,NaN,NaN,0
狭窄,Informed-RRT*,38,20262941,1,243.732334004548,0.0107642,0.0083373,0.0106365,0,NaN,NaN,238,750,6.35007891458553,0.0452995257625943,0.835534414477506,NaN,NaN,0
狭窄,PRM*,38,20262941,1,229.592158271624,0.0970612,0.0157575,0.0969174,0,NaN,NaN,752,750,3.11257294707877,0.284085480091845,0.886993504110874,NaN,NaN,0
狭窄,FMT*,38,20262941,1,246.570154797255,0.0848532,0.0152326,0.0846989,0,NaN,NaN,752,750,6.87423339704356,0.125659990462486,0.825918096815798,NaN,NaN,0
狭窄,BIT*,38,20262941,0,Inf,0.2435385,NaN,0.2434391,0,NaN,NaN,625,750,NaN,NaN,NaN,NaN,NaN,0
狭窄,RRT#,38,20262941,1,247.46999881938,0.0161107,0.012637,0.0159634,0,NaN,NaN,233,750,6.55007858354834,0.0465084600831833,0.822914914750377,NaN,NaN,0
狭窄,APF-only,38,20262941,1,279.791130115633,0.0098144,0.0096923,0.0098144,NaN,NaN,NaN,NaN,64,46.4502175583217,0.0632608111899984,0.727852783959099,3,5,0
狭窄,AB-IRRT*,38,20262941,1,212.885243942151,0.0247193,0.0079334,0.0165615,0,0.0079334,0.0166785,396,750,2.34656541775505,0.316946328405102,0.956603422626436,3,5,0
狭窄,RRT*,39,20262942,0,Inf,0.0060876,NaN,0.0060253,0,NaN,NaN,53,750,NaN,NaN,NaN,NaN,NaN,0
狭窄,Informed-RRT*,39,20262942,0,Inf,0.0061557,NaN,0.0060629,0,NaN,NaN,53,750,NaN,NaN,NaN,NaN,NaN,0
狭窄,PRM*,39,20262942,1,226.702040824927,0.0902286,0.0006016,0.0901278,0,NaN,NaN,752,750,4.3317607503751,0.0815960389315163,0.898301366148679,NaN,NaN,0
狭窄,FMT*,39,20262942,1,246.972308655833,0.1350379,0.020105,0.1348812,0,NaN,NaN,752,750,8.52969149759773,1,0.824573224788196,NaN,NaN,0
狭窄,BIT*,39,20262942,0,Inf,0.3311769,NaN,0.3310812,0,NaN,NaN,625,750,NaN,NaN,NaN,NaN,NaN,0
狭窄,RRT#,39,20262942,0,Inf,0.0052023,NaN,0.0051405,0,NaN,NaN,53,750,NaN,NaN,NaN,NaN,NaN,0
狭窄,APF-only,39,20262942,1,279.791130115633,0.0086973,0.0085885,0.0086973,NaN,NaN,NaN,NaN,64,46.4502175583217,0.0632608111899984,0.727852783959099,3,5,0
狭窄,AB-IRRT*,39,20262942,1,212.885243942151,0.0158578,0.0093085,0.0063476,0,0.0093085,0.0064532,78,750,2.34656541775505,0.316946328405102,0.956603422626436,3,5,0
狭窄,RRT*,40,20262943,1,244.802976426076,0.0124776,0.0098221,0.0123887,0,NaN,NaN,256,750,6.5284709509552,0.181166442495858,0.8318802163062,NaN,NaN,0
狭窄,Informed-RRT*,40,20262943,1,243.408344677628,0.0115227,0.0091683,0.0114036,0,NaN,NaN,252,750,7.51883066661706,0.181833921295642,0.836646554790211,NaN,NaN,0
狭窄,PRM*,40,20262943,1,222.963349719633,0.0903557,0.0111016,0.0902672,0,NaN,NaN,752,750,3.08096332404018,0.0561112664163979,0.913364251289743,NaN,NaN,0
狭窄,FMT*,40,20262943,1,254.346718514389,0.0315112,0.0112498,0.031397,0,NaN,NaN,752,750,7.90668801075188,0.413349918920838,0.800665934167358,NaN,NaN,0
狭窄,BIT*,40,20262943,1,245.989686752054,0.1205779,0.0605469,0.1204521,0,NaN,NaN,425,750,6.77882045437022,0.41388650992652,0.827867036503006,NaN,NaN,0
狭窄,RRT#,40,20262943,1,244.661868281172,0.0141702,0.0114151,0.0140577,0,NaN,NaN,256,750,5.86391337878235,0.18043116832337,0.832360001222951,NaN,NaN,0
狭窄,APF-only,40,20262943,1,279.791130115633,0.0082425,0.0081304,0.0082425,NaN,NaN,NaN,NaN,64,46.4502175583217,0.0632608111899984,0.727852783959099,3,5,0
狭窄,AB-IRRT*,40,20262943,1,212.885243942151,0.0191547,0.0088947,0.0100595,0,0.0088947,0.010163,297,750,2.34656541775505,0.316946328405102,0.956603422626436,3,5,0
狭窄,RRT*,41,20262944,0,Inf,0.004022,NaN,0.0039772,0,NaN,NaN,32,750,NaN,NaN,NaN,NaN,NaN,0
狭窄,Informed-RRT*,41,20262944,0,Inf,0.0043863,NaN,0.0042972,0,NaN,NaN,32,750,NaN,NaN,NaN,NaN,NaN,0
狭窄,PRM*,41,20262944,1,226.776762135871,0.0882555,0.0067486,0.0881704,0,NaN,NaN,752,750,6.08223190186829,0.293734523008942,0.898005382313877,NaN,NaN,0
狭窄,FMT*,41,20262944,1,246.025299892831,0.0961152,0.0126641,0.0959865,0,NaN,NaN,752,750,7.64396274808111,0.215535877591947,0.827747199456457,NaN,NaN,0
狭窄,BIT*,41,20262944,0,Inf,0.3074426,NaN,0.3073457,0,NaN,NaN,627,750,NaN,NaN,NaN,NaN,NaN,0
狭窄,RRT#,41,20262944,0,Inf,0.0054939,NaN,0.0054228,0,NaN,NaN,32,750,NaN,NaN,NaN,NaN,NaN,0
狭窄,APF-only,41,20262944,1,279.791130115633,0.0104064,0.0102774,0.0104064,NaN,NaN,NaN,NaN,64,46.4502175583217,0.0632608111899984,0.727852783959099,3,5,0
狭窄,AB-IRRT*,41,20262944,1,212.885243942151,0.0168611,0.0098041,0.0068463,0,0.0098041,0.0069527,75,750,2.34656541775505,0.316946328405102,0.956603422626436,3,5,0
狭窄,RRT*,42,20262945,1,215.171691608656,0.0243105,0.0097476,0.0242101,0,NaN,NaN,539,750,4.17441804389508,0.37879451931353,0.946438406740367,NaN,NaN,0
狭窄,Informed-RRT*,42,20262945,1,214.686407187751,0.0231982,0.0088811,0.0230564,0,NaN,NaN,486,750,5.57280218802963,0.379234547751167,0.94857776814733,NaN,NaN,0
狭窄,PRM*,42,20262945,1,227.508353543157,0.0895497,0.0077843,0.089458,0,NaN,NaN,752,750,3.59425228818285,0.230586684577068,0.89511769484585,NaN,NaN,0
狭窄,FMT*,42,20262945,1,271.56476115007,0.1393233,0.0145856,0.1392006,0,NaN,NaN,752,750,5.97493638369582,1,0.749901246830726,NaN,NaN,0
狭窄,BIT*,42,20262945,0,Inf,0.2853988,NaN,0.2842856,0,NaN,NaN,626,750,NaN,NaN,NaN,NaN,NaN,0
狭窄,RRT#,42,20262945,1,214.818540104375,0.032066,0.0123665,0.0319374,0,NaN,NaN,539,750,4.801418543426,0.378914661645098,0.947994306649599,NaN,NaN,0
狭窄,APF-only,42,20262945,1,279.791130115633,0.0081101,0.008012,0.0081101,NaN,NaN,NaN,NaN,64,46.4502175583217,0.0632608111899984,0.727852783959099,3,5,0
狭窄,AB-IRRT*,42,20262945,1,212.885243942151,0.035272,0.0159136,0.0191078,0,0.0159136,0.0192369,389,750,2.34656541775505,0.316946328405102,0.956603422626436,3,5,0
狭窄,RRT*,43,20262946,0,Inf,0.0062972,NaN,0.006228,0,NaN,NaN,42,750,NaN,NaN,NaN,NaN,NaN,0
狭窄,Informed-RRT*,43,20262946,0,Inf,0.0055756,NaN,0.00548,0,NaN,NaN,42,750,NaN,NaN,NaN,NaN,NaN,0
狭窄,PRM*,43,20262946,1,240.119422670037,0.1014396,0.0149243,0.1013464,0,NaN,NaN,752,750,3.59011986097949,0.116546627438745,0.848106124516089,NaN,NaN,0
狭窄,FMT*,43,20262946,1,254.214463029587,0.0503422,0.0125588,0.050171,0,NaN,NaN,752,750,6.76679735422026,0.158226053778414,0.801082481912227,NaN,NaN,0
狭窄,BIT*,43,20262946,1,231.521878129288,0.2385108,0.0405304,0.2382507,0,NaN,NaN,477,750,6.70596520273683,0.132895991287248,0.879600470708017,NaN,NaN,0
狭窄,RRT#,43,20262946,0,Inf,0.007939,NaN,0.0078595,0,NaN,NaN,42,750,NaN,NaN,NaN,NaN,NaN,0
狭窄,APF-only,43,20262946,1,279.791130115633,0.0080879,0.0079928,0.0080879,NaN,NaN,NaN,NaN,64,46.4502175583217,0.0632608111899984,0.727852783959099,3,5,0
狭窄,AB-IRRT*,43,20262946,1,212.885243942151,0.0164506,0.0098479,0.0063623,0,0.0098479,0.0064675,79,750,2.34656541775505,0.316946328405102,0.956603422626436,3,5,0
狭窄,RRT*,44,20262947,1,220.720518927011,0.0149481,0.0083565,0.0148504,0,NaN,NaN,381,750,6.01976247397501,0.0613489608034712,0.922645316220321,NaN,NaN,0
狭窄,Informed-RRT*,44,20262947,1,218.414015108102,0.0166873,0.0110317,0.0165523,0,NaN,NaN,366,750,5.91763105408525,0.0626829604744827,0.932388669659923,NaN,NaN,0
狭窄,PRM*,44,20262947,1,242.824898949621,0.089605,0.0577512,0.0894933,0,NaN,NaN,752,750,2.6498652791334,1,0.838656801104966,NaN,NaN,0
狭窄,FMT*,44,20262947,1,244.170994023097,0.0203747,0.010727,0.0202796,0,NaN,NaN,752,750,3.70382731859944,0.470963020583136,0.834033353537735,NaN,NaN,0
狭窄,BIT*,44,20262947,1,243.648376842824,0.0821687,0.0599252,0.0820574,0,NaN,NaN,391,750,5.63044936980349,0.679519535653284,0.835822325683281,NaN,NaN,0
狭窄,RRT#,44,20262947,1,220.720458580233,0.0196809,0.0124968,0.0195689,0,NaN,NaN,381,750,6.01458193624516,0.0613485426351161,0.922645568479095,NaN,NaN,0
狭窄,APF-only,44,20262947,1,279.791130115633,0.0083304,0.0081528,0.0083304,NaN,NaN,NaN,NaN,64,46.4502175583217,0.0632608111899984,0.727852783959099,3,5,0
狭窄,AB-IRRT*,44,20262947,1,212.885243942151,0.0175154,0.0108122,0.0064447,0,0.0108122,0.0065788,82,750,2.34656541775505,0.316946328405102,0.956603422626436,3,5,0
狭窄,RRT*,45,20262948,1,217.915379066546,0.0207188,0.0064479,0.0206368,0,NaN,NaN,475,750,6.75594312385755,0.0249293544201699,0.934522170275725,NaN,NaN,0
狭窄,Informed-RRT*,45,20262948,1,218.030551167028,0.0222782,0.0064656,0.022132,0,NaN,NaN,427,750,5.52331245899744,0.0146874896754312,0.934028519818386,NaN,NaN,0
狭窄,PRM*,45,20262948,1,223.087096814761,0.0848388,0.0011059,0.0847517,0,NaN,NaN,752,750,3.34239677840505,0.243328198792418,0.912857605345156,NaN,NaN,0
狭窄,FMT*,45,20262948,1,244.133520672665,0.0739427,0.0174624,0.0737965,0,NaN,NaN,752,750,10.6344615171841,0.177346267366425,0.83416137374587,NaN,NaN,0
狭窄,BIT*,45,20262948,0,Inf,0.2624202,NaN,0.2621974,0,NaN,NaN,632,750,NaN,NaN,NaN,NaN,NaN,0
狭窄,RRT#,45,20262948,1,217.801402184118,0.0353414,0.0153656,0.035217,0,NaN,NaN,475,750,7.22287799587744,0.0278929023295618,0.9350112117716,NaN,NaN,0
狭窄,APF-only,45,20262948,1,279.791130115633,0.008083,0.0079717,0.008083,NaN,NaN,NaN,NaN,64,46.4502175583217,0.0632608111899984,0.727852783959099,3,5,0
狭窄,AB-IRRT*,45,20262948,1,212.885243942151,0.0236509,0.0086338,0.0148132,0,0.0086338,0.0149193,363,750,2.34656541775505,0.316946328405102,0.956603422626436,3,5,0
狭窄,RRT*,46,20262949,1,223.959776373675,0.0138621,0.0093206,0.0137759,0,NaN,NaN,311,750,3.598293129406,0.190541682157054,0.909300572982994,NaN,NaN,0
狭窄,Informed-RRT*,46,20262949,1,224.38820379944,0.0103838,0.0072772,0.0102729,0,NaN,NaN,301,750,4.74375463557328,0.100611057181537,0.90756443312745,NaN,NaN,0
狭窄,PRM*,46,20262949,1,223.670515069605,0.098256,0.0174488,0.0981306,0,NaN,NaN,752,750,2.576940120027,0.102445773511529,0.910476523552299,NaN,NaN,0
狭窄,FMT*,46,20262949,1,250.748226321733,0.0995237,0.0247909,0.0993955,0,NaN,NaN,752,750,4.59198764344269,0.00060505259318866,0.812156305027769,NaN,NaN,0
狭窄,BIT*,46,20262949,1,245.023090360354,0.146403,0.0572182,0.146273,0,NaN,NaN,534,750,6.59454396861769,0.000674768045685781,0.831132905401788,NaN,NaN,0
狭窄,RRT#,46,20262949,1,223.959776373675,0.0183898,0.0129007,0.0182656,0,NaN,NaN,311,750,3.598293129406,0.190541682157054,0.909300572982994,NaN,NaN,0
狭窄,APF-only,46,20262949,1,279.791130115633,0.0079066,0.0077993,0.0079066,NaN,NaN,NaN,NaN,64,46.4502175583217,0.0632608111899984,0.727852783959099,3,5,0
狭窄,AB-IRRT*,46,20262949,1,212.885243942151,0.0153684,0.0084284,0.006729,0,0.0084284,0.0068362,62,750,2.34656541775505,0.316946328405102,0.956603422626436,3,5,0
狭窄,RRT*,47,20262950,1,218.550688757874,0.0271937,0.0114222,0.027093,0,NaN,NaN,563,750,6.41261702713205,0.22675649629776,0.931805587706658,NaN,NaN,0
狭窄,Informed-RRT*,47,20262950,1,219.241066600149,0.0252361,0.0095888,0.0250749,0,NaN,NaN,524,750,5.54046762009673,0.204820387478597,0.928871384087617,NaN,NaN,0
狭窄,PRM*,47,20262950,1,228.161379182023,0.0954785,0.0020239,0.0953679,0,NaN,NaN,752,750,3.56859500619727,0.445462791921953,0.892555759050087,NaN,NaN,0
狭窄,FMT*,47,20262950,1,244.646935841999,0.0248938,0.0111812,0.0247784,0,NaN,NaN,752,750,4.6181759045625,0.188649047782696,0.832410805722281,NaN,NaN,0
狭窄,BIT*,47,20262950,1,242.019373984708,0.0992368,0.0603384,0.0991089,0,NaN,NaN,427,750,4.32215594818217,0.749452737086106,0.841448143711805,NaN,NaN,0
狭窄,RRT#,47,20262950,1,217.888960135952,0.0296343,0.0128373,0.0294999,0,NaN,NaN,563,750,6.41991846665193,0.0815497843621049,0.934635480635001,NaN,NaN,0
狭窄,APF-only,47,20262950,1,279.791130115633,0.0071422,0.0070488,0.0071422,NaN,NaN,NaN,NaN,64,46.4502175583217,0.0632608111899984,0.727852783959099,3,5,0
狭窄,AB-IRRT*,47,20262950,1,212.885243942151,0.013883,0.0078763,0.0058193,0,0.0078763,0.0059167,67,750,2.34656541775505,0.316946328405102,0.956603422626436,3,5,0
狭窄,RRT*,48,20262951,1,227.299757424483,0.0078575,0.0075848,0.0077895,0,NaN,NaN,197,750,5.12698572135603,0.0790337628584403,0.895939156685567,NaN,NaN,0
狭窄,Informed-RRT*,48,20262951,1,224.957207110528,0.0078719,0.0075075,0.007769,0,NaN,NaN,195,750,5.99251513412395,0.0791133715830039,0.905268853563196,NaN,NaN,0
狭窄,PRM*,48,20262951,1,222.885078785075,0.095807,0.0011953,0.0957112,0,NaN,NaN,752,750,1.5094332528796,0.349380615650075,0.913684998976982,NaN,NaN,0
狭窄,FMT*,48,20262951,0,Inf,0.0080515,NaN,0.0079806,0,NaN,NaN,752,750,NaN,NaN,NaN,NaN,NaN,0
狭窄,BIT*,48,20262951,0,Inf,0.2973114,NaN,0.2972171,0,NaN,NaN,618,750,NaN,NaN,NaN,NaN,NaN,0
狭窄,RRT#,48,20262951,1,226.693900825664,0.0117211,0.0113124,0.0116127,0,NaN,NaN,197,750,4.57312338309943,0.0790282811462735,0.898333621857508,NaN,NaN,0
狭窄,APF-only,48,20262951,1,279.791130115633,0.0083157,0.008212,0.0083157,NaN,NaN,NaN,NaN,64,46.4502175583217,0.0632608111899984,0.727852783959099,3,5,0
狭窄,AB-IRRT*,48,20262951,1,212.885243942151,0.0266383,0.0083371,0.0180812,0,0.0083371,0.0182067,416,750,2.34656541775505,0.316946328405102,0.956603422626436,3,5,0
狭窄,RRT*,49,20262952,0,Inf,0.006223,NaN,0.0061604,0,NaN,NaN,69,750,NaN,NaN,NaN,NaN,NaN,0
狭窄,Informed-RRT*,49,20262952,0,Inf,0.0072682,NaN,0.0071621,0,NaN,NaN,69,750,NaN,NaN,NaN,NaN,NaN,0
狭窄,PRM*,49,20262952,1,225.969526922081,0.1023283,0.0062839,0.1022239,0,NaN,NaN,752,750,3.60694703355042,0.207801531523612,0.901213343921134,NaN,NaN,0
狭窄,FMT*,49,20262952,1,247.939236544621,0.0381753,0.0047762,0.0380103,0,NaN,NaN,752,750,6.17679145013959,1,0.82135750605603,NaN,NaN,0
狭窄,BIT*,49,20262952,1,242.3805457534,0.0855201,0.0282297,0.0853741,0,NaN,NaN,249,750,2.65510263213191,0.587352806782787,0.840194300036431,NaN,NaN,0
狭窄,RRT#,49,20262952,0,Inf,0.0080383,NaN,0.0079549,0,NaN,NaN,69,750,NaN,NaN,NaN,NaN,NaN,0
狭窄,APF-only,49,20262952,1,279.791130115633,0.0087489,0.0086345,0.0087489,NaN,NaN,NaN,NaN,64,46.4502175583217,0.0632608111899984,0.727852783959099,3,5,0
狭窄,AB-IRRT*,49,20262952,1,212.885243942151,0.016622,0.0079237,0.0084688,0,0.0079237,0.0086019,80,750,2.34656541775505,0.316946328405102,0.956603422626436,3,5,0
狭窄,RRT*,50,20262953,1,240.75306403578,0.0298704,0.01763,0.0297537,0,NaN,NaN,502,750,9.18338979303112,0.0856152679514963,0.845873982112479,NaN,NaN,0
狭窄,Informed-RRT*,50,20262953,1,239.874987626542,0.0230065,0.0156808,0.0228562,0,NaN,NaN,467,750,6.46836091271753,0.0891856026075999,0.848970353252423,NaN,NaN,0
狭窄,PRM*,50,20262953,1,226.457640093368,0.0989961,0.007472,0.0989022,0,NaN,NaN,752,750,3.8167763165987,0.21986797332495,0.899270843314284,NaN,NaN,0
狭窄,FMT*,50,20262953,1,254.723022050567,0.0432271,0.0272829,0.0431051,0,NaN,NaN,752,750,7.95861277364912,0.302123991679826,0.79948310656152,NaN,NaN,0
狭窄,BIT*,50,20262953,0,Inf,0.1910345,NaN,0.1909278,0,NaN,NaN,633,750,NaN,NaN,NaN,NaN,NaN,0
狭窄,RRT#,50,20262953,1,237.564756843204,0.0269555,0.0174981,0.026831,0,NaN,NaN,502,750,7.61899717261031,0.0689206954607045,0.857226280900477,NaN,NaN,0
狭窄,APF-only,50,20262953,1,279.791130115633,0.0088676,0.0087595,0.0088676,NaN,NaN,NaN,NaN,64,46.4502175583217,0.0632608111899984,0.727852783959099,3,5,0
狭窄,AB-IRRT*,50,20262953,1,212.885243942151,0.0206692,0.0120615,0.0081578,0,0.0120615,0.0084908,107,750,2.34656541775505,0.316946328405102,0.956603422626436,3,5,0
广阔,RRT*,1,20263904,1,214.788718181411,0.0245133,0.0067541,0.0243928,0,NaN,NaN,660,750,3.42146680048707,0.0717503728607483,0.948125929080341,NaN,NaN,0
广阔,Informed-RRT*,1,20263904,1,211.530222231887,0.0283597,0.0073257,0.028207,0,NaN,NaN,580,750,4.15922403952706,0.0245609165717554,0.962731239219714,NaN,NaN,0
广阔,PRM*,1,20263904,1,220.943339987449,0.1059315,0.0001907,0.1058428,0,NaN,NaN,752,750,3.14021115206935,0.0644917243448617,0.921714829663088,NaN,NaN,0
广阔,FMT*,1,20263904,1,219.991599492634,0.0316308,0.0137796,0.0315102,0,NaN,NaN,752,750,2.06915736074797,0.314609557283495,0.92570240614367,NaN,NaN,0
广阔,BIT*,1,20263904,1,208.93857697073,1.3296154,0.0656778,1.3294523,0,NaN,NaN,560,750,0.861948628248379,0.261348635688464,0.974672824589279,NaN,NaN,0
广阔,RRT#,1,20263904,1,214.788718181411,0.026021,0.0085296,0.0258948,0,NaN,NaN,660,750,3.42146680048707,0.0717503728607483,0.948125929080341,NaN,NaN,0
广阔,APF-only,1,20263904,1,301.840641895898,0.0021004,0.0020068,0.0021004,NaN,NaN,NaN,NaN,72,53.671042473467,0.127432159127466,0.6746830105535,1,8,0
广阔,AB-IRRT*,1,20263904,1,218.275148464234,0.0254548,0.003003,0.022197,0,0.003003,0.0223541,463,750,5.71826351401009,0.929719075987974,0.932981855307704,1,8,0
广阔,RRT*,2,20263905,1,259.481985694119,0.021718,0.0066761,0.0216053,0,NaN,NaN,624,750,6.72972957882725,0.833898412041883,0.784820389118599,NaN,NaN,0
广阔,Informed-RRT*,2,20263905,1,257.313551313962,0.0250912,0.0069181,0.0249401,0,NaN,NaN,595,750,7.10136003923325,0.836873272160334,0.791434232444469,NaN,NaN,0
广阔,PRM*,2,20263905,1,211.577897376043,0.0964572,0.0003066,0.0963521,0,NaN,NaN,752,750,0.887390449958953,0.564468271316517,0.962514305640248,NaN,NaN,0
广阔,FMT*,2,20263905,1,231.730161969243,0.0433331,0.0098177,0.0432195,0,NaN,NaN,752,750,3.00132402276338,1.41754816374435,0.878809867697563,NaN,NaN,0
广阔,BIT*,2,20263905,1,208.947438863448,1.5564441,0.0300981,1.5563193,0,NaN,NaN,592,750,0.893028618375539,0.065998494405477,0.974631486700411,NaN,NaN,0
广阔,RRT#,2,20263905,1,258.565772906794,0.0248321,0.0061618,0.0247237,0,NaN,NaN,624,750,6.4883997892954,0.823419006414088,0.787601354550258,NaN,NaN,0
广阔,APF-only,2,20263905,1,301.840641895898,0.0020067,0.0019179,0.0020067,NaN,NaN,NaN,NaN,72,53.671042473467,0.127432159127466,0.6746830105535,1,8,0
广阔,AB-IRRT*,2,20263905,1,214.217676491128,0.0249651,0.0027002,0.022043,0,0.0027002,0.0221742,501,750,3.36842356853608,1.25703884452254,0.950653355584125,1,8,0
广阔,RRT*,3,20263906,1,232.444045404912,0.0221171,0.007696,0.0220237,0,NaN,NaN,658,750,6.47092399559668,1.59436278890367,0.876110861979611,NaN,NaN,0
广阔,Informed-RRT*,3,20263906,1,218.879366168391,0.0259825,0.0091544,0.0258367,0,NaN,NaN,618,750,6.56537241406244,1.4476897835975,0.930406353722048,NaN,NaN,0
广阔,PRM*,3,20263906,1,211.688104356414,0.1051788,0.0002912,0.1050857,0,NaN,NaN,752,750,0.806170489631757,0.520534619091036,0.962013210902256,NaN,NaN,0
广阔,FMT*,3,20263906,1,215.662505460102,0.0227542,0.002895,0.0226052,0,NaN,NaN,752,750,2.80523102351267,0.132666203137385,0.944284462184366,NaN,NaN,0
广阔,BIT*,3,20263906,1,209.018606274657,1.167443,0.0234164,1.1673211,0,NaN,NaN,603,750,1.07595480469677,0.566783941107083,0.974299640645996,NaN,NaN,0
广阔,RRT#,3,20263906,1,231.883113446027,0.0255693,0.0059716,0.0254349,0,NaN,NaN,658,750,5.63096215904077,1.59427860356018,0.878230199497156,NaN,NaN,0
广阔,APF-only,3,20263906,1,301.840641895898,0.0019976,0.0018925,0.0019976,NaN,NaN,NaN,NaN,72,53.671042473467,0.127432159127466,0.6746830105535,1,8,0
广阔,AB-IRRT*,3,20263906,1,216.149648567224,0.0209095,0.002114,0.0185031,0,0.002114,0.0187103,516,750,5.54046273258042,0.285270681232058,0.942156299265925,1,8,0
广阔,RRT*,4,20263907,1,217.177752882886,0.0220614,0.0056678,0.0219703,0,NaN,NaN,649,750,4.96450654189383,0.209374068446316,0.937696197140152,NaN,NaN,0
广阔,Informed-RRT*,4,20263907,1,213.043402954987,0.0272599,0.0056581,0.0271029,0,NaN,NaN,571,750,4.73702061978747,0.157294353901735,0.955893260045014,NaN,NaN,0
广阔,PRM*,4,20263907,1,228.147037240295,0.1055952,0.000312,0.1054899,0,NaN,NaN,752,750,3.71676065844547,1.2724373555032,0.892611867526624,NaN,NaN,0
广阔,FMT*,4,20263907,1,222.350137225164,0.0188325,0.0043888,0.0187367,0,NaN,NaN,752,750,2.52979963220529,0.420645562193977,0.915883190013514,NaN,NaN,0
广阔,BIT*,4,20263907,1,209.932569079373,1.9900896,0.0197741,1.989974,0,NaN,NaN,578,750,1.15391965034025,0.0735212949315969,0.970057928004156,NaN,NaN,0
广阔,RRT#,4,20263907,1,217.177752882886,0.0233399,0.0042275,0.023247,0,NaN,NaN,649,750,4.96450654189383,0.209374068446316,0.937696197140152,NaN,NaN,0
广阔,APF-only,4,20263907,1,301.840641895898,0.0017107,0.0016393,0.0017107,NaN,NaN,NaN,NaN,72,53.671042473467,0.127432159127466,0.6746830105535,1,8,0
广阔,AB-IRRT*,4,20263907,1,215.959618088726,0.0174569,0.0016383,0.0154528,0,0.0016383,0.015741,472,750,4.89155165331891,0.19876160720276,0.94298533579578,1,8,0
广阔,RRT*,5,20263908,1,223.220888920021,0.0213655,0.006535,0.0212863,0,NaN,NaN,660,750,5.56984062794646,0.240193957301694,0.912310465059977,NaN,NaN,0
广阔,Informed-RRT*,5,20263908,1,215.943259806557,0.0275045,0.0061747,0.0273796,0,NaN,NaN,601,750,5.18842458764255,0.857948981260932,0.943056769468764,NaN,NaN,0
广阔,PRM*,5,20263908,1,215.308459403247,0.1048279,0.0002973,0.1047311,0,NaN,NaN,752,750,1.95849742455549,1.72803320579419,0.945837212091699,NaN,NaN,0
广阔,FMT*,5,20263908,1,216.755112516557,0.01213,0.0059267,0.0120279,0,NaN,NaN,752,750,1.03923718779846,0.230859861026914,0.939524565844646,NaN,NaN,0
广阔,BIT*,5,20263908,1,209.021467655423,1.8941252,0.0154652,1.8940075,0,NaN,NaN,591,750,0.837947360081572,0.239567579028774,0.974286303057837,NaN,NaN,0
广阔,RRT#,5,20263908,1,223.220888920021,0.0194135,0.0050269,0.0192972,0,NaN,NaN,660,750,5.56984062794646,0.240193957301694,0.912310465059977,NaN,NaN,0
广阔,APF-only,5,20263908,1,301.840641895898,0.0022941,0.0021916,0.0022941,NaN,NaN,NaN,NaN,72,53.671042473467,0.127432159127466,0.6746830105535,1,8,0
广阔,AB-IRRT*,5,20263908,1,213.267185720201,0.0208432,0.0021998,0.0184473,0,0.0021998,0.0185628,447,750,3.72378129428957,0.0236423048018253,0.954890234491596,1,8,0
广阔,RRT*,6,20263909,1,218.842375162837,0.0252721,0.0039568,0.0251665,0,NaN,NaN,661,750,5.75465128950561,0.286277724710629,0.930563620643375,NaN,NaN,0
广阔,Informed-RRT*,6,20263909,1,214.247541512951,0.0286123,0.0032379,0.0284717,0,NaN,NaN,595,750,5.03021322845176,1.34034693649554,0.950520839322751,NaN,NaN,0
广阔,PRM*,6,20263909,1,214.77572919757,0.0943114,0.0006574,0.0942129,0,NaN,NaN,752,750,1.80771348233296,1.65164761137162,0.948183268857129,NaN,NaN,0
广阔,FMT*,6,20263909,1,225.00638226049,0.015496,0.0027242,0.0154119,0,NaN,NaN,752,750,4.6828690458244,0.35991235870091,0.905071007034654,NaN,NaN,0
广阔,BIT*,6,20263909,1,210.305751153853,1.121025,0.0183079,1.1208774,0,NaN,NaN,604,750,0.794235448960417,0.323488350658531,0.968336585492351,NaN,NaN,0
广阔,RRT#,6,20263909,1,218.467591092579,0.0235354,0.0036136,0.0234325,0,NaN,NaN,661,750,4.932081063563,0.687696753599523,0.93216001496271,NaN,NaN,0
广阔,APF-only,6,20263909,1,301.840641895898,0.0016745,0.0015704,0.0016745,NaN,NaN,NaN,NaN,72,53.671042473467,0.127432159127466,0.6746830105535,1,8,0
广阔,AB-IRRT*,6,20263909,1,210.47905951621,0.0279111,0.0016841,0.0260558,0,0.0016841,0.0261565,510,750,3.97036129050497,0.202675202698968,0.96753925758606,1,8,0
广阔,RRT*,7,20263910,1,227.789876915191,0.0235703,0.0094331,0.0234484,0,NaN,NaN,576,750,5.93018285203566,0.38652267837071,0.89401142728369,NaN,NaN,0
广阔,Informed-RRT*,7,20263910,1,226.560161140267,0.0223859,0.0046456,0.0222699,0,NaN,NaN,546,750,7.87273711108748,1.06704817710251,0.898863913040939,NaN,NaN,0
广阔,PRM*,7,20263910,1,214.591165413749,0.0883629,0.0002351,0.0882737,0,NaN,NaN,752,750,1.79538489495292,0.087707017571125,0.94899877443267,NaN,NaN,0
广阔,FMT*,7,20263910,1,219.318937638932,0.0330683,0.0073056,0.0329572,0,NaN,NaN,752,750,4.36819622108106,0.152437675597962,0.928541580467587,NaN,NaN,0
广阔,BIT*,7,20263910,1,210.244579881668,0.8061308,0.0220462,0.8060193,0,NaN,NaN,592,750,0.719261719532439,0.318565153784627,0.968618325839099,NaN,NaN,0
广阔,RRT#,7,20263910,1,226.286909906931,0.0240191,0.0047147,0.0239187,0,NaN,NaN,576,750,6.74908261323868,0.386600447552041,0.89994933010258,NaN,NaN,0
广阔,APF-only,7,20263910,1,301.840641895898,0.0014936,0.0014194,0.0014936,NaN,NaN,NaN,NaN,72,53.671042473467,0.127432159127466,0.6746830105535,1,8,0
广阔,AB-IRRT*,7,20263910,1,211.97699237775,0.0233953,0.0016774,0.0214452,0,0.0016774,0.0216356,459,750,3.74835746790013,0.101121506232809,0.960702153084711,1,8,0
广阔,RRT*,8,20263911,1,214.427966298694,0.0266363,0.0045458,0.0265128,0,NaN,NaN,634,750,4.06143745429506,0.125898356220588,0.949721048503765,NaN,NaN,0
广阔,Informed-RRT*,8,20263911,1,211.617548695158,0.0247512,0.0054075,0.0245618,0,NaN,NaN,542,750,3.1998145316217,0.36537867762717,0.962333956883156,NaN,NaN,0
广阔,PRM*,8,20263911,1,215.614477526048,0.1050576,0.000818,0.1049525,0,NaN,NaN,752,750,2.850011263388,0.172079321530747,0.944494800712646,NaN,NaN,0
广阔,FMT*,8,20263911,1,216.753426452667,0.012995,0.0021809,0.0129069,0,NaN,NaN,752,750,1.44547874421077,0.45743860408038,0.939531874141774,NaN,NaN,0
广阔,BIT*,8,20263911,1,209.185562393793,0.8375442,0.0190152,0.8374202,0,NaN,NaN,592,750,1.40673348401991,0.275943896507228,0.973522028247624,NaN,NaN,0
广阔,RRT#,8,20263911,1,214.427966298694,0.0255287,0.0043389,0.0253758,0,NaN,NaN,634,750,4.06143745429506,0.125898356220588,0.949721048503765,NaN,NaN,0
广阔,APF-only,8,20263911,1,301.840641895898,0.0020152,0.0018931,0.0020152,NaN,NaN,NaN,NaN,72,53.671042473467,0.127432159127466,0.6746830105535,1,8,0
广阔,AB-IRRT*,8,20263911,1,211.978577674903,0.0162669,0.0022668,0.0137809,0,0.0022668,0.0139108,424,750,4.236842057166,0.173787818173395,0.960694968404049,1,8,0
广阔,RRT*,9,20263912,1,268.008973557686,0.0255848,0.0088511,0.0254401,0,NaN,NaN,676,750,7.03297670868289,4.26085768452847,0.75985050156499,NaN,NaN,0
广阔,Informed-RRT*,9,20263912,1,262.380416688646,0.0280221,0.0092831,0.027856,0,NaN,NaN,670,750,7.7761167517265,4.25573702773403,0.776150733929901,NaN,NaN,0
广阔,PRM*,9,20263912,1,215.479877736523,0.1075927,0.0002195,0.10747,0,NaN,NaN,752,750,2.28701604855461,0.20111585971876,0.945084780634293,NaN,NaN,0
广阔,FMT*,9,20263912,1,233.022939032105,0.0307177,0.0096021,0.0305796,0,NaN,NaN,752,750,1.60579937673972,0.191415815997996,0.873934359542467,NaN,NaN,0
广阔,BIT*,9,20263912,1,209.117767144953,1.0607474,0.027522,1.0606003,0,NaN,NaN,595,750,0.774639370356361,0.390565284512824,0.973837640684853,NaN,NaN,0
广阔,RRT#,9,20263912,1,266.772346340636,0.0249737,0.0112559,0.0248459,0,NaN,NaN,676,750,6.3918151816646,4.25786704625229,0.763372799974153,NaN,NaN,0
广阔,APF-only,9,20263912,1,301.840641895898,0.0024789,0.0023741,0.0024789,NaN,NaN,NaN,NaN,72,53.671042473467,0.127432159127466,0.6746830105535,1,8,0
广阔,AB-IRRT*,9,20263912,1,218.251920173415,0.0173299,0.0020973,0.0150183,0,0.0020973,0.0151488,497,750,4.19632808575712,0.100823547172251,0.933081151450652,1,8,0
广阔,RRT*,10,20263913,1,237.895432431335,0.0214506,0.0112309,0.0213469,0,NaN,NaN,659,750,9.04987074265441,0.00164735448720954,0.856034732993477,NaN,NaN,0
广阔,Informed-RRT*,10,20263913,1,234.152361787032,0.0214011,0.0113563,0.0212901,0,NaN,NaN,625,750,8.70362339778802,0.107969139340662,0.869718978820072,NaN,NaN,0
广阔,PRM*,10,20263913,1,224.122791713931,0.105239,0.0001442,0.1051435,0,NaN,NaN,752,750,3.80458493271295,0.848511681500478,0.908639194721701,NaN,NaN,0
广阔,FMT*,10,20263913,1,220.475055899422,0.0374096,0.0048311,0.0373021,0,NaN,NaN,752,750,3.68550941222732,0.896983956681101,0.923672531348069,NaN,NaN,0
广阔,BIT*,10,20263913,1,215.184259523355,1.0781311,0.0186176,1.0780109,0,NaN,NaN,609,750,0.898788510107788,0.130679393594695,0.946383129662059,NaN,NaN,0
广阔,RRT#,10,20263913,1,234.008134569599,0.0225306,0.012228,0.0224118,0,NaN,NaN,659,750,5.42002696320516,0.000951258981391589,0.870255016374899,NaN,NaN,0
广阔,APF-only,10,20263913,1,301.840641895898,0.0019398,0.0018533,0.0019398,NaN,NaN,NaN,NaN,72,53.671042473467,0.127432159127466,0.6746830105535,1,8,0
广阔,AB-IRRT*,10,20263913,1,221.226373504114,0.0179525,0.0019946,0.0156567,0,0.0019946,0.0158431,452,750,1.3222034995512,0.157996066854144,0.920535602315692,1,8,0
广阔,RRT*,11,20263914,1,248.172294491113,0.0212427,0.0070504,0.0211104,0,NaN,NaN,628,750,6.63013290816643,0.00763812349476289,0.820586171390773,NaN,NaN,0
广阔,Informed-RRT*,11,20263914,1,250.43411644151,0.0192895,0.0065274,0.0191552,0,NaN,NaN,594,750,8.44835038505609,0.00818976024758733,0.813174961444554,NaN,NaN,0
广阔,PRM*,11,20263914,1,212.342901159246,0.0974392,0.0002058,0.0973414,0,NaN,NaN,752,750,1.01280616671635,0.602967168284646,0.959046673422822,NaN,NaN,0
广阔,FMT*,11,20263914,1,218.597497971588,0.0303744,0.0058809,0.0302656,0,NaN,NaN,752,750,1.62411627743502,0.118620565868961,0.931606056205613,NaN,NaN,0
广阔,BIT*,11,20263914,1,209.614109820248,1.5586775,0.0218545,1.558557,0,NaN,NaN,577,750,0.831584241113007,0.317614250588516,0.971531702500184,NaN,NaN,0
广阔,RRT#,11,20263914,1,248.172294491113,0.0241327,0.0060509,0.0239444,0,NaN,NaN,628,750,6.63013290816643,0.00763812349476289,0.820586171390773,NaN,NaN,0
广阔,APF-only,11,20263914,1,301.840641895898,0.0021352,0.0020272,0.0021352,NaN,NaN,NaN,NaN,72,53.671042473467,0.127432159127466,0.6746830105535,1,8,0
广阔,AB-IRRT*,11,20263914,1,213.117116693309,0.0206355,0.0025052,0.0178786,0,0.0025052,0.0180358,522,750,2.78426431553915,0.476726635160064,0.955562632140843,1,8,0
广阔,RRT*,12,20263915,1,264.096801527797,0.0173026,0.0065555,0.0171813,0,NaN,NaN,603,750,6.67240651300388,0.36460287872282,0.771106472337534,NaN,NaN,0
广阔,Informed-RRT*,12,20263915,1,263.807509716301,0.0183995,0.0059188,0.018248,0,NaN,NaN,569,750,7.38424890402016,0.725733467720289,0.7719520691459,NaN,NaN,0
广阔,PRM*,12,20263915,1,215.059720471915,0.0990168,0.0005611,0.0989233,0,NaN,NaN,752,750,2.26091076246672,0.0302397786565365,0.946931171187493,NaN,NaN,0
广阔,FMT*,12,20263915,1,219.45745180926,0.0143617,0.0025864,0.0142589,0,NaN,NaN,752,750,2.84050589858518,0.18575001913797,0.927955516218805,NaN,NaN,0
广阔,BIT*,12,20263915,1,210.332126133579,1.7777335,0.0191966,1.7776147,0,NaN,NaN,598,750,0.587467753377617,0.339778017825735,0.968215159164001,NaN,NaN,0
广阔,RRT#,12,20263915,1,262.944287294483,0.0189231,0.0057892,0.0188235,0,NaN,NaN,603,750,6.19997284184203,0.36318809659351,0.774486318288606,NaN,NaN,0
广阔,APF-only,12,20263915,1,301.840641895898,0.0025206,0.0024233,0.0025206,NaN,NaN,NaN,NaN,72,53.671042473467,0.127432159127466,0.6746830105535,1,8,0
广阔,AB-IRRT*,12,20263915,1,212.092376036178,0.0196758,0.0033245,0.0161047,0,0.0033245,0.016251,493,750,3.85307125649723,0.214908816111508,0.960179506626814,1,8,0
广阔,RRT*,13,20263916,1,219.821338881906,0.0202184,0.0040038,0.0201409,0,NaN,NaN,649,750,5.84100125482921,0.275185350249089,0.926419400489276,NaN,NaN,0
广阔,Informed-RRT*,13,20263916,1,215.508138585147,0.0251164,0.0053049,0.0249896,0,NaN,NaN,566,750,4.26745751004942,0.357402476601322,0.944960846113314,NaN,NaN,0
广阔,PRM*,13,20263916,1,224.767908841155,0.0940392,0.000194,0.093952,0,NaN,NaN,752,750,4.66721839519186,1.09264905639657,0.906031265903017,NaN,NaN,0
广阔,FMT*,13,20263916,1,219.342550683704,0.0151364,0.0051222,0.015025,0,NaN,NaN,752,750,2.57682754554354,0.0907624061463732,0.928441619498573,NaN,NaN,0
广阔,BIT*,13,20263916,1,209.21627121439,0.9483537,0.0164789,0.9482254,0,NaN,NaN,590,750,0.869517962098912,0.0422299609530086,0.973379134422308,NaN,NaN,0
广阔,RRT#,13,20263916,1,219.821338881906,0.0203931,0.0045046,0.0202779,0,NaN,NaN,649,750,5.84100125482921,0.275185350249089,0.926419400489276,NaN,NaN,0
广阔,APF-only,13,20263916,1,301.840641895898,0.0033496,0.0032029,0.0033496,NaN,NaN,NaN,NaN,72,53.671042473467,0.127432159127466,0.6746830105535,1,8,0
广阔,AB-IRRT*,13,20263916,1,212.882447389494,0.0192199,0.0021572,0.0168755,0,0.0021572,0.0169858,495,750,4.41414661798298,0.754243657272465,0.956615989147895,1,8,0
广阔,RRT*,14,20263917,1,267.551122172956,0.0196273,0.0072297,0.0195488,0,NaN,NaN,658,750,4.69259899263093,0.766112317277868,0.761150808592311,NaN,NaN,0
广阔,Informed-RRT*,14,20263917,1,268.22779009097,0.0242583,0.0067927,0.024133,0,NaN,NaN,641,750,5.72650247865248,0.766287779448163,0.759230626001351,NaN,NaN,0
广阔,PRM*,14,20263917,1,224.505993186021,0.0955271,0.0004804,0.0954418,0,NaN,NaN,752,750,3.72384857318315,0.350972989773194,0.907088270080116,NaN,NaN,0
广阔,FMT*,14,20263917,1,221.387176374437,0.0239536,0.0025817,0.0238566,0,NaN,NaN,752,750,1.42688622623245,0.192354196778108,0.919866978371383,NaN,NaN,0
广阔,BIT*,14,20263917,1,211.055399590399,0.8662868,0.0161031,0.8661885,0,NaN,NaN,668,750,1.51138289960964,0.311872031377048,0.964897147274832,NaN,NaN,0
广阔,RRT#,14,20263917,1,267.397203997114,0.0263332,0.0088094,0.0261803,0,NaN,NaN,658,750,3.62768999418633,0.766522195360199,0.761588939366486,NaN,NaN,0
广阔,APF-only,14,20263917,1,301.840641895898,0.0019969,0.0018988,0.0019969,NaN,NaN,NaN,NaN,72,53.671042473467,0.127432159127466,0.6746830105535,1,8,0
广阔,AB-IRRT*,14,20263917,1,211.123852124294,0.0230051,0.0024319,0.0203354,0,0.0024319,0.0204627,489,750,2.32881011997326,0.376563713193161,0.964584299370558,1,8,0
广阔,RRT*,15,20263918,1,259.456328287168,0.0228428,0.0075404,0.0227503,0,NaN,NaN,632,750,7.00438585133892,1.69079940007475,0.784897999313117,NaN,NaN,0
广阔,Informed-RRT*,15,20263918,1,255.815107606116,0.0203026,0.0064135,0.0201723,0,NaN,NaN,601,750,5.31440006877676,1.13266715497055,0.796070079235839,NaN,NaN,0
广阔,PRM*,15,20263918,1,214.356927446202,0.1032591,0.0003866,0.1031371,0,NaN,NaN,752,750,1.84763322476519,1.43693167499038,0.950035790342421,NaN,NaN,0
广阔,FMT*,15,20263918,1,215.972116318237,0.0130785,0.0077347,0.0129329,0,NaN,NaN,752,750,0.992042684969328,0.0771896289053213,0.942930765569987,NaN,NaN,0
广阔,BIT*,15,20263918,1,209.143667151989,1.9740284,0.0170217,1.9739063,0,NaN,NaN,569,750,0.73013887757781,0.244123636749521,0.973717042236482,NaN,NaN,0
广阔,RRT#,15,20263918,1,259.456328287168,0.0253141,0.0086407,0.0251996,0,NaN,NaN,632,750,7.00438585133892,1.69079940007475,0.784897999313117,NaN,NaN,0
广阔,APF-only,15,20263918,1,301.840641895898,0.0016896,0.0015905,0.0016896,NaN,NaN,NaN,NaN,72,53.671042473467,0.127432159127466,0.6746830105535,1,8,0
广阔,AB-IRRT*,15,20263918,1,221.226373504114,0.0253475,0.0017718,0.0233714,0,0.0017718,0.023493,459,750,1.3222034995512,0.157996066854144,0.920535602315692,1,8,0
广阔,RRT*,16,20263919,1,251.661395594796,0.0220729,0.0087202,0.0219497,0,NaN,NaN,628,750,7.19132551975594,0.158900375816645,0.809209344565586,NaN,NaN,0
广阔,Informed-RRT*,16,20263919,1,245.387750391011,0.0220261,0.0083868,0.0218353,0,NaN,NaN,602,750,6.66455515035053,0.159511844978102,0.829897795049779,NaN,NaN,0
广阔,PRM*,16,20263919,1,221.518745524815,0.0989909,0.0002216,0.0988855,0,NaN,NaN,752,750,5.6609770099442,0.972340764185747,0.919320631304824,NaN,NaN,0
广阔,FMT*,16,20263919,1,217.396326016195,0.0194741,0.0050377,0.0193415,0,NaN,NaN,752,750,1.56135358938968,0.439928933440202,0.936753425016736,NaN,NaN,0
广阔,BIT*,16,20263919,1,209.724257808136,2.258107,0.0200577,2.2579691,0,NaN,NaN,561,750,1.41171862286394,0.173680769583683,0.971021450308478,NaN,NaN,0
广阔,RRT#,16,20263919,1,251.46158834524,0.0252253,0.0111164,0.0251026,0,NaN,NaN,628,750,6.65469423458125,0.159766172571585,0.809852329025028,NaN,NaN,0
广阔,APF-only,16,20263919,1,301.840641895898,0.0019181,0.0018233,0.0019181,NaN,NaN,NaN,NaN,72,53.671042473467,0.127432159127466,0.6746830105535,1,8,0
广阔,AB-IRRT*,16,20263919,1,211.007349805917,0.0227907,0.0024646,0.0201066,0,0.0024646,0.0202427,463,750,4.35474844067119,0.642602237980391,0.965116869952818,1,8,0
广阔,RRT*,17,20263920,1,222.247770091816,0.0301465,0.0063224,0.0300146,0,NaN,NaN,658,750,4.38765574478622,0.219262006802525,0.916305045029671,NaN,NaN,0
广阔,Informed-RRT*,17,20263920,1,215.937679942074,0.0257822,0.0041839,0.0256201,0,NaN,NaN,573,750,4.97859634600279,0.596434911169598,0.943081138207814,NaN,NaN,0
广阔,PRM*,17,20263920,1,211.555118962434,0.0971991,9.99e-05,0.0971034,0,NaN,NaN,752,750,2.37485790719821,0.312039850883486,0.962617940801931,NaN,NaN,0
广阔,FMT*,17,20263920,1,214.152327807432,0.0317262,0.0057745,0.031617,0,NaN,NaN,752,750,1.595755570472,0.12368913051063,0.95094344790334,NaN,NaN,0
广阔,BIT*,17,20263920,1,210.623214199484,1.7546019,0.0264703,1.7544772,0,NaN,NaN,578,750,0.610790847867851,0.387971967229285,0.966877054629167,NaN,NaN,0
广阔,RRT#,17,20263920,1,221.980550779567,0.0256179,0.0042449,0.0254449,0,NaN,NaN,658,750,4.7524885009115,0.219673258255909,0.91740808943191,NaN,NaN,0
广阔,APF-only,17,20263920,1,301.840641895898,0.0023298,0.0022019,0.0023298,NaN,NaN,NaN,NaN,72,53.671042473467,0.127432159127466,0.6746830105535,1,8,0
广阔,AB-IRRT*,17,20263920,1,213.449441563891,0.022695,0.0024234,0.0200474,0,0.0024234,0.0201764,493,750,4.50004195258758,0.459497276973806,0.954074892347606,1,8,0
广阔,RRT*,18,20263921,1,240.568192190987,0.0203561,0.0067485,0.0202587,0,NaN,NaN,646,750,6.2132811620511,0.0960882238243332,0.846524019351862,NaN,NaN,0
广阔,Informed-RRT*,18,20263921,1,242.36666483755,0.0328752,0.0068824,0.0327296,0,NaN,NaN,608,750,5.66121751997037,0.0965297116846084,0.84024241996408,NaN,NaN,0
广阔,PRM*,18,20263921,1,229.03222595038,0.1028569,0.0006356,0.1027469,0,NaN,NaN,752,750,3.27831109987927,0.706503738731948,0.889162003891305,NaN,NaN,0
广阔,FMT*,18,20263921,1,224.984669338907,0.0180291,0.0026815,0.0178884,0,NaN,NaN,752,750,4.45762448388449,0.115002761387075,0.905158354034165,NaN,NaN,0
广阔,BIT*,18,20263921,1,211.522711169114,1.2604771,0.0179274,1.2602875,0,NaN,NaN,623,750,1.63412538057302,0.215278444050807,0.962765425311275,NaN,NaN,0
广阔,RRT#,18,20263921,1,240.568192190987,0.0204176,0.0065822,0.0202897,0,NaN,NaN,646,750,6.2132811620511,0.0960882238243332,0.846524019351862,NaN,NaN,0
广阔,APF-only,18,20263921,1,301.840641895898,0.0021515,0.0020526,0.0021515,NaN,NaN,NaN,NaN,72,53.671042473467,0.127432159127466,0.6746830105535,1,8,0
广阔,AB-IRRT*,18,20263921,1,221.226373504114,0.0184318,0.0017298,0.0165013,0,0.0017298,0.0166231,436,750,1.3222034995512,0.157996066854144,0.920535602315692,1,8,0
广阔,RRT*,19,20263922,1,218.57506022214,0.0162947,0.0058057,0.016166,0,NaN,NaN,614,750,6.30421574180607,0.258017301868714,0.931701689912644,NaN,NaN,0
广阔,Informed-RRT*,19,20263922,1,214.340279687408,0.0253439,0.0054864,0.025182,0,NaN,NaN,542,750,3.52989701210155,0.924137098644239,0.950109579397408,NaN,NaN,0
广阔,PRM*,19,20263922,1,222.549560370993,0.0927947,0.0032733,0.0926961,0,NaN,NaN,752,750,2.73787770310028,0.398436209401158,0.915062481553521,NaN,NaN,0
广阔,FMT*,19,20263922,1,218.972651703298,0.0227969,0.0074017,0.0226617,0,NaN,NaN,752,750,1.76503132512885,0.400326727391612,0.930009987081225,NaN,NaN,0
广阔,BIT*,19,20263922,1,209.378027897819,1.1270117,0.0153603,1.1268668,0,NaN,NaN,594,750,0.833201084826094,0.142008678630631,0.972627142524764,NaN,NaN,0
广阔,RRT#,19,20263922,1,218.57506022214,0.0233868,0.0079608,0.0232447,0,NaN,NaN,614,750,6.30421574180607,0.258017301868714,0.931701689912644,NaN,NaN,0
广阔,APF-only,19,20263922,1,301.840641895898,0.0015829,0.0014993,0.0015829,NaN,NaN,NaN,NaN,72,53.671042473467,0.127432159127466,0.6746830105535,1,8,0
广阔,AB-IRRT*,19,20263922,1,213.438013829904,0.024449,0.0019688,0.0222103,0,0.0019688,0.0223879,450,750,5.41739460700627,0.221624965109299,0.954125974691739,1,8,0
广阔,RRT*,20,20263923,1,214.283976156582,0.0228161,0.0048763,0.0226893,0,NaN,NaN,617,750,6.37139276215266,0.120325754113724,0.950359222534292,NaN,NaN,0
广阔,Informed-RRT*,20,20263923,1,212.985678380245,0.022986,0.0037838,0.0228402,0,NaN,NaN,543,750,3.97273787423726,0.0886282633098769,0.956152331604915,NaN,NaN,0
广阔,PRM*,20,20263923,1,220.376800847302,0.0934851,0.0001557,0.0933711,0,NaN,NaN,752,750,3.47105687346018,0.228422190434516,0.92408435097863,NaN,NaN,0
广阔,FMT*,20,20263923,1,215.191123246368,0.0364412,0.004007,0.0363132,0,NaN,NaN,752,750,2.80691196239661,0.259437382652974,0.946352943883166,NaN,NaN,0
广阔,BIT*,20,20263923,1,209.083404515381,1.3207055,0.0173106,1.3205821,0,NaN,NaN,582,750,0.902217700660163,0.174586045462434,0.973997689839342,NaN,NaN,0
广阔,RRT#,20,20263923,1,214.122100773157,0.0184573,0.0042781,0.0183535,0,NaN,NaN,617,750,6.35288706653597,0.121152585585676,0.951077690002073,NaN,NaN,0
广阔,APF-only,20,20263923,1,301.840641895898,0.0021495,0.0020271,0.0021495,NaN,NaN,NaN,NaN,72,53.671042473467,0.127432159127466,0.6746830105535,1,8,0
广阔,AB-IRRT*,20,20263923,1,221.226373504114,0.0183118,0.002153,0.015967,0,0.002153,0.0160764,475,750,1.3222034995512,0.157996066854144,0.920535602315692,1,8,0
广阔,RRT*,21,20263924,1,236.085115776377,0.0224475,0.006822,0.0223497,0,NaN,NaN,635,750,7.02115305274559,0.328865317786427,0.862598865294932,NaN,NaN,0
广阔,Informed-RRT*,21,20263924,1,236.843554270644,0.0251696,0.0054759,0.0250175,0,NaN,NaN,582,750,9.00525491854575,0.924433669587833,0.859836585415435,NaN,NaN,0
广阔,PRM*,21,20263924,1,229.299357858089,0.0928017,0.0050501,0.0926652,0,NaN,NaN,752,750,4.62136723485669,2.46427688412193,0.88812613730807,NaN,NaN,0
广阔,FMT*,21,20263924,1,221.164475070699,0.0262888,0.0041572,0.0261554,0,NaN,NaN,752,750,2.50542722498871,0.0891957154699234,0.920793237325417,NaN,NaN,0
广阔,BIT*,21,20263924,1,210.537636815341,1.2965165,0.0190215,1.2963921,0,NaN,NaN,617,750,0.665873864482819,0.219429239544787,0.967270061838592,NaN,NaN,0
广阔,RRT#,21,20263924,1,235.214582000236,0.0227446,0.0052388,0.0225976,0,NaN,NaN,635,750,5.66101167672592,0.328741139768443,0.865791360594819,NaN,NaN,0
广阔,APF-only,21,20263924,1,301.840641895898,0.0020129,0.0019168,0.0020129,NaN,NaN,NaN,NaN,72,53.671042473467,0.127432159127466,0.6746830105535,1,8,0
广阔,AB-IRRT*,21,20263924,1,211.503286012812,0.0207576,0.0025266,0.0180095,0,0.0025266,0.0181404,443,750,3.09992369193774,0.374396087480292,0.962853848849372,1,8,0
广阔,RRT*,22,20263925,1,216.405697440382,0.0228223,0.0062195,0.0227464,0,NaN,NaN,664,750,4.77278977438173,0.93479148536165,0.941041550155251,NaN,NaN,0
广阔,Informed-RRT*,22,20263925,1,212.343923393844,0.0252857,0.0056272,0.0251697,0,NaN,NaN,582,750,4.43552758835381,0.238353248229958,0.959042056522676,NaN,NaN,0
广阔,PRM*,22,20263925,1,232.035598396261,0.0964146,0.0006136,0.0963185,0,NaN,NaN,752,750,4.73438303201612,0.0523987146096943,0.877653060087556,NaN,NaN,0
广阔,FMT*,22,20263925,1,211.134320774623,0.0095028,0.0053249,0.009402,0,NaN,NaN,752,750,0.659481979609087,0.324814249931862,0.964536472490942,NaN,NaN,0
广阔,BIT*,22,20263925,1,209.188869840901,1.2861962,0.021942,1.2860618,0,NaN,NaN,561,750,1.16758056959114,0.0273043144289122,0.973506636068207,NaN,NaN,0
广阔,RRT#,22,20263925,1,216.405697440382,0.0281538,0.0053062,0.0280244,0,NaN,NaN,664,750,4.77278977438173,0.93479148536165,0.941041550155251,NaN,NaN,0
广阔,APF-only,22,20263925,1,301.840641895898,0.0015926,0.0015053,0.0015926,NaN,NaN,NaN,NaN,72,53.671042473467,0.127432159127466,0.6746830105535,1,8,0
广阔,AB-IRRT*,22,20263925,1,217.741641329491,0.0199048,0.0017886,0.0179142,0,0.0017886,0.0180392,463,750,9.87219206907199,0.117440401075759,0.935267832731925,1,8,0
广阔,RRT*,23,20263926,1,222.488373210864,0.0194782,0.0058796,0.0193989,0,NaN,NaN,669,750,6.49763022572985,0.540454366105512,0.915314135488414,NaN,NaN,0
广阔,Informed-RRT*,23,20263926,1,216.388042844747,0.0241914,0.0038924,0.0240516,0,NaN,NaN,602,750,5.2852035668634,0.552822831774784,0.941118327540107,NaN,NaN,0
广阔,PRM*,23,20263926,1,221.008517995187,0.1010971,0.0001826,0.101,0,NaN,NaN,752,750,2.78664596743323,0.10294333236871,0.92144300513413,NaN,NaN,0
广阔,FMT*,23,20263926,1,217.725184270078,0.0287491,0.0060548,0.0286376,0,NaN,NaN,752,750,1.92343301400306,0.393526534089284,0.935338526245596,NaN,NaN,0
广阔,BIT*,23,20263926,1,209.706275983923,0.6184836,0.0276949,0.6183483,0,NaN,NaN,556,750,0.813226949020496,0.444336555811612,0.971104713133805,NaN,NaN,0
广阔,RRT#,23,20263926,1,222.488373210864,0.0254965,0.0062936,0.0253727,0,NaN,NaN,669,750,6.49763022572985,0.540454366105512,0.915314135488414,NaN,NaN,0
广阔,APF-only,23,20263926,1,301.840641895898,0.0022909,0.0021895,0.0022909,NaN,NaN,NaN,NaN,72,53.671042473467,0.127432159127466,0.6746830105535,1,8,0
广阔,AB-IRRT*,23,20263926,1,213.567901312272,0.0201195,0.0026102,0.0172954,0,0.0026102,0.0174197,499,750,5.47658822349891,0.0979033432483476,0.953545695445874,1,8,0
广阔,RRT*,24,20263927,1,220.698732595203,0.0255778,0.0098608,0.0254627,0,NaN,NaN,670,750,5.62509832764781,0.278041657087792,0.922736395388578,NaN,NaN,0
广阔,Informed-RRT*,24,20263927,1,219.418649334484,0.0274247,0.0069381,0.027243,0,NaN,NaN,611,750,6.48914133050353,0.183762025810538,0.928119617905789,NaN,NaN,0
广阔,PRM*,24,20263927,1,217.98296385725,0.1049235,0.0004324,0.104825,0,NaN,NaN,752,750,3.11051761317749,1.18637945914036,0.934232425223319,NaN,NaN,0
广阔,FMT*,24,20263927,1,219.638035072371,0.0703545,0.0108714,0.0702254,0,NaN,NaN,752,750,1.44641019218703,0.311547547060442,0.927192564414556,NaN,NaN,0
广阔,BIT*,24,20263927,1,209.723568732318,1.4706483,0.0235933,1.4704912,0,NaN,NaN,607,750,0.982322972363211,0.32372398640105,0.971024640733879,NaN,NaN,0
广阔,RRT#,24,20263927,1,220.698732595203,0.0399198,0.0137806,0.0397582,0,NaN,NaN,670,750,5.62509832764781,0.278041657087792,0.922736395388578,NaN,NaN,0
广阔,APF-only,24,20263927,1,301.840641895898,0.00307,0.0029454,0.00307,NaN,NaN,NaN,NaN,72,53.671042473467,0.127432159127466,0.6746830105535,1,8,0
广阔,AB-IRRT*,24,20263927,1,213.388481914711,0.029722,0.0031196,0.0263017,0,0.0031196,0.0264953,522,750,4.36942771935934,0.106645799107767,0.954347447221264,1,8,0
广阔,RRT*,25,20263928,1,232.771676483801,0.0285756,0.0106233,0.0284321,0,NaN,NaN,669,750,5.8860789357007,0.311213344272063,0.874877717332152,NaN,NaN,0
广阔,Informed-RRT*,25,20263928,1,228.604134176235,0.0290591,0.009792,0.0288766,0,NaN,NaN,607,750,5.44611618986111,0.0675314340580684,0.890827078502137,NaN,NaN,0
广阔,PRM*,25,20263928,1,211.799370712837,0.1270652,0.0001808,0.1269363,0,NaN,NaN,752,750,2.35561658540229,0.202566653437516,0.961507828358167,NaN,NaN,0
广阔,FMT*,25,20263928,1,222.326266467597,0.0286296,0.0080874,0.0284932,0,NaN,NaN,752,750,1.3299198159514,0.318924396465214,0.915981526687517,NaN,NaN,0
广阔,BIT*,25,20263928,1,208.633985018629,1.5722408,0.0329176,1.5719878,0,NaN,NaN,599,750,0.928721622478997,0.183551463039265,0.976095783069774,NaN,NaN,0
广阔,RRT#,25,20263928,1,232.520122937273,0.025305,0.0090291,0.02519,0,NaN,NaN,669,750,5.41362875591592,0.34375274248465,0.875824210004671,NaN,NaN,0
广阔,APF-only,25,20263928,1,301.840641895898,0.0047817,0.004506,0.0047817,NaN,NaN,NaN,NaN,72,53.671042473467,0.127432159127466,0.6746830105535,1,8,0
广阔,AB-IRRT*,25,20263928,1,214.739595675058,0.0300438,0.0033004,0.0264713,0,0.0033004,0.026629,483,750,3.80129414714971,1.21128193060565,0.948342816524076,1,8,0
广阔,RRT*,26,20263929,1,248.679961558617,0.027023,0.0079845,0.0268786,0,NaN,NaN,654,750,5.50289468267523,0.493148893972666,0.818910987863103,NaN,NaN,0
广阔,Informed-RRT*,26,20263929,1,244.900109644103,0.0397764,0.0116246,0.0395816,0,NaN,NaN,623,750,5.40430597750095,0.493268975908075,0.831550272793555,NaN,NaN,0
广阔,PRM*,26,20263929,1,223.784339447308,0.1319295,0.0001026,0.1317961,0,NaN,NaN,752,750,3.78760827411692,1.32937814796465,0.910013424016544,NaN,NaN,0
广阔,FMT*,26,20263929,1,224.909917284983,0.0287301,0.0054932,0.0285884,0,NaN,NaN,752,750,1.76268118589608,0.013474914831729,0.905459196464357,NaN,NaN,0
广阔,BIT*,26,20263929,1,209.92048098823,1.64299,0.0227962,1.6428106,0,NaN,NaN,576,750,0.636832207377434,0.33194315854619,0.970113787959279,NaN,NaN,0
广阔,RRT#,26,20263929,1,248.679961558617,0.0202708,0.0069353,0.0201621,0,NaN,NaN,654,750,5.50289468267523,0.493148893972666,0.818910987863103,NaN,NaN,0
广阔,APF-only,26,20263929,1,301.840641895898,0.0017046,0.0016132,0.0017046,NaN,NaN,NaN,NaN,72,53.671042473467,0.127432159127466,0.6746830105535,1,8,0
广阔,AB-IRRT*,26,20263929,1,214.335798719499,0.0238233,0.0016984,0.0219506,0,0.0016984,0.0220518,513,750,3.87927543720164,0.354999869632454,0.950129442670648,1,8,0
广阔,RRT*,27,20263930,1,216.044360590251,0.023305,0.0044835,0.0232118,0,NaN,NaN,665,750,5.16087468521588,0.115587776498361,0.942615453721382,NaN,NaN,0
广阔,Informed-RRT*,27,20263930,1,210.65154802434,0.0268308,0.0030973,0.0267191,0,NaN,NaN,557,750,2.81355260737891,0.232742950771584,0.966747004195742,NaN,NaN,0
广阔,PRM*,27,20263930,1,212.206705098706,0.1111084,0.0003513,0.1110235,0,NaN,NaN,752,750,1.45930935559745,0.115096176193768,0.959662197700119,NaN,NaN,0
广阔,FMT*,27,20263930,1,211.215470981499,0.0426978,0.0050548,0.0425919,0,NaN,NaN,752,750,1.45059426496736,0.456587765190077,0.964165891993601,NaN,NaN,0
广阔,BIT*,27,20263930,1,212.452585501897,0.9915873,0.0209338,0.9914448,0,NaN,NaN,623,750,0.719498541862917,0.101007191393705,0.95855153986774,NaN,NaN,0
广阔,RRT#,27,20263930,1,216.044360590251,0.0207907,0.0048844,0.0206735,0,NaN,NaN,665,750,5.16087468521588,0.115587776498361,0.942615453721382,NaN,NaN,0
广阔,APF-only,27,20263930,1,301.840641895898,0.0017393,0.0016499,0.0017393,NaN,NaN,NaN,NaN,72,53.671042473467,0.127432159127466,0.6746830105535,1,8,0
广阔,AB-IRRT*,27,20263930,1,213.827052395484,0.0247011,0.001837,0.0226224,0,0.001837,0.0227833,506,750,6.25792904622073,0.79998334113048,0.95239003063593,1,8,0
广阔,RRT*,28,20263931,1,245.23350136317,0.0227497,0.0107852,0.0226316,0,NaN,NaN,619,750,6.71906545445847,0.174243292039213,0.830419791136702,NaN,NaN,0
广阔,Informed-RRT*,28,20263931,1,243.825673587309,0.0244817,0.0106518,0.024322,0,NaN,NaN,607,750,5.00399016041927,0.174430825462627,0.835214561229558,NaN,NaN,0
广阔,PRM*,28,20263931,1,210.461876581966,0.109817,0.0002129,0.1097106,0,NaN,NaN,752,750,2.2027878313893,0.172420469976141,0.967618251291291,NaN,NaN,0
广阔,FMT*,28,20263931,1,213.779972978422,0.0245615,0.004293,0.0244348,0,NaN,NaN,752,750,1.37730151541061,0.19126446740877,0.952599769494222,NaN,NaN,0
广阔,BIT*,28,20263931,1,211.995440975512,1.3730568,0.0211379,1.3729384,0,NaN,NaN,623,750,0.735041117641117,0.247269607000302,0.960618549364227,NaN,NaN,0
广阔,RRT#,28,20263931,1,244.839202124178,0.0188708,0.0084851,0.018767,0,NaN,NaN,619,750,5.87257756454138,0.174390053472164,0.831757133722562,NaN,NaN,0
广阔,APF-only,28,20263931,1,301.840641895898,0.0017422,0.0016569,0.0017422,NaN,NaN,NaN,NaN,72,53.671042473467,0.127432159127466,0.6746830105535,1,8,0
广阔,AB-IRRT*,28,20263931,1,212.220650854254,0.0190654,0.001922,0.0169216,0,0.001922,0.017066,485,750,5.27584757700339,0.410364922510946,0.959599134966294,1,8,0
广阔,RRT*,29,20263932,1,233.117959947675,0.0198806,0.0045968,0.0197955,0,NaN,NaN,675,750,5.23451941360248,1.22734078790879,0.87357813626816,NaN,NaN,0
广阔,Informed-RRT*,29,20263932,1,227.019357170598,0.0284074,0.0043353,0.0282664,0,NaN,NaN,621,750,6.1432335870238,0.194223135311768,0.897045765259088,NaN,NaN,0
广阔,PRM*,29,20263932,1,218.560585505228,0.103417,0.0002903,0.1033001,0,NaN,NaN,752,750,4.58609290042163,0.0728299825483134,0.931763394168134,NaN,NaN,0
广阔,FMT*,29,20263932,1,222.01775371079,0.0463131,0.0044937,0.0461931,0,NaN,NaN,752,750,4.21957959321629,0.221383243209743,0.917254361770567,NaN,NaN,0
广阔,BIT*,29,20263932,1,209.326468414052,0.6334166,0.0265748,0.6332951,0,NaN,NaN,627,750,1.06824460404802,0.151966431247375,0.972866711623434,NaN,NaN,0
广阔,RRT#,29,20263932,1,233.117959947675,0.0248492,0.0049573,0.0247416,0,NaN,NaN,675,750,5.23451941360248,1.22734078790879,0.87357813626816,NaN,NaN,0
广阔,APF-only,29,20263932,1,301.840641895898,0.0017847,0.0017014,0.0017847,NaN,NaN,NaN,NaN,72,53.671042473467,0.127432159127466,0.6746830105535,1,8,0
广阔,AB-IRRT*,29,20263932,1,221.226373504114,0.0227434,0.0031071,0.0194342,0,0.0031071,0.0195433,463,750,1.3222034995512,0.157996066854144,0.920535602315692,1,8,0
广阔,RRT*,30,20263933,1,237.308861066259,0.017044,0.0039989,0.0169724,0,NaN,NaN,650,750,5.62299833186156,0.609823395654094,0.858150648343743,NaN,NaN,0
广阔,Informed-RRT*,30,20263933,1,226.587029186029,0.0285022,0.0058345,0.028343,0,NaN,NaN,612,750,7.35083210649949,1.05917824711393,0.898757328313487,NaN,NaN,0
广阔,PRM*,30,20263933,1,224.417925623345,0.0963169,0.0014364,0.0962133,0,NaN,NaN,752,750,2.57433867790085,2.0282218757286,0.907444235642382,NaN,NaN,0
广阔,FMT*,30,20263933,1,237.923576157907,0.0240738,0.0110691,0.0239641,0,NaN,NaN,752,750,1.76199111240242,0.402477720846761,0.855933473556094,NaN,NaN,0
广阔,BIT*,30,20263933,1,210.070605646603,1.530095,0.0282913,1.5299828,0,NaN,NaN,602,750,1.48558897974993,0.173084854544083,0.969420506761979,NaN,NaN,0
广阔,RRT#,30,20263933,1,237.612552110915,0.0247066,0.0049298,0.0245953,0,NaN,NaN,650,750,6.426444405059,0.61088206974523,0.857053851627608,NaN,NaN,0
广阔,APF-only,30,20263933,1,301.840641895898,0.0020583,0.0019531,0.0020583,NaN,NaN,NaN,NaN,72,53.671042473467,0.127432159127466,0.6746830105535,1,8,0
广阔,AB-IRRT*,30,20263933,1,214.189015366979,0.0242057,0.0025934,0.0210796,0,0.0025934,0.0212306,492,750,7.05411704195819,0.193869816893539,0.950780564693334,1,8,0
广阔,RRT*,31,20263934,1,263.756473421713,0.0224923,0.0068885,0.0224049,0,NaN,NaN,654,750,5.95893784661116,2.19887792349169,0.772101440164923,NaN,NaN,0
广阔,Informed-RRT*,31,20263934,1,264.808842503701,0.0185415,0.0061451,0.0184159,0,NaN,NaN,641,750,5.95833176482825,4.45488955932484,0.769033054396132,NaN,NaN,0
广阔,PRM*,31,20263934,1,224.827630892822,0.1058113,0.0002401,0.1057056,0,NaN,NaN,752,750,2.2813880582019,0.321101241651811,0.905790592433038,NaN,NaN,0
广阔,FMT*,31,20263934,1,215.5187052407,0.0229879,0.0054426,0.0228698,0,NaN,NaN,752,750,1.58197224771445,0.353542719432561,0.944914515676422,NaN,NaN,0
广阔,BIT*,31,20263934,1,209.249232902361,2.284156,0.0205119,2.2840252,0,NaN,NaN,600,750,0.790761146772712,1.37519359808726,0.973225804257791,NaN,NaN,0
广阔,RRT#,31,20263934,1,263.756473421713,0.0245161,0.0074156,0.024383,0,NaN,NaN,654,750,5.95893784661116,2.19887792349169,0.772101440164923,NaN,NaN,0
广阔,APF-only,31,20263934,1,301.840641895898,0.0022916,0.0021874,0.0022916,NaN,NaN,NaN,NaN,72,53.671042473467,0.127432159127466,0.6746830105535,1,8,0
广阔,AB-IRRT*,31,20263934,1,212.697649037546,0.0199263,0.0018079,0.0179353,0,0.0018079,0.0180475,467,750,5.3191065484602,0.0942617386202877,0.957447126958028,1,8,0
广阔,RRT*,32,20263935,1,217.021120084428,0.0238687,0.0068808,0.0237756,0,NaN,NaN,647,750,5.69221308743999,0.245444151958203,0.938372969886527,NaN,NaN,0
广阔,Informed-RRT*,32,20263935,1,211.795640852766,0.0322595,0.0044685,0.0321061,0,NaN,NaN,585,750,4.54703394340199,0.88593621882764,0.961524761141305,NaN,NaN,0
广阔,PRM*,32,20263935,1,225.625323117923,0.1007984,0.0001446,0.1002964,0,NaN,NaN,752,750,2.18904528942284,0.110417451539149,0.902588194301622,NaN,NaN,0
广阔,FMT*,32,20263935,1,214.673504772237,0.0107223,0.0037993,0.0106071,0,NaN,NaN,752,750,2.57953797699586,0.384873055971255,0.948634780047913,NaN,NaN,0
广阔,BIT*,32,20263935,1,210.473899317805,1.9569495,0.017366,1.9568295,0,NaN,NaN,584,750,0.626600986661124,0.0639546820115271,0.967562978791159,NaN,NaN,0
广阔,RRT#,32,20263935,1,217.021120084428,0.0258188,0.0045644,0.0256939,0,NaN,NaN,647,750,5.69221308743999,0.245444151958203,0.938372969886527,NaN,NaN,0
广阔,APF-only,32,20263935,1,301.840641895898,0.0017524,0.0016731,0.0017524,NaN,NaN,NaN,NaN,72,53.671042473467,0.127432159127466,0.6746830105535,1,8,0
广阔,AB-IRRT*,32,20263935,1,212.93750207911,0.0237859,0.0016871,0.0219054,0,0.0016871,0.02203,455,750,5.03651639146533,0.598777370086012,0.956368657438593,1,8,0
广阔,RRT*,33,20263936,1,226.411512867053,0.0197946,0.0039565,0.0197207,0,NaN,NaN,598,750,8.05085507321211,0.757356034741637,0.899454053386874,NaN,NaN,0
广阔,Informed-RRT*,33,20263936,1,223.988111560732,0.0264852,0.0034677,0.0263511,0,NaN,NaN,547,750,9.65156748309219,0.159410636550355,0.909185543655556,NaN,NaN,0
广阔,PRM*,33,20263936,1,217.387625447545,0.0996894,0.000203,0.0995855,0,NaN,NaN,752,750,2.68029924517466,0.351998608111782,0.936790916973629,NaN,NaN,0
广阔,FMT*,33,20263936,1,232.214317386222,0.0264884,0.0050844,0.0263494,0,NaN,NaN,752,750,2.79708884991896,0.328846442576129,0.87697759239805,NaN,NaN,0
广阔,BIT*,33,20263936,1,209.695834712864,1.3224022,0.0189515,1.3222634,0,NaN,NaN,604,750,0.617830888587319,0.0379754497079716,0.971153066824523,NaN,NaN,0
广阔,RRT#,33,20263936,1,225.95633443268,0.0190134,0.0034397,0.0189129,0,NaN,NaN,598,750,7.07727976288372,0.75755272557705,0.901265961377149,NaN,NaN,0
广阔,APF-only,33,20263936,1,301.840641895898,0.0018081,0.0017201,0.0018081,NaN,NaN,NaN,NaN,72,53.671042473467,0.127432159127466,0.6746830105535,1,8,0
广阔,AB-IRRT*,33,20263936,1,213.007881481661,0.0182944,0.0018906,0.0162366,0,0.0018906,0.0163372,518,750,3.88181388211523,0.0175270349013292,0.95605266605714,1,8,0
广阔,RRT*,34,20263937,1,231.506509297384,0.018673,0.0034075,0.018591,0,NaN,NaN,680,750,5.36331596047797,0.552398978961207,0.879658864019798,NaN,NaN,0
广阔,Informed-RRT*,34,20263937,1,228.716167105786,0.0252823,0.0036088,0.0251129,0,NaN,NaN,611,750,3.92577395355517,0.553236657478854,0.890390721210081,NaN,NaN,0
广阔,PRM*,34,20263937,1,224.454553314594,0.1007708,0.0001276,0.1006683,0,NaN,NaN,752,750,2.7916568586753,0.213581101905865,0.907296154051708,NaN,NaN,0
广阔,FMT*,34,20263937,1,211.469947518378,0.0347838,0.006496,0.0346805,0,NaN,NaN,752,750,0.868373782371004,0.000779743763404284,0.963005643929749,NaN,NaN,0
广阔,BIT*,34,20263937,1,209.117876968325,1.0987701,0.0160648,1.098655,0,NaN,NaN,545,750,0.87114431604947,0.0189759757866739,0.973837129250178,NaN,NaN,0
广阔,RRT#,34,20263937,1,231.506509297384,0.0202201,0.0036776,0.0200963,0,NaN,NaN,680,750,5.36331596047797,0.552398978961207,0.879658864019798,NaN,NaN,0
广阔,APF-only,34,20263937,1,301.840641895898,0.0016082,0.0015305,0.0016082,NaN,NaN,NaN,NaN,72,53.671042473467,0.127432159127466,0.6746830105535,1,8,0
广阔,AB-IRRT*,34,20263937,1,212.327739122158,0.0226387,0.0025095,0.0199261,0,0.0025095,0.0200432,462,750,5.42912642189163,0.030706864770826,0.959115157650515,1,8,0
广阔,RRT*,35,20263938,1,252.347127067668,0.0220047,0.0135965,0.0219189,0,NaN,NaN,604,750,6.35587091496383,0.151253003791226,0.807010388222557,NaN,NaN,0
广阔,Informed-RRT*,35,20263938,1,254.057379311117,0.0228704,0.0118463,0.022694,0,NaN,NaN,595,750,6.51820861611998,0.0762609956749906,0.801577791339573,NaN,NaN,0
广阔,PRM*,35,20263938,1,221.703201412016,0.112558,0.000643,0.1120763,0,NaN,NaN,752,750,4.03317615871825,0.680011433926035,0.918555761417562,NaN,NaN,0
广阔,FMT*,35,20263938,1,224.405115095082,0.0097277,0.004728,0.0096419,0,NaN,NaN,752,750,2.83488502960212,0.0641447252042724,0.907496038561507,NaN,NaN,0
广阔,BIT*,35,20263938,1,209.578600901911,0.8531453,0.0162866,0.8530426,0,NaN,NaN,620,750,1.00175122243382,0.696733305715837,0.971696309190643,NaN,NaN,0
广阔,RRT#,35,20263938,1,252.347127067668,0.0194241,0.011025,0.0192872,0,NaN,NaN,604,750,6.35587091496383,0.151253003791226,0.807010388222557,NaN,NaN,0
广阔,APF-only,35,20263938,1,301.840641895898,0.0029381,0.0027255,0.0029381,NaN,NaN,NaN,NaN,72,53.671042473467,0.127432159127466,0.6746830105535,1,8,0
广阔,AB-IRRT*,35,20263938,1,218.944931027273,0.0182631,0.0019744,0.0160805,0,0.0019744,0.0162078,458,750,8.66589251805669,0.129164546335989,0.930127735893363,1,8,0
广阔,RRT*,36,20263939,1,223.720453965181,0.0228849,0.0055554,0.0228016,0,NaN,NaN,688,750,5.84939644126444,0.893320240530158,0.910273286918238,NaN,NaN,0
广阔,Informed-RRT*,36,20263939,1,216.441944106455,0.0296649,0.0045895,0.0295522,0,NaN,NaN,628,750,5.93740156281556,0.11530519214565,0.940883957693358,NaN,NaN,0
广阔,PRM*,36,20263939,1,222.96626630467,0.1021082,0.0009385,0.1020064,0,NaN,NaN,752,750,2.26107309903877,0.523135040851007,0.91335230372228,NaN,NaN,0
广阔,FMT*,36,20263939,1,222.914913654261,0.0335591,0.00547,0.033422,0,NaN,NaN,752,750,3.32749451303628,0.67750060764113,0.913562711634357,NaN,NaN,0
广阔,BIT*,36,20263939,1,208.731466974844,1.6498004,0.0201826,1.6496616,0,NaN,NaN,614,750,0.82552571927348,0.0678892290307754,0.975639925944987,NaN,NaN,0
广阔,RRT#,36,20263939,1,223.767068123853,0.0277293,0.006536,0.0275688,0,NaN,NaN,688,750,5.97415461940106,0.896411645261869,0.910083662842691,NaN,NaN,0
广阔,APF-only,36,20263939,1,301.840641895898,0.0022182,0.0021026,0.0022182,NaN,NaN,NaN,NaN,72,53.671042473467,0.127432159127466,0.6746830105535,1,8,0
广阔,AB-IRRT*,36,20263939,1,217.131716420952,0.0216832,0.0024884,0.0189935,0,0.0024884,0.0191129,520,750,5.21986364113165,0.293530940360132,0.937895008331795,1,8,0
广阔,RRT*,37,20263940,1,226.398857529156,0.0180505,0.0037717,0.0179844,0,NaN,NaN,654,750,5.19682856384888,0.165579598675217,0.899504331445221,NaN,NaN,0
广阔,Informed-RRT*,37,20263940,1,223.538703226031,0.0205387,0.0042367,0.020434,0,NaN,NaN,581,750,3.87474897751163,0.165636673087494,0.911013395187357,NaN,NaN,0
广阔,PRM*,37,20263940,1,224.888166538119,0.0975873,9.93e-05,0.0974884,0,NaN,NaN,752,750,2.87503430914339,0.455628020380304,0.905546770719958,NaN,NaN,0
广阔,FMT*,37,20263940,1,210.783745938164,0.0095764,0.0048523,0.0094881,0,NaN,NaN,752,750,0.965628602652094,0.0814866514934796,0.966140686395561,NaN,NaN,0
广阔,BIT*,37,20263940,1,209.01246495033,1.7275118,0.0145187,1.727384,0,NaN,NaN,578,750,0.732979216312549,0.330443768608806,0.974328268077795,NaN,NaN,0
广阔,RRT#,37,20263940,1,226.398857529156,0.0198394,0.0048605,0.0196051,0,NaN,NaN,654,750,5.19682856384888,0.165579598675217,0.899504331445221,NaN,NaN,0
广阔,APF-only,37,20263940,1,301.840641895898,0.0018282,0.0017369,0.0018282,NaN,NaN,NaN,NaN,72,53.671042473467,0.127432159127466,0.6746830105535,1,8,0
广阔,AB-IRRT*,37,20263940,1,211.852801291948,0.0249459,0.002933,0.021794,0,0.002933,0.0219242,502,750,4.58997574287008,0.222372967307713,0.961265330171803,1,8,0
广阔,RRT*,38,20263941,1,217.087407673445,0.0175534,0.0035313,0.0174484,0,NaN,NaN,628,750,5.2097255165897,0.132776712924896,0.938086437920262,NaN,NaN,0
广阔,Informed-RRT*,38,20263941,1,214.974620547286,0.0246221,0.0053693,0.0244842,0,NaN,NaN,547,750,5.09717101396121,0.748036510158019,0.947306023675158,NaN,NaN,0
广阔,PRM*,38,20263941,1,210.815326992178,0.1101654,0.0001811,0.110052,0,NaN,NaN,752,750,1.74395293159308,0.173337783286415,0.965995954313518,NaN,NaN,0
广阔,FMT*,38,20263941,1,214.044550890845,0.0243834,0.0067114,0.0242771,0,NaN,NaN,752,750,2.06411496548151,0.205255072575481,0.951422272298716,NaN,NaN,0
广阔,BIT*,38,20263941,1,209.38393100023,0.8488093,0.0179269,0.8486332,0,NaN,NaN,569,750,0.919360662056656,0.0162458964299734,0.972599721520663,NaN,NaN,0
广阔,RRT#,38,20263941,1,216.508352008321,0.0226147,0.0052887,0.0224906,0,NaN,NaN,628,750,4.81291923926307,0.134857294557774,0.940595367766222,NaN,NaN,0
广阔,APF-only,38,20263941,1,301.840641895898,0.0022061,0.0020983,0.0022061,NaN,NaN,NaN,NaN,72,53.671042473467,0.127432159127466,0.6746830105535,1,8,0
广阔,AB-IRRT*,38,20263941,1,215.368649761904,0.0159614,0.0028268,0.0129211,0,0.0028268,0.0130422,388,750,7.51346285420883,0.362733139200838,0.945572873335386,1,8,0
广阔,RRT*,39,20263942,1,244.40296053681,0.0256784,0.0104227,0.0256018,0,NaN,NaN,641,750,7.17316133265328,0.136521673147483,0.833241759978819,NaN,NaN,0
广阔,Informed-RRT*,39,20263942,1,233.825043254347,0.0262464,0.0075258,0.0261001,0,NaN,NaN,608,750,8.73287052908666,0.146802233626037,0.870936449523953,NaN,NaN,0
广阔,PRM*,39,20263942,1,223.092437434924,0.1037446,0.0001707,0.1036441,0,NaN,NaN,752,750,2.18990573885886,0.491504820739441,0.912835752404781,NaN,NaN,0
广阔,FMT*,39,20263942,1,214.885885359308,0.019445,0.0039487,0.0193488,0,NaN,NaN,752,750,2.97932917058091,0.0689193276767242,0.947697205152449,NaN,NaN,0
广阔,BIT*,39,20263942,1,209.633341585042,3.7388281,0.02476,3.7386993,0,NaN,NaN,604,750,0.884235422439889,0.256842515302775,0.971442574172355,NaN,NaN,0
广阔,RRT#,39,20263942,1,244.40296053681,0.0248911,0.0066134,0.0247642,0,NaN,NaN,641,750,7.17316133265328,0.136521673147483,0.833241759978819,NaN,NaN,0
广阔,APF-only,39,20263942,1,301.840641895898,0.0019444,0.0018429,0.0019444,NaN,NaN,NaN,NaN,72,53.671042473467,0.127432159127466,0.6746830105535,1,8,0
广阔,AB-IRRT*,39,20263942,1,221.226373504114,0.0240816,0.0018419,0.0220522,0,0.0018419,0.0221505,475,750,1.3222034995512,0.157996066854144,0.920535602315692,1,8,0
广阔,RRT*,40,20263943,1,223.746853662937,0.0199735,0.0058492,0.019886,0,NaN,NaN,614,750,4.09663330747741,0.00425054417457105,0.910165884560367,NaN,NaN,0
广阔,Informed-RRT*,40,20263943,1,222.932107982199,0.0257698,0.0077206,0.025622,0,NaN,NaN,564,750,4.4015030545702,0.00526781894232187,0.913492250286291,NaN,NaN,0
广阔,PRM*,40,20263943,1,223.495921411066,0.0960123,0.0005181,0.0959115,0,NaN,NaN,752,750,1.61801075331986,0.386899348091065,0.911187782291414,NaN,NaN,0
广阔,FMT*,40,20263943,1,218.489195696584,0.0556934,0.007722,0.0555691,0,NaN,NaN,752,750,3.00094690153439,3.64435725995332,0.932067841306578,NaN,NaN,0
广阔,BIT*,40,20263943,1,210.545296361982,1.1951195,0.0174437,1.1949983,0,NaN,NaN,588,750,1.24978594794919,0.30617677664689,0.967234872972911,NaN,NaN,0
广阔,RRT#,40,20263943,1,223.746853662937,0.0294167,0.0060887,0.0293154,0,NaN,NaN,614,750,4.09663330747741,0.00425054417457105,0.910165884560367,NaN,NaN,0
广阔,APF-only,40,20263943,1,301.840641895898,0.002035,0.0019453,0.002035,NaN,NaN,NaN,NaN,72,53.671042473467,0.127432159127466,0.6746830105535,1,8,0
广阔,AB-IRRT*,40,20263943,1,217.049329413855,0.0264149,0.0018217,0.0243937,0,0.0018217,0.0245147,530,750,4.78034107644505,0.183682628475561,0.938251012024212,1,8,0
广阔,RRT*,41,20263944,1,283.36518217275,0.0171911,0.0086347,0.0170917,0,NaN,NaN,600,750,10.9263227960863,0.0231755581113617,0.71867246152202,NaN,NaN,0
广阔,Informed-RRT*,41,20263944,1,273.034333176497,0.0181534,0.0080996,0.0180033,0,NaN,NaN,595,750,8.85360056518704,0.0438515939272932,0.74586500024553,NaN,NaN,0
广阔,PRM*,41,20263944,1,211.205973247362,0.09965,0.0001364,0.0995339,0,NaN,NaN,752,750,1.27102029990985,0.402668931876898,0.964209249627693,NaN,NaN,0
广阔,FMT*,41,20263944,1,254.422660692685,0.0270153,0.0091303,0.0269143,0,NaN,NaN,752,750,4.57413496826453,0.0346129208720356,0.800426944782677,NaN,NaN,0
广阔,BIT*,41,20263944,1,209.331284971833,1.2706087,0.0250292,1.2703297,0,NaN,NaN,622,750,0.870584105724032,0.0852091958287158,0.972844326681166,NaN,NaN,0
广阔,RRT#,41,20263944,1,278.995585542129,0.0183875,0.0085026,0.0182819,0,NaN,NaN,600,750,9.52924809998427,0.0253349563645724,0.729928226591868,NaN,NaN,0
广阔,APF-only,41,20263944,1,301.840641895898,0.0017265,0.0016427,0.0017265,NaN,NaN,NaN,NaN,72,53.671042473467,0.127432159127466,0.6746830105535,1,8,0
广阔,AB-IRRT*,41,20263944,1,210.447957610146,0.0180745,0.0019049,0.0159937,0,0.0019049,0.0160963,474,750,3.19756509823237,0.117855292446265,0.967682249304506,1,8,0
广阔,RRT*,42,20263945,1,239.622912637237,0.0171314,0.0040219,0.0170632,0,NaN,NaN,607,750,8.36324237445609,0.183054448854778,0.849863440605218,NaN,NaN,0
广阔,Informed-RRT*,42,20263945,1,214.572087766794,0.0221077,0.0046918,0.0219744,0,NaN,NaN,553,750,4.58660167141863,0.194334987415752,0.949083150102253,NaN,NaN,0
广阔,PRM*,42,20263945,1,219.225494881884,0.0914672,0.0002173,0.0913824,0,NaN,NaN,752,750,2.72368437323511,0.810824794146875,0.928937362378623,NaN,NaN,0
广阔,FMT*,42,20263945,1,228.786522958421,0.0256234,0.002585,0.0254473,0,NaN,NaN,752,750,1.79549179892088,0.0447806097639063,0.890116910508475,NaN,NaN,0
广阔,BIT*,42,20263945,1,210.33717795898,1.7820779,0.0134254,1.7819438,0,NaN,NaN,585,750,1.15379496088354,0.499435453263494,0.968191904815994,NaN,NaN,0
广阔,RRT#,42,20263945,1,239.622912637237,0.0271263,0.0055881,0.0270094,0,NaN,NaN,607,750,8.36324237445609,0.183054448854778,0.849863440605218,NaN,NaN,0
广阔,APF-only,42,20263945,1,301.840641895898,0.0022647,0.0021895,0.0022647,NaN,NaN,NaN,NaN,72,53.671042473467,0.127432159127466,0.6746830105535,1,8,0
广阔,AB-IRRT*,42,20263945,1,219.317850485481,0.0181289,0.001714,0.0162504,0,0.001714,0.0163475,486,750,9.05809074828061,0.116758114869333,0.928546183226462,1,8,0
广阔,RRT*,43,20263946,1,217.405456114058,0.0173471,0.0036852,0.0172742,0,NaN,NaN,632,750,5.66702836839277,0.0931046362121748,0.936714085385631,NaN,NaN,0
广阔,Informed-RRT*,43,20263946,1,210.994750833522,0.0229295,0.0038877,0.0227974,0,NaN,NaN,561,750,3.63776837968683,0.215928175343322,0.965174499257595,NaN,NaN,0
广阔,PRM*,43,20263946,1,222.354314303588,0.0883691,0.000173,0.0882768,0,NaN,NaN,752,750,2.59743877831819,0.0745328399590548,0.915865984519105,NaN,NaN,0
广阔,FMT*,43,20263946,1,219.363692952327,0.0252039,0.0025411,0.025099,0,NaN,NaN,752,750,3.76122838075303,0.172862674287671,0.928352136312654,NaN,NaN,0
广阔,BIT*,43,20263946,1,211.060297836397,1.1831244,0.0134752,1.1830061,0,NaN,NaN,623,750,1.71684102082239,0.0970723881007256,0.964874754131078,NaN,NaN,0
广阔,RRT#,43,20263946,1,217.405773034663,0.0246086,0.005373,0.0244802,0,NaN,NaN,632,750,5.69210421448466,0.0930937786665424,0.936712719902135,NaN,NaN,0
广阔,APF-only,43,20263946,1,301.840641895898,0.0017022,0.0016167,0.0017022,NaN,NaN,NaN,NaN,72,53.671042473467,0.127432159127466,0.6746830105535,1,8,0
广阔,AB-IRRT*,43,20263946,1,210.069339633393,0.0323298,0.0019652,0.0301564,0,0.0019652,0.0302872,515,750,4.80749301104745,0.161949488287277,0.96942634911465,1,8,0
广阔,RRT*,44,20263947,1,217.585550860906,0.0150467,0.0048377,0.0149691,0,NaN,NaN,593,750,6.20736143683841,0.269932693867631,0.935938770639735,NaN,NaN,0
广阔,Informed-RRT*,44,20263947,1,216.143428497284,0.0251748,0.0093819,0.0250419,0,NaN,NaN,535,750,5.18385098790138,0.343098920821571,0.942183412179402,NaN,NaN,0
广阔,PRM*,44,20263947,1,230.994959327345,0.091803,0.0005187,0.0916804,0,NaN,NaN,752,750,4.7683161222525,0.795584066190578,0.881606912872659,NaN,NaN,0
广阔,FMT*,44,20263947,1,217.123530491972,0.014092,0.0042546,0.0139905,0,NaN,NaN,752,750,2.1524770324233,0.389930440678453,0.937930368579999,NaN,NaN,0
广阔,BIT*,44,20263947,1,209.850915776588,1.2477089,0.0247651,1.2475776,0,NaN,NaN,602,750,0.801192849017341,0.202315498826927,0.97043537898368,NaN,NaN,0
广阔,RRT#,44,20263947,1,217.445670704821,0.0232624,0.0071272,0.0231618,0,NaN,NaN,593,750,5.97492439216749,0.271201348386654,0.936540848670989,NaN,NaN,0
广阔,APF-only,44,20263947,1,301.840641895898,0.0022213,0.0021276,0.0022213,NaN,NaN,NaN,NaN,72,53.671042473467,0.127432159127466,0.6746830105535,1,8,0
广阔,AB-IRRT*,44,20263947,1,214.296301508424,0.0209684,0.0025233,0.018216,0,0.0025233,0.0183582,437,750,3.4987682236449,0.609126981272837,0.95030456217986,1,8,0
广阔,RRT*,45,20263948,1,212.228622617242,0.0201063,0.0055381,0.0200197,0,NaN,NaN,666,750,4.15321685280749,0.321777618089996,0.959563090361313,NaN,NaN,0
广阔,Informed-RRT*,45,20263948,1,212.187874844768,0.0263794,0.0047293,0.0262363,0,NaN,NaN,560,750,3.60172440750818,0.177791172149255,0.959747361298137,NaN,NaN,0
广阔,PRM*,45,20263948,1,218.739079702404,0.0979332,0.0001655,0.0978244,0,NaN,NaN,752,750,3.60609812723798,1.80422966361785,0.931003061998744,NaN,NaN,0
广阔,FMT*,45,20263948,1,216.500861106129,0.0277997,0.0049412,0.0276884,0,NaN,NaN,752,750,1.26566379697962,0.180798928403538,0.940627912246028,NaN,NaN,0
广阔,BIT*,45,20263948,1,209.626724821577,1.3434756,0.0167102,1.3433544,0,NaN,NaN,612,750,0.767908541290369,0.00535640028860307,0.971473237274775,NaN,NaN,0
广阔,RRT#,45,20263948,1,212.232156077416,0.0253502,0.0049594,0.025241,0,NaN,NaN,666,750,4.21747533025748,0.322191352150101,0.959547114563739,NaN,NaN,0
广阔,APF-only,45,20263948,1,301.840641895898,0.0020144,0.0019181,0.0020144,NaN,NaN,NaN,NaN,72,53.671042473467,0.127432159127466,0.6746830105535,1,8,0
广阔,AB-IRRT*,45,20263948,1,219.58328083139,0.0241084,0.0022796,0.0215914,0,0.0022796,0.0217266,555,750,6.55547870288098,0.402311141589573,0.927423764735978,1,8,0
广阔,RRT*,46,20263949,1,230.319614529504,0.0210041,0.0045455,0.0209249,0,NaN,NaN,639,750,6.62797914796421,0.318627748416162,0.884191966879308,NaN,NaN,0
广阔,Informed-RRT*,46,20263949,1,218.874116615039,0.0272616,0.0058863,0.0271265,0,NaN,NaN,596,750,4.52873857703066,0.546765611704071,0.930428668913395,NaN,NaN,0
广阔,PRM*,46,20263949,1,216.544577622095,0.1001057,0.0002325,0.1000069,0,NaN,NaN,752,750,2.21657685176291,0.805561403618102,0.940438016125816,NaN,NaN,0
广阔,FMT*,46,20263949,1,266.54961687774,0.065081,0.0101744,0.0649539,0,NaN,NaN,752,750,3.92656666072013,1.03016819484958,0.764010676012841,NaN,NaN,0
广阔,BIT*,46,20263949,1,210.153025741684,1.4681404,0.0250867,1.4679956,0,NaN,NaN,586,750,0.834941187125331,0.132315388840899,0.969040308903496,NaN,NaN,0
广阔,RRT#,46,20263949,1,230.319614529504,0.0202216,0.0047938,0.0200927,0,NaN,NaN,639,750,6.62797914796421,0.318627748416162,0.884191966879308,NaN,NaN,0
广阔,APF-only,46,20263949,1,301.840641895898,0.0031084,0.0029979,0.0031084,NaN,NaN,NaN,NaN,72,53.671042473467,0.127432159127466,0.6746830105535,1,8,0
广阔,AB-IRRT*,46,20263949,1,221.226373504114,0.0196737,0.0021063,0.0173934,0,0.0021063,0.0174879,450,750,1.3222034995512,0.157996066854144,0.920535602315692,1,8,0
广阔,RRT*,47,20263950,1,213.978420261659,0.0181108,0.0044227,0.018028,0,NaN,NaN,643,750,3.25846832276396,0.692789963310615,0.951716312012682,NaN,NaN,0
广阔,Informed-RRT*,47,20263950,1,211.923858608178,0.0320562,0.0027422,0.0319244,0,NaN,NaN,546,750,3.58342638282196,0.693184484399376,0.960943021324677,NaN,NaN,0
广阔,PRM*,47,20263950,1,217.03916334884,0.0944373,0.0004057,0.0943509,0,NaN,NaN,752,750,2.13429435572955,1.98186089077816,0.938294959488077,NaN,NaN,0
广阔,FMT*,47,20263950,1,221.796591027177,0.0260862,0.0075022,0.0259942,0,NaN,NaN,752,750,1.42957248733568,0.389257726542882,0.918168994566615,NaN,NaN,0
广阔,BIT*,47,20263950,1,208.854365690942,3.4007866,0.0259164,3.4006535,0,NaN,NaN,570,750,0.735404283287934,0.38216184384013,0.975065818270122,NaN,NaN,0
广阔,RRT#,47,20263950,1,212.868699019958,0.0202175,0.0027221,0.0201105,0,NaN,NaN,643,750,3.06989534903437,0.693242692363066,0.956677773290811,NaN,NaN,0
广阔,APF-only,47,20263950,1,301.840641895898,0.0016526,0.0015763,0.0016526,NaN,NaN,NaN,NaN,72,53.671042473467,0.127432159127466,0.6746830105535,1,8,0
广阔,AB-IRRT*,47,20263950,1,209.719413322598,0.0243158,0.0038556,0.0197812,0,0.0038556,0.0199486,499,750,2.03963729554834,0.0529964915195222,0.971043880751605,1,8,0
广阔,RRT*,48,20263951,1,229.498049081874,0.0209987,0.0048875,0.0209171,0,NaN,NaN,651,750,6.77006688749639,0.172329126497404,0.887357229381389,NaN,NaN,0
广阔,Informed-RRT*,48,20263951,1,222.935050077473,0.0257085,0.0051011,0.0255813,0,NaN,NaN,605,750,8.35546022173544,0.00801512934959803,0.913480194841301,NaN,NaN,0
广阔,PRM*,48,20263951,1,223.995829597568,0.0988188,0.0002207,0.0987183,0,NaN,NaN,752,750,2.65751890963948,1.01501971963539,0.909154216610187,NaN,NaN,0
广阔,FMT*,48,20263951,1,227.074189130054,0.0151118,0.0030641,0.014911,0,NaN,NaN,752,750,1.85672269725447,0.367580071788899,0.896829154215716,NaN,NaN,0
广阔,BIT*,48,20263951,1,209.473373602719,1.3407739,0.0166342,1.3406588,0,NaN,NaN,624,750,0.823307534880073,0.115072160257359,0.972184433177441,NaN,NaN,0
广阔,RRT#,48,20263951,1,229.498049081874,0.0271065,0.0042662,0.0269896,0,NaN,NaN,651,750,6.77006688749639,0.172329126497404,0.887357229381389,NaN,NaN,0
广阔,APF-only,48,20263951,1,301.840641895898,0.0016911,0.0016101,0.0016911,NaN,NaN,NaN,NaN,72,53.671042473467,0.127432159127466,0.6746830105535,1,8,0
广阔,AB-IRRT*,48,20263951,1,212.980153671528,0.0220954,0.0016239,0.0202763,0,0.0016239,0.020399,505,750,5.67010491794568,0.0927777686281246,0.956177134212249,1,8,0
广阔,RRT*,49,20263952,1,224.908296615793,0.0217362,0.0062665,0.0216669,0,NaN,NaN,646,750,6.08185395273036,0.041851106006888,0.905465721122827,NaN,NaN,0
广阔,Informed-RRT*,49,20263952,1,219.595202568891,0.0262535,0.0065042,0.0261439,0,NaN,NaN,594,750,5.4169682118619,0.0425112107278878,0.927373415263196,NaN,NaN,0
广阔,PRM*,49,20263952,1,215.269272100807,0.1070112,6.04e-05,0.1069269,0,NaN,NaN,752,750,2.55091871910754,0.359320212513678,0.946009390910009,NaN,NaN,0
广阔,FMT*,49,20263952,1,217.458882555162,0.0370509,0.0027507,0.0369536,0,NaN,NaN,752,750,1.5070871868477,0.447788801637111,0.936483948546306,NaN,NaN,0
广阔,BIT*,49,20263952,1,209.53348510503,0.8441796,0.0142719,0.8439715,0,NaN,NaN,616,750,1.06300890771949,0.0481177828963659,0.97190553041986,NaN,NaN,0
广阔,RRT#,49,20263952,1,224.908296615793,0.0279333,0.0141334,0.0278355,0,NaN,NaN,646,750,6.08185395273036,0.041851106006888,0.905465721122827,NaN,NaN,0
广阔,APF-only,49,20263952,1,301.840641895898,0.0018171,0.0017322,0.0018171,NaN,NaN,NaN,NaN,72,53.671042473467,0.127432159127466,0.6746830105535,1,8,0
广阔,AB-IRRT*,49,20263952,1,221.226373504114,0.0178949,0.0018242,0.0159064,0,0.0018242,0.0159989,495,750,1.3222034995512,0.157996066854144,0.920535602315692,1,8,0
广阔,RRT*,50,20263953,1,220.407900666054,0.0216795,0.0046896,0.0215986,0,NaN,NaN,636,750,5.17709511986888,0.402059772935758,0.92395396156999,NaN,NaN,0
广阔,Informed-RRT*,50,20263953,1,218.334691634734,0.0251711,0.0045233,0.0250473,0,NaN,NaN,562,750,4.63016141890782,0.143028628982614,0.932727417053903,NaN,NaN,0
广阔,PRM*,50,20263953,1,217.866237164244,0.1058857,0.001038,0.1057851,0,NaN,NaN,752,750,3.55843044241034,0.264514713718553,0.93473296107006,NaN,NaN,0
广阔,FMT*,50,20263953,1,215.158164766753,0.031695,0.003739,0.031583,0,NaN,NaN,752,750,1.15039226186422,0.023036537891862,0.94649790865475,NaN,NaN,0
广阔,BIT*,50,20263953,1,211.437328452404,0.7895554,0.0198707,0.7894268,0,NaN,NaN,593,750,1.16905485044872,0.120804146641563,0.963154209676687,NaN,NaN,0
广阔,RRT#,50,20263953,1,220.407900666054,0.023245,0.0047469,0.0231405,0,NaN,NaN,636,750,5.17709511986888,0.402059772935758,0.92395396156999,NaN,NaN,0
广阔,APF-only,50,20263953,1,301.840641895898,0.0019354,0.0018556,0.0019354,NaN,NaN,NaN,NaN,72,53.671042473467,0.127432159127466,0.6746830105535,1,8,0
广阔,AB-IRRT*,50,20263953,1,213.051875929321,0.022043,0.0021523,0.0196976,0,0.0021523,0.0198125,441,750,4.60440137957264,0.145938046060101,0.955855244613218,1,8,0
