scenario,algorithm,run,seed,success,length,time,firstSolutionTime,tPlanner,tShortcut,tPre,tOpt,nodes,iterations,turnSum,minClear,straightness,escapes,sideFlips,fallback
一般,RRT*,1,20261904,0,Inf,0.0466627,NaN,0.0411192,0,NaN,NaN,72,100,NaN,NaN,NaN,NaN,NaN,0
一般,Informed-RRT*,1,20261904,0,Inf,0.0323117,NaN,0.0225624,0,NaN,NaN,72,100,NaN,NaN,NaN,NaN,NaN,0
一般,PRM*,1,20261904,1,221.280237446037,0.0417856,0.0218205,0.0329257,0,NaN,NaN,102,100,2.87104053371502,0.0277728974137403,0.920311525928239,NaN,NaN,0
一般,FMT*,1,20261904,1,336.951080855475,0.0640463,0.0520557,0.0522252,0,NaN,NaN,102,100,6.96560270112603,0.502807822856502,0.604380767869013,NaN,NaN,0
一般,BIT*,1,20261904,1,213.442849279258,0.0602024,0.0513244,0.0518777,0,NaN,NaN,76,100,3.17821261126127,1,0.954104359407629,NaN,NaN,0
一般,RRT#,1,20261904,0,Inf,0.0184081,NaN,0.0146183,0,NaN,NaN,72,100,NaN,NaN,NaN,NaN,NaN,0
一般,APF-only,1,20261904,1,229.358752665851,0.0233895,0.0182273,0.0233895,NaN,NaN,NaN,NaN,52,16.5135672987644,0.40276509044968,0.887896147911194,1,5,0
一般,AB-IRRT*,1,20261904,1,229.358752665851,0.0500809,0.0099548,0.0188469,0,0.0099548,0.019615,85,100,16.5135672987644,0.40276509044968,0.887896147911194,1,5,0
一般,RRT*,2,20261905,0,Inf,0.0068253,NaN,0.0064725,0,NaN,NaN,70,100,NaN,NaN,NaN,NaN,NaN,0
一般,Informed-RRT*,2,20261905,0,Inf,0.0049509,NaN,0.0044078,0,NaN,NaN,70,100,NaN,NaN,NaN,NaN,NaN,0
一般,PRM*,2,20261905,1,227.412858650299,0.0114854,0.0026416,0.010648,0,NaN,NaN,102,100,1.5124996800473,1,0.895493571429402,NaN,NaN,0
一般,FMT*,2,20261905,1,266.059994246154,0.0149921,0.0124752,0.0133455,0,NaN,NaN,102,100,7.9723058054357,1,0.765416663105373,NaN,NaN,0
一般,BIT*,2,20261905,1,254.802939741275,0.0327018,0.0312526,0.0313823,0,NaN,NaN,81,100,6.22666576629676,1,0.799232352611422,NaN,NaN,0
一般,RRT#,2,20261905,0,Inf,0.0093069,NaN,0.0084945,0,NaN,NaN,70,100,NaN,NaN,NaN,NaN,NaN,0
一般,APF-only,2,20261905,1,229.358752665851,0.0024658,0.0019551,0.0024658,NaN,NaN,NaN,NaN,52,16.5135672987644,0.40276509044968,0.887896147911194,1,5,0
一般,AB-IRRT*,2,20261905,1,229.358752665851,0.0103952,0.0024857,0.0067022,0,0.0024857,0.0070709,88,100,16.5135672987644,0.40276509044968,0.887896147911194,1,5,0
一般,RRT*,3,20261906,0,Inf,0.0035906,NaN,0.003227,0,NaN,NaN,71,100,NaN,NaN,NaN,NaN,NaN,0
一般,Informed-RRT*,3,20261906,0,Inf,0.0079611,NaN,0.0033999,0,NaN,NaN,71,100,NaN,NaN,NaN,NaN,NaN,0
一般,PRM*,3,20261906,1,217.125171473939,0.0129234,0.0036509,0.0123764,0,NaN,NaN,102,100,2.44118602101985,1,0.937923279918603,NaN,NaN,0
一般,FMT*,3,20261906,1,237.1499841451,0.0064982,0.0051296,0.0054556,0,NaN,NaN,102,100,5.68875491969471,0.107178771554398,0.858725560180197,NaN,NaN,0
一般,BIT*,3,20261906,1,236.662198763585,0.0264903,0.0251099,0.0252373,0,NaN,NaN,82,100,6.49911637952286,0.10716178126105,0.860495482783711,NaN,NaN,0
一般,RRT#,3,20261906,0,Inf,0.0072381,NaN,0.0067871,0,NaN,NaN,71,100,NaN,NaN,NaN,NaN,NaN,0
一般,APF-only,3,20261906,1,229.358752665851,0.0066639,0.00446,0.0066639,NaN,NaN,NaN,NaN,52,16.5135672987644,0.40276509044968,0.887896147911194,1,5,0
一般,AB-IRRT*,3,20261906,1,229.358752665851,0.011922,0.0027766,0.0053969,0,0.0027766,0.0079445,85,100,16.5135672987644,0.40276509044968,0.887896147911194,1,5,0
一般,RRT*,4,20261907,0,Inf,0.0030944,NaN,0.0027344,0,NaN,NaN,76,100,NaN,NaN,NaN,NaN,NaN,0
一般,Informed-RRT*,4,20261907,0,Inf,0.0028309,NaN,0.0026241,0,NaN,NaN,76,100,NaN,NaN,NaN,NaN,NaN,0
一般,PRM*,4,20261907,1,236.529045908881,0.0085829,0.001997,0.0081263,0,NaN,NaN,102,100,4.08414742780149,0.621547273928361,0.860979894453122,NaN,NaN,0
一般,FMT*,4,20261907,0,Inf,0.0013576,NaN,0.0007678,0,NaN,NaN,102,100,NaN,NaN,NaN,NaN,NaN,0
一般,BIT*,4,20261907,0,Inf,0.0016041,NaN,0.0010719,0,NaN,NaN,3,100,NaN,NaN,NaN,NaN,NaN,0
一般,RRT#,4,20261907,0,Inf,0.0057471,NaN,0.0053286,0,NaN,NaN,76,100,NaN,NaN,NaN,NaN,NaN,0
一般,APF-only,4,20261907,1,229.358752665851,0.0017828,0.0015841,0.0017828,NaN,NaN,NaN,NaN,52,16.5135672987644,0.40276509044968,0.887896147911194,1,5,0
一般,AB-IRRT*,4,20261907,1,229.358752665851,0.010375,0.0025663,0.0048843,0,0.0025663,0.0051409,85,100,16.5135672987644,0.40276509044968,0.887896147911194,1,5,0
一般,RRT*,5,20261908,0,Inf,0.0062033,NaN,0.0026548,0,NaN,NaN,52,100,NaN,NaN,NaN,NaN,NaN,0
一般,Informed-RRT*,5,20261908,0,Inf,0.0035855,NaN,0.0030518,0,NaN,NaN,52,100,NaN,NaN,NaN,NaN,NaN,0
一般,PRM*,5,20261908,1,234.167538381498,0.0165361,0.0016903,0.0112797,0,NaN,NaN,102,100,3.70728566110804,1,0.869662611603968,NaN,NaN,0
一般,FMT*,5,20261908,1,213.303381015233,0.0156214,0.0072454,0.0091754,0,NaN,NaN,102,100,1.42028967749168,0.400365016055176,0.954728199864691,NaN,NaN,0
一般,BIT*,5,20261908,1,211.551910609964,0.0306626,0.0230476,0.0242925,0,NaN,NaN,84,100,1.07788444289184,0.400009878910918,0.962632539666291,NaN,NaN,0
一般,RRT#,5,20261908,0,Inf,0.0094979,NaN,0.0032905,0,NaN,NaN,52,100,NaN,NaN,NaN,NaN,NaN,0
一般,APF-only,5,20261908,1,229.358752665851,0.0020386,0.0017338,0.0020386,NaN,NaN,NaN,NaN,52,16.5135672987644,0.40276509044968,0.887896147911194,1,5,0
一般,AB-IRRT*,5,20261908,1,229.358752665851,0.0188102,0.0051508,0.0081172,0,0.0051508,0.009245,80,100,16.5135672987644,0.40276509044968,0.887896147911194,1,5,0
一般,RRT*,6,20261909,0,Inf,0.0031535,NaN,0.0030649,0,NaN,NaN,67,100,NaN,NaN,NaN,NaN,NaN,0
一般,Informed-RRT*,6,20261909,0,Inf,0.0028937,NaN,0.0027674,0,NaN,NaN,67,100,NaN,NaN,NaN,NaN,NaN,0
一般,PRM*,6,20261909,1,256.621941414012,0.0123149,0.0042622,0.0118175,0,NaN,NaN,102,100,1.7419270515698,1,0.793567190161574,NaN,NaN,0
一般,FMT*,6,20261909,0,Inf,0.006235,NaN,0.0032307,0,NaN,NaN,102,100,NaN,NaN,NaN,NaN,NaN,0
一般,BIT*,6,20261909,0,Inf,0.0079491,NaN,0.0027623,0,NaN,NaN,3,100,NaN,NaN,NaN,NaN,NaN,0
一般,RRT#,6,20261909,0,Inf,0.0041635,NaN,0.0040782,0,NaN,NaN,67,100,NaN,NaN,NaN,NaN,NaN,0
一般,APF-only,6,20261909,1,229.358752665851,0.002433,0.0023177,0.002433,NaN,NaN,NaN,NaN,52,16.5135672987644,0.40276509044968,0.887896147911194,1,5,0
一般,AB-IRRT*,6,20261909,1,229.358752665851,0.0068418,0.0019184,0.0032241,0,0.0019184,0.0046161,84,100,16.5135672987644,0.40276509044968,0.887896147911194,1,5,0
一般,RRT*,7,20261910,0,Inf,0.0023331,NaN,0.0022777,0,NaN,NaN,65,100,NaN,NaN,NaN,NaN,NaN,0
一般,Informed-RRT*,7,20261910,0,Inf,0.0022079,NaN,0.0021136,0,NaN,NaN,65,100,NaN,NaN,NaN,NaN,NaN,0
一般,PRM*,7,20261910,1,226.710067697282,0.0092003,0.0013665,0.0091053,0,NaN,NaN,102,100,2.65115495820918,0.546704953196208,0.898269560986803,NaN,NaN,0
一般,FMT*,7,20261910,1,252.601819664843,0.0121716,0.009999,0.0103201,0,NaN,NaN,102,100,4.42662979694748,0.374976782866149,0.806196698234114,NaN,NaN,0
一般,BIT*,7,20261910,1,224.806103232365,0.0174213,0.0150309,0.0156731,0,NaN,NaN,86,100,3.39586331656245,0.374973362142468,0.905877331858875,NaN,NaN,0
一般,RRT#,7,20261910,0,Inf,0.0036304,NaN,0.0029501,0,NaN,NaN,65,100,NaN,NaN,NaN,NaN,NaN,0
一般,APF-only,7,20261910,1,229.358752665851,0.002389,0.0022684,0.002389,NaN,NaN,NaN,NaN,52,16.5135672987644,0.40276509044968,0.887896147911194,1,5,0
一般,AB-IRRT*,7,20261910,1,229.358752665851,0.005279,0.001771,0.0032721,0,0.001771,0.0034018,84,100,16.5135672987644,0.40276509044968,0.887896147911194,1,5,0
一般,RRT*,8,20261911,0,Inf,0.0037393,NaN,0.0036809,0,NaN,NaN,65,100,NaN,NaN,NaN,NaN,NaN,0
一般,Informed-RRT*,8,20261911,0,Inf,0.003885,NaN,0.0037523,0,NaN,NaN,65,100,NaN,NaN,NaN,NaN,NaN,0
一般,PRM*,8,20261911,1,217.004557191297,0.0078806,0.0005303,0.0078059,0,NaN,NaN,102,100,2.14971347644068,0.401387952533096,0.93844459129125,NaN,NaN,0
一般,FMT*,8,20261911,1,306.377707704933,0.011683,0.0103119,0.0103284,0,NaN,NaN,102,100,11.4882260413317,1,0.664691809685626,NaN,NaN,0
一般,BIT*,8,20261911,1,287.826767973187,0.0117697,0.0103603,0.0105871,0,NaN,NaN,66,100,9.43984993493395,1,0.707532361968144,NaN,NaN,0
一般,RRT#,8,20261911,0,Inf,0.0036485,NaN,0.0035626,0,NaN,NaN,65,100,NaN,NaN,NaN,NaN,NaN,0
一般,APF-only,8,20261911,1,229.358752665851,0.0020572,0.0019412,0.0020572,NaN,NaN,NaN,NaN,52,16.5135672987644,0.40276509044968,0.887896147911194,1,5,0
一般,AB-IRRT*,8,20261911,1,229.358752665851,0.0055116,0.0019167,0.0033786,0,0.0019167,0.0034974,85,100,16.5135672987644,0.40276509044968,0.887896147911194,1,5,0
一般,RRT*,9,20261912,0,Inf,0.0019446,NaN,0.0018898,0,NaN,NaN,46,100,NaN,NaN,NaN,NaN,NaN,0
一般,Informed-RRT*,9,20261912,0,Inf,0.0018918,NaN,0.0018001,0,NaN,NaN,46,100,NaN,NaN,NaN,NaN,NaN,0
一般,PRM*,9,20261912,1,227.350915572204,0.0083152,0.0021527,0.0082344,0,NaN,NaN,102,100,4.70894084418079,0.768640911383447,0.895737553856695,NaN,NaN,0
一般,FMT*,9,20261912,1,254.393151350824,0.0089809,0.0087364,0.0088054,0,NaN,NaN,102,100,5.46745937053039,1,0.800519793478575,NaN,NaN,0
一般,BIT*,9,20261912,1,253.785661479793,0.0128661,0.0123733,0.0124529,0,NaN,NaN,74,100,5.03406256139058,1,0.802436007591157,NaN,NaN,0
一般,RRT#,9,20261912,0,Inf,0.0019367,NaN,0.0018755,0,NaN,NaN,46,100,NaN,NaN,NaN,NaN,NaN,0
一般,APF-only,9,20261912,1,229.358752665851,0.0020832,0.0019798,0.0020832,NaN,NaN,NaN,NaN,52,16.5135672987644,0.40276509044968,0.887896147911194,1,5,0
一般,AB-IRRT*,9,20261912,1,229.358752665851,0.0049962,0.0017506,0.0030653,0,0.0017506,0.0031644,91,100,16.5135672987644,0.40276509044968,0.887896147911194,1,5,0
一般,RRT*,10,20261913,0,Inf,0.0020232,NaN,0.0019737,0,NaN,NaN,60,100,NaN,NaN,NaN,NaN,NaN,0
一般,Informed-RRT*,10,20261913,0,Inf,0.0020407,NaN,0.0019567,0,NaN,NaN,60,100,NaN,NaN,NaN,NaN,NaN,0
一般,PRM*,10,20261913,1,230.703116777247,0.0081776,0.0010754,0.0081075,0,NaN,NaN,102,100,3.01324455162399,0.677747637674963,0.882722157491936,NaN,NaN,0
一般,FMT*,10,20261913,1,268.269191044737,0.0060558,0.0048923,0.0050716,0,NaN,NaN,102,100,4.58783105028522,0.321925888492887,0.759113456855228,NaN,NaN,0
一般,BIT*,10,20261913,1,237.373797472607,0.0107307,0.0093935,0.009626,0,NaN,NaN,91,100,5.65782227219943,0.279319019497864,0.857915891096726,NaN,NaN,0
一般,RRT#,10,20261913,0,Inf,0.002427,NaN,0.0023621,0,NaN,NaN,60,100,NaN,NaN,NaN,NaN,NaN,0
一般,APF-only,10,20261913,1,229.358752665851,0.0016943,0.001599,0.0016943,NaN,NaN,NaN,NaN,52,16.5135672987644,0.40276509044968,0.887896147911194,1,5,0
一般,AB-IRRT*,10,20261913,1,229.358752665851,0.0053138,0.0019407,0.003148,0,0.0019407,0.0032724,84,100,16.5135672987644,0.40276509044968,0.887896147911194,1,5,0
一般,RRT*,11,20261914,0,Inf,0.0028845,NaN,0.0028223,0,NaN,NaN,71,100,NaN,NaN,NaN,NaN,NaN,0
一般,Informed-RRT*,11,20261914,0,Inf,0.0025655,NaN,0.0024563,0,NaN,NaN,71,100,NaN,NaN,NaN,NaN,NaN,0
一般,PRM*,11,20261914,1,217.877257688384,0.0105921,0.0012205,0.0104849,0,NaN,NaN,102,100,2.89981041677528,0.220019936916401,0.934685681022242,NaN,NaN,0
一般,FMT*,11,20261914,0,Inf,0.0038587,NaN,0.0037224,0,NaN,NaN,102,100,NaN,NaN,NaN,NaN,NaN,0
一般,BIT*,11,20261914,1,246.663940657518,0.0193917,0.0192537,0.0192698,0,NaN,NaN,80,100,7.12421178738898,0.299910229854564,0.825604068591769,NaN,NaN,0
一般,RRT#,11,20261914,0,Inf,0.002881,NaN,0.0028098,0,NaN,NaN,71,100,NaN,NaN,NaN,NaN,NaN,0
一般,APF-only,11,20261914,1,229.358752665851,0.0018777,0.0017773,0.0018777,NaN,NaN,NaN,NaN,52,16.5135672987644,0.40276509044968,0.887896147911194,1,5,0
一般,AB-IRRT*,11,20261914,1,229.358752665851,0.0050757,0.0017658,0.0031306,0,0.0017658,0.0032241,84,100,16.5135672987644,0.40276509044968,0.887896147911194,1,5,0
一般,RRT*,12,20261915,0,Inf,0.0018352,NaN,0.0017937,0,NaN,NaN,47,100,NaN,NaN,NaN,NaN,NaN,0
一般,Informed-RRT*,12,20261915,0,Inf,0.0024267,NaN,0.0023281,0,NaN,NaN,47,100,NaN,NaN,NaN,NaN,NaN,0
一般,PRM*,12,20261915,1,242.466842692324,0.009803,0.0005114,0.0097372,0,NaN,NaN,102,100,3.13482862518417,0.0594621113355378,0.839895264525473,NaN,NaN,0
一般,FMT*,12,20261915,0,Inf,0.0030296,NaN,0.0020188,0,NaN,NaN,102,100,NaN,NaN,NaN,NaN,NaN,0
一般,BIT*,12,20261915,0,Inf,0.0013661,NaN,0.0006454,0,NaN,NaN,5,100,NaN,NaN,NaN,NaN,NaN,0
一般,RRT#,12,20261915,0,Inf,0.0020307,NaN,0.0019737,0,NaN,NaN,47,100,NaN,NaN,NaN,NaN,NaN,0
一般,APF-only,12,20261915,1,229.358752665851,0.0018403,0.0017283,0.0018403,NaN,NaN,NaN,NaN,52,16.5135672987644,0.40276509044968,0.887896147911194,1,5,0
一般,AB-IRRT*,12,20261915,1,229.358752665851,0.0059517,0.0017798,0.003998,0,0.0017798,0.0040937,90,100,16.5135672987644,0.40276509044968,0.887896147911194,1,5,0
一般,RRT*,13,20261916,0,Inf,0.0017726,NaN,0.0017198,0,NaN,NaN,47,100,NaN,NaN,NaN,NaN,NaN,0
一般,Informed-RRT*,13,20261916,0,Inf,0.0019374,NaN,0.0018536,0,NaN,NaN,47,100,NaN,NaN,NaN,NaN,NaN,0
一般,PRM*,13,20261916,0,Inf,0.0086481,NaN,0.007806,0,NaN,NaN,102,100,NaN,NaN,NaN,NaN,NaN,0
一般,FMT*,13,20261916,0,Inf,0.0016989,NaN,0.000933,0,NaN,NaN,102,100,NaN,NaN,NaN,NaN,NaN,0
一般,BIT*,13,20261916,1,245.589243851632,0.0142297,0.0141016,0.0141192,0,NaN,NaN,85,100,4.69768095300206,1,0.829216906196244,NaN,NaN,0
一般,RRT#,13,20261916,0,Inf,0.0026365,NaN,0.0025631,0,NaN,NaN,47,100,NaN,NaN,NaN,NaN,NaN,0
一般,APF-only,13,20261916,1,229.358752665851,0.0017501,0.001647,0.0017501,NaN,NaN,NaN,NaN,52,16.5135672987644,0.40276509044968,0.887896147911194,1,5,0
一般,AB-IRRT*,13,20261916,1,229.358752665851,0.0047184,0.0016459,0.0028902,0,0.0016459,0.0029877,89,100,16.5135672987644,0.40276509044968,0.887896147911194,1,5,0
一般,RRT*,14,20261917,0,Inf,0.0018307,NaN,0.0017835,0,NaN,NaN,52,100,NaN,NaN,NaN,NaN,NaN,0
一般,Informed-RRT*,14,20261917,0,Inf,0.0021468,NaN,0.0020529,0,NaN,NaN,52,100,NaN,NaN,NaN,NaN,NaN,0
一般,PRM*,14,20261917,1,213.742662914437,0.0068459,0.0007862,0.00678,0,NaN,NaN,102,100,1.3777535087283,0.703549331118625,0.952766051498326,NaN,NaN,0
一般,FMT*,14,20261917,0,Inf,0.0011533,NaN,0.0010669,0,NaN,NaN,102,100,NaN,NaN,NaN,NaN,NaN,0
一般,BIT*,14,20261917,1,233.200686740656,0.0165984,0.0151932,0.015441,0,NaN,NaN,90,100,2.22431085875505,1,0.87326823873466,NaN,NaN,0
一般,RRT#,14,20261917,0,Inf,0.0022948,NaN,0.0022256,0,NaN,NaN,52,100,NaN,NaN,NaN,NaN,NaN,0
一般,APF-only,14,20261917,1,229.358752665851,0.001728,0.0016236,0.001728,NaN,NaN,NaN,NaN,52,16.5135672987644,0.40276509044968,0.887896147911194,1,5,0
一般,AB-IRRT*,14,20261917,1,229.358752665851,0.0050631,0.0017069,0.0031898,0,0.0017069,0.0032782,88,100,16.5135672987644,0.40276509044968,0.887896147911194,1,5,0
一般,RRT*,15,20261918,0,Inf,0.0024301,NaN,0.0023763,0,NaN,NaN,68,100,NaN,NaN,NaN,NaN,NaN,0
一般,Informed-RRT*,15,20261918,0,Inf,0.0025124,NaN,0.0024207,0,NaN,NaN,68,100,NaN,NaN,NaN,NaN,NaN,0
一般,PRM*,15,20261918,1,217.865888137609,0.0106134,0.0013286,0.0105291,0,NaN,NaN,102,100,2.23969713109609,0.334707102400635,0.934734458535783,NaN,NaN,0
一般,FMT*,15,20261918,1,212.521008740808,0.0099229,0.0087955,0.0094478,0,NaN,NaN,102,100,1.13716507967276,0.479232024302339,0.958242924727005,NaN,NaN,0
一般,BIT*,15,20261918,1,212.101202987948,0.0141004,0.0132068,0.0134999,0,NaN,NaN,78,100,0.972883270255921,0.479170501103022,0.960139547125989,NaN,NaN,0
一般,RRT#,15,20261918,0,Inf,0.0025234,NaN,0.0024613,0,NaN,NaN,68,100,NaN,NaN,NaN,NaN,NaN,0
一般,APF-only,15,20261918,1,229.358752665851,0.0017866,0.0016811,0.0017866,NaN,NaN,NaN,NaN,52,16.5135672987644,0.40276509044968,0.887896147911194,1,5,0
一般,AB-IRRT*,15,20261918,1,229.358752665851,0.0040359,0.0015164,0.0023676,0,0.0015164,0.0024449,85,100,16.5135672987644,0.40276509044968,0.887896147911194,1,5,0
一般,RRT*,16,20261919,0,Inf,0.0018032,NaN,0.0017519,0,NaN,NaN,45,100,NaN,NaN,NaN,NaN,NaN,0
一般,Informed-RRT*,16,20261919,0,Inf,0.0017212,NaN,0.0016308,0,NaN,NaN,45,100,NaN,NaN,NaN,NaN,NaN,0
一般,PRM*,16,20261919,0,Inf,0.0103663,NaN,0.0102565,0,NaN,NaN,102,100,NaN,NaN,NaN,NaN,NaN,0
一般,FMT*,16,20261919,1,229.535395923789,0.0052635,0.0051403,0.0051436,0,NaN,NaN,102,100,3.29059480511996,0.195147998863197,0.887212850820365,NaN,NaN,0
一般,BIT*,16,20261919,1,217.838888423192,0.0056997,0.0055727,0.0055892,0,NaN,NaN,39,100,1.66968018096235,0.195367960495025,0.934850312796789,NaN,NaN,0
一般,RRT#,16,20261919,0,Inf,0.0015755,NaN,0.001525,0,NaN,NaN,45,100,NaN,NaN,NaN,NaN,NaN,0
一般,APF-only,16,20261919,1,229.358752665851,0.0014389,0.0013582,0.0014389,NaN,NaN,NaN,NaN,52,16.5135672987644,0.40276509044968,0.887896147911194,1,5,0
一般,AB-IRRT*,16,20261919,1,229.358752665851,0.0050214,0.0017594,0.0025218,0,0.0017594,0.0031689,78,100,16.5135672987644,0.40276509044968,0.887896147911194,1,5,0
一般,RRT*,17,20261920,0,Inf,0.0018746,NaN,0.0018184,0,NaN,NaN,51,100,NaN,NaN,NaN,NaN,NaN,0
一般,Informed-RRT*,17,20261920,0,Inf,0.0019096,NaN,0.0018211,0,NaN,NaN,51,100,NaN,NaN,NaN,NaN,NaN,0
一般,PRM*,17,20261920,1,223.392667855608,0.009519,0.00724,0.0086793,0,NaN,NaN,102,100,3.27933795168818,0.0492791226822806,0.911608939257374,NaN,NaN,0
一般,FMT*,17,20261920,1,221.649524113445,0.0093408,0.0090535,0.0092151,0,NaN,NaN,102,100,5.15486610631869,0.422683652145603,0.918778209862048,NaN,NaN,0
一般,BIT*,17,20261920,1,218.096629082541,0.0120141,0.0118765,0.0118929,0,NaN,NaN,85,100,3.50395236638594,0.422508159707283,0.933745532145083,NaN,NaN,0
一般,RRT#,17,20261920,0,Inf,0.0017679,NaN,0.0017048,0,NaN,NaN,51,100,NaN,NaN,NaN,NaN,NaN,0
一般,APF-only,17,20261920,1,229.358752665851,0.0012439,0.0011715,0.0012439,NaN,NaN,NaN,NaN,52,16.5135672987644,0.40276509044968,0.887896147911194,1,5,0
一般,AB-IRRT*,17,20261920,1,229.358752665851,0.0076583,0.0034857,0.003931,0,0.0034857,0.0040567,75,100,16.5135672987644,0.40276509044968,0.887896147911194,1,5,0
一般,RRT*,18,20261921,0,Inf,0.0020249,NaN,0.0019805,0,NaN,NaN,59,100,NaN,NaN,NaN,NaN,NaN,0
一般,Informed-RRT*,18,20261921,0,Inf,0.0019375,NaN,0.0018487,0,NaN,NaN,59,100,NaN,NaN,NaN,NaN,NaN,0
一般,PRM*,18,20261921,1,217.016562662238,0.0073858,0.0037576,0.0073257,0,NaN,NaN,102,100,3.41871890138469,1,0.938392676040489,NaN,NaN,0
一般,FMT*,18,20261921,1,215.261706286342,0.0058278,0.005741,0.0057437,0,NaN,NaN,102,100,1.02368564174087,0.0110240056007083,0.946042640351618,NaN,NaN,0
一般,BIT*,18,20261921,1,215.261706286342,0.0099606,0.0084241,0.0087059,0,NaN,NaN,65,100,1.02368564174087,0.0110240056007083,0.946042640351618,NaN,NaN,0
一般,RRT#,18,20261921,0,Inf,0.0026174,NaN,0.0025519,0,NaN,NaN,59,100,NaN,NaN,NaN,NaN,NaN,0
一般,APF-only,18,20261921,1,229.358752665851,0.0018714,0.001766,0.0018714,NaN,NaN,NaN,NaN,52,16.5135672987644,0.40276509044968,0.887896147911194,1,5,0
一般,AB-IRRT*,18,20261921,1,229.358752665851,0.0053114,0.001741,0.0033971,0,0.001741,0.0034888,81,100,16.5135672987644,0.40276509044968,0.887896147911194,1,5,0
一般,RRT*,19,20261922,0,Inf,0.0015395,NaN,0.0014985,0,NaN,NaN,43,100,NaN,NaN,NaN,NaN,NaN,0
一般,Informed-RRT*,19,20261922,0,Inf,0.0017115,NaN,0.0016331,0,NaN,NaN,43,100,NaN,NaN,NaN,NaN,NaN,0
一般,PRM*,19,20261922,1,213.013891913308,0.0066603,0.0026486,0.0066035,0,NaN,NaN,102,100,3.33471018249979,0.133158410902084,0.956025689932964,NaN,NaN,0
一般,FMT*,19,20261922,1,212.774064308797,0.0036019,0.0035081,0.0035112,0,NaN,NaN,102,100,1.12085424502188,0.334956046062917,0.957103271224708,NaN,NaN,0
一般,BIT*,19,20261922,1,212.519656454512,0.0136711,0.013538,0.0135533,0,NaN,NaN,86,100,1.03466114170518,0.334768412787426,0.958249022133698,NaN,NaN,0
一般,RRT#,19,20261922,0,Inf,0.0018364,NaN,0.0017709,0,NaN,NaN,43,100,NaN,NaN,NaN,NaN,NaN,0
一般,APF-only,19,20261922,1,229.358752665851,0.0019676,0.0018662,0.0019676,NaN,NaN,NaN,NaN,52,16.5135672987644,0.40276509044968,0.887896147911194,1,5,0
一般,AB-IRRT*,19,20261922,1,229.358752665851,0.0048473,0.0016096,0.0030516,0,0.0016096,0.0031627,85,100,16.5135672987644,0.40276509044968,0.887896147911194,1,5,0
一般,RRT*,20,20261923,0,Inf,0.0018458,NaN,0.0017969,0,NaN,NaN,37,100,NaN,NaN,NaN,NaN,NaN,0
一般,Informed-RRT*,20,20261923,0,Inf,0.0022052,NaN,0.0021081,0,NaN,NaN,37,100,NaN,NaN,NaN,NaN,NaN,0
一般,PRM*,20,20261923,1,230.592281138289,0.0080098,0.001576,0.0079124,0,NaN,NaN,102,100,2.49131173271376,0.73429027478757,0.883146443482192,NaN,NaN,0
一般,FMT*,20,20261923,1,219.994665648074,0.0026369,0.0014115,0.0015137,0,NaN,NaN,102,100,0.96431598538872,0.369783451533836,0.925689504251435,NaN,NaN,0
一般,BIT*,20,20261923,1,219.994665648074,0.0028468,0.0013709,0.0016689,0,NaN,NaN,12,100,0.96431598538872,0.369783451533836,0.925689504251435,NaN,NaN,0
一般,RRT#,20,20261923,0,Inf,0.0022647,NaN,0.0021797,0,NaN,NaN,37,100,NaN,NaN,NaN,NaN,NaN,0
一般,APF-only,20,20261923,1,229.358752665851,0.0025283,0.0024153,0.0025283,NaN,NaN,NaN,NaN,52,16.5135672987644,0.40276509044968,0.887896147911194,1,5,0
一般,AB-IRRT*,20,20261923,1,229.358752665851,0.0045068,0.0018314,0.0025134,0,0.0018314,0.0025963,84,100,16.5135672987644,0.40276509044968,0.887896147911194,1,5,0
一般,RRT*,21,20261924,0,Inf,0.0026494,NaN,0.0025983,0,NaN,NaN,75,100,NaN,NaN,NaN,NaN,NaN,0
一般,Informed-RRT*,21,20261924,0,Inf,0.00234,NaN,0.0022554,0,NaN,NaN,75,100,NaN,NaN,NaN,NaN,NaN,0
一般,PRM*,21,20261924,1,226.774872161317,0.0105962,0.0004109,0.0104437,0,NaN,NaN,102,100,2.28073173699037,1,0.898012866420494,NaN,NaN,0
一般,FMT*,21,20261924,1,218.519535166266,0.0090071,0.0084311,0.0088972,0,NaN,NaN,102,100,1.99687377505746,0.0204530018654783,0.931938432080118,NaN,NaN,0
一般,BIT*,21,20261924,1,218.519535166266,0.0103406,0.0102262,0.0102398,0,NaN,NaN,81,100,1.99687377505746,0.0204530018654783,0.931938432080118,NaN,NaN,0
一般,RRT#,21,20261924,0,Inf,0.0028038,NaN,0.0027355,0,NaN,NaN,75,100,NaN,NaN,NaN,NaN,NaN,0
一般,APF-only,21,20261924,1,229.358752665851,0.0018392,0.0017413,0.0018392,NaN,NaN,NaN,NaN,52,16.5135672987644,0.40276509044968,0.887896147911194,1,5,0
一般,AB-IRRT*,21,20261924,1,229.358752665851,0.0058451,0.0018768,0.0037722,0,0.0018768,0.0038809,94,100,16.5135672987644,0.40276509044968,0.887896147911194,1,5,0
一般,RRT*,22,20261925,0,Inf,0.0021433,NaN,0.0020819,0,NaN,NaN,58,100,NaN,NaN,NaN,NaN,NaN,0
一般,Informed-RRT*,22,20261925,0,Inf,0.0021972,NaN,0.0021062,0,NaN,NaN,58,100,NaN,NaN,NaN,NaN,NaN,0
一般,PRM*,22,20261925,1,220.077316054059,0.0091827,0.0005394,0.0091024,0,NaN,NaN,102,100,2.15178729051063,0.132234193446868,0.925341860002065,NaN,NaN,0
一般,FMT*,22,20261925,0,Inf,0.0003286,NaN,0.0002545,0,NaN,NaN,102,100,NaN,NaN,NaN,NaN,NaN,0
一般,BIT*,22,20261925,0,Inf,0.0013267,NaN,0.0005048,0,NaN,NaN,2,100,NaN,NaN,NaN,NaN,NaN,0
一般,RRT#,22,20261925,0,Inf,0.0026483,NaN,0.0025822,0,NaN,NaN,58,100,NaN,NaN,NaN,NaN,NaN,0
一般,APF-only,22,20261925,1,229.358752665851,0.0023976,0.0022847,0.0023976,NaN,NaN,NaN,NaN,52,16.5135672987644,0.40276509044968,0.887896147911194,1,5,0
一般,AB-IRRT*,22,20261925,1,229.358752665851,0.0050189,0.0018173,0.0030072,0,0.0018173,0.0031109,88,100,16.5135672987644,0.40276509044968,0.887896147911194,1,5,0
一般,RRT*,23,20261926,0,Inf,0.0024277,NaN,0.0023643,0,NaN,NaN,54,100,NaN,NaN,NaN,NaN,NaN,0
一般,Informed-RRT*,23,20261926,0,Inf,0.0022233,NaN,0.0021221,0,NaN,NaN,54,100,NaN,NaN,NaN,NaN,NaN,0
一般,PRM*,23,20261926,1,226.142975269729,0.0099216,0.0015509,0.0098251,0,NaN,NaN,102,100,2.07797329841924,0.031693284013913,0.900522126494661,NaN,NaN,0
一般,FMT*,23,20261926,0,Inf,0.0010133,NaN,0.000337,0,NaN,NaN,102,100,NaN,NaN,NaN,NaN,NaN,0
一般,BIT*,23,20261926,0,Inf,0.0012659,NaN,0.0004932,0,NaN,NaN,4,100,NaN,NaN,NaN,NaN,NaN,0
一般,RRT#,23,20261926,0,Inf,0.0021844,NaN,0.0021259,0,NaN,NaN,54,100,NaN,NaN,NaN,NaN,NaN,0
一般,APF-only,23,20261926,1,229.358752665851,0.0016311,0.0015299,0.0016311,NaN,NaN,NaN,NaN,52,16.5135672987644,0.40276509044968,0.887896147911194,1,5,0
一般,AB-IRRT*,23,20261926,1,229.358752665851,0.0044805,0.0017686,0.0025388,0,0.0017686,0.0026276,84,100,16.5135672987644,0.40276509044968,0.887896147911194,1,5,0
一般,RRT*,24,20261927,0,Inf,0.0023469,NaN,0.002301,0,NaN,NaN,59,100,NaN,NaN,NaN,NaN,NaN,0
一般,Informed-RRT*,24,20261927,0,Inf,0.0026451,NaN,0.002549,0,NaN,NaN,59,100,NaN,NaN,NaN,NaN,NaN,0
一般,PRM*,24,20261927,1,229.666071518327,0.0101908,0.000781,0.0101097,0,NaN,NaN,102,100,3.30435508066849,0.747752964454418,0.886708043706294,NaN,NaN,0
一般,FMT*,24,20261927,0,Inf,0.0039283,NaN,0.002958,0,NaN,NaN,102,100,NaN,NaN,NaN,NaN,NaN,0
一般,BIT*,24,20261927,0,Inf,0.0036791,NaN,0.0034197,0,NaN,NaN,5,100,NaN,NaN,NaN,NaN,NaN,0
一般,RRT#,24,20261927,0,Inf,0.0041025,NaN,0.0040062,0,NaN,NaN,59,100,NaN,NaN,NaN,NaN,NaN,0
一般,APF-only,24,20261927,1,229.358752665851,0.0034389,0.0032778,0.0034389,NaN,NaN,NaN,NaN,52,16.5135672987644,0.40276509044968,0.887896147911194,1,5,0
一般,AB-IRRT*,24,20261927,1,229.358752665851,0.0102271,0.0035631,0.0062738,0,0.0035631,0.0064886,87,100,16.5135672987644,0.40276509044968,0.887896147911194,1,5,0
一般,RRT*,25,20261928,0,Inf,0.0037992,NaN,0.0036976,0,NaN,NaN,46,100,NaN,NaN,NaN,NaN,NaN,0
一般,Informed-RRT*,25,20261928,0,Inf,0.0037702,NaN,0.0036139,0,NaN,NaN,46,100,NaN,NaN,NaN,NaN,NaN,0
一般,PRM*,25,20261928,1,233.316988598475,0.0202367,0.0076898,0.0201225,0,NaN,NaN,102,100,3.31556705470423,0.0781528586296997,0.8728329394487,NaN,NaN,0
一般,FMT*,25,20261928,1,247.89096140329,0.0096864,0.0071017,0.008275,0,NaN,NaN,102,100,6.98877846257801,0.269574356067444,0.821517460051379,NaN,NaN,0
一般,BIT*,25,20261928,1,242.450255746252,0.0226334,0.0224213,0.022443,0,NaN,NaN,86,100,5.11619400899008,0.27451358425747,0.839952724961699,NaN,NaN,0
一般,RRT#,25,20261928,0,Inf,0.0022708,NaN,0.0021806,0,NaN,NaN,46,100,NaN,NaN,NaN,NaN,NaN,0
一般,APF-only,25,20261928,1,229.358752665851,0.0027218,0.0025899,0.0027218,NaN,NaN,NaN,NaN,52,16.5135672987644,0.40276509044968,0.887896147911194,1,5,0
一般,AB-IRRT*,25,20261928,1,229.358752665851,0.0073767,0.0023342,0.0048312,0,0.0023342,0.0049407,85,100,16.5135672987644,0.40276509044968,0.887896147911194,1,5,0
一般,RRT*,26,20261929,0,Inf,0.0015695,NaN,0.0015181,0,NaN,NaN,39,100,NaN,NaN,NaN,NaN,NaN,0
一般,Informed-RRT*,26,20261929,0,Inf,0.0015205,NaN,0.001437,0,NaN,NaN,39,100,NaN,NaN,NaN,NaN,NaN,0
一般,PRM*,26,20261929,1,226.586725437658,0.0079955,0.0033122,0.0079351,0,NaN,NaN,102,100,2.57240773524703,0.188720098610816,0.898758533132852,NaN,NaN,0
一般,FMT*,26,20261929,0,Inf,0.0011529,NaN,0.0010737,0,NaN,NaN,102,100,NaN,NaN,NaN,NaN,NaN,0
一般,BIT*,26,20261929,1,214.347871280569,0.0141382,0.014009,0.0140232,0,NaN,NaN,84,100,2.26507562451412,0.416761335157249,0.950075929213048,NaN,NaN,0
一般,RRT#,26,20261929,0,Inf,0.0017079,NaN,0.001649,0,NaN,NaN,39,100,NaN,NaN,NaN,NaN,NaN,0
一般,APF-only,26,20261929,1,229.358752665851,0.0015124,0.0014214,0.0015124,NaN,NaN,NaN,NaN,52,16.5135672987644,0.40276509044968,0.887896147911194,1,5,0
一般,AB-IRRT*,26,20261929,1,229.358752665851,0.0044254,0.0016003,0.0026388,0,0.0016003,0.002743,77,100,16.5135672987644,0.40276509044968,0.887896147911194,1,5,0
一般,RRT*,27,20261930,0,Inf,0.0018074,NaN,0.001762,0,NaN,NaN,53,100,NaN,NaN,NaN,NaN,NaN,0
一般,Informed-RRT*,27,20261930,0,Inf,0.0019314,NaN,0.0018481,0,NaN,NaN,53,100,NaN,NaN,NaN,NaN,NaN,0
一般,PRM*,27,20261930,1,213.399906642286,0.0105775,0.0008364,0.0105028,0,NaN,NaN,102,100,0.981403245501141,0.0724659087301944,0.954296354604742,NaN,NaN,0
一般,FMT*,27,20261930,0,Inf,0.0018027,NaN,0.0009454,0,NaN,NaN,102,100,NaN,NaN,NaN,NaN,NaN,0
一般,BIT*,27,20261930,0,Inf,0.0018353,NaN,0.0009408,0,NaN,NaN,3,100,NaN,NaN,NaN,NaN,NaN,0
一般,RRT#,27,20261930,0,Inf,0.0021323,NaN,0.0020768,0,NaN,NaN,53,100,NaN,NaN,NaN,NaN,NaN,0
一般,APF-only,27,20261930,1,229.358752665851,0.0017809,0.0016839,0.0017809,NaN,NaN,NaN,NaN,52,16.5135672987644,0.40276509044968,0.887896147911194,1,5,0
一般,AB-IRRT*,27,20261930,1,229.358752665851,0.0040093,0.0014621,0.0023928,0,0.0014621,0.0024755,81,100,16.5135672987644,0.40276509044968,0.887896147911194,1,5,0
一般,RRT*,28,20261931,0,Inf,0.0023827,NaN,0.002338,0,NaN,NaN,61,100,NaN,NaN,NaN,NaN,NaN,0
一般,Informed-RRT*,28,20261931,0,Inf,0.0031675,NaN,0.0030726,0,NaN,NaN,61,100,NaN,NaN,NaN,NaN,NaN,0
一般,PRM*,28,20261931,1,214.475161914038,0.0087366,0.0017471,0.0086649,0,NaN,NaN,102,100,2.7463326357967,0.156056926653939,0.949512060810788,NaN,NaN,0
一般,FMT*,28,20261931,1,298.764677359059,0.006314,0.0058303,0.0062094,0,NaN,NaN,102,100,7.32126354971073,1,0.681629283561458,NaN,NaN,0
一般,BIT*,28,20261931,1,261.365122598471,0.0089559,0.00884,0.0088541,0,NaN,NaN,90,100,5.06302457065894,0.54408646283129,0.779165754623592,NaN,NaN,0
一般,RRT#,28,20261931,0,Inf,0.0025969,NaN,0.0025206,0,NaN,NaN,61,100,NaN,NaN,NaN,NaN,NaN,0
一般,APF-only,28,20261931,1,229.358752665851,0.0015539,0.0014587,0.0015539,NaN,NaN,NaN,NaN,52,16.5135672987644,0.40276509044968,0.887896147911194,1,5,0
一般,AB-IRRT*,28,20261931,1,229.358752665851,0.0047561,0.0017642,0.0028038,0,0.0017642,0.0029001,82,100,16.5135672987644,0.40276509044968,0.887896147911194,1,5,0
一般,RRT*,29,20261932,0,Inf,0.0023388,NaN,0.0022836,0,NaN,NaN,52,100,NaN,NaN,NaN,NaN,NaN,0
一般,Informed-RRT*,29,20261932,0,Inf,0.0023895,NaN,0.0022916,0,NaN,NaN,52,100,NaN,NaN,NaN,NaN,NaN,0
一般,PRM*,29,20261932,1,231.672682734478,0.0103992,0.0082391,0.0103196,0,NaN,NaN,102,100,3.68108654882268,0.024474742648696,0.879027905137729,NaN,NaN,0
一般,FMT*,29,20261932,1,218.670525084273,0.0053702,0.0050525,0.0052512,0,NaN,NaN,102,100,2.55823452920429,0.469532753262154,0.931294937455531,NaN,NaN,0
一般,BIT*,29,20261932,1,214.592357165451,0.0109038,0.010758,0.0107774,0,NaN,NaN,73,100,1.40578179205202,0.469556853632719,0.948993504110276,NaN,NaN,0
一般,RRT#,29,20261932,0,Inf,0.0021867,NaN,0.0021169,0,NaN,NaN,52,100,NaN,NaN,NaN,NaN,NaN,0
一般,APF-only,29,20261932,1,229.358752665851,0.0014957,0.001407,0.0014957,NaN,NaN,NaN,NaN,52,16.5135672987644,0.40276509044968,0.887896147911194,1,5,0
一般,AB-IRRT*,29,20261932,1,229.358752665851,0.0064896,0.0027594,0.0034998,0,0.0027594,0.0036247,84,100,16.5135672987644,0.40276509044968,0.887896147911194,1,5,0
一般,RRT*,30,20261933,0,Inf,0.0023834,NaN,0.0023194,0,NaN,NaN,61,100,NaN,NaN,NaN,NaN,NaN,0
一般,Informed-RRT*,30,20261933,0,Inf,0.0022631,NaN,0.0021681,0,NaN,NaN,61,100,NaN,NaN,NaN,NaN,NaN,0
一般,PRM*,30,20261933,1,224.625956111875,0.0097692,0.0064127,0.0096964,0,NaN,NaN,102,100,3.68433278269026,0.87223873083563,0.906603833798705,NaN,NaN,0
一般,FMT*,30,20261933,0,Inf,0.0017668,NaN,0.0010499,0,NaN,NaN,102,100,NaN,NaN,NaN,NaN,NaN,0
一般,BIT*,30,20261933,0,Inf,0.0045245,NaN,0.0037635,0,NaN,NaN,1,100,NaN,NaN,NaN,NaN,NaN,0
一般,RRT#,30,20261933,0,Inf,0.0025949,NaN,0.0025336,0,NaN,NaN,61,100,NaN,NaN,NaN,NaN,NaN,0
一般,APF-only,30,20261933,1,229.358752665851,0.0016538,0.0015563,0.0016538,NaN,NaN,NaN,NaN,52,16.5135672987644,0.40276509044968,0.887896147911194,1,5,0
一般,AB-IRRT*,30,20261933,1,229.358752665851,0.0055514,0.0016654,0.0036847,0,0.0016654,0.0037932,84,100,16.5135672987644,0.40276509044968,0.887896147911194,1,5,0
一般,RRT*,31,20261934,0,Inf,0.0020859,NaN,0.0020376,0,NaN,NaN,61,100,NaN,NaN,NaN,NaN,NaN,0
一般,Informed-RRT*,31,20261934,0,Inf,0.0027006,NaN,0.0026053,0,NaN,NaN,61,100,NaN,NaN,NaN,NaN,NaN,0
一般,PRM*,31,20261934,1,217.136878044546,0.0086237,0.0023982,0.0085416,0,NaN,NaN,102,100,1.41721146852446,0.108682245228058,0.937872713358009,NaN,NaN,0
一般,FMT*,31,20261934,0,Inf,0.0003971,NaN,0.000327,0,NaN,NaN,102,100,NaN,NaN,NaN,NaN,NaN,0
一般,BIT*,31,20261934,0,Inf,0.0004107,NaN,0.0003307,0,NaN,NaN,2,100,NaN,NaN,NaN,NaN,NaN,0
一般,RRT#,31,20261934,0,Inf,0.0023148,NaN,0.0022613,0,NaN,NaN,61,100,NaN,NaN,NaN,NaN,NaN,0
一般,APF-only,31,20261934,1,229.358752665851,0.0016107,0.0015215,0.0016107,NaN,NaN,NaN,NaN,52,16.5135672987644,0.40276509044968,0.887896147911194,1,5,0
一般,AB-IRRT*,31,20261934,1,211.19031257033,0.0071962,0.0015723,0.0029425,0,0.0015723,0.0047914,88,100,2.7819535093674,0.0356870805129432,0.964280749922693,1,5,0
一般,RRT*,32,20261935,0,Inf,0.0013528,NaN,0.0013079,0,NaN,NaN,32,100,NaN,NaN,NaN,NaN,NaN,0
一般,Informed-RRT*,32,20261935,0,Inf,0.0014019,NaN,0.0013135,0,NaN,NaN,32,100,NaN,NaN,NaN,NaN,NaN,0
一般,PRM*,32,20261935,1,218.498603671365,0.0074445,0.0014929,0.0073858,0,NaN,NaN,102,100,3.27839810281709,1,0.932027708918554,NaN,NaN,0
一般,FMT*,32,20261935,0,Inf,0.0003046,NaN,0.0002302,0,NaN,NaN,102,100,NaN,NaN,NaN,NaN,NaN,0
一般,BIT*,32,20261935,1,220.858990221284,0.0194283,0.0192294,0.019261,0,NaN,NaN,85,100,3.27635202939976,1,0.922066848072098,NaN,NaN,0
一般,RRT#,32,20261935,0,Inf,0.0018187,NaN,0.0017504,0,NaN,NaN,32,100,NaN,NaN,NaN,NaN,NaN,0
一般,APF-only,32,20261935,1,229.358752665851,0.0017263,0.0015507,0.0017263,NaN,NaN,NaN,NaN,52,16.5135672987644,0.40276509044968,0.887896147911194,1,5,0
一般,AB-IRRT*,32,20261935,1,229.358752665851,0.0043147,0.0016989,0.0024414,0,0.0016989,0.0025307,86,100,16.5135672987644,0.40276509044968,0.887896147911194,1,5,0
一般,RRT*,33,20261936,0,Inf,0.0027862,NaN,0.0027255,0,NaN,NaN,68,100,NaN,NaN,NaN,NaN,NaN,0
一般,Informed-RRT*,33,20261936,0,Inf,0.0027662,NaN,0.0026675,0,NaN,NaN,68,100,NaN,NaN,NaN,NaN,NaN,0
一般,PRM*,33,20261936,1,243.912339976623,0.0093678,0.0032673,0.0092922,0,NaN,NaN,102,100,2.70046686244027,0.295899334536909,0.834917794652143,NaN,NaN,0
一般,FMT*,33,20261936,1,223.808461554153,0.0042534,0.003903,0.0041202,0,NaN,NaN,102,100,3.03303400248673,0.387336035252005,0.909915342644231,NaN,NaN,0
一般,BIT*,33,20261936,1,219.095512897554,0.0167109,0.015088,0.0154411,0,NaN,NaN,87,100,1.71035917064912,0.332110605138189,0.92948846961073,NaN,NaN,0
一般,RRT#,33,20261936,0,Inf,0.0025992,NaN,0.0025407,0,NaN,NaN,68,100,NaN,NaN,NaN,NaN,NaN,0
一般,APF-only,33,20261936,1,229.358752665851,0.0014464,0.0013637,0.0014464,NaN,NaN,NaN,NaN,52,16.5135672987644,0.40276509044968,0.887896147911194,1,5,0
一般,AB-IRRT*,33,20261936,1,229.358752665851,0.0071481,0.0024287,0.0045467,0,0.0024287,0.0046336,83,100,16.5135672987644,0.40276509044968,0.887896147911194,1,5,0
一般,RRT*,34,20261937,0,Inf,0.0019688,NaN,0.0019244,0,NaN,NaN,58,100,NaN,NaN,NaN,NaN,NaN,0
一般,Informed-RRT*,34,20261937,0,Inf,0.0024555,NaN,0.0023467,0,NaN,NaN,58,100,NaN,NaN,NaN,NaN,NaN,0
一般,PRM*,34,20261937,1,242.2571141212,0.0083664,0.000544,0.0083015,0,NaN,NaN,102,100,2.42080463654687,0.828162581708047,0.840622384694314,NaN,NaN,0
一般,FMT*,34,20261937,0,Inf,0.0005681,NaN,0.0004963,0,NaN,NaN,102,100,NaN,NaN,NaN,NaN,NaN,0
一般,BIT*,34,20261937,0,Inf,0.0004781,NaN,0.0004229,0,NaN,NaN,5,100,NaN,NaN,NaN,NaN,NaN,0
一般,RRT#,34,20261937,0,Inf,0.002292,NaN,0.0022363,0,NaN,NaN,58,100,NaN,NaN,NaN,NaN,NaN,0
一般,APF-only,34,20261937,1,229.358752665851,0.0015174,0.0014189,0.0015174,NaN,NaN,NaN,NaN,52,16.5135672987644,0.40276509044968,0.887896147911194,1,5,0
一般,AB-IRRT*,34,20261937,1,229.358752665851,0.0062662,0.0019707,0.0040705,0,0.0019707,0.0041988,89,100,16.5135672987644,0.40276509044968,0.887896147911194,1,5,0
一般,RRT*,35,20261938,0,Inf,0.0024398,NaN,0.0023851,0,NaN,NaN,67,100,NaN,NaN,NaN,NaN,NaN,0
一般,Informed-RRT*,35,20261938,0,Inf,0.002793,NaN,0.0026843,0,NaN,NaN,67,100,NaN,NaN,NaN,NaN,NaN,0
一般,PRM*,35,20261938,1,216.387145401132,0.00722,0.002211,0.0071557,0,NaN,NaN,102,100,1.64620135497714,0.248846439750483,0.941122230732383,NaN,NaN,0
一般,FMT*,35,20261938,1,239.498827073594,0.0095384,0.0094283,0.0094318,0,NaN,NaN,102,100,6.17665917850517,0.810078509725238,0.850303759187714,NaN,NaN,0
一般,BIT*,35,20261938,1,238.618282042484,0.0165171,0.0146545,0.0149802,0,NaN,NaN,82,100,5.8832720227518,0.904811520101983,0.853441535319863,NaN,NaN,0
一般,RRT#,35,20261938,0,Inf,0.0021083,NaN,0.0020436,0,NaN,NaN,67,100,NaN,NaN,NaN,NaN,NaN,0
一般,APF-only,35,20261938,1,229.358752665851,0.0014243,0.0013442,0.0014243,NaN,NaN,NaN,NaN,52,16.5135672987644,0.40276509044968,0.887896147911194,1,5,0
一般,AB-IRRT*,35,20261938,1,229.358752665851,0.0046543,0.0015446,0.0029148,0,0.0015446,0.0030226,87,100,16.5135672987644,0.40276509044968,0.887896147911194,1,5,0
一般,RRT*,36,20261939,0,Inf,0.0015364,NaN,0.0014893,0,NaN,NaN,38,100,NaN,NaN,NaN,NaN,NaN,0
一般,Informed-RRT*,36,20261939,0,Inf,0.001569,NaN,0.001477,0,NaN,NaN,38,100,NaN,NaN,NaN,NaN,NaN,0
一般,PRM*,36,20261939,1,229.534358941147,0.0076756,0.0022849,0.0076094,0,NaN,NaN,102,100,4.33487802893651,0.568545739427794,0.887216859040877,NaN,NaN,0
一般,FMT*,36,20261939,0,Inf,0.0003183,NaN,0.0002542,0,NaN,NaN,102,100,NaN,NaN,NaN,NaN,NaN,0
一般,BIT*,36,20261939,0,Inf,0.0003121,NaN,0.0002523,0,NaN,NaN,2,100,NaN,NaN,NaN,NaN,NaN,0
一般,RRT#,36,20261939,0,Inf,0.0016834,NaN,0.0016325,0,NaN,NaN,38,100,NaN,NaN,NaN,NaN,NaN,0
一般,APF-only,36,20261939,1,229.358752665851,0.001619,0.0015252,0.001619,NaN,NaN,NaN,NaN,52,16.5135672987644,0.40276509044968,0.887896147911194,1,5,0
一般,AB-IRRT*,36,20261939,1,229.358752665851,0.004874,0.0016827,0.0028429,0,0.0016827,0.0029661,90,100,16.5135672987644,0.40276509044968,0.887896147911194,1,5,0
一般,RRT*,37,20261940,0,Inf,0.0018103,NaN,0.001757,0,NaN,NaN,45,100,NaN,NaN,NaN,NaN,NaN,0
一般,Informed-RRT*,37,20261940,0,Inf,0.0018802,NaN,0.0017893,0,NaN,NaN,45,100,NaN,NaN,NaN,NaN,NaN,0
一般,PRM*,37,20261940,1,241.800188934494,0.0112995,0.000388,0.0111808,0,NaN,NaN,102,100,4.51353821734392,1,0.842210892717274,NaN,NaN,0
一般,FMT*,37,20261940,1,219.643128197179,0.0042605,0.0039776,0.0041075,0,NaN,NaN,102,100,1.14822188047395,0.290195291518597,0.927171064504723,NaN,NaN,0
一般,BIT*,37,20261940,1,219.62498210449,0.0200843,0.0199167,0.019934,0,NaN,NaN,81,100,0.967593918681891,0.29018622241599,0.927247670234699,NaN,NaN,0
一般,RRT#,37,20261940,0,Inf,0.0019048,NaN,0.0018343,0,NaN,NaN,45,100,NaN,NaN,NaN,NaN,NaN,0
一般,APF-only,37,20261940,1,229.358752665851,0.0016747,0.0015648,0.0016747,NaN,NaN,NaN,NaN,52,16.5135672987644,0.40276509044968,0.887896147911194,1,5,0
一般,AB-IRRT*,37,20261940,1,229.358752665851,0.0064988,0.0033727,0.0028593,0,0.0033727,0.0029992,81,100,16.5135672987644,0.40276509044968,0.887896147911194,1,5,0
一般,RRT*,38,20261941,0,Inf,0.003847,NaN,0.0037539,0,NaN,NaN,69,100,NaN,NaN,NaN,NaN,NaN,0
一般,Informed-RRT*,38,20261941,0,Inf,0.0038952,NaN,0.0037208,0,NaN,NaN,69,100,NaN,NaN,NaN,NaN,NaN,0
一般,PRM*,38,20261941,1,227.619184914319,0.012104,0.0010652,0.0119889,0,NaN,NaN,102,100,2.26203562665436,0.640903746333205,0.894681847922364,NaN,NaN,0
一般,FMT*,38,20261941,0,Inf,0.0016175,NaN,0.0014864,0,NaN,NaN,102,100,NaN,NaN,NaN,NaN,NaN,0
一般,BIT*,38,20261941,0,Inf,0.0030702,NaN,0.0029505,0,NaN,NaN,4,100,NaN,NaN,NaN,NaN,NaN,0
一般,RRT#,38,20261941,0,Inf,0.0054713,NaN,0.0053428,0,NaN,NaN,69,100,NaN,NaN,NaN,NaN,NaN,0
一般,APF-only,38,20261941,1,229.358752665851,0.0035096,0.0033374,0.0035096,NaN,NaN,NaN,NaN,52,16.5135672987644,0.40276509044968,0.887896147911194,1,5,0
一般,AB-IRRT*,38,20261941,1,229.358752665851,0.0051719,0.0019077,0.003066,0,0.0019077,0.0031692,84,100,16.5135672987644,0.40276509044968,0.887896147911194,1,5,0
一般,RRT*,39,20261942,0,Inf,0.0026391,NaN,0.002586,0,NaN,NaN,66,100,NaN,NaN,NaN,NaN,NaN,0
一般,Informed-RRT*,39,20261942,0,Inf,0.0028503,NaN,0.0027449,0,NaN,NaN,66,100,NaN,NaN,NaN,NaN,NaN,0
一般,PRM*,39,20261942,0,Inf,0.0096582,NaN,0.0095541,0,NaN,NaN,102,100,NaN,NaN,NaN,NaN,NaN,0
一般,FMT*,39,20261942,0,Inf,0.0007183,NaN,0.0006412,0,NaN,NaN,102,100,NaN,NaN,NaN,NaN,NaN,0
一般,BIT*,39,20261942,0,Inf,0.0007319,NaN,0.0006542,0,NaN,NaN,6,100,NaN,NaN,NaN,NaN,NaN,0
一般,RRT#,39,20261942,0,Inf,0.0028862,NaN,0.0028239,0,NaN,NaN,66,100,NaN,NaN,NaN,NaN,NaN,0
一般,APF-only,39,20261942,1,229.358752665851,0.0016875,0.001591,0.0016875,NaN,NaN,NaN,NaN,52,16.5135672987644,0.40276509044968,0.887896147911194,1,5,0
一般,AB-IRRT*,39,20261942,1,229.358752665851,0.0047227,0.0017636,0.0027872,0,0.0017636,0.002876,78,100,16.5135672987644,0.40276509044968,0.887896147911194,1,5,0
一般,RRT*,40,20261943,0,Inf,0.0023422,NaN,0.0022922,0,NaN,NaN,58,100,NaN,NaN,NaN,NaN,NaN,0
一般,Informed-RRT*,40,20261943,0,Inf,0.0023127,NaN,0.0022181,0,NaN,NaN,58,100,NaN,NaN,NaN,NaN,NaN,0
一般,PRM*,40,20261943,1,247.278378406746,0.0083571,0.0012691,0.0082831,0,NaN,NaN,102,100,4.05200848087029,0.967326433885428,0.823552606151229,NaN,NaN,0
一般,FMT*,40,20261943,1,222.736588705646,0.0037615,0.0036661,0.0036689,0,NaN,NaN,102,100,1.62714831147765,0.297790434939697,0.914294118290782,NaN,NaN,0
一般,BIT*,40,20261943,1,222.112344977075,0.0098688,0.0097535,0.0097675,0,NaN,NaN,86,100,1.39616009569058,0.275149236994072,0.916863729491238,NaN,NaN,0
一般,RRT#,40,20261943,0,Inf,0.0024174,NaN,0.0023508,0,NaN,NaN,58,100,NaN,NaN,NaN,NaN,NaN,0
一般,APF-only,40,20261943,1,229.358752665851,0.0016944,0.0015987,0.0016944,NaN,NaN,NaN,NaN,52,16.5135672987644,0.40276509044968,0.887896147911194,1,5,0
一般,AB-IRRT*,40,20261943,1,229.358752665851,0.0042856,0.0016926,0.0024202,0,0.0016926,0.0025102,72,100,16.5135672987644,0.40276509044968,0.887896147911194,1,5,0
一般,RRT*,41,20261944,0,Inf,0.0018794,NaN,0.0018241,0,NaN,NaN,43,100,NaN,NaN,NaN,NaN,NaN,0
一般,Informed-RRT*,41,20261944,0,Inf,0.0017459,NaN,0.0016568,0,NaN,NaN,43,100,NaN,NaN,NaN,NaN,NaN,0
一般,PRM*,41,20261944,1,217.395962639586,0.009951,0.0062537,0.009865,0,NaN,NaN,102,100,2.20323349948993,0.103763554098345,0.936754990796886,NaN,NaN,0
一般,FMT*,41,20261944,0,Inf,0.0017836,NaN,0.0010303,0,NaN,NaN,102,100,NaN,NaN,NaN,NaN,NaN,0
一般,BIT*,41,20261944,0,Inf,0.0029862,NaN,0.0023243,0,NaN,NaN,1,100,NaN,NaN,NaN,NaN,NaN,0
一般,RRT#,41,20261944,0,Inf,0.0019698,NaN,0.0019118,0,NaN,NaN,43,100,NaN,NaN,NaN,NaN,NaN,0
一般,APF-only,41,20261944,1,229.358752665851,0.0017893,0.0016894,0.0017893,NaN,NaN,NaN,NaN,52,16.5135672987644,0.40276509044968,0.887896147911194,1,5,0
一般,AB-IRRT*,41,20261944,1,229.358752665851,0.0058235,0.0019907,0.003613,0,0.0019907,0.0037346,80,100,16.5135672987644,0.40276509044968,0.887896147911194,1,5,0
一般,RRT*,42,20261945,0,Inf,0.0015291,NaN,0.0014772,0,NaN,NaN,35,100,NaN,NaN,NaN,NaN,NaN,0
一般,Informed-RRT*,42,20261945,0,Inf,0.0013999,NaN,0.0013234,0,NaN,NaN,35,100,NaN,NaN,NaN,NaN,NaN,0
一般,PRM*,42,20261945,1,319.527853337055,0.0084745,0.0022362,0.0084007,0,NaN,NaN,102,100,7.01742538621563,0.095536562518415,0.637336466461057,NaN,NaN,0
一般,FMT*,42,20261945,0,Inf,0.0019835,NaN,0.0012507,0,NaN,NaN,102,100,NaN,NaN,NaN,NaN,NaN,0
一般,BIT*,42,20261945,0,Inf,0.0012963,NaN,0.0012276,0,NaN,NaN,9,100,NaN,NaN,NaN,NaN,NaN,0
一般,RRT#,42,20261945,0,Inf,0.0017881,NaN,0.0017277,0,NaN,NaN,35,100,NaN,NaN,NaN,NaN,NaN,0
一般,APF-only,42,20261945,1,229.358752665851,0.0019671,0.0018555,0.0019671,NaN,NaN,NaN,NaN,52,16.5135672987644,0.40276509044968,0.887896147911194,1,5,0
一般,AB-IRRT*,42,20261945,1,229.358752665851,0.0047065,0.0016505,0.0028861,0,0.0016505,0.0029776,85,100,16.5135672987644,0.40276509044968,0.887896147911194,1,5,0
一般,RRT*,43,20261946,0,Inf,0.0030736,NaN,0.0029816,0,NaN,NaN,75,100,NaN,NaN,NaN,NaN,NaN,0
一般,Informed-RRT*,43,20261946,0,Inf,0.0031257,NaN,0.0030174,0,NaN,NaN,75,100,NaN,NaN,NaN,NaN,NaN,0
一般,PRM*,43,20261946,0,Inf,0.0082246,NaN,0.0081285,0,NaN,NaN,102,100,NaN,NaN,NaN,NaN,NaN,0
一般,FMT*,43,20261946,1,217.781817514871,0.0045988,0.0044243,0.0045101,0,NaN,NaN,102,100,1.23080478614057,0.331729542168246,0.935095295399578,NaN,NaN,0
一般,BIT*,43,20261946,1,217.781817514871,0.0116005,0.0114809,0.011503,0,NaN,NaN,82,100,1.23080478614057,0.331729542168246,0.935095295399578,NaN,NaN,0
一般,RRT#,43,20261946,0,Inf,0.0029613,NaN,0.0028948,0,NaN,NaN,75,100,NaN,NaN,NaN,NaN,NaN,0
一般,APF-only,43,20261946,1,229.358752665851,0.0019065,0.0017863,0.0019065,NaN,NaN,NaN,NaN,52,16.5135672987644,0.40276509044968,0.887896147911194,1,5,0
一般,AB-IRRT*,43,20261946,1,229.358752665851,0.0048947,0.0015855,0.003153,0,0.0015855,0.0032338,90,100,16.5135672987644,0.40276509044968,0.887896147911194,1,5,0
一般,RRT*,44,20261947,0,Inf,0.0019308,NaN,0.0018829,0,NaN,NaN,54,100,NaN,NaN,NaN,NaN,NaN,0
一般,Informed-RRT*,44,20261947,0,Inf,0.0018075,NaN,0.0017304,0,NaN,NaN,54,100,NaN,NaN,NaN,NaN,NaN,0
一般,PRM*,44,20261947,1,214.336496288872,0.008375,0.0045823,0.0083051,0,NaN,NaN,102,100,2.18697165136605,0.377715647163886,0.950126350424525,NaN,NaN,0
一般,FMT*,44,20261947,1,218.61929411208,0.0087883,0.0078927,0.0080164,0,NaN,NaN,102,100,1.81119588190031,0.0160890133373588,0.931513175947414,NaN,NaN,0
一般,BIT*,44,20261947,1,216.818103194738,0.0111331,0.0110292,0.0110413,0,NaN,NaN,86,100,1.00394476361872,0.0161291992131378,0.939251612208864,NaN,NaN,0
一般,RRT#,44,20261947,0,Inf,0.0019496,NaN,0.0018942,0,NaN,NaN,54,100,NaN,NaN,NaN,NaN,NaN,0
一般,APF-only,44,20261947,1,229.358752665851,0.0015175,0.0014175,0.0015175,NaN,NaN,NaN,NaN,52,16.5135672987644,0.40276509044968,0.887896147911194,1,5,0
一般,AB-IRRT*,44,20261947,1,229.358752665851,0.0047044,0.0017006,0.0028412,0,0.0017006,0.0029253,85,100,16.5135672987644,0.40276509044968,0.887896147911194,1,5,0
一般,RRT*,45,20261948,0,Inf,0.0019549,NaN,0.0019132,0,NaN,NaN,58,100,NaN,NaN,NaN,NaN,NaN,0
一般,Informed-RRT*,45,20261948,0,Inf,0.0019805,NaN,0.0018968,0,NaN,NaN,58,100,NaN,NaN,NaN,NaN,NaN,0
一般,PRM*,45,20261948,1,222.773898726116,0.0070655,0.0007145,0.0069913,0,NaN,NaN,102,100,2.61313741261633,0.45417402395414,0.914140992936047,NaN,NaN,0
一般,FMT*,45,20261948,1,232.309400326585,0.0078272,0.0056935,0.0067041,0,NaN,NaN,102,100,6.73953031793131,0.559637854347825,0.876618650366429,NaN,NaN,0
一般,BIT*,45,20261948,1,232.252519622393,0.0111654,0.0110571,0.0110707,0,NaN,NaN,84,100,6.11603269741186,0.559573153566218,0.876833342057274,NaN,NaN,0
一般,RRT#,45,20261948,0,Inf,0.0032237,NaN,0.003133,0,NaN,NaN,58,100,NaN,NaN,NaN,NaN,NaN,0
一般,APF-only,45,20261948,1,229.358752665851,0.0018357,0.0017204,0.0018357,NaN,NaN,NaN,NaN,52,16.5135672987644,0.40276509044968,0.887896147911194,1,5,0
一般,AB-IRRT*,45,20261948,1,229.358752665851,0.0043072,0.0016812,0.002457,0,0.0016812,0.0025435,90,100,16.5135672987644,0.40276509044968,0.887896147911194,1,5,0
一般,RRT*,46,20261949,0,Inf,0.0032019,NaN,0.0031322,0,NaN,NaN,59,100,NaN,NaN,NaN,NaN,NaN,0
一般,Informed-RRT*,46,20261949,0,Inf,0.0019457,NaN,0.0018573,0,NaN,NaN,59,100,NaN,NaN,NaN,NaN,NaN,0
一般,PRM*,46,20261949,1,224.23777156181,0.0139006,0.0002012,0.013789,0,NaN,NaN,102,100,4.11179151783197,0.189917124218956,0.908173282151939,NaN,NaN,0
一般,FMT*,46,20261949,1,231.777565494557,0.0043613,0.0040697,0.0042318,0,NaN,NaN,102,100,5.92231839710774,0.592987307564812,0.87863013207164,NaN,NaN,0
一般,BIT*,46,20261949,1,219.18977932661,0.0184991,0.0183501,0.0183686,0,NaN,NaN,78,100,3.57241863137351,0.593381725446852,0.929088726706896,NaN,NaN,0
一般,RRT#,46,20261949,0,Inf,0.0031659,NaN,0.0030744,0,NaN,NaN,59,100,NaN,NaN,NaN,NaN,NaN,0
一般,APF-only,46,20261949,1,229.358752665851,0.0020604,0.0018994,0.0020604,NaN,NaN,NaN,NaN,52,16.5135672987644,0.40276509044968,0.887896147911194,1,5,0
一般,AB-IRRT*,46,20261949,1,229.358752665851,0.0045547,0.0017533,0.0026054,0,0.0017533,0.0027085,84,100,16.5135672987644,0.40276509044968,0.887896147911194,1,5,0
一般,RRT*,47,20261950,0,Inf,0.002035,NaN,0.0019606,0,NaN,NaN,57,100,NaN,NaN,NaN,NaN,NaN,0
一般,Informed-RRT*,47,20261950,0,Inf,0.0019805,NaN,0.001887,0,NaN,NaN,57,100,NaN,NaN,NaN,NaN,NaN,0
一般,PRM*,47,20261950,1,222.626655304901,0.0074433,0.002488,0.0073643,0,NaN,NaN,102,100,3.63077132894232,1,0.914745598198108,NaN,NaN,0
一般,FMT*,47,20261950,1,214.28550678109,0.0072607,0.0071179,0.0071227,0,NaN,NaN,102,100,1.03978976886566,0.346261545623562,0.95035243419317,NaN,NaN,0
一般,BIT*,47,20261950,1,213.952705356603,0.0145569,0.0144095,0.0144257,0,NaN,NaN,80,100,0.76872851389007,0.346836945145879,0.951830698482173,NaN,NaN,0
一般,RRT#,47,20261950,0,Inf,0.0023663,NaN,0.0022941,0,NaN,NaN,57,100,NaN,NaN,NaN,NaN,NaN,0
一般,APF-only,47,20261950,1,229.358752665851,0.0016114,0.0015072,0.0016114,NaN,NaN,NaN,NaN,52,16.5135672987644,0.40276509044968,0.887896147911194,1,5,0
一般,AB-IRRT*,47,20261950,1,229.358752665851,0.0039859,0.0015807,0.0022279,0,0.0015807,0.0023183,85,100,16.5135672987644,0.40276509044968,0.887896147911194,1,5,0
一般,RRT*,48,20261951,0,Inf,0.0023888,NaN,0.0023293,0,NaN,NaN,78,100,NaN,NaN,NaN,NaN,NaN,0
一般,Informed-RRT*,48,20261951,0,Inf,0.0021955,NaN,0.0021134,0,NaN,NaN,78,100,NaN,NaN,NaN,NaN,NaN,0
一般,PRM*,48,20261951,1,225.613680573745,0.0076544,0.0003561,0.0074041,0,NaN,NaN,102,100,1.0507602663027,0.0174037906821987,0.902634771366008,NaN,NaN,0
一般,FMT*,48,20261951,0,Inf,0.0030342,NaN,0.0029308,0,NaN,NaN,102,100,NaN,NaN,NaN,NaN,NaN,0
一般,BIT*,48,20261951,1,234.486665040375,0.0115217,0.0113904,0.0114048,0,NaN,NaN,84,100,2.94350701278785,0.418972957323273,0.868479036736101,NaN,NaN,0
一般,RRT#,48,20261951,0,Inf,0.0035958,NaN,0.0035254,0,NaN,NaN,78,100,NaN,NaN,NaN,NaN,NaN,0
一般,APF-only,48,20261951,1,229.358752665851,0.0016173,0.0015016,0.0016173,NaN,NaN,NaN,NaN,52,16.5135672987644,0.40276509044968,0.887896147911194,1,5,0
一般,AB-IRRT*,48,20261951,1,229.358752665851,0.0048617,0.0017886,0.0028912,0,0.0017886,0.0029862,87,100,16.5135672987644,0.40276509044968,0.887896147911194,1,5,0
一般,RRT*,49,20261952,0,Inf,0.0023287,NaN,0.0022777,0,NaN,NaN,62,100,NaN,NaN,NaN,NaN,NaN,0
一般,Informed-RRT*,49,20261952,0,Inf,0.0021814,NaN,0.0020924,0,NaN,NaN,62,100,NaN,NaN,NaN,NaN,NaN,0
一般,PRM*,49,20261952,1,237.404415596623,0.0067983,0.0013946,0.0067212,0,NaN,NaN,102,100,3.66155628067728,1,0.85780524540767,NaN,NaN,0
一般,FMT*,49,20261952,1,223.783580885933,0.0044088,0.0042048,0.0043068,0,NaN,NaN,102,100,3.83753714510616,0.364024094155857,0.910016508697878,NaN,NaN,0
一般,BIT*,49,20261952,1,216.305725394005,0.0147551,0.0146299,0.0146449,0,NaN,NaN,82,100,2.2937801030672,0.364029228424821,0.941476480156869,NaN,NaN,0
一般,RRT#,49,20261952,0,Inf,0.0024806,NaN,0.0024135,0,NaN,NaN,62,100,NaN,NaN,NaN,NaN,NaN,0
一般,APF-only,49,20261952,1,229.358752665851,0.0027038,0.0025835,0.0027038,NaN,NaN,NaN,NaN,52,16.5135672987644,0.40276509044968,0.887896147911194,1,5,0
一般,AB-IRRT*,49,20261952,1,229.358752665851,0.0046266,0.0014527,0.0029037,0,0.0014527,0.0030392,79,100,16.5135672987644,0.40276509044968,0.887896147911194,1,5,0
一般,RRT*,50,20261953,0,Inf,0.002666,NaN,0.0025881,0,NaN,NaN,51,100,NaN,NaN,NaN,NaN,NaN,0
一般,Informed-RRT*,50,20261953,0,Inf,0.003307,NaN,0.0031864,0,NaN,NaN,51,100,NaN,NaN,NaN,NaN,NaN,0
一般,PRM*,50,20261953,1,235.978492737185,0.0109819,0.0010712,0.0108936,0,NaN,NaN,102,100,2.61123157100094,0.970508094925547,0.862988616545374,NaN,NaN,0
一般,FMT*,50,20261953,1,229.972756104286,0.0114625,0.0113287,0.0113324,0,NaN,NaN,102,100,2.48461354793169,0.164877568786329,0.885525557163727,NaN,NaN,0
一般,BIT*,50,20261953,1,229.622964513405,0.0135432,0.0133949,0.013411,0,NaN,NaN,86,100,3.14698197535655,0.348776365914578,0.886874504966323,NaN,NaN,0
一般,RRT#,50,20261953,0,Inf,0.0022249,NaN,0.0021562,0,NaN,NaN,51,100,NaN,NaN,NaN,NaN,NaN,0
一般,APF-only,50,20261953,1,229.358752665851,0.0020656,0.0019227,0.0020656,NaN,NaN,NaN,NaN,52,16.5135672987644,0.40276509044968,0.887896147911194,1,5,0
一般,AB-IRRT*,50,20261953,1,211.611659524356,0.009506,0.0018532,0.0061228,0,0.0018532,0.007535,89,100,3.31980829400581,0.0358660327663021,0.962360738720479,1,5,0
狭窄,RRT*,1,20262904,0,Inf,0.001283,NaN,0.0012345,0,NaN,NaN,22,100,NaN,NaN,NaN,NaN,NaN,0
狭窄,Informed-RRT*,1,20262904,0,Inf,0.0011885,NaN,0.0010966,0,NaN,NaN,22,100,NaN,NaN,NaN,NaN,NaN,0
狭窄,PRM*,1,20262904,1,231.684404132895,0.0078942,0.0008624,0.0078163,0,NaN,NaN,102,100,2.68942064862781,0.13366299180346,0.878983433278113,NaN,NaN,0
狭窄,FMT*,1,20262904,0,Inf,0.0007567,NaN,0.0006795,0,NaN,NaN,102,100,NaN,NaN,NaN,NaN,NaN,0
狭窄,BIT*,1,20262904,0,Inf,0.0010631,NaN,0.0009961,0,NaN,NaN,6,100,NaN,NaN,NaN,NaN,NaN,0
狭窄,RRT#,1,20262904,0,Inf,0.0013764,NaN,0.0013243,0,NaN,NaN,22,100,NaN,NaN,NaN,NaN,NaN,0
狭窄,APF-only,1,20262904,1,279.791130115633,0.019978,0.0192692,0.019978,NaN,NaN,NaN,NaN,64,46.4502175583217,0.0632608111899984,0.727852783959099,3,5,0
狭窄,AB-IRRT*,1,20262904,1,212.885243942151,0.011147,0.0099032,0.0009771,0,0.0099032,0.0010856,17,100,2.34656541775505,0.316946328405102,0.956603422626436,3,5,0
狭窄,RRT*,2,20262905,0,Inf,0.0012435,NaN,0.0011798,0,NaN,NaN,16,100,NaN,NaN,NaN,NaN,NaN,0
狭窄,Informed-RRT*,2,20262905,0,Inf,0.0012694,NaN,0.0011704,0,NaN,NaN,16,100,NaN,NaN,NaN,NaN,NaN,0
狭窄,PRM*,2,20262905,1,229.241851492209,0.008493,0.000755,0.0084241,0,NaN,NaN,102,100,2.33017011753934,0.278059028140394,0.888348927807566,NaN,NaN,0
狭窄,FMT*,2,20262905,0,Inf,0.0016482,NaN,0.0015308,0,NaN,NaN,102,100,NaN,NaN,NaN,NaN,NaN,0
狭窄,BIT*,2,20262905,0,Inf,0.0018379,NaN,0.0017339,0,NaN,NaN,9,100,NaN,NaN,NaN,NaN,NaN,0
狭窄,RRT#,2,20262905,0,Inf,0.0019683,NaN,0.0018914,0,NaN,NaN,16,100,NaN,NaN,NaN,NaN,NaN,0
狭窄,APF-only,2,20262905,1,279.791130115633,0.0090646,0.0089521,0.0090646,NaN,NaN,NaN,NaN,64,46.4502175583217,0.0632608111899984,0.727852783959099,3,5,0
狭窄,AB-IRRT*,2,20262905,1,212.885243942151,0.011416,0.0098816,0.0011151,0,0.0098816,0.0013166,20,100,2.34656541775505,0.316946328405102,0.956603422626436,3,5,0
狭窄,RRT*,3,20262906,0,Inf,0.0012715,NaN,0.0012184,0,NaN,NaN,19,100,NaN,NaN,NaN,NaN,NaN,0
狭窄,Informed-RRT*,3,20262906,0,Inf,0.0010702,NaN,0.0009901,0,NaN,NaN,19,100,NaN,NaN,NaN,NaN,NaN,0
狭窄,PRM*,3,20262906,1,242.529450929444,0.0083983,0.0001623,0.0083177,0,NaN,NaN,102,100,1.48552931611428,1,0.839678448127812,NaN,NaN,0
狭窄,FMT*,3,20262906,0,Inf,0.0006183,NaN,0.000549,0,NaN,NaN,102,100,NaN,NaN,NaN,NaN,NaN,0
狭窄,BIT*,3,20262906,0,Inf,0.0007238,NaN,0.0006597,0,NaN,NaN,5,100,NaN,NaN,NaN,NaN,NaN,0
狭窄,RRT#,3,20262906,0,Inf,0.0014613,NaN,0.0014056,0,NaN,NaN,19,100,NaN,NaN,NaN,NaN,NaN,0
狭窄,APF-only,3,20262906,1,279.791130115633,0.007669,0.0075705,0.007669,NaN,NaN,NaN,NaN,64,46.4502175583217,0.0632608111899984,0.727852783959099,3,5,0
狭窄,AB-IRRT*,3,20262906,1,212.885243942151,0.0104033,0.0088425,0.0012969,0,0.0088425,0.0014,19,100,2.34656541775505,0.316946328405102,0.956603422626436,3,5,0
狭窄,RRT*,4,20262907,0,Inf,0.0011554,NaN,0.0011047,0,NaN,NaN,19,100,NaN,NaN,NaN,NaN,NaN,0
狭窄,Informed-RRT*,4,20262907,0,Inf,0.0013035,NaN,0.0011913,0,NaN,NaN,19,100,NaN,NaN,NaN,NaN,NaN,0
狭窄,PRM*,4,20262907,0,Inf,0.0099153,NaN,0.0096124,0,NaN,NaN,102,100,NaN,NaN,NaN,NaN,NaN,0
狭窄,FMT*,4,20262907,0,Inf,0.0006502,NaN,0.0005629,0,NaN,NaN,102,100,NaN,NaN,NaN,NaN,NaN,0
狭窄,BIT*,4,20262907,0,Inf,0.0007732,NaN,0.0007083,0,NaN,NaN,5,100,NaN,NaN,NaN,NaN,NaN,0
狭窄,RRT#,4,20262907,0,Inf,0.0011863,NaN,0.001137,0,NaN,NaN,19,100,NaN,NaN,NaN,NaN,NaN,0
狭窄,APF-only,4,20262907,1,279.791130115633,0.0081094,0.0080091,0.0081094,NaN,NaN,NaN,NaN,64,46.4502175583217,0.0632608111899984,0.727852783959099,3,5,0
狭窄,AB-IRRT*,4,20262907,1,212.885243942151,0.0101739,0.0085791,0.0010873,0,0.0085791,0.0011771,20,100,2.34656541775505,0.316946328405102,0.956603422626436,3,5,0
狭窄,RRT*,5,20262908,0,Inf,0.0016191,NaN,0.0015783,0,NaN,NaN,43,100,NaN,NaN,NaN,NaN,NaN,0
狭窄,Informed-RRT*,5,20262908,0,Inf,0.0016874,NaN,0.0016101,0,NaN,NaN,43,100,NaN,NaN,NaN,NaN,NaN,0
狭窄,PRM*,5,20262908,0,Inf,0.0079911,NaN,0.007872,0,NaN,NaN,102,100,NaN,NaN,NaN,NaN,NaN,0
狭窄,FMT*,5,20262908,0,Inf,0.001639,NaN,0.0015431,0,NaN,NaN,102,100,NaN,NaN,NaN,NaN,NaN,0
狭窄,BIT*,5,20262908,0,Inf,0.0018635,NaN,0.0017898,0,NaN,NaN,8,100,NaN,NaN,NaN,NaN,NaN,0
狭窄,RRT#,5,20262908,0,Inf,0.0022088,NaN,0.0021443,0,NaN,NaN,43,100,NaN,NaN,NaN,NaN,NaN,0
狭窄,APF-only,5,20262908,1,279.791130115633,0.0086764,0.008572,0.0086764,NaN,NaN,NaN,NaN,64,46.4502175583217,0.0632608111899984,0.727852783959099,3,5,0
狭窄,AB-IRRT*,5,20262908,1,212.885243942151,0.0102139,0.0089058,0.0010938,0,0.0089058,0.0012004,17,100,2.34656541775505,0.316946328405102,0.956603422626436,3,5,0
狭窄,RRT*,6,20262909,0,Inf,0.0023606,NaN,0.0023029,0,NaN,NaN,57,100,NaN,NaN,NaN,NaN,NaN,0
狭窄,Informed-RRT*,6,20262909,0,Inf,0.0021018,NaN,0.0020125,0,NaN,NaN,57,100,NaN,NaN,NaN,NaN,NaN,0
狭窄,PRM*,6,20262909,1,241.721418062273,0.0088298,0.0001582,0.0087516,0,NaN,NaN,102,100,5.9237640466629,0.0258900196769782,0.842485347861319,NaN,NaN,0
狭窄,FMT*,6,20262909,0,Inf,0.000198,NaN,0.0001317,0,NaN,NaN,102,100,NaN,NaN,NaN,NaN,NaN,0
狭窄,BIT*,6,20262909,0,Inf,0.0002229,NaN,0.0001692,0,NaN,NaN,1,100,NaN,NaN,NaN,NaN,NaN,0
狭窄,RRT#,6,20262909,0,Inf,0.0027067,NaN,0.0026492,0,NaN,NaN,57,100,NaN,NaN,NaN,NaN,NaN,0
狭窄,APF-only,6,20262909,1,279.791130115633,0.0077963,0.0076971,0.0077963,NaN,NaN,NaN,NaN,64,46.4502175583217,0.0632608111899984,0.727852783959099,3,5,0
狭窄,AB-IRRT*,6,20262909,1,212.885243942151,0.0114555,0.0100503,0.0011793,0,0.0100503,0.0012935,18,100,2.34656541775505,0.316946328405102,0.956603422626436,3,5,0
狭窄,RRT*,7,20262910,0,Inf,0.0017832,NaN,0.0017316,0,NaN,NaN,38,100,NaN,NaN,NaN,NaN,NaN,0
狭窄,Informed-RRT*,7,20262910,0,Inf,0.0026803,NaN,0.0025829,0,NaN,NaN,38,100,NaN,NaN,NaN,NaN,NaN,0
狭窄,PRM*,7,20262910,0,Inf,0.0079032,NaN,0.0078432,0,NaN,NaN,102,100,NaN,NaN,NaN,NaN,NaN,0
狭窄,FMT*,7,20262910,0,Inf,0.0013181,NaN,0.0012504,0,NaN,NaN,102,100,NaN,NaN,NaN,NaN,NaN,0
狭窄,BIT*,7,20262910,0,Inf,0.0013062,NaN,0.0012471,0,NaN,NaN,9,100,NaN,NaN,NaN,NaN,NaN,0
狭窄,RRT#,7,20262910,0,Inf,0.0016187,NaN,0.0015717,0,NaN,NaN,38,100,NaN,NaN,NaN,NaN,NaN,0
狭窄,APF-only,7,20262910,1,279.791130115633,0.0094082,0.009297,0.0094082,NaN,NaN,NaN,NaN,64,46.4502175583217,0.0632608111899984,0.727852783959099,3,5,0
狭窄,AB-IRRT*,7,20262910,1,212.885243942151,0.0118617,0.0103727,0.0012762,0,0.0103727,0.0013809,23,100,2.34656541775505,0.316946328405102,0.956603422626436,3,5,0
狭窄,RRT*,8,20262911,0,Inf,0.0027668,NaN,0.0027035,0,NaN,NaN,71,100,NaN,NaN,NaN,NaN,NaN,0
狭窄,Informed-RRT*,8,20262911,0,Inf,0.0023639,NaN,0.002263,0,NaN,NaN,71,100,NaN,NaN,NaN,NaN,NaN,0
狭窄,PRM*,8,20262911,1,237.792872145914,0.0070451,0.0014441,0.0069789,0,NaN,NaN,102,100,1.35773361501802,0.938133398305755,0.85640394156459,NaN,NaN,0
狭窄,FMT*,8,20262911,0,Inf,0.0011695,NaN,0.0010876,0,NaN,NaN,102,100,NaN,NaN,NaN,NaN,NaN,0
狭窄,BIT*,8,20262911,0,Inf,0.0012128,NaN,0.0011453,0,NaN,NaN,7,100,NaN,NaN,NaN,NaN,NaN,0
狭窄,RRT#,8,20262911,0,Inf,0.0025995,NaN,0.0025434,0,NaN,NaN,71,100,NaN,NaN,NaN,NaN,NaN,0
狭窄,APF-only,8,20262911,1,279.791130115633,0.0081673,0.0080585,0.0081673,NaN,NaN,NaN,NaN,64,46.4502175583217,0.0632608111899984,0.727852783959099,3,5,0
狭窄,AB-IRRT*,8,20262911,1,212.885243942151,0.0174719,0.0115307,0.0055969,0,0.0115307,0.0058136,16,100,2.34656541775505,0.316946328405102,0.956603422626436,3,5,0
狭窄,RRT*,9,20262912,0,Inf,0.0012782,NaN,0.0012094,0,NaN,NaN,23,100,NaN,NaN,NaN,NaN,NaN,0
狭窄,Informed-RRT*,9,20262912,0,Inf,0.0011311,NaN,0.0010421,0,NaN,NaN,23,100,NaN,NaN,NaN,NaN,NaN,0
狭窄,PRM*,9,20262912,0,Inf,0.00666,NaN,0.0065952,0,NaN,NaN,102,100,NaN,NaN,NaN,NaN,NaN,0
狭窄,FMT*,9,20262912,1,287.79106652903,0.0040139,0.0038109,0.0039365,0,NaN,NaN,102,100,7.98802046592628,0.192654050800263,0.707620133723587,NaN,NaN,0
狭窄,BIT*,9,20262912,1,286.89280797232,0.0101587,0.0100651,0.0100764,0,NaN,NaN,81,100,7.45971599754482,0.192832233782502,0.709835685394296,NaN,NaN,0
狭窄,RRT#,9,20262912,0,Inf,0.0011519,NaN,0.0011065,0,NaN,NaN,23,100,NaN,NaN,NaN,NaN,NaN,0
狭窄,APF-only,9,20262912,1,279.791130115633,0.0074638,0.0073737,0.0074638,NaN,NaN,NaN,NaN,64,46.4502175583217,0.0632608111899984,0.727852783959099,3,5,0
狭窄,AB-IRRT*,9,20262912,1,212.885243942151,0.0084455,0.0071332,0.0011026,0,0.0071332,0.001222,16,100,2.34656541775505,0.316946328405102,0.956603422626436,3,5,0
狭窄,RRT*,10,20262913,0,Inf,0.0009644,NaN,0.0009209,0,NaN,NaN,20,100,NaN,NaN,NaN,NaN,NaN,0
狭窄,Informed-RRT*,10,20262913,0,Inf,0.0009453,NaN,0.0008701,0,NaN,NaN,20,100,NaN,NaN,NaN,NaN,NaN,0
狭窄,PRM*,10,20262913,1,335.483945666947,0.0072662,0.0007063,0.0072065,0,NaN,NaN,102,100,4.52304112682386,1,0.607023840073398,NaN,NaN,0
狭窄,FMT*,10,20262913,0,Inf,0.000664,NaN,0.0005993,0,NaN,NaN,102,100,NaN,NaN,NaN,NaN,NaN,0
狭窄,BIT*,10,20262913,0,Inf,0.0006615,NaN,0.0006147,0,NaN,NaN,7,100,NaN,NaN,NaN,NaN,NaN,0
狭窄,RRT#,10,20262913,0,Inf,0.0008807,NaN,0.0008432,0,NaN,NaN,20,100,NaN,NaN,NaN,NaN,NaN,0
狭窄,APF-only,10,20262913,1,279.791130115633,0.0063566,0.0062829,0.0063566,NaN,NaN,NaN,NaN,64,46.4502175583217,0.0632608111899984,0.727852783959099,3,5,0
狭窄,AB-IRRT*,10,20262913,1,212.885243942151,0.0078667,0.0067447,0.0009736,0,0.0067447,0.0010503,23,100,2.34656541775505,0.316946328405102,0.956603422626436,3,5,0
狭窄,RRT*,11,20262914,0,Inf,0.0009009,NaN,0.00086,0,NaN,NaN,19,100,NaN,NaN,NaN,NaN,NaN,0
狭窄,Informed-RRT*,11,20262914,0,Inf,0.0011109,NaN,0.0010304,0,NaN,NaN,19,100,NaN,NaN,NaN,NaN,NaN,0
狭窄,PRM*,11,20262914,1,246.754134661678,0.005662,0.0018419,0.0056099,0,NaN,NaN,102,100,2.51796705832435,0.710204721866935,0.825302292344335,NaN,NaN,0
狭窄,FMT*,11,20262914,0,Inf,0.0007583,NaN,0.0006916,0,NaN,NaN,102,100,NaN,NaN,NaN,NaN,NaN,0
狭窄,BIT*,11,20262914,0,Inf,0.0008548,NaN,0.0008006,0,NaN,NaN,8,100,NaN,NaN,NaN,NaN,NaN,0
狭窄,RRT#,11,20262914,0,Inf,0.0009748,NaN,0.0009337,0,NaN,NaN,19,100,NaN,NaN,NaN,NaN,NaN,0
狭窄,APF-only,11,20262914,1,279.791130115633,0.0079405,0.0078549,0.0079405,NaN,NaN,NaN,NaN,64,46.4502175583217,0.0632608111899984,0.727852783959099,3,5,0
狭窄,AB-IRRT*,11,20262914,1,212.885243942151,0.0110516,0.009665,0.0011855,0,0.009665,0.0012924,20,100,2.34656541775505,0.316946328405102,0.956603422626436,3,5,0
狭窄,RRT*,12,20262915,0,Inf,0.001121,NaN,0.0010772,0,NaN,NaN,19,100,NaN,NaN,NaN,NaN,NaN,0
狭窄,Informed-RRT*,12,20262915,0,Inf,0.0011848,NaN,0.0010944,0,NaN,NaN,19,100,NaN,NaN,NaN,NaN,NaN,0
狭窄,PRM*,12,20262915,0,Inf,0.0082019,NaN,0.0081328,0,NaN,NaN,102,100,NaN,NaN,NaN,NaN,NaN,0
狭窄,FMT*,12,20262915,0,Inf,0.0009269,NaN,0.0008551,0,NaN,NaN,102,100,NaN,NaN,NaN,NaN,NaN,0
狭窄,BIT*,12,20262915,0,Inf,0.0010192,NaN,0.0009432,0,NaN,NaN,6,100,NaN,NaN,NaN,NaN,NaN,0
狭窄,RRT#,12,20262915,0,Inf,0.0013752,NaN,0.0013098,0,NaN,NaN,19,100,NaN,NaN,NaN,NaN,NaN,0
狭窄,APF-only,12,20262915,1,279.791130115633,0.0111614,0.0110421,0.0111614,NaN,NaN,NaN,NaN,64,46.4502175583217,0.0632608111899984,0.727852783959099,3,5,0
狭窄,AB-IRRT*,12,20262915,1,212.885243942151,0.0101363,0.0089225,0.0010254,0,0.0089225,0.0011161,19,100,2.34656541775505,0.316946328405102,0.956603422626436,3,5,0
狭窄,RRT*,13,20262916,0,Inf,0.0017208,NaN,0.0016774,0,NaN,NaN,49,100,NaN,NaN,NaN,NaN,NaN,0
狭窄,Informed-RRT*,13,20262916,0,Inf,0.0017407,NaN,0.0016573,0,NaN,NaN,49,100,NaN,NaN,NaN,NaN,NaN,0
狭窄,PRM*,13,20262916,1,244.219592357116,0.0091209,0.0016939,0.0090344,0,NaN,NaN,102,100,2.25116017558409,0.480157355770853,0.833867385561507,NaN,NaN,0
狭窄,FMT*,13,20262916,1,255.523377692715,0.0038659,0.0037103,0.003775,0,NaN,NaN,102,100,3.47122894604501,0.22893929209186,0.79697894893447,NaN,NaN,0
狭窄,BIT*,13,20262916,1,255.523377692715,0.0124271,0.012308,0.0123224,0,NaN,NaN,72,100,3.47122894604501,0.22893929209186,0.79697894893447,NaN,NaN,0
狭窄,RRT#,13,20262916,0,Inf,0.0019579,NaN,0.0018982,0,NaN,NaN,49,100,NaN,NaN,NaN,NaN,NaN,0
狭窄,APF-only,13,20262916,1,279.791130115633,0.0072018,0.0071018,0.0072018,NaN,NaN,NaN,NaN,64,46.4502175583217,0.0632608111899984,0.727852783959099,3,5,0
狭窄,AB-IRRT*,13,20262916,1,212.885243942151,0.0105178,0.0090122,0.0013098,0,0.0090122,0.001411,15,100,2.34656541775505,0.316946328405102,0.956603422626436,3,5,0
狭窄,RRT*,14,20262917,0,Inf,0.0015285,NaN,0.0014754,0,NaN,NaN,18,100,NaN,NaN,NaN,NaN,NaN,0
狭窄,Informed-RRT*,14,20262917,0,Inf,0.0009732,NaN,0.0008923,0,NaN,NaN,18,100,NaN,NaN,NaN,NaN,NaN,0
狭窄,PRM*,14,20262917,1,269.584454972996,0.0073939,0.0018086,0.0073376,0,NaN,NaN,102,100,4.49340523142872,0.700194904238833,0.755409851069213,NaN,NaN,0
狭窄,FMT*,14,20262917,0,Inf,0.0008407,NaN,0.0007701,0,NaN,NaN,102,100,NaN,NaN,NaN,NaN,NaN,0
狭窄,BIT*,14,20262917,0,Inf,0.00064,NaN,0.000587,0,NaN,NaN,7,100,NaN,NaN,NaN,NaN,NaN,0
狭窄,RRT#,14,20262917,0,Inf,0.0012528,NaN,0.0011983,0,NaN,NaN,18,100,NaN,NaN,NaN,NaN,NaN,0
狭窄,APF-only,14,20262917,1,279.791130115633,0.0101481,0.0100461,0.0101481,NaN,NaN,NaN,NaN,64,46.4502175583217,0.0632608111899984,0.727852783959099,3,5,0
狭窄,AB-IRRT*,14,20262917,1,212.885243942151,0.0106932,0.0092731,0.0012111,0,0.0092731,0.0013211,18,100,2.34656541775505,0.316946328405102,0.956603422626436,3,5,0
狭窄,RRT*,15,20262918,0,Inf,0.002153,NaN,0.0020978,0,NaN,NaN,57,100,NaN,NaN,NaN,NaN,NaN,0
狭窄,Informed-RRT*,15,20262918,0,Inf,0.001976,NaN,0.0018751,0,NaN,NaN,57,100,NaN,NaN,NaN,NaN,NaN,0
狭窄,PRM*,15,20262918,1,253.632156667947,0.0077097,0.0049991,0.0076291,0,NaN,NaN,102,100,2.17764615333382,1,0.802921662840796,NaN,NaN,0
狭窄,FMT*,15,20262918,0,Inf,0.0007576,NaN,0.0006809,0,NaN,NaN,102,100,NaN,NaN,NaN,NaN,NaN,0
狭窄,BIT*,15,20262918,0,Inf,0.0007596,NaN,0.0006848,0,NaN,NaN,6,100,NaN,NaN,NaN,NaN,NaN,0
狭窄,RRT#,15,20262918,0,Inf,0.0021245,NaN,0.0020735,0,NaN,NaN,57,100,NaN,NaN,NaN,NaN,NaN,0
狭窄,APF-only,15,20262918,1,279.791130115633,0.006059,0.0059766,0.006059,NaN,NaN,NaN,NaN,64,46.4502175583217,0.0632608111899984,0.727852783959099,3,5,0
狭窄,AB-IRRT*,15,20262918,1,212.885243942151,0.0080496,0.007046,0.0008586,0,0.007046,0.0009352,17,100,2.34656541775505,0.316946328405102,0.956603422626436,3,5,0
狭窄,RRT*,16,20262919,0,Inf,0.00083,NaN,0.0007955,0,NaN,NaN,17,100,NaN,NaN,NaN,NaN,NaN,0
狭窄,Informed-RRT*,16,20262919,0,Inf,0.0011988,NaN,0.0011223,0,NaN,NaN,17,100,NaN,NaN,NaN,NaN,NaN,0
狭窄,PRM*,16,20262919,1,231.75526380248,0.0079986,0.0008338,0.0079258,0,NaN,NaN,102,100,2.10708485482487,1,0.878714682205837,NaN,NaN,0
狭窄,FMT*,16,20262919,0,Inf,0.001036,NaN,0.0009437,0,NaN,NaN,102,100,NaN,NaN,NaN,NaN,NaN,0
狭窄,BIT*,16,20262919,1,245.569178343837,0.0126785,0.0113585,0.0116394,0,NaN,NaN,90,100,2.45714191620886,1,0.829284661679272,NaN,NaN,0
狭窄,RRT#,16,20262919,0,Inf,0.0008077,NaN,0.0007585,0,NaN,NaN,17,100,NaN,NaN,NaN,NaN,NaN,0
狭窄,APF-only,16,20262919,1,279.791130115633,0.0059605,0.0058869,0.0059605,NaN,NaN,NaN,NaN,64,46.4502175583217,0.0632608111899984,0.727852783959099,3,5,0
狭窄,AB-IRRT*,16,20262919,1,212.885243942151,0.0082802,0.0070508,0.0010656,0,0.0070508,0.0011496,20,100,2.34656541775505,0.316946328405102,0.956603422626436,3,5,0
狭窄,RRT*,17,20262920,0,Inf,0.0012704,NaN,0.0012132,0,NaN,NaN,17,100,NaN,NaN,NaN,NaN,NaN,0
狭窄,Informed-RRT*,17,20262920,0,Inf,0.0012517,NaN,0.0011597,0,NaN,NaN,17,100,NaN,NaN,NaN,NaN,NaN,0
狭窄,PRM*,17,20262920,1,249.280231316915,0.0089182,0.0010144,0.0088523,0,NaN,NaN,102,100,2.79036491828773,0.338589082176311,0.816939040476199,NaN,NaN,0
狭窄,FMT*,17,20262920,0,Inf,0.0001853,NaN,0.0001242,0,NaN,NaN,102,100,NaN,NaN,NaN,NaN,NaN,0
狭窄,BIT*,17,20262920,1,256.434639369478,0.0122639,0.0121211,0.0121339,0,NaN,NaN,80,100,4.2611293893491,0.459215172692446,0.794146818395723,NaN,NaN,0
狭窄,RRT#,17,20262920,0,Inf,0.0011995,NaN,0.001135,0,NaN,NaN,17,100,NaN,NaN,NaN,NaN,NaN,0
狭窄,APF-only,17,20262920,1,279.791130115633,0.0087798,0.0086765,0.0087798,NaN,NaN,NaN,NaN,64,46.4502175583217,0.0632608111899984,0.727852783959099,3,5,0
狭窄,AB-IRRT*,17,20262920,1,212.885243942151,0.0088715,0.0072312,0.0014708,0,0.0072312,0.0015581,19,100,2.34656541775505,0.316946328405102,0.956603422626436,3,5,0
狭窄,RRT*,18,20262921,0,Inf,0.0019169,NaN,0.0018762,0,NaN,NaN,62,100,NaN,NaN,NaN,NaN,NaN,0
狭窄,Informed-RRT*,18,20262921,0,Inf,0.0023011,NaN,0.0022095,0,NaN,NaN,62,100,NaN,NaN,NaN,NaN,NaN,0
狭窄,PRM*,18,20262921,0,Inf,0.0080279,NaN,0.0079698,0,NaN,NaN,102,100,NaN,NaN,NaN,NaN,NaN,0
狭窄,FMT*,18,20262921,0,Inf,0.000836,NaN,0.0007685,0,NaN,NaN,102,100,NaN,NaN,NaN,NaN,NaN,0
狭窄,BIT*,18,20262921,0,Inf,0.0016675,NaN,0.0016056,0,NaN,NaN,8,100,NaN,NaN,NaN,NaN,NaN,0
狭窄,RRT#,18,20262921,0,Inf,0.0030097,NaN,0.0029029,0,NaN,NaN,62,100,NaN,NaN,NaN,NaN,NaN,0
狭窄,APF-only,18,20262921,1,279.791130115633,0.0073173,0.0072301,0.0073173,NaN,NaN,NaN,NaN,64,46.4502175583217,0.0632608111899984,0.727852783959099,3,5,0
狭窄,AB-IRRT*,18,20262921,1,212.885243942151,0.0128161,0.0090555,0.0033774,0,0.0090555,0.0035785,25,100,2.34656541775505,0.316946328405102,0.956603422626436,3,5,0
狭窄,RRT*,19,20262922,0,Inf,0.0012599,NaN,0.0012064,0,NaN,NaN,19,100,NaN,NaN,NaN,NaN,NaN,0
狭窄,Informed-RRT*,19,20262922,0,Inf,0.0011755,NaN,0.001077,0,NaN,NaN,19,100,NaN,NaN,NaN,NaN,NaN,0
狭窄,PRM*,19,20262922,1,252.559752313326,0.007093,0.0030321,0.0070351,0,NaN,NaN,102,100,2.88727648792584,0.732215694527266,0.806330981545632,NaN,NaN,0
狭窄,FMT*,19,20262922,0,Inf,0.0002729,NaN,0.0002146,0,NaN,NaN,102,100,NaN,NaN,NaN,NaN,NaN,0
狭窄,BIT*,19,20262922,0,Inf,0.0007241,NaN,0.0006626,0,NaN,NaN,8,100,NaN,NaN,NaN,NaN,NaN,0
狭窄,RRT#,19,20262922,0,Inf,0.0007988,NaN,0.0007532,0,NaN,NaN,19,100,NaN,NaN,NaN,NaN,NaN,0
狭窄,APF-only,19,20262922,1,279.791130115633,0.0060426,0.0059746,0.0060426,NaN,NaN,NaN,NaN,64,46.4502175583217,0.0632608111899984,0.727852783959099,3,5,0
狭窄,AB-IRRT*,19,20262922,1,212.885243942151,0.0079093,0.0067655,0.0009776,0,0.0067655,0.0010682,15,100,2.34656541775505,0.316946328405102,0.956603422626436,3,5,0
狭窄,RRT*,20,20262923,0,Inf,0.0013611,NaN,0.0013087,0,NaN,NaN,21,100,NaN,NaN,NaN,NaN,NaN,0
狭窄,Informed-RRT*,20,20262923,0,Inf,0.0012015,NaN,0.0011188,0,NaN,NaN,21,100,NaN,NaN,NaN,NaN,NaN,0
狭窄,PRM*,20,20262923,1,242.806630568663,0.0068333,0.0022075,0.0067749,0,NaN,NaN,102,100,2.76058072106274,0.688374699217549,0.838719900295872,NaN,NaN,0
狭窄,FMT*,20,20262923,0,Inf,0.0006125,NaN,0.0005415,0,NaN,NaN,102,100,NaN,NaN,NaN,NaN,NaN,0
狭窄,BIT*,20,20262923,0,Inf,0.0005819,NaN,0.0005221,0,NaN,NaN,4,100,NaN,NaN,NaN,NaN,NaN,0
狭窄,RRT#,20,20262923,0,Inf,0.0024962,NaN,0.0024248,0,NaN,NaN,21,100,NaN,NaN,NaN,NaN,NaN,0
狭窄,APF-only,20,20262923,1,279.791130115633,0.0080794,0.0079736,0.0080794,NaN,NaN,NaN,NaN,64,46.4502175583217,0.0632608111899984,0.727852783959099,3,5,0
狭窄,AB-IRRT*,20,20262923,1,212.885243942151,0.0077577,0.0069104,0.0006971,0,0.0069104,0.0007754,17,100,2.34656541775505,0.316946328405102,0.956603422626436,3,5,0
狭窄,RRT*,21,20262924,0,Inf,0.0009675,NaN,0.0009325,0,NaN,NaN,23,100,NaN,NaN,NaN,NaN,NaN,0
狭窄,Informed-RRT*,21,20262924,0,Inf,0.0009718,NaN,0.0009062,0,NaN,NaN,23,100,NaN,NaN,NaN,NaN,NaN,0
狭窄,PRM*,21,20262924,1,246.219885017776,0.0071009,0.006733,0.0070464,0,NaN,NaN,102,100,2.76071250305688,1,0.827093039081807,NaN,NaN,0
狭窄,FMT*,21,20262924,0,Inf,0.0006982,NaN,0.0006404,0,NaN,NaN,102,100,NaN,NaN,NaN,NaN,NaN,0
狭窄,BIT*,21,20262924,0,Inf,0.0007435,NaN,0.000694,0,NaN,NaN,6,100,NaN,NaN,NaN,NaN,NaN,0
狭窄,RRT#,21,20262924,0,Inf,0.0010759,NaN,0.0010341,0,NaN,NaN,23,100,NaN,NaN,NaN,NaN,NaN,0
狭窄,APF-only,21,20262924,1,279.791130115633,0.0065455,0.0064705,0.0065455,NaN,NaN,NaN,NaN,64,46.4502175583217,0.0632608111899984,0.727852783959099,3,5,0
狭窄,AB-IRRT*,21,20262924,1,212.885243942151,0.0078949,0.0067535,0.000997,0,0.0067535,0.0010751,22,100,2.34656541775505,0.316946328405102,0.956603422626436,3,5,0
狭窄,RRT*,22,20262925,0,Inf,0.000993,NaN,0.0009593,0,NaN,NaN,20,100,NaN,NaN,NaN,NaN,NaN,0
狭窄,Informed-RRT*,22,20262925,0,Inf,0.0010355,NaN,0.0009473,0,NaN,NaN,20,100,NaN,NaN,NaN,NaN,NaN,0
狭窄,PRM*,22,20262925,0,Inf,0.0064958,NaN,0.0064521,0,NaN,NaN,102,100,NaN,NaN,NaN,NaN,NaN,0
狭窄,FMT*,22,20262925,0,Inf,0.0003119,NaN,0.0002526,0,NaN,NaN,102,100,NaN,NaN,NaN,NaN,NaN,0
狭窄,BIT*,22,20262925,0,Inf,0.0003181,NaN,0.0002705,0,NaN,NaN,3,100,NaN,NaN,NaN,NaN,NaN,0
狭窄,RRT#,22,20262925,0,Inf,0.0010739,NaN,0.0010334,0,NaN,NaN,20,100,NaN,NaN,NaN,NaN,NaN,0
狭窄,APF-only,22,20262925,1,279.791130115633,0.0065184,0.0064464,0.0065184,NaN,NaN,NaN,NaN,64,46.4502175583217,0.0632608111899984,0.727852783959099,3,5,0
狭窄,AB-IRRT*,22,20262925,1,212.885243942151,0.0085402,0.0074746,0.0009279,0,0.0074746,0.0009966,24,100,2.34656541775505,0.316946328405102,0.956603422626436,3,5,0
狭窄,RRT*,23,20262926,0,Inf,0.0007473,NaN,0.0007133,0,NaN,NaN,17,100,NaN,NaN,NaN,NaN,NaN,0
狭窄,Informed-RRT*,23,20262926,0,Inf,0.0007754,NaN,0.0007172,0,NaN,NaN,17,100,NaN,NaN,NaN,NaN,NaN,0
狭窄,PRM*,23,20262926,0,Inf,0.0059708,NaN,0.0059303,0,NaN,NaN,102,100,NaN,NaN,NaN,NaN,NaN,0
狭窄,FMT*,23,20262926,0,Inf,0.0010048,NaN,0.0004315,0,NaN,NaN,102,100,NaN,NaN,NaN,NaN,NaN,0
狭窄,BIT*,23,20262926,0,Inf,0.001108,NaN,0.0010553,0,NaN,NaN,6,100,NaN,NaN,NaN,NaN,NaN,0
狭窄,RRT#,23,20262926,0,Inf,0.0008796,NaN,0.0008376,0,NaN,NaN,17,100,NaN,NaN,NaN,NaN,NaN,0
狭窄,APF-only,23,20262926,1,279.791130115633,0.006941,0.0068596,0.006941,NaN,NaN,NaN,NaN,64,46.4502175583217,0.0632608111899984,0.727852783959099,3,5,0
狭窄,AB-IRRT*,23,20262926,1,212.885243942151,0.0078156,0.0066215,0.0010398,0,0.0066215,0.0011241,20,100,2.34656541775505,0.316946328405102,0.956603422626436,3,5,0
狭窄,RRT*,24,20262927,0,Inf,0.0008827,NaN,0.0008442,0,NaN,NaN,19,100,NaN,NaN,NaN,NaN,NaN,0
狭窄,Informed-RRT*,24,20262927,0,Inf,0.0009028,NaN,0.000833,0,NaN,NaN,19,100,NaN,NaN,NaN,NaN,NaN,0
狭窄,PRM*,24,20262927,0,Inf,0.0062504,NaN,0.0060364,0,NaN,NaN,102,100,NaN,NaN,NaN,NaN,NaN,0
狭窄,FMT*,24,20262927,0,Inf,0.0005078,NaN,0.0004559,0,NaN,NaN,102,100,NaN,NaN,NaN,NaN,NaN,0
狭窄,BIT*,24,20262927,0,Inf,0.0005431,NaN,0.0004901,0,NaN,NaN,3,100,NaN,NaN,NaN,NaN,NaN,0
狭窄,RRT#,24,20262927,0,Inf,0.0009929,NaN,0.000952,0,NaN,NaN,19,100,NaN,NaN,NaN,NaN,NaN,0
狭窄,APF-only,24,20262927,1,279.791130115633,0.00905,0.008972,0.00905,NaN,NaN,NaN,NaN,64,46.4502175583217,0.0632608111899984,0.727852783959099,3,5,0
狭窄,AB-IRRT*,24,20262927,1,212.885243942151,0.0083983,0.0073828,0.000865,0,0.0073828,0.000939,21,100,2.34656541775505,0.316946328405102,0.956603422626436,3,5,0
狭窄,RRT*,25,20262928,0,Inf,0.0008111,NaN,0.0007771,0,NaN,NaN,17,100,NaN,NaN,NaN,NaN,NaN,0
狭窄,Informed-RRT*,25,20262928,0,Inf,0.0008089,NaN,0.0007459,0,NaN,NaN,17,100,NaN,NaN,NaN,NaN,NaN,0
狭窄,PRM*,25,20262928,0,Inf,0.0063975,NaN,0.0063555,0,NaN,NaN,102,100,NaN,NaN,NaN,NaN,NaN,0
狭窄,FMT*,25,20262928,0,Inf,0.0006432,NaN,0.0005584,0,NaN,NaN,102,100,NaN,NaN,NaN,NaN,NaN,0
狭窄,BIT*,25,20262928,0,Inf,0.000608,NaN,0.0005293,0,NaN,NaN,4,100,NaN,NaN,NaN,NaN,NaN,0
狭窄,RRT#,25,20262928,0,Inf,0.0009289,NaN,0.0008808,0,NaN,NaN,17,100,NaN,NaN,NaN,NaN,NaN,0
狭窄,APF-only,25,20262928,1,279.791130115633,0.005694,0.0056202,0.005694,NaN,NaN,NaN,NaN,64,46.4502175583217,0.0632608111899984,0.727852783959099,3,5,0
狭窄,AB-IRRT*,25,20262928,1,212.885243942151,0.0094028,0.0085193,0.0007467,0,0.0085193,0.0008084,18,100,2.34656541775505,0.316946328405102,0.956603422626436,3,5,0
狭窄,RRT*,26,20262929,0,Inf,0.0008389,NaN,0.0008052,0,NaN,NaN,20,100,NaN,NaN,NaN,NaN,NaN,0
狭窄,Informed-RRT*,26,20262929,0,Inf,0.000773,NaN,0.0007145,0,NaN,NaN,20,100,NaN,NaN,NaN,NaN,NaN,0
狭窄,PRM*,26,20262929,1,230.527820156023,0.0096928,0.0006963,0.0096234,0,NaN,NaN,102,100,2.05835574772592,1,0.883393391929427,NaN,NaN,0
狭窄,FMT*,26,20262929,0,Inf,0.001174,NaN,0.0010954,0,NaN,NaN,102,100,NaN,NaN,NaN,NaN,NaN,0
狭窄,BIT*,26,20262929,1,248.224134615081,0.0133268,0.011786,0.0122783,0,NaN,NaN,77,100,4.76457057017072,0.271684389250304,0.820414796883143,NaN,NaN,0
狭窄,RRT#,26,20262929,0,Inf,0.0008455,NaN,0.0008046,0,NaN,NaN,20,100,NaN,NaN,NaN,NaN,NaN,0
狭窄,APF-only,26,20262929,1,279.791130115633,0.006548,0.0064669,0.006548,NaN,NaN,NaN,NaN,64,46.4502175583217,0.0632608111899984,0.727852783959099,3,5,0
狭窄,AB-IRRT*,26,20262929,1,212.885243942151,0.0101959,0.0087367,0.0012841,0,0.0087367,0.0013862,18,100,2.34656541775505,0.316946328405102,0.956603422626436,3,5,0
狭窄,RRT*,27,20262930,0,Inf,0.0008686,NaN,0.0008351,0,NaN,NaN,23,100,NaN,NaN,NaN,NaN,NaN,0
狭窄,Informed-RRT*,27,20262930,0,Inf,0.0008754,NaN,0.0008112,0,NaN,NaN,23,100,NaN,NaN,NaN,NaN,NaN,0
狭窄,PRM*,27,20262930,1,230.047951987177,0.0065607,0.0020899,0.0065057,0,NaN,NaN,102,100,1.5711957491401,0.783252104933336,0.885236105005954,NaN,NaN,0
狭窄,FMT*,27,20262930,0,Inf,0.0007145,NaN,0.0006462,0,NaN,NaN,102,100,NaN,NaN,NaN,NaN,NaN,0
狭窄,BIT*,27,20262930,0,Inf,0.0020313,NaN,0.0019573,0,NaN,NaN,15,100,NaN,NaN,NaN,NaN,NaN,0
狭窄,RRT#,27,20262930,0,Inf,0.0014238,NaN,0.0013723,0,NaN,NaN,23,100,NaN,NaN,NaN,NaN,NaN,0
狭窄,APF-only,27,20262930,1,279.791130115633,0.0086705,0.0085775,0.0086705,NaN,NaN,NaN,NaN,64,46.4502175583217,0.0632608111899984,0.727852783959099,3,5,0
狭窄,AB-IRRT*,27,20262930,1,212.885243942151,0.010602,0.0089248,0.0014484,0,0.0089248,0.0015804,15,100,2.34656541775505,0.316946328405102,0.956603422626436,3,5,0
狭窄,RRT*,28,20262931,0,Inf,0.0010411,NaN,0.0009983,0,NaN,NaN,20,100,NaN,NaN,NaN,NaN,NaN,0
狭窄,Informed-RRT*,28,20262931,0,Inf,0.0009082,NaN,0.00084,0,NaN,NaN,20,100,NaN,NaN,NaN,NaN,NaN,0
狭窄,PRM*,28,20262931,0,Inf,0.0048691,NaN,0.004821,0,NaN,NaN,102,100,NaN,NaN,NaN,NaN,NaN,0
狭窄,FMT*,28,20262931,1,249.302067611087,0.0065397,0.0064629,0.006466,0,NaN,NaN,102,100,2.05725009466524,1,0.816867485027906,NaN,NaN,0
狭窄,BIT*,28,20262931,1,249.302067611087,0.0117234,0.0102837,0.0105932,0,NaN,NaN,78,100,2.05725009466524,1,0.816867485027906,NaN,NaN,0
狭窄,RRT#,28,20262931,0,Inf,0.0009011,NaN,0.0008591,0,NaN,NaN,20,100,NaN,NaN,NaN,NaN,NaN,0
狭窄,APF-only,28,20262931,1,279.791130115633,0.0063727,0.0063012,0.0063727,NaN,NaN,NaN,NaN,64,46.4502175583217,0.0632608111899984,0.727852783959099,3,5,0
狭窄,AB-IRRT*,28,20262931,1,212.885243942151,0.0074474,0.0065021,0.0008125,0,0.0065021,0.0008806,17,100,2.34656541775505,0.316946328405102,0.956603422626436,3,5,0
狭窄,RRT*,29,20262932,0,Inf,0.0008813,NaN,0.0008498,0,NaN,NaN,20,100,NaN,NaN,NaN,NaN,NaN,0
狭窄,Informed-RRT*,29,20262932,0,Inf,0.0010786,NaN,0.0010152,0,NaN,NaN,20,100,NaN,NaN,NaN,NaN,NaN,0
狭窄,PRM*,29,20262932,1,232.198882136482,0.0062516,0.0024251,0.0062046,0,NaN,NaN,102,100,2.48933398564327,0.496351398949267,0.877035888837854,NaN,NaN,0
狭窄,FMT*,29,20262932,0,Inf,0.0009641,NaN,0.0009035,0,NaN,NaN,102,100,NaN,NaN,NaN,NaN,NaN,0
狭窄,BIT*,29,20262932,0,Inf,0.0009636,NaN,0.0009111,0,NaN,NaN,11,100,NaN,NaN,NaN,NaN,NaN,0
狭窄,RRT#,29,20262932,0,Inf,0.0009272,NaN,0.0008878,0,NaN,NaN,20,100,NaN,NaN,NaN,NaN,NaN,0
狭窄,APF-only,29,20262932,1,279.791130115633,0.0068734,0.0067959,0.0068734,NaN,NaN,NaN,NaN,64,46.4502175583217,0.0632608111899984,0.727852783959099,3,5,0
狭窄,AB-IRRT*,29,20262932,1,212.885243942151,0.0070539,0.0061722,0.0007448,0,0.0061722,0.0008148,16,100,2.34656541775505,0.316946328405102,0.956603422626436,3,5,0
狭窄,RRT*,30,20262933,0,Inf,0.0012691,NaN,0.0012329,0,NaN,NaN,39,100,NaN,NaN,NaN,NaN,NaN,0
狭窄,Informed-RRT*,30,20262933,0,Inf,0.0012612,NaN,0.0011187,0,NaN,NaN,39,100,NaN,NaN,NaN,NaN,NaN,0
狭窄,PRM*,30,20262933,1,246.274986657471,0.0058922,0.002048,0.0058141,0,NaN,NaN,102,100,1.92743562276394,0.301754859092807,0.826907985036117,NaN,NaN,0
狭窄,FMT*,30,20262933,0,Inf,0.0004518,NaN,0.0003782,0,NaN,NaN,102,100,NaN,NaN,NaN,NaN,NaN,0
狭窄,BIT*,30,20262933,1,240.366874769762,0.0098023,0.0097116,0.0097223,0,NaN,NaN,86,100,3.70068374366266,0.308856083093788,0.847233019012252,NaN,NaN,0
狭窄,RRT#,30,20262933,0,Inf,0.0016957,NaN,0.0016432,0,NaN,NaN,39,100,NaN,NaN,NaN,NaN,NaN,0
狭窄,APF-only,30,20262933,1,279.791130115633,0.0071793,0.0070924,0.0071793,NaN,NaN,NaN,NaN,64,46.4502175583217,0.0632608111899984,0.727852783959099,3,5,0
狭窄,AB-IRRT*,30,20262933,1,212.885243942151,0.0081485,0.0068081,0.0011715,0,0.0068081,0.001263,30,100,2.34656541775505,0.316946328405102,0.956603422626436,3,5,0
狭窄,RRT*,31,20262934,0,Inf,0.0008826,NaN,0.0008417,0,NaN,NaN,17,100,NaN,NaN,NaN,NaN,NaN,0
狭窄,Informed-RRT*,31,20262934,0,Inf,0.0008226,NaN,0.0007558,0,NaN,NaN,17,100,NaN,NaN,NaN,NaN,NaN,0
狭窄,PRM*,31,20262934,0,Inf,0.0065923,NaN,0.0065325,0,NaN,NaN,102,100,NaN,NaN,NaN,NaN,NaN,0
狭窄,FMT*,31,20262934,0,Inf,0.0004967,NaN,0.0004022,0,NaN,NaN,102,100,NaN,NaN,NaN,NaN,NaN,0
狭窄,BIT*,31,20262934,0,Inf,0.0004524,NaN,0.0003793,0,NaN,NaN,3,100,NaN,NaN,NaN,NaN,NaN,0
狭窄,RRT#,31,20262934,0,Inf,0.0010982,NaN,0.0010429,0,NaN,NaN,17,100,NaN,NaN,NaN,NaN,NaN,0
狭窄,APF-only,31,20262934,1,279.791130115633,0.0075736,0.0074727,0.0075736,NaN,NaN,NaN,NaN,64,46.4502175583217,0.0632608111899984,0.727852783959099,3,5,0
狭窄,AB-IRRT*,31,20262934,1,212.885243942151,0.0078827,0.0068793,0.0008622,0,0.0068793,0.0009358,22,100,2.34656541775505,0.316946328405102,0.956603422626436,3,5,0
狭窄,RRT*,32,20262935,0,Inf,0.0008698,NaN,0.0008312,0,NaN,NaN,18,100,NaN,NaN,NaN,NaN,NaN,0
狭窄,Informed-RRT*,32,20262935,0,Inf,0.000924,NaN,0.0008511,0,NaN,NaN,18,100,NaN,NaN,NaN,NaN,NaN,0
狭窄,PRM*,32,20262935,1,248.285680974477,0.007046,0.0007441,0.0069841,0,NaN,NaN,102,100,4.25396696897736,0.232509981874705,0.820211428151829,NaN,NaN,0
狭窄,FMT*,32,20262935,0,Inf,0.0002371,NaN,0.0001814,0,NaN,NaN,102,100,NaN,NaN,NaN,NaN,NaN,0
狭窄,BIT*,32,20262935,0,Inf,0.0005343,NaN,0.0004851,0,NaN,NaN,2,100,NaN,NaN,NaN,NaN,NaN,0
狭窄,RRT#,32,20262935,0,Inf,0.0009888,NaN,0.0009426,0,NaN,NaN,18,100,NaN,NaN,NaN,NaN,NaN,0
狭窄,APF-only,32,20262935,1,279.791130115633,0.0083824,0.0082936,0.0083824,NaN,NaN,NaN,NaN,64,46.4502175583217,0.0632608111899984,0.727852783959099,3,5,0
狭窄,AB-IRRT*,32,20262935,1,212.885243942151,0.0069426,0.0061643,0.0006314,0,0.0061643,0.0007135,14,100,2.34656541775505,0.316946328405102,0.956603422626436,3,5,0
狭窄,RRT*,33,20262936,0,Inf,0.0015281,NaN,0.0014612,0,NaN,NaN,51,100,NaN,NaN,NaN,NaN,NaN,0
狭窄,Informed-RRT*,33,20262936,0,Inf,0.001443,NaN,0.0013757,0,NaN,NaN,51,100,NaN,NaN,NaN,NaN,NaN,0
狭窄,PRM*,33,20262936,1,226.23500526609,0.0148522,0.0009962,0.0147788,0,NaN,NaN,102,100,2.03533418195513,0.497367935102491,0.900155803661786,NaN,NaN,0
狭窄,FMT*,33,20262936,0,Inf,0.0009358,NaN,0.0008561,0,NaN,NaN,102,100,NaN,NaN,NaN,NaN,NaN,0
狭窄,BIT*,33,20262936,0,Inf,0.0006994,NaN,0.0006275,0,NaN,NaN,7,100,NaN,NaN,NaN,NaN,NaN,0
狭窄,RRT#,33,20262936,0,Inf,0.001762,NaN,0.0017147,0,NaN,NaN,51,100,NaN,NaN,NaN,NaN,NaN,0
狭窄,APF-only,33,20262936,1,279.791130115633,0.007148,0.007052,0.007148,NaN,NaN,NaN,NaN,64,46.4502175583217,0.0632608111899984,0.727852783959099,3,5,0
狭窄,AB-IRRT*,33,20262936,1,212.885243942151,0.0088688,0.0073394,0.0011519,0,0.0073394,0.0014513,21,100,2.34656541775505,0.316946328405102,0.956603422626436,3,5,0
狭窄,RRT*,34,20262937,0,Inf,0.0006444,NaN,0.000613,0,NaN,NaN,16,100,NaN,NaN,NaN,NaN,NaN,0
狭窄,Informed-RRT*,34,20262937,0,Inf,0.0006878,NaN,0.0006193,0,NaN,NaN,16,100,NaN,NaN,NaN,NaN,NaN,0
狭窄,PRM*,34,20262937,0,Inf,0.0086668,NaN,0.0085735,0,NaN,NaN,102,100,NaN,NaN,NaN,NaN,NaN,0
狭窄,FMT*,34,20262937,0,Inf,0.0002802,NaN,0.0001761,0,NaN,NaN,102,100,NaN,NaN,NaN,NaN,NaN,0
狭窄,BIT*,34,20262937,0,Inf,0.0008351,NaN,0.00076,0,NaN,NaN,4,100,NaN,NaN,NaN,NaN,NaN,0
狭窄,RRT#,34,20262937,0,Inf,0.0014297,NaN,0.00136,0,NaN,NaN,16,100,NaN,NaN,NaN,NaN,NaN,0
狭窄,APF-only,34,20262937,1,279.791130115633,0.0084246,0.0083238,0.0084246,NaN,NaN,NaN,NaN,64,46.4502175583217,0.0632608111899984,0.727852783959099,3,5,0
狭窄,AB-IRRT*,34,20262937,1,212.885243942151,0.0071828,0.0062293,0.0008108,0,0.0062293,0.0008833,20,100,2.34656541775505,0.316946328405102,0.956603422626436,3,5,0
狭窄,RRT*,35,20262938,0,Inf,0.0009005,NaN,0.0008555,0,NaN,NaN,17,100,NaN,NaN,NaN,NaN,NaN,0
狭窄,Informed-RRT*,35,20262938,0,Inf,0.0018276,NaN,0.0016976,0,NaN,NaN,17,100,NaN,NaN,NaN,NaN,NaN,0
狭窄,PRM*,35,20262938,0,Inf,0.0116798,NaN,0.0116098,0,NaN,NaN,102,100,NaN,NaN,NaN,NaN,NaN,0
狭窄,FMT*,35,20262938,0,Inf,0.0007344,NaN,0.0006678,0,NaN,NaN,102,100,NaN,NaN,NaN,NaN,NaN,0
狭窄,BIT*,35,20262938,0,Inf,0.0006641,NaN,0.0006079,0,NaN,NaN,6,100,NaN,NaN,NaN,NaN,NaN,0
狭窄,RRT#,35,20262938,0,Inf,0.0010649,NaN,0.0010187,0,NaN,NaN,17,100,NaN,NaN,NaN,NaN,NaN,0
狭窄,APF-only,35,20262938,1,279.791130115633,0.0104154,0.0103206,0.0104154,NaN,NaN,NaN,NaN,64,46.4502175583217,0.0632608111899984,0.727852783959099,3,5,0
狭窄,AB-IRRT*,35,20262938,1,212.885243942151,0.0110803,0.0092478,0.0016097,0,0.0092478,0.0017425,17,100,2.34656541775505,0.316946328405102,0.956603422626436,3,5,0
狭窄,RRT*,36,20262939,0,Inf,0.0009904,NaN,0.0009491,0,NaN,NaN,17,100,NaN,NaN,NaN,NaN,NaN,0
狭窄,Informed-RRT*,36,20262939,0,Inf,0.0011095,NaN,0.0010176,0,NaN,NaN,17,100,NaN,NaN,NaN,NaN,NaN,0
狭窄,PRM*,36,20262939,0,Inf,0.0060408,NaN,0.0059935,0,NaN,NaN,102,100,NaN,NaN,NaN,NaN,NaN,0
狭窄,FMT*,36,20262939,0,Inf,0.0001961,NaN,0.000149,0,NaN,NaN,102,100,NaN,NaN,NaN,NaN,NaN,0
狭窄,BIT*,36,20262939,0,Inf,0.0002551,NaN,0.0002108,0,NaN,NaN,2,100,NaN,NaN,NaN,NaN,NaN,0
狭窄,RRT#,36,20262939,0,Inf,0.0008342,NaN,0.0007988,0,NaN,NaN,17,100,NaN,NaN,NaN,NaN,NaN,0
狭窄,APF-only,36,20262939,1,279.791130115633,0.0095295,0.009446,0.0095295,NaN,NaN,NaN,NaN,64,46.4502175583217,0.0632608111899984,0.727852783959099,3,5,0
狭窄,AB-IRRT*,36,20262939,1,212.885243942151,0.0086506,0.0077264,0.0007593,0,0.0077264,0.0008505,19,100,2.34656541775505,0.316946328405102,0.956603422626436,3,5,0
狭窄,RRT*,37,20262940,0,Inf,0.0008189,NaN,0.0007797,0,NaN,NaN,15,100,NaN,NaN,NaN,NaN,NaN,0
狭窄,Informed-RRT*,37,20262940,0,Inf,0.0012001,NaN,0.0011075,0,NaN,NaN,15,100,NaN,NaN,NaN,NaN,NaN,0
狭窄,PRM*,37,20262940,0,Inf,0.0107998,NaN,0.0107358,0,NaN,NaN,102,100,NaN,NaN,NaN,NaN,NaN,0
狭窄,FMT*,37,20262940,0,Inf,0.0004604,NaN,0.0003857,0,NaN,NaN,102,100,NaN,NaN,NaN,NaN,NaN,0
狭窄,BIT*,37,20262940,0,Inf,0.0005499,NaN,0.0004847,0,NaN,NaN,5,100,NaN,NaN,NaN,NaN,NaN,0
狭窄,RRT#,37,20262940,0,Inf,0.0009362,NaN,0.0008882,0,NaN,NaN,15,100,NaN,NaN,NaN,NaN,NaN,0
狭窄,APF-only,37,20262940,1,279.791130115633,0.0071047,0.0070197,0.0071047,NaN,NaN,NaN,NaN,64,46.4502175583217,0.0632608111899984,0.727852783959099,3,5,0
狭窄,AB-IRRT*,37,20262940,1,212.885243942151,0.0117621,0.0105549,0.0010225,0,0.0105549,0.0011141,20,100,2.34656541775505,0.316946328405102,0.956603422626436,3,5,0
狭窄,RRT*,38,20262941,0,Inf,0.00078,NaN,0.0007452,0,NaN,NaN,17,100,NaN,NaN,NaN,NaN,NaN,0
狭窄,Informed-RRT*,38,20262941,0,Inf,0.0007504,NaN,0.0006903,0,NaN,NaN,17,100,NaN,NaN,NaN,NaN,NaN,0
狭窄,PRM*,38,20262941,0,Inf,0.0054777,NaN,0.0054312,0,NaN,NaN,102,100,NaN,NaN,NaN,NaN,NaN,0
狭窄,FMT*,38,20262941,0,Inf,0.0001793,NaN,0.0001332,0,NaN,NaN,102,100,NaN,NaN,NaN,NaN,NaN,0
狭窄,BIT*,38,20262941,0,Inf,0.0004555,NaN,0.0003983,0,NaN,NaN,4,100,NaN,NaN,NaN,NaN,NaN,0
狭窄,RRT#,38,20262941,0,Inf,0.0008292,NaN,0.0007892,0,NaN,NaN,17,100,NaN,NaN,NaN,NaN,NaN,0
狭窄,APF-only,38,20262941,1,279.791130115633,0.0061795,0.0061064,0.0061795,NaN,NaN,NaN,NaN,64,46.4502175583217,0.0632608111899984,0.727852783959099,3,5,0
狭窄,AB-IRRT*,38,20262941,1,212.885243942151,0.0099716,0.0089764,0.0008357,0,0.0089764,0.0009141,24,100,2.34656541775505,0.316946328405102,0.956603422626436,3,5,0
狭窄,RRT*,39,20262942,0,Inf,0.0008057,NaN,0.0007789,0,NaN,NaN,23,100,NaN,NaN,NaN,NaN,NaN,0
狭窄,Informed-RRT*,39,20262942,0,Inf,0.0021038,NaN,0.0020108,0,NaN,NaN,23,100,NaN,NaN,NaN,NaN,NaN,0
狭窄,PRM*,39,20262942,1,255.004781355874,0.0068894,0.0006624,0.0068341,0,NaN,NaN,102,100,3.72167969641764,1,0.798599743498633,NaN,NaN,0
狭窄,FMT*,39,20262942,0,Inf,0.0006624,NaN,0.0006106,0,NaN,NaN,102,100,NaN,NaN,NaN,NaN,NaN,0
狭窄,BIT*,39,20262942,0,Inf,0.0006842,NaN,0.000641,0,NaN,NaN,8,100,NaN,NaN,NaN,NaN,NaN,0
狭窄,RRT#,39,20262942,0,Inf,0.0009381,NaN,0.0008999,0,NaN,NaN,23,100,NaN,NaN,NaN,NaN,NaN,0
狭窄,APF-only,39,20262942,1,279.791130115633,0.0063012,0.006232,0.0063012,NaN,NaN,NaN,NaN,64,46.4502175583217,0.0632608111899984,0.727852783959099,3,5,0
狭窄,AB-IRRT*,39,20262942,1,212.885243942151,0.0081057,0.0070914,0.0008402,0,0.0070914,0.000937,23,100,2.34656541775505,0.316946328405102,0.956603422626436,3,5,0
狭窄,RRT*,40,20262943,0,Inf,0.0009082,NaN,0.0008683,0,NaN,NaN,16,100,NaN,NaN,NaN,NaN,NaN,0
狭窄,Informed-RRT*,40,20262943,0,Inf,0.0007467,NaN,0.0006808,0,NaN,NaN,16,100,NaN,NaN,NaN,NaN,NaN,0
狭窄,PRM*,40,20262943,0,Inf,0.0060711,NaN,0.0060224,0,NaN,NaN,102,100,NaN,NaN,NaN,NaN,NaN,0
狭窄,FMT*,40,20262943,0,Inf,0.0009069,NaN,0.0008363,0,NaN,NaN,102,100,NaN,NaN,NaN,NaN,NaN,0
狭窄,BIT*,40,20262943,0,Inf,0.0009296,NaN,0.0006976,0,NaN,NaN,6,100,NaN,NaN,NaN,NaN,NaN,0
狭窄,RRT#,40,20262943,0,Inf,0.0011065,NaN,0.0010514,0,NaN,NaN,16,100,NaN,NaN,NaN,NaN,NaN,0
狭窄,APF-only,40,20262943,1,279.791130115633,0.007238,0.0071547,0.007238,NaN,NaN,NaN,NaN,64,46.4502175583217,0.0632608111899984,0.727852783959099,3,5,0
狭窄,AB-IRRT*,40,20262943,1,212.885243942151,0.0072211,0.0063667,0.0007343,0,0.0063667,0.0007966,18,100,2.34656541775505,0.316946328405102,0.956603422626436,3,5,0
狭窄,RRT*,41,20262944,0,Inf,0.0007413,NaN,0.0007122,0,NaN,NaN,18,100,NaN,NaN,NaN,NaN,NaN,0
狭窄,Informed-RRT*,41,20262944,0,Inf,0.0008749,NaN,0.0008096,0,NaN,NaN,18,100,NaN,NaN,NaN,NaN,NaN,0
狭窄,PRM*,41,20262944,0,Inf,0.0096051,NaN,0.0095513,0,NaN,NaN,102,100,NaN,NaN,NaN,NaN,NaN,0
狭窄,FMT*,41,20262944,0,Inf,0.0010866,NaN,0.0010193,0,NaN,NaN,102,100,NaN,NaN,NaN,NaN,NaN,0
狭窄,BIT*,41,20262944,0,Inf,0.0010138,NaN,0.0009522,0,NaN,NaN,10,100,NaN,NaN,NaN,NaN,NaN,0
狭窄,RRT#,41,20262944,0,Inf,0.0013083,NaN,0.001262,0,NaN,NaN,18,100,NaN,NaN,NaN,NaN,NaN,0
狭窄,APF-only,41,20262944,1,279.791130115633,0.0057662,0.0056959,0.0057662,NaN,NaN,NaN,NaN,64,46.4502175583217,0.0632608111899984,0.727852783959099,3,5,0
狭窄,AB-IRRT*,41,20262944,1,212.885243942151,0.0081994,0.0069177,0.0011304,0,0.0069177,0.0012101,23,100,2.34656541775505,0.316946328405102,0.956603422626436,3,5,0
狭窄,RRT*,42,20262945,0,Inf,0.0008324,NaN,0.0008029,0,NaN,NaN,24,100,NaN,NaN,NaN,NaN,NaN,0
狭窄,Informed-RRT*,42,20262945,0,Inf,0.0008043,NaN,0.0007515,0,NaN,NaN,24,100,NaN,NaN,NaN,NaN,NaN,0
狭窄,PRM*,42,20262945,0,Inf,0.0066785,NaN,0.0066325,0,NaN,NaN,102,100,NaN,NaN,NaN,NaN,NaN,0
狭窄,FMT*,42,20262945,0,Inf,0.0002467,NaN,0.0001676,0,NaN,NaN,102,100,NaN,NaN,NaN,NaN,NaN,0
狭窄,BIT*,42,20262945,0,Inf,0.0025225,NaN,0.0016877,0,NaN,NaN,2,100,NaN,NaN,NaN,NaN,NaN,0
狭窄,RRT#,42,20262945,0,Inf,0.0012144,NaN,0.001174,0,NaN,NaN,24,100,NaN,NaN,NaN,NaN,NaN,0
狭窄,APF-only,42,20262945,1,279.791130115633,0.0163921,0.0162229,0.0163921,NaN,NaN,NaN,NaN,64,46.4502175583217,0.0632608111899984,0.727852783959099,3,5,0
狭窄,AB-IRRT*,42,20262945,1,212.885243942151,0.0081362,0.0070097,0.0009418,0,0.0070097,0.0010419,21,100,2.34656541775505,0.316946328405102,0.956603422626436,3,5,0
狭窄,RRT*,43,20262946,0,Inf,0.0011931,NaN,0.0011331,0,NaN,NaN,16,100,NaN,NaN,NaN,NaN,NaN,0
狭窄,Informed-RRT*,43,20262946,0,Inf,0.001042,NaN,0.0009536,0,NaN,NaN,16,100,NaN,NaN,NaN,NaN,NaN,0
狭窄,PRM*,43,20262946,0,Inf,0.0072902,NaN,0.0072327,0,NaN,NaN,102,100,NaN,NaN,NaN,NaN,NaN,0
狭窄,FMT*,43,20262946,0,Inf,0.0006556,NaN,0.0005851,0,NaN,NaN,102,100,NaN,NaN,NaN,NaN,NaN,0
狭窄,BIT*,43,20262946,0,Inf,0.0007157,NaN,0.0006517,0,NaN,NaN,5,100,NaN,NaN,NaN,NaN,NaN,0
狭窄,RRT#,43,20262946,0,Inf,0.0010443,NaN,0.0009956,0,NaN,NaN,16,100,NaN,NaN,NaN,NaN,NaN,0
狭窄,APF-only,43,20262946,1,279.791130115633,0.0079741,0.0078662,0.0079741,NaN,NaN,NaN,NaN,64,46.4502175583217,0.0632608111899984,0.727852783959099,3,5,0
狭窄,AB-IRRT*,43,20262946,1,212.885243942151,0.0099574,0.0086366,0.0011496,0,0.0086366,0.0012368,19,100,2.34656541775505,0.316946328405102,0.956603422626436,3,5,0
狭窄,RRT*,44,20262947,0,Inf,0.0010926,NaN,0.0010466,0,NaN,NaN,20,100,NaN,NaN,NaN,NaN,NaN,0
狭窄,Informed-RRT*,44,20262947,0,Inf,0.0011479,NaN,0.0010732,0,NaN,NaN,20,100,NaN,NaN,NaN,NaN,NaN,0
狭窄,PRM*,44,20262947,0,Inf,0.0082577,NaN,0.0082017,0,NaN,NaN,102,100,NaN,NaN,NaN,NaN,NaN,0
狭窄,FMT*,44,20262947,0,Inf,0.0004014,NaN,0.0003409,0,NaN,NaN,102,100,NaN,NaN,NaN,NaN,NaN,0
狭窄,BIT*,44,20262947,0,Inf,0.000411,NaN,0.0003582,0,NaN,NaN,3,100,NaN,NaN,NaN,NaN,NaN,0
狭窄,RRT#,44,20262947,0,Inf,0.0012832,NaN,0.0012357,0,NaN,NaN,20,100,NaN,NaN,NaN,NaN,NaN,0
狭窄,APF-only,44,20262947,1,279.791130115633,0.0079014,0.007816,0.0079014,NaN,NaN,NaN,NaN,64,46.4502175583217,0.0632608111899984,0.727852783959099,3,5,0
狭窄,AB-IRRT*,44,20262947,1,212.885243942151,0.0096492,0.00845,0.0010293,0,0.00845,0.0011189,16,100,2.34656541775505,0.316946328405102,0.956603422626436,3,5,0
狭窄,RRT*,45,20262948,0,Inf,0.0009903,NaN,0.0009483,0,NaN,NaN,20,100,NaN,NaN,NaN,NaN,NaN,0
狭窄,Informed-RRT*,45,20262948,0,Inf,0.0009718,NaN,0.0008976,0,NaN,NaN,20,100,NaN,NaN,NaN,NaN,NaN,0
狭窄,PRM*,45,20262948,1,241.813413383933,0.0056642,0.0009635,0.0056164,0,NaN,NaN,102,100,3.06625424187022,0.187812593992938,0.842164833339458,NaN,NaN,0
狭窄,FMT*,45,20262948,0,Inf,0.0002885,NaN,0.0002449,0,NaN,NaN,102,100,NaN,NaN,NaN,NaN,NaN,0
狭窄,BIT*,45,20262948,0,Inf,0.0003083,NaN,0.0002693,0,NaN,NaN,3,100,NaN,NaN,NaN,NaN,NaN,0
狭窄,RRT#,45,20262948,0,Inf,0.0007896,NaN,0.0007527,0,NaN,NaN,20,100,NaN,NaN,NaN,NaN,NaN,0
狭窄,APF-only,45,20262948,1,279.791130115633,0.0073702,0.0072976,0.0073702,NaN,NaN,NaN,NaN,64,46.4502175583217,0.0632608111899984,0.727852783959099,3,5,0
狭窄,AB-IRRT*,45,20262948,1,212.885243942151,0.0115108,0.0102323,0.001083,0,0.0102323,0.0011765,16,100,2.34656541775505,0.316946328405102,0.956603422626436,3,5,0
狭窄,RRT*,46,20262949,0,Inf,0.0009314,NaN,0.0008932,0,NaN,NaN,17,100,NaN,NaN,NaN,NaN,NaN,0
狭窄,Informed-RRT*,46,20262949,0,Inf,0.0008224,NaN,0.0007516,0,NaN,NaN,17,100,NaN,NaN,NaN,NaN,NaN,0
狭窄,PRM*,46,20262949,0,Inf,0.0067475,NaN,0.0066945,0,NaN,NaN,102,100,NaN,NaN,NaN,NaN,NaN,0
狭窄,FMT*,46,20262949,0,Inf,0.0001585,NaN,0.0001105,0,NaN,NaN,102,100,NaN,NaN,NaN,NaN,NaN,0
狭窄,BIT*,46,20262949,0,Inf,0.0002631,NaN,0.0001827,0,NaN,NaN,1,100,NaN,NaN,NaN,NaN,NaN,0
狭窄,RRT#,46,20262949,0,Inf,0.0010494,NaN,0.0010072,0,NaN,NaN,17,100,NaN,NaN,NaN,NaN,NaN,0
狭窄,APF-only,46,20262949,1,279.791130115633,0.0061992,0.0061267,0.0061992,NaN,NaN,NaN,NaN,64,46.4502175583217,0.0632608111899984,0.727852783959099,3,5,0
狭窄,AB-IRRT*,46,20262949,1,212.885243942151,0.0103654,0.0089,0.0012396,0,0.0089,0.0013753,21,100,2.34656541775505,0.316946328405102,0.956603422626436,3,5,0
狭窄,RRT*,47,20262950,0,Inf,0.0014995,NaN,0.0014542,0,NaN,NaN,38,100,NaN,NaN,NaN,NaN,NaN,0
狭窄,Informed-RRT*,47,20262950,0,Inf,0.0026183,NaN,0.0025061,0,NaN,NaN,38,100,NaN,NaN,NaN,NaN,NaN,0
狭窄,PRM*,47,20262950,1,241.317704151469,0.0095349,0.0030291,0.0094546,0,NaN,NaN,102,100,1.61336780018245,0.924351016279692,0.843894788812931,NaN,NaN,0
狭窄,FMT*,47,20262950,0,Inf,0.0006479,NaN,0.0005857,0,NaN,NaN,102,100,NaN,NaN,NaN,NaN,NaN,0
狭窄,BIT*,47,20262950,0,Inf,0.0006338,NaN,0.000582,0,NaN,NaN,5,100,NaN,NaN,NaN,NaN,NaN,0
狭窄,RRT#,47,20262950,0,Inf,0.0013477,NaN,0.0013056,0,NaN,NaN,38,100,NaN,NaN,NaN,NaN,NaN,0
狭窄,APF-only,47,20262950,1,279.791130115633,0.0080736,0.0079734,0.0080736,NaN,NaN,NaN,NaN,64,46.4502175583217,0.0632608111899984,0.727852783959099,3,5,0
狭窄,AB-IRRT*,47,20262950,1,212.885243942151,0.0101604,0.0090531,0.0009321,0,0.0090531,0.0010159,17,100,2.34656541775505,0.316946328405102,0.956603422626436,3,5,0
狭窄,RRT*,48,20262951,0,Inf,0.0009241,NaN,0.0008841,0,NaN,NaN,18,100,NaN,NaN,NaN,NaN,NaN,0
狭窄,Informed-RRT*,48,20262951,0,Inf,0.0010175,NaN,0.0009428,0,NaN,NaN,18,100,NaN,NaN,NaN,NaN,NaN,0
狭窄,PRM*,48,20262951,1,224.56248293492,0.0094316,0.0020718,0.0093626,0,NaN,NaN,102,100,1.98611658201416,0.354600692576289,0.906860087758934,NaN,NaN,0
狭窄,FMT*,48,20262951,0,Inf,0.0002873,NaN,0.0002222,0,NaN,NaN,102,100,NaN,NaN,NaN,NaN,NaN,0
狭窄,BIT*,48,20262951,0,Inf,0.0005035,NaN,0.0004508,0,NaN,NaN,3,100,NaN,NaN,NaN,NaN,NaN,0
狭窄,RRT#,48,20262951,0,Inf,0.0008833,NaN,0.0008413,0,NaN,NaN,18,100,NaN,NaN,NaN,NaN,NaN,0
狭窄,APF-only,48,20262951,1,279.791130115633,0.0063876,0.0063034,0.0063876,NaN,NaN,NaN,NaN,64,46.4502175583217,0.0632608111899984,0.727852783959099,3,5,0
狭窄,AB-IRRT*,48,20262951,1,212.885243942151,0.0116319,0.0101855,0.0012633,0,0.0101855,0.0013558,23,100,2.34656541775505,0.316946328405102,0.956603422626436,3,5,0
狭窄,RRT*,49,20262952,0,Inf,0.0009022,NaN,0.0008585,0,NaN,NaN,17,100,NaN,NaN,NaN,NaN,NaN,0
狭窄,Informed-RRT*,49,20262952,0,Inf,0.0008773,NaN,0.0008,0,NaN,NaN,17,100,NaN,NaN,NaN,NaN,NaN,0
狭窄,PRM*,49,20262952,1,235.25406129773,0.0074124,0.0054629,0.0073457,0,NaN,NaN,102,100,2.83538894206746,0.208522124535641,0.865646067312719,NaN,NaN,0
狭窄,FMT*,49,20262952,0,Inf,0.0013695,NaN,0.0012802,0,NaN,NaN,102,100,NaN,NaN,NaN,NaN,NaN,0
狭窄,BIT*,49,20262952,1,256.030811967404,0.0138967,0.0137133,0.0137278,0,NaN,NaN,83,100,2.61559799010073,1,0.795399395162065,NaN,NaN,0
狭窄,RRT#,49,20262952,0,Inf,0.0010159,NaN,0.0009579,0,NaN,NaN,17,100,NaN,NaN,NaN,NaN,NaN,0
狭窄,APF-only,49,20262952,1,279.791130115633,0.0088684,0.0087612,0.0088684,NaN,NaN,NaN,NaN,64,46.4502175583217,0.0632608111899984,0.727852783959099,3,5,0
狭窄,AB-IRRT*,49,20262952,1,212.885243942151,0.009548,0.0083943,0.0009609,0,0.0083943,0.0010643,15,100,2.34656541775505,0.316946328405102,0.956603422626436,3,5,0
狭窄,RRT*,50,20262953,0,Inf,0.0010781,NaN,0.0010285,0,NaN,NaN,23,100,NaN,NaN,NaN,NaN,NaN,0
狭窄,Informed-RRT*,50,20262953,0,Inf,0.0010558,NaN,0.0009843,0,NaN,NaN,23,100,NaN,NaN,NaN,NaN,NaN,0
狭窄,PRM*,50,20262953,0,Inf,0.0079687,NaN,0.007893,0,NaN,NaN,102,100,NaN,NaN,NaN,NaN,NaN,0
狭窄,FMT*,50,20262953,0,Inf,0.0002075,NaN,0.0001344,0,NaN,NaN,102,100,NaN,NaN,NaN,NaN,NaN,0
狭窄,BIT*,50,20262953,0,Inf,0.0003666,NaN,0.000305,0,NaN,NaN,1,100,NaN,NaN,NaN,NaN,NaN,0
狭窄,RRT#,50,20262953,0,Inf,0.0011895,NaN,0.0011388,0,NaN,NaN,23,100,NaN,NaN,NaN,NaN,NaN,0
狭窄,APF-only,50,20262953,1,279.791130115633,0.0082161,0.0081123,0.0082161,NaN,NaN,NaN,NaN,64,46.4502175583217,0.0632608111899984,0.727852783959099,3,5,0
狭窄,AB-IRRT*,50,20262953,1,212.885243942151,0.0096457,0.0085213,0.0009497,0,0.0085213,0.0010376,20,100,2.34656541775505,0.316946328405102,0.956603422626436,3,5,0
广阔,RRT*,1,20263904,0,Inf,0.0024585,NaN,0.002406,0,NaN,NaN,89,100,NaN,NaN,NaN,NaN,NaN,0
广阔,Informed-RRT*,1,20263904,0,Inf,0.0024057,NaN,0.002321,0,NaN,NaN,89,100,NaN,NaN,NaN,NaN,NaN,0
广阔,PRM*,1,20263904,1,224.974177449215,0.0109021,0.0001617,0.0108237,0,NaN,NaN,102,100,1.00808364202399,0.0707334406960882,0.90520056697483,NaN,NaN,0
广阔,FMT*,1,20263904,1,308.850763505806,0.0053741,0.0050704,0.0052709,0,NaN,NaN,102,100,5.11084192233611,1.08507332906755,0.659369433541639,NaN,NaN,0
广阔,BIT*,1,20263904,1,255.064111769934,0.0364849,0.032177,0.0333486,0,NaN,NaN,93,100,1.81300950641504,2.04477901646757,0.798413981365648,NaN,NaN,0
广阔,RRT#,1,20263904,0,Inf,0.0034768,NaN,0.0034091,0,NaN,NaN,89,100,NaN,NaN,NaN,NaN,NaN,0
广阔,APF-only,1,20263904,1,301.840641895898,0.0037348,0.00364,0.0037348,NaN,NaN,NaN,NaN,72,53.671042473467,0.127432159127466,0.6746830105535,1,8,0
广阔,AB-IRRT*,1,20263904,1,221.226373504114,0.003518,0.0023567,0.0009593,0,0.0023567,0.0010472,17,100,1.3222034995512,0.157996066854144,0.920535602315692,1,8,0
广阔,RRT*,2,20263905,0,Inf,0.0023704,NaN,0.0023235,0,NaN,NaN,74,100,NaN,NaN,NaN,NaN,NaN,0
广阔,Informed-RRT*,2,20263905,0,Inf,0.0023358,NaN,0.0022512,0,NaN,NaN,74,100,NaN,NaN,NaN,NaN,NaN,0
广阔,PRM*,2,20263905,1,269.823483221015,0.0098517,0.0002851,0.0097773,0,NaN,NaN,102,100,2.0765940145721,0.551287059246603,0.75474065693132,NaN,NaN,0
广阔,FMT*,2,20263905,1,223.312013364412,0.0039946,0.0036515,0.0038828,0,NaN,NaN,102,100,1.05733974389613,0.169100762334029,0.911938188696567,NaN,NaN,0
广阔,BIT*,2,20263905,1,223.312013364412,0.0159643,0.014246,0.0146557,0,NaN,NaN,92,100,1.05733974389613,0.169100762334029,0.911938188696567,NaN,NaN,0
广阔,RRT#,2,20263905,0,Inf,0.0029291,NaN,0.0028573,0,NaN,NaN,74,100,NaN,NaN,NaN,NaN,NaN,0
广阔,APF-only,2,20263905,1,301.840641895898,0.0018742,0.0017798,0.0018742,NaN,NaN,NaN,NaN,72,53.671042473467,0.127432159127466,0.6746830105535,1,8,0
广阔,AB-IRRT*,2,20263905,1,221.226373504114,0.0029286,0.0017984,0.0009609,0,0.0017984,0.0010331,33,100,1.3222034995512,0.157996066854144,0.920535602315692,1,8,0
广阔,RRT*,3,20263906,0,Inf,0.0017384,NaN,0.0014886,0,NaN,NaN,66,100,NaN,NaN,NaN,NaN,NaN,0
广阔,Informed-RRT*,3,20263906,0,Inf,0.001917,NaN,0.0018334,0,NaN,NaN,66,100,NaN,NaN,NaN,NaN,NaN,0
广阔,PRM*,3,20263906,1,216.200495431846,0.0096136,0.0002531,0.0095414,0,NaN,NaN,102,100,1.71170065612298,0.520420699160971,0.941934719321319,NaN,NaN,0
广阔,FMT*,3,20263906,1,254.946817587234,0.0042831,0.0040582,0.0041867,0,NaN,NaN,102,100,1.91794733748685,0.0567658465051295,0.798781310192447,NaN,NaN,0
广阔,BIT*,3,20263906,1,252.99017722469,0.011937,0.0099492,0.0102844,0,NaN,NaN,97,100,1.56390591315954,1.03656324437327,0.804959130096422,NaN,NaN,0
广阔,RRT#,3,20263906,0,Inf,0.005451,NaN,0.005343,0,NaN,NaN,66,100,NaN,NaN,NaN,NaN,NaN,0
广阔,APF-only,3,20263906,1,301.840641895898,0.0046302,0.0044657,0.0046302,NaN,NaN,NaN,NaN,72,53.671042473467,0.127432159127466,0.6746830105535,1,8,0
广阔,AB-IRRT*,3,20263906,1,221.226373504114,0.0034597,0.0021515,0.0010617,0,0.0021515,0.0011837,28,100,1.3222034995512,0.157996066854144,0.920535602315692,1,8,0
广阔,RRT*,4,20263907,0,Inf,0.0024591,NaN,0.0024144,0,NaN,NaN,91,100,NaN,NaN,NaN,NaN,NaN,0
广阔,Informed-RRT*,4,20263907,0,Inf,0.0028231,NaN,0.0026849,0,NaN,NaN,91,100,NaN,NaN,NaN,NaN,NaN,0
广阔,PRM*,4,20263907,1,258.771356308506,0.0088785,0.0003052,0.0088071,0,NaN,NaN,102,100,1.52741058976757,1.64314919378874,0.786975637052111,NaN,NaN,0
广阔,FMT*,4,20263907,1,262.092812039029,0.0062412,0.0059239,0.0061468,0,NaN,NaN,102,100,1.56799809289125,1.04182761807431,0.777002434356728,NaN,NaN,0
广阔,BIT*,4,20263907,1,252.325958697429,0.0141941,0.0124287,0.0127969,0,NaN,NaN,96,100,2.84456678372323,0.353062236772687,0.807078090708551,NaN,NaN,0
广阔,RRT#,4,20263907,0,Inf,0.0037235,NaN,0.0036228,0,NaN,NaN,91,100,NaN,NaN,NaN,NaN,NaN,0
广阔,APF-only,4,20263907,1,301.840641895898,0.0022795,0.002177,0.0022795,NaN,NaN,NaN,NaN,72,53.671042473467,0.127432159127466,0.6746830105535,1,8,0
广阔,AB-IRRT*,4,20263907,1,221.226373504114,0.0043726,0.0024719,0.0013661,0,0.0024719,0.0014582,28,100,1.3222034995512,0.157996066854144,0.920535602315692,1,8,0
广阔,RRT*,5,20263908,0,Inf,0.002473,NaN,0.0024262,0,NaN,NaN,82,100,NaN,NaN,NaN,NaN,NaN,0
广阔,Informed-RRT*,5,20263908,0,Inf,0.002536,NaN,0.0024468,0,NaN,NaN,82,100,NaN,NaN,NaN,NaN,NaN,0
广阔,PRM*,5,20263908,1,268.33701115844,0.0082188,0.0003584,0.0081244,0,NaN,NaN,102,100,2.2333581776334,1.52654810098802,0.758921596773255,NaN,NaN,0
广阔,FMT*,5,20263908,1,259.487450499066,0.0055822,0.0054199,0.0054869,0,NaN,NaN,102,100,1.97287277398297,0.341069638167307,0.784803860803505,NaN,NaN,0
广阔,BIT*,5,20263908,1,259.487450499066,0.0155157,0.0153897,0.0154036,0,NaN,NaN,98,100,1.97287277398297,0.341069638167307,0.784803860803505,NaN,NaN,0
广阔,RRT#,5,20263908,0,Inf,0.0029995,NaN,0.0029274,0,NaN,NaN,82,100,NaN,NaN,NaN,NaN,NaN,0
广阔,APF-only,5,20263908,1,301.840641895898,0.0024361,0.0023245,0.0024361,NaN,NaN,NaN,NaN,72,53.671042473467,0.127432159127466,0.6746830105535,1,8,0
广阔,AB-IRRT*,5,20263908,1,221.226373504114,0.0057267,0.004364,0.0011656,0,0.004364,0.0012602,22,100,1.3222034995512,0.157996066854144,0.920535602315692,1,8,0
广阔,RRT*,6,20263909,0,Inf,0.0026231,NaN,0.0025721,0,NaN,NaN,74,100,NaN,NaN,NaN,NaN,NaN,0
广阔,Informed-RRT*,6,20263909,0,Inf,0.0021954,NaN,0.0021159,0,NaN,NaN,74,100,NaN,NaN,NaN,NaN,NaN,0
广阔,PRM*,6,20263909,1,276.312459460622,0.011518,0.0014596,0.0114176,0,NaN,NaN,102,100,3.95633220572217,0.00239010363975467,0.737016178637966,NaN,NaN,0
广阔,FMT*,6,20263909,1,241.031758620388,0.0024665,0.0014796,0.0016089,0,NaN,NaN,102,100,1.6098002456772,0.411028085395186,0.844895934657551,NaN,NaN,0
广阔,BIT*,6,20263909,1,241.031758620388,0.0041776,0.0023682,0.0027766,0,NaN,NaN,9,100,1.6098002456772,0.411028085395186,0.844895934657551,NaN,NaN,0
广阔,RRT#,6,20263909,0,Inf,0.0029918,NaN,0.0029124,0,NaN,NaN,74,100,NaN,NaN,NaN,NaN,NaN,0
广阔,APF-only,6,20263909,1,301.840641895898,0.0022368,0.0021387,0.0022368,NaN,NaN,NaN,NaN,72,53.671042473467,0.127432159127466,0.6746830105535,1,8,0
广阔,AB-IRRT*,6,20263909,1,221.226373504114,0.005522,0.0025073,0.0028084,0,0.0025073,0.0029208,37,100,1.3222034995512,0.157996066854144,0.920535602315692,1,8,0
广阔,RRT*,7,20263910,0,Inf,0.001217,NaN,0.0011775,0,NaN,NaN,39,100,NaN,NaN,NaN,NaN,NaN,0
广阔,Informed-RRT*,7,20263910,0,Inf,0.0012054,NaN,0.0011296,0,NaN,NaN,39,100,NaN,NaN,NaN,NaN,NaN,0
广阔,PRM*,7,20263910,1,224.249916876816,0.0089259,0.0002468,0.0088653,0,NaN,NaN,102,100,1.41899711382615,0.0426005487004077,0.908124095731961,NaN,NaN,0
广阔,FMT*,7,20263910,1,213.082287899579,0.0068621,0.0061847,0.006667,0,NaN,NaN,102,100,1.67304106440395,1.4119685343669,0.95571882106738,NaN,NaN,0
广阔,BIT*,7,20263910,1,213.082287899579,0.0182406,0.0154816,0.0161908,0,NaN,NaN,95,100,1.67304106440395,1.4119685343669,0.95571882106738,NaN,NaN,0
广阔,RRT#,7,20263910,0,Inf,0.0019599,NaN,0.001894,0,NaN,NaN,39,100,NaN,NaN,NaN,NaN,NaN,0
广阔,APF-only,7,20263910,1,301.840641895898,0.0037867,0.0036609,0.0037867,NaN,NaN,NaN,NaN,72,53.671042473467,0.127432159127466,0.6746830105535,1,8,0
广阔,AB-IRRT*,7,20263910,1,221.226373504114,0.0041014,0.0026462,0.0012408,0,0.0026462,0.0013577,17,100,1.3222034995512,0.157996066854144,0.920535602315692,1,8,0
广阔,RRT*,8,20263911,0,Inf,0.0023328,NaN,0.0022796,0,NaN,NaN,76,100,NaN,NaN,NaN,NaN,NaN,0
广阔,Informed-RRT*,8,20263911,0,Inf,0.0026769,NaN,0.002581,0,NaN,NaN,76,100,NaN,NaN,NaN,NaN,NaN,0
广阔,PRM*,8,20263911,1,254.228329882863,0.0096662,0.0007631,0.0096018,0,NaN,NaN,102,100,1.87868858933748,1.62011137093975,0.801038786965863,NaN,NaN,0
广阔,FMT*,8,20263911,1,287.190785827556,0.0047288,0.0028767,0.0036988,0,NaN,NaN,102,100,7.47442861622576,0.0905602482408607,0.709099187827027,NaN,NaN,0
广阔,BIT*,8,20263911,1,269.133835295666,0.0080361,0.0079317,0.0079442,0,NaN,NaN,98,100,2.84112713090635,0.0903332555641967,0.756674658754825,NaN,NaN,0
广阔,RRT#,8,20263911,0,Inf,0.0048562,NaN,0.0047857,0,NaN,NaN,76,100,NaN,NaN,NaN,NaN,NaN,0
广阔,APF-only,8,20263911,1,301.840641895898,0.0024278,0.0023249,0.0024278,NaN,NaN,NaN,NaN,72,53.671042473467,0.127432159127466,0.6746830105535,1,8,0
广阔,AB-IRRT*,8,20263911,1,221.226373504114,0.0035805,0.0023411,0.0010819,0,0.0023411,0.0011611,23,100,1.3222034995512,0.157996066854144,0.920535602315692,1,8,0
广阔,RRT*,9,20263912,0,Inf,0.0026163,NaN,0.0025619,0,NaN,NaN,87,100,NaN,NaN,NaN,NaN,NaN,0
广阔,Informed-RRT*,9,20263912,0,Inf,0.0028584,NaN,0.0027636,0,NaN,NaN,87,100,NaN,NaN,NaN,NaN,NaN,0
广阔,PRM*,9,20263912,1,260.477176877918,0.012488,0.0002359,0.0123885,0,NaN,NaN,102,100,2.2954975053075,1.28077912426646,0.78182186793729,NaN,NaN,0
广阔,FMT*,9,20263912,1,253.043335960033,0.0061429,0.0056627,0.0060047,0,NaN,NaN,102,100,2.7042411478146,1.45975064464152,0.804790026218634,NaN,NaN,0
广阔,BIT*,9,20263912,1,227.496269350667,0.0098787,0.008493,0.0088803,0,NaN,NaN,97,100,2.47992979314312,0.472602092924686,0.895165241887202,NaN,NaN,0
广阔,RRT#,9,20263912,0,Inf,0.0020086,NaN,0.0019584,0,NaN,NaN,87,100,NaN,NaN,NaN,NaN,NaN,0
广阔,APF-only,9,20263912,1,301.840641895898,0.0015488,0.0014798,0.0015488,NaN,NaN,NaN,NaN,72,53.671042473467,0.127432159127466,0.6746830105535,1,8,0
广阔,AB-IRRT*,9,20263912,1,221.226373504114,0.0035281,0.0024425,0.0009305,0,0.0024425,0.0010077,20,100,1.3222034995512,0.157996066854144,0.920535602315692,1,8,0
广阔,RRT*,10,20263913,0,Inf,0.0020411,NaN,0.0020039,0,NaN,NaN,86,100,NaN,NaN,NaN,NaN,NaN,0
广阔,Informed-RRT*,10,20263913,0,Inf,0.0021192,NaN,0.0020089,0,NaN,NaN,86,100,NaN,NaN,NaN,NaN,NaN,0
广阔,PRM*,10,20263913,1,273.54648561808,0.0117383,0.0001573,0.0116677,0,NaN,NaN,102,100,1.46305189439723,6.28564552648649,0.744468540773187,NaN,NaN,0
广阔,FMT*,10,20263913,1,254.917509282464,0.0036603,0.0024778,0.0029103,0,NaN,NaN,102,100,4.07946369093685,0.851168992438245,0.79887314745443,NaN,NaN,0
广阔,BIT*,10,20263913,1,247.733238043128,0.0101496,0.0100427,0.0100549,0,NaN,NaN,94,100,2.47156708616376,0.850432386067274,0.822040492387513,NaN,NaN,0
广阔,RRT#,10,20263913,0,Inf,0.0029914,NaN,0.0029274,0,NaN,NaN,86,100,NaN,NaN,NaN,NaN,NaN,0
广阔,APF-only,10,20263913,1,301.840641895898,0.0021152,0.0020236,0.0021152,NaN,NaN,NaN,NaN,72,53.671042473467,0.127432159127466,0.6746830105535,1,8,0
广阔,AB-IRRT*,10,20263913,1,221.226373504114,0.0042388,0.0025129,0.0015459,0,0.0025129,0.0016413,22,100,1.3222034995512,0.157996066854144,0.920535602315692,1,8,0
广阔,RRT*,11,20263914,0,Inf,0.0029082,NaN,0.0028496,0,NaN,NaN,75,100,NaN,NaN,NaN,NaN,NaN,0
广阔,Informed-RRT*,11,20263914,0,Inf,0.0024825,NaN,0.0023688,0,NaN,NaN,75,100,NaN,NaN,NaN,NaN,NaN,0
广阔,PRM*,11,20263914,1,212.342901159246,0.0097575,0.0002554,0.0096883,0,NaN,NaN,102,100,1.01280616671635,0.602967168284646,0.959046673422822,NaN,NaN,0
广阔,FMT*,11,20263914,1,247.868455341971,0.0048745,0.0046078,0.0047733,0,NaN,NaN,102,100,4.90089902547712,0.176220736206925,0.821592052529496,NaN,NaN,0
广阔,BIT*,11,20263914,1,239.904912741083,0.0119011,0.011796,0.0118076,0,NaN,NaN,93,100,4.02551797746832,0.176225652928494,0.848864454899726,NaN,NaN,0
广阔,RRT#,11,20263914,0,Inf,0.0025806,NaN,0.0025221,0,NaN,NaN,75,100,NaN,NaN,NaN,NaN,NaN,0
广阔,APF-only,11,20263914,1,301.840641895898,0.001862,0.0017766,0.001862,NaN,NaN,NaN,NaN,72,53.671042473467,0.127432159127466,0.6746830105535,1,8,0
广阔,AB-IRRT*,11,20263914,1,221.226373504114,0.0053781,0.0032052,0.0019792,0,0.0032052,0.0020814,46,100,1.3222034995512,0.157996066854144,0.920535602315692,1,8,0
广阔,RRT*,12,20263915,0,Inf,0.0020254,NaN,0.0019772,0,NaN,NaN,47,100,NaN,NaN,NaN,NaN,NaN,0
广阔,Informed-RRT*,12,20263915,0,Inf,0.0019625,NaN,0.0018752,0,NaN,NaN,47,100,NaN,NaN,NaN,NaN,NaN,0
广阔,PRM*,12,20263915,1,217.479782820822,0.0093309,0.0004076,0.0092716,0,NaN,NaN,102,100,2.75804259055104,0.102945795811053,0.936393950464383,NaN,NaN,0
广阔,FMT*,12,20263915,1,294.340734870687,0.0041909,0.0039367,0.0041185,0,NaN,NaN,102,100,3.54459768584638,5.66013799990006,0.69187417457252,NaN,NaN,0
广阔,BIT*,12,20263915,1,291.973546178435,0.0079772,0.0078631,0.0078729,0,NaN,NaN,96,100,3.35112627975775,5.66009538107136,0.697483575643084,NaN,NaN,0
广阔,RRT#,12,20263915,0,Inf,0.0017246,NaN,0.0016738,0,NaN,NaN,47,100,NaN,NaN,NaN,NaN,NaN,0
广阔,APF-only,12,20263915,1,301.840641895898,0.0017383,0.0016603,0.0017383,NaN,NaN,NaN,NaN,72,53.671042473467,0.127432159127466,0.6746830105535,1,8,0
广阔,AB-IRRT*,12,20263915,1,221.226373504114,0.0031535,0.0020598,0.0009374,0,0.0020598,0.0010235,19,100,1.3222034995512,0.157996066854144,0.920535602315692,1,8,0
广阔,RRT*,13,20263916,0,Inf,0.0023253,NaN,0.002269,0,NaN,NaN,71,100,NaN,NaN,NaN,NaN,NaN,0
广阔,Informed-RRT*,13,20263916,0,Inf,0.0018201,NaN,0.0017396,0,NaN,NaN,71,100,NaN,NaN,NaN,NaN,NaN,0
广阔,PRM*,13,20263916,1,266.866088553744,0.0085248,0.0001846,0.0084667,0,NaN,NaN,102,100,3.2768914496098,0.220622905419773,0.763104649546783,NaN,NaN,0
广阔,FMT*,13,20263916,1,291.192715481297,0.0038438,0.003581,0.0037629,0,NaN,NaN,102,100,2.87520768694028,10.2619325595377,0.699353871696718,NaN,NaN,0
广阔,BIT*,13,20263916,1,286.573098404456,0.0094339,0.0093239,0.0093377,0,NaN,NaN,98,100,4.54811727066389,1.22851659598521,0.71062759943471,NaN,NaN,0
广阔,RRT#,13,20263916,0,Inf,0.0023101,NaN,0.002257,0,NaN,NaN,71,100,NaN,NaN,NaN,NaN,NaN,0
广阔,APF-only,13,20263916,1,301.840641895898,0.0020095,0.0019239,0.0020095,NaN,NaN,NaN,NaN,72,53.671042473467,0.127432159127466,0.6746830105535,1,8,0
广阔,AB-IRRT*,13,20263916,1,221.226373504114,0.0029554,0.0019202,0.000889,0,0.0019202,0.0009638,25,100,1.3222034995512,0.157996066854144,0.920535602315692,1,8,0
广阔,RRT*,14,20263917,0,Inf,0.0017171,NaN,0.0016752,0,NaN,NaN,69,100,NaN,NaN,NaN,NaN,NaN,0
广阔,Informed-RRT*,14,20263917,0,Inf,0.0015868,NaN,0.0015206,0,NaN,NaN,69,100,NaN,NaN,NaN,NaN,NaN,0
广阔,PRM*,14,20263917,1,232.914856919765,0.009753,0.0006447,0.0096897,0,NaN,NaN,102,100,1.20153296719698,0.0638949416301004,0.874339901176325,NaN,NaN,0
广阔,FMT*,14,20263917,1,224.828982121278,0.0028227,0.0023295,0.0027537,0,NaN,NaN,102,100,2.04076960793172,1.55003443008581,0.905785148606304,NaN,NaN,0
广阔,BIT*,14,20263917,1,224.828982121278,0.0163194,0.0161893,0.0162099,0,NaN,NaN,96,100,2.04076960793172,1.55003443008581,0.905785148606304,NaN,NaN,0
广阔,RRT#,14,20263917,0,Inf,0.0019243,NaN,0.0018663,0,NaN,NaN,69,100,NaN,NaN,NaN,NaN,NaN,0
广阔,APF-only,14,20263917,1,301.840641895898,0.0016343,0.0015606,0.0016343,NaN,NaN,NaN,NaN,72,53.671042473467,0.127432159127466,0.6746830105535,1,8,0
广阔,AB-IRRT*,14,20263917,1,221.226373504114,0.0046944,0.0033887,0.0010751,0,0.0033887,0.0012148,18,100,1.3222034995512,0.157996066854144,0.920535602315692,1,8,0
广阔,RRT*,15,20263918,0,Inf,0.0022489,NaN,0.0022045,0,NaN,NaN,77,100,NaN,NaN,NaN,NaN,NaN,0
广阔,Informed-RRT*,15,20263918,0,Inf,0.0021841,NaN,0.002109,0,NaN,NaN,77,100,NaN,NaN,NaN,NaN,NaN,0
广阔,PRM*,15,20263918,1,231.885619068063,0.0089176,0.0002062,0.008855,0,NaN,NaN,102,100,2.27731240543973,1.80254408119045,0.878220709848987,NaN,NaN,0
广阔,FMT*,15,20263918,1,270.503350358818,0.0029996,0.0027493,0.0029123,0,NaN,NaN,102,100,3.66716512866519,2.42736080892505,0.752843736358873,NaN,NaN,0
广阔,BIT*,15,20263918,1,253.096023020631,0.0103685,0.0102473,0.0102605,0,NaN,NaN,96,100,2.7380162120371,0.545535120517842,0.804622492883366,NaN,NaN,0
广阔,RRT#,15,20263918,0,Inf,0.0035971,NaN,0.0035217,0,NaN,NaN,77,100,NaN,NaN,NaN,NaN,NaN,0
广阔,APF-only,15,20263918,1,301.840641895898,0.0022602,0.0021481,0.0022602,NaN,NaN,NaN,NaN,72,53.671042473467,0.127432159127466,0.6746830105535,1,8,0
广阔,AB-IRRT*,15,20263918,1,221.226373504114,0.0033353,0.0022573,0.0009273,0,0.0022573,0.0010037,18,100,1.3222034995512,0.157996066854144,0.920535602315692,1,8,0
广阔,RRT*,16,20263919,0,Inf,0.0020111,NaN,0.0019675,0,NaN,NaN,82,100,NaN,NaN,NaN,NaN,NaN,0
广阔,Informed-RRT*,16,20263919,0,Inf,0.0021511,NaN,0.0020677,0,NaN,NaN,82,100,NaN,NaN,NaN,NaN,NaN,0
广阔,PRM*,16,20263919,1,267.979440747714,0.0131689,0.0003686,0.0130855,0,NaN,NaN,102,100,1.58723395909284,0.639077403020553,0.759934241274302,NaN,NaN,0
广阔,FMT*,16,20263919,1,273.979439118922,0.0034661,0.0030077,0.0033646,0,NaN,NaN,102,100,2.03955995477044,3.81854285975989,0.743292101176002,NaN,NaN,0
广阔,BIT*,16,20263919,1,272.803771095998,0.009535,0.0094336,0.0094447,0,NaN,NaN,98,100,1.58014272933434,3.81775169853909,0.746495373445786,NaN,NaN,0
广阔,RRT#,16,20263919,0,Inf,0.0027787,NaN,0.002713,0,NaN,NaN,82,100,NaN,NaN,NaN,NaN,NaN,0
广阔,APF-only,16,20263919,1,301.840641895898,0.0020531,0.0019608,0.0020531,NaN,NaN,NaN,NaN,72,53.671042473467,0.127432159127466,0.6746830105535,1,8,0
广阔,AB-IRRT*,16,20263919,1,221.226373504114,0.0036339,0.0024056,0.0010636,0,0.0024056,0.0011514,19,100,1.3222034995512,0.157996066854144,0.920535602315692,1,8,0
广阔,RRT*,17,20263920,0,Inf,0.0024864,NaN,0.0024373,0,NaN,NaN,92,100,NaN,NaN,NaN,NaN,NaN,0
广阔,Informed-RRT*,17,20263920,0,Inf,0.0022709,NaN,0.0022062,0,NaN,NaN,92,100,NaN,NaN,NaN,NaN,NaN,0
广阔,PRM*,17,20263920,1,248.339017842845,0.0071023,8.3e-05,0.0070521,0,NaN,NaN,102,100,1.6707722432366,0.171919904218496,0.820035267718576,NaN,NaN,0
广阔,FMT*,17,20263920,1,251.660975947742,0.0025373,0.0023202,0.0024646,0,NaN,NaN,102,100,2.79997138874632,2.2275242289555,0.80921069392981,NaN,NaN,0
广阔,BIT*,17,20263920,1,251.660975947742,0.0102923,0.0101726,0.010186,0,NaN,NaN,97,100,2.79997138874632,2.2275242289555,0.80921069392981,NaN,NaN,0
广阔,RRT#,17,20263920,0,Inf,0.0031768,NaN,0.0031048,0,NaN,NaN,92,100,NaN,NaN,NaN,NaN,NaN,0
广阔,APF-only,17,20263920,1,301.840641895898,0.0019851,0.0017629,0.0019851,NaN,NaN,NaN,NaN,72,53.671042473467,0.127432159127466,0.6746830105535,1,8,0
广阔,AB-IRRT*,17,20263920,1,221.226373504114,0.0034477,0.0021193,0.0011707,0,0.0021193,0.001251,28,100,1.3222034995512,0.157996066854144,0.920535602315692,1,8,0
广阔,RRT*,18,20263921,0,Inf,0.0028997,NaN,0.0028427,0,NaN,NaN,71,100,NaN,NaN,NaN,NaN,NaN,0
广阔,Informed-RRT*,18,20263921,0,Inf,0.0032549,NaN,0.0030433,0,NaN,NaN,71,100,NaN,NaN,NaN,NaN,NaN,0
广阔,PRM*,18,20263921,1,262.005445637744,0.0088561,0.0008496,0.0087892,0,NaN,NaN,102,100,1.60048404922959,0.490741515008987,0.777261527851193,NaN,NaN,0
广阔,FMT*,18,20263921,1,252.113860210858,0.0019498,0.0017471,0.0018526,0,NaN,NaN,102,100,2.59046880923215,3.13862651798783,0.807757069807282,NaN,NaN,0
广阔,BIT*,18,20263921,1,252.113860210858,0.0123222,0.0121791,0.0121925,0,NaN,NaN,99,100,2.59046880923215,3.13862651798783,0.807757069807282,NaN,NaN,0
广阔,RRT#,18,20263921,0,Inf,0.0019579,NaN,0.0019056,0,NaN,NaN,71,100,NaN,NaN,NaN,NaN,NaN,0
广阔,APF-only,18,20263921,1,301.840641895898,0.0014697,0.0014026,0.0014697,NaN,NaN,NaN,NaN,72,53.671042473467,0.127432159127466,0.6746830105535,1,8,0
广阔,AB-IRRT*,18,20263921,1,221.226373504114,0.0031596,0.0022336,0.000778,0,0.0022336,0.0008553,15,100,1.3222034995512,0.157996066854144,0.920535602315692,1,8,0
广阔,RRT*,19,20263922,0,Inf,0.0015374,NaN,0.0014985,0,NaN,NaN,64,100,NaN,NaN,NaN,NaN,NaN,0
广阔,Informed-RRT*,19,20263922,0,Inf,0.0015064,NaN,0.0014502,0,NaN,NaN,64,100,NaN,NaN,NaN,NaN,NaN,0
广阔,PRM*,19,20263922,1,257.43201743558,0.0127305,0.0002712,0.0126604,0,NaN,NaN,102,100,3.18679719798238,1.99990511683383,0.791070026993386,NaN,NaN,0
广阔,FMT*,19,20263922,1,217.955591496095,0.003013,0.002854,0.0029287,0,NaN,NaN,102,100,2.05747471751468,0.443507244922996,0.934349752552114,NaN,NaN,0
广阔,BIT*,19,20263922,1,217.594279529979,0.0073762,0.0072873,0.0072958,0,NaN,NaN,97,100,1.8665327435364,0.98896944990663,0.935901225995548,NaN,NaN,0
广阔,RRT#,19,20263922,0,Inf,0.0016022,NaN,0.0015636,0,NaN,NaN,64,100,NaN,NaN,NaN,NaN,NaN,0
广阔,APF-only,19,20263922,1,301.840641895898,0.0014707,0.0014067,0.0014707,NaN,NaN,NaN,NaN,72,53.671042473467,0.127432159127466,0.6746830105535,1,8,0
广阔,AB-IRRT*,19,20263922,1,221.226373504114,0.0033615,0.0020652,0.0011364,0,0.0020652,0.0012213,25,100,1.3222034995512,0.157996066854144,0.920535602315692,1,8,0
广阔,RRT*,20,20263923,0,Inf,0.0021164,NaN,0.0020698,0,NaN,NaN,68,100,NaN,NaN,NaN,NaN,NaN,0
广阔,Informed-RRT*,20,20263923,0,Inf,0.0020511,NaN,0.001979,0,NaN,NaN,68,100,NaN,NaN,NaN,NaN,NaN,0
广阔,PRM*,20,20263923,1,228.275134618811,0.0100576,0.0001464,0.0099945,0,NaN,NaN,102,100,1.66739705277942,0.293822310837454,0.892110975300873,NaN,NaN,0
广阔,FMT*,20,20263923,1,292.358223703891,0.0020454,0.0018522,0.0019657,0,NaN,NaN,102,100,2.63919182944934,5.5904588525293,0.696565844468891,NaN,NaN,0
广阔,BIT*,20,20263923,1,268.715404491759,0.0048098,0.0047364,0.004745,0,NaN,NaN,96,100,2.43306712133785,5.58788713169217,0.75785291642248,NaN,NaN,0
广阔,RRT#,20,20263923,0,Inf,0.0017071,NaN,0.001664,0,NaN,NaN,68,100,NaN,NaN,NaN,NaN,NaN,0
广阔,APF-only,20,20263923,1,301.840641895898,0.0014405,0.0013757,0.0014405,NaN,NaN,NaN,NaN,72,53.671042473467,0.127432159127466,0.6746830105535,1,8,0
广阔,AB-IRRT*,20,20263923,1,221.226373504114,0.0032451,0.0021132,0.0009829,0,0.0021132,0.0010606,24,100,1.3222034995512,0.157996066854144,0.920535602315692,1,8,0
广阔,RRT*,21,20263924,0,Inf,0.0017218,NaN,0.0016855,0,NaN,NaN,67,100,NaN,NaN,NaN,NaN,NaN,0
广阔,Informed-RRT*,21,20263924,0,Inf,0.0017145,NaN,0.0016124,0,NaN,NaN,67,100,NaN,NaN,NaN,NaN,NaN,0
广阔,PRM*,21,20263924,1,254.875710960784,0.0166782,0.0043857,0.0165857,0,NaN,NaN,102,100,2.83484196475511,2.04551515590323,0.799004158591868,NaN,NaN,0
广阔,FMT*,21,20263924,1,282.120506996952,0.0029577,0.0027937,0.0028872,0,NaN,NaN,102,100,2.22387591228109,2.37374550910295,0.721843141250011,NaN,NaN,0
广阔,BIT*,21,20263924,1,282.120506996952,0.0103098,0.0101492,0.0101615,0,NaN,NaN,97,100,2.22387591228109,2.37374550910295,0.721843141250011,NaN,NaN,0
广阔,RRT#,21,20263924,0,Inf,0.002669,NaN,0.002607,0,NaN,NaN,67,100,NaN,NaN,NaN,NaN,NaN,0
广阔,APF-only,21,20263924,1,301.840641895898,0.0023879,0.0022943,0.0023879,NaN,NaN,NaN,NaN,72,53.671042473467,0.127432159127466,0.6746830105535,1,8,0
广阔,AB-IRRT*,21,20263924,1,221.226373504114,0.0036622,0.0023615,0.0011364,0,0.0023615,0.001223,19,100,1.3222034995512,0.157996066854144,0.920535602315692,1,8,0
广阔,RRT*,22,20263925,0,Inf,0.0035644,NaN,0.0034915,0,NaN,NaN,86,100,NaN,NaN,NaN,NaN,NaN,0
广阔,Informed-RRT*,22,20263925,0,Inf,0.0028526,NaN,0.0027526,0,NaN,NaN,86,100,NaN,NaN,NaN,NaN,NaN,0
广阔,PRM*,22,20263925,1,260.602159987942,0.0087589,0.0004892,0.0086945,0,NaN,NaN,102,100,2.71147015822275,5.75829205565473,0.781446911227246,NaN,NaN,0
广阔,FMT*,22,20263925,1,251.360315607889,0.0030446,0.0027989,0.0029559,0,NaN,NaN,102,100,3.16866167395225,1.37045322860909,0.810178617452906,NaN,NaN,0
广阔,BIT*,22,20263925,1,251.360315607889,0.0097145,0.0095983,0.0096115,0,NaN,NaN,95,100,3.16866167395225,1.37045322860909,0.810178617452906,NaN,NaN,0
广阔,RRT#,22,20263925,0,Inf,0.0026719,NaN,0.0026192,0,NaN,NaN,86,100,NaN,NaN,NaN,NaN,NaN,0
广阔,APF-only,22,20263925,1,301.840641895898,0.0016082,0.0015296,0.0016082,NaN,NaN,NaN,NaN,72,53.671042473467,0.127432159127466,0.6746830105535,1,8,0
广阔,AB-IRRT*,22,20263925,1,221.226373504114,0.0023585,0.0016114,0.0006285,0,0.0016114,0.0006891,15,100,1.3222034995512,0.157996066854144,0.920535602315692,1,8,0
广阔,RRT*,23,20263926,0,Inf,0.0019266,NaN,0.0018911,0,NaN,NaN,80,100,NaN,NaN,NaN,NaN,NaN,0
广阔,Informed-RRT*,23,20263926,0,Inf,0.0017881,NaN,0.0017335,0,NaN,NaN,80,100,NaN,NaN,NaN,NaN,NaN,0
广阔,PRM*,23,20263926,1,255.505008594218,0.0086292,0.0001055,0.0084853,0,NaN,NaN,102,100,1.49746279783381,0.534147556449966,0.797036246381958,NaN,NaN,0
广阔,FMT*,23,20263926,1,243.844234784368,0.0049028,0.0043044,0.0047914,0,NaN,NaN,102,100,2.08290093338004,3.86979167006154,0.835150985471569,NaN,NaN,0
广阔,BIT*,23,20263926,1,243.841591373835,0.0129443,0.0113678,0.0118323,0,NaN,NaN,95,100,2.08725063190001,3.86979865424433,0.835160039082559,NaN,NaN,0
广阔,RRT#,23,20263926,0,Inf,0.0019274,NaN,0.0018569,0,NaN,NaN,80,100,NaN,NaN,NaN,NaN,NaN,0
广阔,APF-only,23,20263926,1,301.840641895898,0.0015182,0.0014457,0.0015182,NaN,NaN,NaN,NaN,72,53.671042473467,0.127432159127466,0.6746830105535,1,8,0
广阔,AB-IRRT*,23,20263926,1,221.226373504114,0.0065715,0.0047024,0.0016359,0,0.0047024,0.0017546,28,100,1.3222034995512,0.157996066854144,0.920535602315692,1,8,0
广阔,RRT*,24,20263927,0,Inf,0.0028262,NaN,0.0027789,0,NaN,NaN,88,100,NaN,NaN,NaN,NaN,NaN,0
广阔,Informed-RRT*,24,20263927,0,Inf,0.002462,NaN,0.0023899,0,NaN,NaN,88,100,NaN,NaN,NaN,NaN,NaN,0
广阔,PRM*,24,20263927,1,222.217555422102,0.0088699,0.000309,0.0088085,0,NaN,NaN,102,100,2.04145268860862,2.67086868339309,0.916429633990434,NaN,NaN,0
广阔,FMT*,24,20263927,1,249.956289979219,0.0051455,0.0048925,0.0050579,0,NaN,NaN,102,100,2.62516074441787,0.736198299034887,0.81472945929329,NaN,NaN,0
广阔,BIT*,24,20263927,1,249.927019889623,0.0093362,0.0092402,0.0092515,0,NaN,NaN,95,100,2.66346853490225,0.736283371411655,0.814824875964445,NaN,NaN,0
广阔,RRT#,24,20263927,0,Inf,0.0032166,NaN,0.0031541,0,NaN,NaN,88,100,NaN,NaN,NaN,NaN,NaN,0
广阔,APF-only,24,20263927,1,301.840641895898,0.0021353,0.0020406,0.0021353,NaN,NaN,NaN,NaN,72,53.671042473467,0.127432159127466,0.6746830105535,1,8,0
广阔,AB-IRRT*,24,20263927,1,221.226373504114,0.0032428,0.002042,0.0010543,0,0.002042,0.0011309,32,100,1.3222034995512,0.157996066854144,0.920535602315692,1,8,0
广阔,RRT*,25,20263928,0,Inf,0.0018046,NaN,0.0017743,0,NaN,NaN,85,100,NaN,NaN,NaN,NaN,NaN,0
广阔,Informed-RRT*,25,20263928,0,Inf,0.0017766,NaN,0.0017151,0,NaN,NaN,85,100,NaN,NaN,NaN,NaN,NaN,0
广阔,PRM*,25,20263928,1,225.693504038203,0.0071427,0.0001026,0.0070914,0,NaN,NaN,102,100,1.06672946708107,0.0885655055765255,0.902315526756387,NaN,NaN,0
广阔,FMT*,25,20263928,1,255.103110397092,0.0019755,0.0018078,0.0019071,0,NaN,NaN,102,100,1.52731466749155,3.3404035363391,0.798291924644628,NaN,NaN,0
广阔,BIT*,25,20263928,1,255.103110397092,0.0060669,0.0059576,0.0059698,0,NaN,NaN,98,100,1.52731466749155,3.3404035363391,0.798291924644628,NaN,NaN,0
广阔,RRT#,25,20263928,0,Inf,0.0033529,NaN,0.0032757,0,NaN,NaN,85,100,NaN,NaN,NaN,NaN,NaN,0
广阔,APF-only,25,20263928,1,301.840641895898,0.002242,0.0021222,0.002242,NaN,NaN,NaN,NaN,72,53.671042473467,0.127432159127466,0.6746830105535,1,8,0
广阔,AB-IRRT*,25,20263928,1,221.226373504114,0.0035312,0.0022594,0.0011021,0,0.0022594,0.001178,29,100,1.3222034995512,0.157996066854144,0.920535602315692,1,8,0
广阔,RRT*,26,20263929,0,Inf,0.0026833,NaN,0.0026372,0,NaN,NaN,91,100,NaN,NaN,NaN,NaN,NaN,0
广阔,Informed-RRT*,26,20263929,0,Inf,0.0033095,NaN,0.003222,0,NaN,NaN,91,100,NaN,NaN,NaN,NaN,NaN,0
广阔,PRM*,26,20263929,1,243.935904815207,0.0093111,8.14e-05,0.009235,0,NaN,NaN,102,100,2.64199919663818,1.33156601107729,0.83483713943627,NaN,NaN,0
广阔,FMT*,26,20263929,1,261.009020398874,0.0036146,0.0031991,0.0034924,0,NaN,NaN,102,100,1.83381909955912,4.31644839431859,0.780228793129497,NaN,NaN,0
广阔,BIT*,26,20263929,1,261.009020398874,0.0101129,0.0100027,0.0100148,0,NaN,NaN,96,100,1.83381909955912,4.31644839431859,0.780228793129497,NaN,NaN,0
广阔,RRT#,26,20263929,0,Inf,0.0025816,NaN,0.0025275,0,NaN,NaN,91,100,NaN,NaN,NaN,NaN,NaN,0
广阔,APF-only,26,20263929,1,301.840641895898,0.0021883,0.0020925,0.0021883,NaN,NaN,NaN,NaN,72,53.671042473467,0.127432159127466,0.6746830105535,1,8,0
广阔,AB-IRRT*,26,20263929,1,221.226373504114,0.0044251,0.0029661,0.0012644,0,0.0029661,0.0013619,25,100,1.3222034995512,0.157996066854144,0.920535602315692,1,8,0
广阔,RRT*,27,20263930,0,Inf,0.0028999,NaN,0.0028485,0,NaN,NaN,81,100,NaN,NaN,NaN,NaN,NaN,0
广阔,Informed-RRT*,27,20263930,0,Inf,0.0029134,NaN,0.0028243,0,NaN,NaN,81,100,NaN,NaN,NaN,NaN,NaN,0
广阔,PRM*,27,20263930,1,234.425407680289,0.0100088,0.0005669,0.0099284,0,NaN,NaN,102,100,1.66735836224898,0.70388643935875,0.868705977721752,NaN,NaN,0
广阔,FMT*,27,20263930,1,294.434375115575,0.0031639,0.0028053,0.0030701,0,NaN,NaN,102,100,2.3526460218309,3.03942781681628,0.691654134819644,NaN,NaN,0
广阔,BIT*,27,20263930,1,291.3630750899,0.0089138,0.008814,0.0088261,0,NaN,NaN,97,100,2.95205252581865,6.64391607118034,0.698944960403409,NaN,NaN,0
广阔,RRT#,27,20263930,0,Inf,0.0027059,NaN,0.0026351,0,NaN,NaN,81,100,NaN,NaN,NaN,NaN,NaN,0
广阔,APF-only,27,20263930,1,301.840641895898,0.0019431,0.0018555,0.0019431,NaN,NaN,NaN,NaN,72,53.671042473467,0.127432159127466,0.6746830105535,1,8,0
广阔,AB-IRRT*,27,20263930,1,221.226373504114,0.0041673,0.0026786,0.0012983,0,0.0026786,0.0013995,35,100,1.3222034995512,0.157996066854144,0.920535602315692,1,8,0
广阔,RRT*,28,20263931,0,Inf,0.0026807,NaN,0.0026335,0,NaN,NaN,81,100,NaN,NaN,NaN,NaN,NaN,0
广阔,Informed-RRT*,28,20263931,0,Inf,0.0028245,NaN,0.0027357,0,NaN,NaN,81,100,NaN,NaN,NaN,NaN,NaN,0
广阔,PRM*,28,20263931,1,232.522808367779,0.0105797,0.0002385,0.0105025,0,NaN,NaN,102,100,2.01391930057479,0.433522946733027,0.87581409501824,NaN,NaN,0
广阔,FMT*,28,20263931,1,315.588329231642,0.004635,0.0043535,0.0045394,0,NaN,NaN,102,100,2.72696763725229,2.62542649516937,0.645292408238104,NaN,NaN,0
广阔,BIT*,28,20263931,1,296.077616839797,0.0085492,0.0066259,0.0073056,0,NaN,NaN,101,100,3.99870214017169,0.239342734799099,0.687815428789796,NaN,NaN,0
广阔,RRT#,28,20263931,0,Inf,0.0031171,NaN,0.0030523,0,NaN,NaN,81,100,NaN,NaN,NaN,NaN,NaN,0
广阔,APF-only,28,20263931,1,301.840641895898,0.0022052,0.0021088,0.0022052,NaN,NaN,NaN,NaN,72,53.671042473467,0.127432159127466,0.6746830105535,1,8,0
广阔,AB-IRRT*,28,20263931,1,221.226373504114,0.0038143,0.0022682,0.0013598,0,0.0022682,0.0014632,25,100,1.3222034995512,0.157996066854144,0.920535602315692,1,8,0
广阔,RRT*,29,20263932,0,Inf,0.0049065,NaN,0.0048292,0,NaN,NaN,85,100,NaN,NaN,NaN,NaN,NaN,0
广阔,Informed-RRT*,29,20263932,0,Inf,0.0054269,NaN,0.0052672,0,NaN,NaN,85,100,NaN,NaN,NaN,NaN,NaN,0
广阔,PRM*,29,20263932,1,246.134942521702,0.0116444,0.0009333,0.0115566,0,NaN,NaN,102,100,2.3458666111243,3.93189935247008,0.827378473350123,NaN,NaN,0
广阔,FMT*,29,20263932,1,259.991055594256,0.0036831,0.0033395,0.0035965,0,NaN,NaN,102,100,2.18325595536124,0.692531416643135,0.783283688418645,NaN,NaN,0
广阔,BIT*,29,20263932,1,259.991055594256,0.0128591,0.012718,0.0127353,0,NaN,NaN,98,100,2.18325595536124,0.692531416643135,0.783283688418645,NaN,NaN,0
广阔,RRT#,29,20263932,0,Inf,0.0030112,NaN,0.0029444,0,NaN,NaN,85,100,NaN,NaN,NaN,NaN,NaN,0
广阔,APF-only,29,20263932,1,301.840641895898,0.002107,0.0020136,0.002107,NaN,NaN,NaN,NaN,72,53.671042473467,0.127432159127466,0.6746830105535,1,8,0
广阔,AB-IRRT*,29,20263932,1,221.226373504114,0.0034908,0.0022257,0.0011063,0,0.0022257,0.0011883,25,100,1.3222034995512,0.157996066854144,0.920535602315692,1,8,0
广阔,RRT*,30,20263933,0,Inf,0.0030141,NaN,0.0029489,0,NaN,NaN,63,100,NaN,NaN,NaN,NaN,NaN,0
广阔,Informed-RRT*,30,20263933,0,Inf,0.0030816,NaN,0.0029635,0,NaN,NaN,63,100,NaN,NaN,NaN,NaN,NaN,0
广阔,PRM*,30,20263933,1,256.291305335485,0.0112442,0.0014473,0.0111278,0,NaN,NaN,102,100,1.46154274533261,2.72848496561767,0.794590954676173,NaN,NaN,0
广阔,FMT*,30,20263933,1,244.789212117514,0.0048569,0.0045469,0.004741,0,NaN,NaN,102,100,1.49609964625973,0.751476448859947,0.831926992289035,NaN,NaN,0
广阔,BIT*,30,20263933,1,241.645915026049,0.012221,0.0121012,0.0121145,0,NaN,NaN,95,100,1.99568454834767,0.609279461726497,0.842748585093081,NaN,NaN,0
广阔,RRT#,30,20263933,0,Inf,0.0019859,NaN,0.0019196,0,NaN,NaN,63,100,NaN,NaN,NaN,NaN,NaN,0
广阔,APF-only,30,20263933,1,301.840641895898,0.0019239,0.0018405,0.0019239,NaN,NaN,NaN,NaN,72,53.671042473467,0.127432159127466,0.6746830105535,1,8,0
广阔,AB-IRRT*,30,20263933,1,221.226373504114,0.0068246,0.0043628,0.0021224,0,0.0043628,0.0023182,21,100,1.3222034995512,0.157996066854144,0.920535602315692,1,8,0
广阔,RRT*,31,20263934,0,Inf,0.0027872,NaN,0.0027052,0,NaN,NaN,65,100,NaN,NaN,NaN,NaN,NaN,0
广阔,Informed-RRT*,31,20263934,0,Inf,0.0024433,NaN,0.0023316,0,NaN,NaN,65,100,NaN,NaN,NaN,NaN,NaN,0
广阔,PRM*,31,20263934,1,247.838096138516,0.0095162,0.0003098,0.009426,0,NaN,NaN,102,100,2.48947675454861,1.41162941617832,0.821692694362485,NaN,NaN,0
广阔,FMT*,31,20263934,1,267.478019922261,0.0054256,0.0051354,0.0052934,0,NaN,NaN,102,100,4.01348401882783,3.16404763019059,0.761358832553468,NaN,NaN,0
广阔,BIT*,31,20263934,1,220.992356401807,0.0076597,0.0075206,0.0075361,0,NaN,NaN,99,100,1.67906345171322,1.63808367968596,0.92151039202214,NaN,NaN,0
广阔,RRT#,31,20263934,0,Inf,0.002286,NaN,0.002215,0,NaN,NaN,65,100,NaN,NaN,NaN,NaN,NaN,0
广阔,APF-only,31,20263934,1,301.840641895898,0.0019868,0.0018895,0.0019868,NaN,NaN,NaN,NaN,72,53.671042473467,0.127432159127466,0.6746830105535,1,8,0
广阔,AB-IRRT*,31,20263934,1,221.226373504114,0.003438,0.0022777,0.0009811,0,0.0022777,0.0010736,18,100,1.3222034995512,0.157996066854144,0.920535602315692,1,8,0
广阔,RRT*,32,20263935,0,Inf,0.0023918,NaN,0.0023369,0,NaN,NaN,82,100,NaN,NaN,NaN,NaN,NaN,0
广阔,Informed-RRT*,32,20263935,0,Inf,0.0023241,NaN,0.0022335,0,NaN,NaN,82,100,NaN,NaN,NaN,NaN,NaN,0
广阔,PRM*,32,20263935,1,252.994948881289,0.0083079,0.0001482,0.0082244,0,NaN,NaN,102,100,1.91567677120771,1.72063891647902,0.804943948020407,NaN,NaN,0
广阔,FMT*,32,20263935,1,272.405790828712,0.0031611,0.002738,0.0030485,0,NaN,NaN,102,100,3.90671030547836,4.78677330169707,0.74758599059951,NaN,NaN,0
广阔,BIT*,32,20263935,1,272.405790828712,0.0076881,0.0075477,0.0075617,0,NaN,NaN,99,100,3.90671030547836,4.78677330169707,0.74758599059951,NaN,NaN,0
广阔,RRT#,32,20263935,0,Inf,0.0033946,NaN,0.0033217,0,NaN,NaN,82,100,NaN,NaN,NaN,NaN,NaN,0
广阔,APF-only,32,20263935,1,301.840641895898,0.0026327,0.0025224,0.0026327,NaN,NaN,NaN,NaN,72,53.671042473467,0.127432159127466,0.6746830105535,1,8,0
广阔,AB-IRRT*,32,20263935,1,221.226373504114,0.0040014,0.0028231,0.0010009,0,0.0028231,0.0010873,12,100,1.3222034995512,0.157996066854144,0.920535602315692,1,8,0
广阔,RRT*,33,20263936,0,Inf,0.0026379,NaN,0.0025816,0,NaN,NaN,67,100,NaN,NaN,NaN,NaN,NaN,0
广阔,Informed-RRT*,33,20263936,0,Inf,0.0025036,NaN,0.0024045,0,NaN,NaN,67,100,NaN,NaN,NaN,NaN,NaN,0
广阔,PRM*,33,20263936,1,248.393597043497,0.0089066,0.0002226,0.0088207,0,NaN,NaN,102,100,1.46885491731972,0.896911362552103,0.819855082440248,NaN,NaN,0
广阔,FMT*,33,20263936,1,235.759128352769,0.0041926,0.0036355,0.0041006,0,NaN,NaN,102,100,3.70068731668756,0.290301623796251,0.863791592735305,NaN,NaN,0
广阔,BIT*,33,20263936,1,235.759128352769,0.019257,0.0191112,0.019127,0,NaN,NaN,91,100,3.70068731668756,0.290301623796251,0.863791592735305,NaN,NaN,0
广阔,RRT#,33,20263936,0,Inf,0.0027482,NaN,0.0026737,0,NaN,NaN,67,100,NaN,NaN,NaN,NaN,NaN,0
广阔,APF-only,33,20263936,1,301.840641895898,0.0022173,0.0021168,0.0022173,NaN,NaN,NaN,NaN,72,53.671042473467,0.127432159127466,0.6746830105535,1,8,0
广阔,AB-IRRT*,33,20263936,1,221.226373504114,0.004255,0.0022116,0.0018695,0,0.0022116,0.0019619,55,100,1.3222034995512,0.157996066854144,0.920535602315692,1,8,0
广阔,RRT*,34,20263937,0,Inf,0.0029967,NaN,0.002932,0,NaN,NaN,89,100,NaN,NaN,NaN,NaN,NaN,0
广阔,Informed-RRT*,34,20263937,0,Inf,0.0025427,NaN,0.002449,0,NaN,NaN,89,100,NaN,NaN,NaN,NaN,NaN,0
广阔,PRM*,34,20263937,1,265.299179049183,0.0135015,0.0002751,0.013392,0,NaN,NaN,102,100,4.15669222076445,3.14541297959451,0.767611696770354,NaN,NaN,0
广阔,FMT*,34,20263937,1,246.674229436519,0.0021503,0.0016917,0.0020553,0,NaN,NaN,102,100,2.72803516109951,1.18724966312393,0.825569632656474,NaN,NaN,0
广阔,BIT*,34,20263937,1,246.674229436519,0.0104226,0.010295,0.0103084,0,NaN,NaN,98,100,2.72803516109951,1.18724966312393,0.825569632656474,NaN,NaN,0
广阔,RRT#,34,20263937,0,Inf,0.0032503,NaN,0.003181,0,NaN,NaN,89,100,NaN,NaN,NaN,NaN,NaN,0
广阔,APF-only,34,20263937,1,301.840641895898,0.0022673,0.0021648,0.0022673,NaN,NaN,NaN,NaN,72,53.671042473467,0.127432159127466,0.6746830105535,1,8,0
广阔,AB-IRRT*,34,20263937,1,221.226373504114,0.0043776,0.0027719,0.0013871,0,0.0027719,0.0014959,25,100,1.3222034995512,0.157996066854144,0.920535602315692,1,8,0
广阔,RRT*,35,20263938,0,Inf,0.0022962,NaN,0.0022508,0,NaN,NaN,80,100,NaN,NaN,NaN,NaN,NaN,0
广阔,Informed-RRT*,35,20263938,0,Inf,0.0023303,NaN,0.0022558,0,NaN,NaN,80,100,NaN,NaN,NaN,NaN,NaN,0
广阔,PRM*,35,20263938,1,223.532346750247,0.0097165,0.0005125,0.00963,0,NaN,NaN,102,100,2.31891728344451,3.05299447332388,0.911039301212455,NaN,NaN,0
广阔,FMT*,35,20263938,1,256.392862854146,0.0040572,0.0037319,0.0039487,0,NaN,NaN,102,100,1.76550591010044,5.71424897745112,0.794276216251674,NaN,NaN,0
广阔,BIT*,35,20263938,1,228.06505238163,0.0096964,0.0095711,0.009585,0,NaN,NaN,98,100,2.33795851752845,0.0577539187267053,0.892932743772403,NaN,NaN,0
广阔,RRT#,35,20263938,0,Inf,0.0028889,NaN,0.002817,0,NaN,NaN,80,100,NaN,NaN,NaN,NaN,NaN,0
广阔,APF-only,35,20263938,1,301.840641895898,0.0022847,0.0021858,0.0022847,NaN,NaN,NaN,NaN,72,53.671042473467,0.127432159127466,0.6746830105535,1,8,0
广阔,AB-IRRT*,35,20263938,1,221.226373504114,0.0047565,0.0032996,0.0012212,0,0.0032996,0.0013471,18,100,1.3222034995512,0.157996066854144,0.920535602315692,1,8,0
广阔,RRT*,36,20263939,0,Inf,0.0028477,NaN,0.0027885,0,NaN,NaN,95,100,NaN,NaN,NaN,NaN,NaN,0
广阔,Informed-RRT*,36,20263939,0,Inf,0.0028402,NaN,0.0027526,0,NaN,NaN,95,100,NaN,NaN,NaN,NaN,NaN,0
广阔,PRM*,36,20263939,1,240.326680836823,0.0110429,0.0005201,0.0109625,0,NaN,NaN,102,100,2.75872974942724,0.611893985799179,0.847374716251325,NaN,NaN,0
广阔,FMT*,36,20263939,1,235.624734582168,0.0079972,0.0076034,0.0078792,0,NaN,NaN,102,100,2.0709118586702,2.76134216922464,0.86428427534508,NaN,NaN,0
广阔,BIT*,36,20263939,1,235.624734582168,0.0096013,0.0094776,0.0094913,0,NaN,NaN,94,100,2.0709118586702,2.76134216922464,0.86428427534508,NaN,NaN,0
广阔,RRT#,36,20263939,0,Inf,0.0030798,NaN,0.003016,0,NaN,NaN,95,100,NaN,NaN,NaN,NaN,NaN,0
广阔,APF-only,36,20263939,1,301.840641895898,0.0021422,0.0020481,0.0021422,NaN,NaN,NaN,NaN,72,53.671042473467,0.127432159127466,0.6746830105535,1,8,0
广阔,AB-IRRT*,36,20263939,1,221.226373504114,0.0047457,0.0027376,0.0018076,0,0.0027376,0.0019091,45,100,1.3222034995512,0.157996066854144,0.920535602315692,1,8,0
广阔,RRT*,37,20263940,0,Inf,0.0028466,NaN,0.0027975,0,NaN,NaN,82,100,NaN,NaN,NaN,NaN,NaN,0
广阔,Informed-RRT*,37,20263940,0,Inf,0.00323,NaN,0.0031304,0,NaN,NaN,82,100,NaN,NaN,NaN,NaN,NaN,0
广阔,PRM*,37,20263940,1,235.928311086812,0.008962,0.0001175,0.0088918,0,NaN,NaN,102,100,2.80942771947432,0.199632641610909,0.863172173121658,NaN,NaN,0
广阔,FMT*,37,20263940,1,259.830707748564,0.0038155,0.0034379,0.0037229,0,NaN,NaN,102,100,1.80874414160995,0.724370918161373,0.783767071822753,NaN,NaN,0
广阔,BIT*,37,20263940,1,252.467684982962,0.0067313,0.0066296,0.0066408,0,NaN,NaN,99,100,3.68754857240799,0.391588317413152,0.806625026072027,NaN,NaN,0
广阔,RRT#,37,20263940,0,Inf,0.0032024,NaN,0.0031348,0,NaN,NaN,82,100,NaN,NaN,NaN,NaN,NaN,0
广阔,APF-only,37,20263940,1,301.840641895898,0.0021071,0.0020145,0.0021071,NaN,NaN,NaN,NaN,72,53.671042473467,0.127432159127466,0.6746830105535,1,8,0
广阔,AB-IRRT*,37,20263940,1,221.226373504114,0.0051011,0.0029823,0.0019195,0,0.0029823,0.002026,41,100,1.3222034995512,0.157996066854144,0.920535602315692,1,8,0
广阔,RRT*,38,20263941,0,Inf,0.0021758,NaN,0.0021271,0,NaN,NaN,57,100,NaN,NaN,NaN,NaN,NaN,0
广阔,Informed-RRT*,38,20263941,0,Inf,0.0022316,NaN,0.0021151,0,NaN,NaN,57,100,NaN,NaN,NaN,NaN,NaN,0
广阔,PRM*,38,20263941,1,248.558272629673,0.0101007,0.0002148,0.0100293,0,NaN,NaN,102,100,2.59035179856954,1.82695532694083,0.819311909546212,NaN,NaN,0
广阔,FMT*,38,20263941,1,275.45104305173,0.0022874,0.0020621,0.0022074,0,NaN,NaN,102,100,2.11447244308631,4.0899139882963,0.739321044950557,NaN,NaN,0
广阔,BIT*,38,20263941,1,268.664396380606,0.0093395,0.0092278,0.0092408,0,NaN,NaN,94,100,4.48221899686089,1.25607651445397,0.757996800935349,NaN,NaN,0
广阔,RRT#,38,20263941,0,Inf,0.0020886,NaN,0.002023,0,NaN,NaN,57,100,NaN,NaN,NaN,NaN,NaN,0
广阔,APF-only,38,20263941,1,301.840641895898,0.001806,0.0017206,0.001806,NaN,NaN,NaN,NaN,72,53.671042473467,0.127432159127466,0.6746830105535,1,8,0
广阔,AB-IRRT*,38,20263941,1,221.226373504114,0.002803,0.0017169,0.000947,0,0.0017169,0.0010206,23,100,1.3222034995512,0.157996066854144,0.920535602315692,1,8,0
广阔,RRT*,39,20263942,0,Inf,0.0029984,NaN,0.0029435,0,NaN,NaN,93,100,NaN,NaN,NaN,NaN,NaN,0
广阔,Informed-RRT*,39,20263942,0,Inf,0.0025612,NaN,0.0024846,0,NaN,NaN,93,100,NaN,NaN,NaN,NaN,NaN,0
广阔,PRM*,39,20263942,1,246.413031762375,0.0070032,0.0001379,0.0069431,0,NaN,NaN,102,100,2.70859164192603,3.56067484977996,0.826444735999635,NaN,NaN,0
广阔,FMT*,39,20263942,1,258.375571998369,0.001975,0.0018054,0.0018878,0,NaN,NaN,102,100,4.40873250971815,2.61931924933503,0.788181140371162,NaN,NaN,0
广阔,BIT*,39,20263942,1,234.167039725159,0.020529,0.0204296,0.0204411,0,NaN,NaN,95,100,2.5836368771805,2.56979750057942,0.869664463541689,NaN,NaN,0
广阔,RRT#,39,20263942,0,Inf,0.0027706,NaN,0.002718,0,NaN,NaN,93,100,NaN,NaN,NaN,NaN,NaN,0
广阔,APF-only,39,20263942,1,301.840641895898,0.0014472,0.0013766,0.0014472,NaN,NaN,NaN,NaN,72,53.671042473467,0.127432159127466,0.6746830105535,1,8,0
广阔,AB-IRRT*,39,20263942,1,221.226373504114,0.0025339,0.0015826,0.0008254,0,0.0015826,0.0008872,25,100,1.3222034995512,0.157996066854144,0.920535602315692,1,8,0
广阔,RRT*,40,20263943,0,Inf,0.0020452,NaN,0.0020033,0,NaN,NaN,70,100,NaN,NaN,NaN,NaN,NaN,0
广阔,Informed-RRT*,40,20263943,0,Inf,0.0018264,NaN,0.0017599,0,NaN,NaN,70,100,NaN,NaN,NaN,NaN,NaN,0
广阔,PRM*,40,20263943,1,226.275444091792,0.0076969,0.0005481,0.0076491,0,NaN,NaN,102,100,1.02622613424503,0.380784688782151,0.899994932278702,NaN,NaN,0
广阔,FMT*,40,20263943,1,259.00444383273,0.0027707,0.0025721,0.0027012,0,NaN,NaN,102,100,2.77109782847605,1.39959962218943,0.786267409038143,NaN,NaN,0
广阔,BIT*,40,20263943,1,244.456482919868,0.0068392,0.0067466,0.0067585,0,NaN,NaN,98,100,3.30679231030407,1.39893688430294,0.833059326344315,NaN,NaN,0
广阔,RRT#,40,20263943,0,Inf,0.0021264,NaN,0.0020639,0,NaN,NaN,70,100,NaN,NaN,NaN,NaN,NaN,0
广阔,APF-only,40,20263943,1,301.840641895898,0.0015728,0.0014961,0.0015728,NaN,NaN,NaN,NaN,72,53.671042473467,0.127432159127466,0.6746830105535,1,8,0
广阔,AB-IRRT*,40,20263943,1,221.226373504114,0.0049069,0.002874,0.0018279,0,0.002874,0.0019353,41,100,1.3222034995512,0.157996066854144,0.920535602315692,1,8,0
广阔,RRT*,41,20263944,0,Inf,0.0020903,NaN,0.0020414,0,NaN,NaN,75,100,NaN,NaN,NaN,NaN,NaN,0
广阔,Informed-RRT*,41,20263944,0,Inf,0.0018221,NaN,0.0017585,0,NaN,NaN,75,100,NaN,NaN,NaN,NaN,NaN,0
广阔,PRM*,41,20263944,1,214.876172732094,0.0066984,0.0001002,0.0066483,0,NaN,NaN,102,100,0.931676085605814,0.402297833965763,0.94774004205497,NaN,NaN,0
广阔,FMT*,41,20263944,1,215.613213470466,0.002808,0.0026808,0.0027386,0,NaN,NaN,102,100,0.838485135155254,0.311863284802193,0.94450033791468,NaN,NaN,0
广阔,BIT*,41,20263944,1,215.497129564973,0.0067941,0.006715,0.0067241,0,NaN,NaN,96,100,0.758324634047481,0.311920062830602,0.94500912096987,NaN,NaN,0
广阔,RRT#,41,20263944,0,Inf,0.0021482,NaN,0.0020959,0,NaN,NaN,75,100,NaN,NaN,NaN,NaN,NaN,0
广阔,APF-only,41,20263944,1,301.840641895898,0.0017348,0.0016588,0.0017348,NaN,NaN,NaN,NaN,72,53.671042473467,0.127432159127466,0.6746830105535,1,8,0
广阔,AB-IRRT*,41,20263944,1,221.226373504114,0.0057018,0.0032235,0.0022571,0,0.0032235,0.0023765,29,100,1.3222034995512,0.157996066854144,0.920535602315692,1,8,0
广阔,RRT*,42,20263945,0,Inf,0.0021256,NaN,0.0020859,0,NaN,NaN,72,100,NaN,NaN,NaN,NaN,NaN,0
广阔,Informed-RRT*,42,20263945,0,Inf,0.0018861,NaN,0.0018213,0,NaN,NaN,72,100,NaN,NaN,NaN,NaN,NaN,0
广阔,PRM*,42,20263945,1,255.475970041826,0.0074189,0.0001844,0.0073656,0,NaN,NaN,102,100,1.30968969220424,3.22111561663635,0.79712684112085,NaN,NaN,0
广阔,FMT*,42,20263945,1,349.809436853754,0.0015109,0.0013651,0.0014412,0,NaN,NaN,102,100,2.50904916196348,1.12240736447807,0.582164834697885,NaN,NaN,0
广阔,BIT*,42,20263945,1,349.809436853754,0.0070724,0.0069625,0.0069759,0,NaN,NaN,99,100,2.50904916196348,1.12240736447807,0.582164834697885,NaN,NaN,0
广阔,RRT#,42,20263945,0,Inf,0.0076607,NaN,0.0075483,0,NaN,NaN,72,100,NaN,NaN,NaN,NaN,NaN,0
广阔,APF-only,42,20263945,1,301.840641895898,0.0036874,0.003484,0.0036874,NaN,NaN,NaN,NaN,72,53.671042473467,0.127432159127466,0.6746830105535,1,8,0
广阔,AB-IRRT*,42,20263945,1,221.226373504114,0.0034378,0.0023438,0.0009333,0,0.0023438,0.0010159,17,100,1.3222034995512,0.157996066854144,0.920535602315692,1,8,0
广阔,RRT*,43,20263946,0,Inf,0.0020404,NaN,0.0019976,0,NaN,NaN,69,100,NaN,NaN,NaN,NaN,NaN,0
广阔,Informed-RRT*,43,20263946,0,Inf,0.0020245,NaN,0.0019511,0,NaN,NaN,69,100,NaN,NaN,NaN,NaN,NaN,0
广阔,PRM*,43,20263946,1,255.495191792151,0.009619,0.0001503,0.0095537,0,NaN,NaN,102,100,3.69186237260221,1.24710604030359,0.797066870625867,NaN,NaN,0
广阔,FMT*,43,20263946,1,226.410808145709,0.0020468,0.0018686,0.0019591,0,NaN,NaN,102,100,2.96221219226253,0.36263859716486,0.899456853007946,NaN,NaN,0
广阔,BIT*,43,20263946,1,226.410808145709,0.0078013,0.0077003,0.0077128,0,NaN,NaN,99,100,2.96221219226253,0.36263859716486,0.899456853007946,NaN,NaN,0
广阔,RRT#,43,20263946,0,Inf,0.0022756,NaN,0.0022214,0,NaN,NaN,69,100,NaN,NaN,NaN,NaN,NaN,0
广阔,APF-only,43,20263946,1,301.840641895898,0.0022125,0.0021224,0.0022125,NaN,NaN,NaN,NaN,72,53.671042473467,0.127432159127466,0.6746830105535,1,8,0
广阔,AB-IRRT*,43,20263946,1,221.226373504114,0.0038908,0.0021751,0.001554,0,0.0021751,0.0016352,41,100,1.3222034995512,0.157996066854144,0.920535602315692,1,8,0
广阔,RRT*,44,20263947,0,Inf,0.0023329,NaN,0.0022715,0,NaN,NaN,61,100,NaN,NaN,NaN,NaN,NaN,0
广阔,Informed-RRT*,44,20263947,0,Inf,0.0021224,NaN,0.0020418,0,NaN,NaN,61,100,NaN,NaN,NaN,NaN,NaN,0
广阔,PRM*,44,20263947,1,260.577858971,0.0093314,0.000346,0.0092671,0,NaN,NaN,102,100,3.1262413570697,1.39523076686217,0.78151978754415,NaN,NaN,0
广阔,FMT*,44,20263947,1,256.611661071848,0.0074006,0.0070898,0.0072951,0,NaN,NaN,102,100,1.92002805489498,0.448086459804978,0.793598981944578,NaN,NaN,0
广阔,BIT*,44,20263947,1,256.611661071848,0.0148373,0.0147204,0.014733,0,NaN,NaN,93,100,1.92002805489498,0.448086459804978,0.793598981944578,NaN,NaN,0
广阔,RRT#,44,20263947,0,Inf,0.0026944,NaN,0.0026328,0,NaN,NaN,61,100,NaN,NaN,NaN,NaN,NaN,0
广阔,APF-only,44,20263947,1,301.840641895898,0.0020839,0.0019863,0.0020839,NaN,NaN,NaN,NaN,72,53.671042473467,0.127432159127466,0.6746830105535,1,8,0
广阔,AB-IRRT*,44,20263947,1,221.226373504114,0.0028162,0.0018379,0.0008502,0,0.0018379,0.0009176,24,100,1.3222034995512,0.157996066854144,0.920535602315692,1,8,0
广阔,RRT*,45,20263948,0,Inf,0.0017344,NaN,0.001701,0,NaN,NaN,79,100,NaN,NaN,NaN,NaN,NaN,0
广阔,Informed-RRT*,45,20263948,0,Inf,0.0020813,NaN,0.0020147,0,NaN,NaN,79,100,NaN,NaN,NaN,NaN,NaN,0
广阔,PRM*,45,20263948,1,247.637843364211,0.0081329,0.0001149,0.0080733,0,NaN,NaN,102,100,2.71581554300178,1.35183725234687,0.822357157594099,NaN,NaN,0
广阔,FMT*,45,20263948,1,222.287421979327,0.0035362,0.0033482,0.003421,0,NaN,NaN,102,100,1.03523045986961,0.357957221757147,0.916141593475607,NaN,NaN,0
广阔,BIT*,45,20263948,1,222.287421979327,0.0077712,0.0076644,0.0076748,0,NaN,NaN,99,100,1.03523045986961,0.357957221757147,0.916141593475607,NaN,NaN,0
广阔,RRT#,45,20263948,0,Inf,0.0030532,NaN,0.0029868,0,NaN,NaN,79,100,NaN,NaN,NaN,NaN,NaN,0
广阔,APF-only,45,20263948,1,301.840641895898,0.0022199,0.0021308,0.0022199,NaN,NaN,NaN,NaN,72,53.671042473467,0.127432159127466,0.6746830105535,1,8,0
广阔,AB-IRRT*,45,20263948,1,221.226373504114,0.0051975,0.0027766,0.0022514,0,0.0027766,0.0023383,66,100,1.3222034995512,0.157996066854144,0.920535602315692,1,8,0
广阔,RRT*,46,20263949,0,Inf,0.0023721,NaN,0.0023172,0,NaN,NaN,70,100,NaN,NaN,NaN,NaN,NaN,0
广阔,Informed-RRT*,46,20263949,0,Inf,0.0026162,NaN,0.0025138,0,NaN,NaN,70,100,NaN,NaN,NaN,NaN,NaN,0
广阔,PRM*,46,20263949,1,257.845254603786,0.0086729,0.000274,0.0085441,0,NaN,NaN,102,100,1.60964588502431,3.71909475182295,0.789802214101852,NaN,NaN,0
广阔,FMT*,46,20263949,1,251.152903767341,0.0057301,0.0053999,0.005634,0,NaN,NaN,102,100,4.97688616897399,0.0679428760950316,0.810847694480078,NaN,NaN,0
广阔,BIT*,46,20263949,1,236.421802723179,0.0110415,0.0109337,0.0109451,0,NaN,NaN,97,100,1.86897538698201,0.127718828743269,0.861370443148897,NaN,NaN,0
广阔,RRT#,46,20263949,0,Inf,0.001958,NaN,0.0019131,0,NaN,NaN,70,100,NaN,NaN,NaN,NaN,NaN,0
广阔,APF-only,46,20263949,1,301.840641895898,0.0016636,0.0015929,0.0016636,NaN,NaN,NaN,NaN,72,53.671042473467,0.127432159127466,0.6746830105535,1,8,0
广阔,AB-IRRT*,46,20263949,1,221.226373504114,0.0044974,0.0029961,0.0013002,0,0.0029961,0.0014034,22,100,1.3222034995512,0.157996066854144,0.920535602315692,1,8,0
广阔,RRT*,47,20263950,0,Inf,0.0029857,NaN,0.0029412,0,NaN,NaN,81,100,NaN,NaN,NaN,NaN,NaN,0
广阔,Informed-RRT*,47,20263950,0,Inf,0.0027469,NaN,0.002662,0,NaN,NaN,81,100,NaN,NaN,NaN,NaN,NaN,0
广阔,PRM*,47,20263950,1,239.606687638312,0.0096712,0.0002729,0.0095932,0,NaN,NaN,102,100,2.94334289804515,1.98135220458685,0.849920989221852,NaN,NaN,0
广阔,FMT*,47,20263950,1,256.551909956373,0.0057873,0.0055951,0.0057107,0,NaN,NaN,102,100,2.73731230061303,1.00534356412485,0.793783811690804,NaN,NaN,0
广阔,BIT*,47,20263950,1,254.704670684235,0.0073884,0.0073124,0.0073206,0,NaN,NaN,95,100,1.58361959895994,1.01385673626947,0.799540708989169,NaN,NaN,0
广阔,RRT#,47,20263950,0,Inf,0.0047759,NaN,0.0046434,0,NaN,NaN,81,100,NaN,NaN,NaN,NaN,NaN,0
广阔,APF-only,47,20263950,1,301.840641895898,0.0066184,0.006262,0.0066184,NaN,NaN,NaN,NaN,72,53.671042473467,0.127432159127466,0.6746830105535,1,8,0
广阔,AB-IRRT*,47,20263950,1,221.226373504114,0.0032505,0.0019483,0.0011599,0,0.0019483,0.0012312,40,100,1.3222034995512,0.157996066854144,0.920535602315692,1,8,0
广阔,RRT*,48,20263951,0,Inf,0.0018336,NaN,0.0017991,0,NaN,NaN,87,100,NaN,NaN,NaN,NaN,NaN,0
广阔,Informed-RRT*,48,20263951,0,Inf,0.0029366,NaN,0.0028617,0,NaN,NaN,87,100,NaN,NaN,NaN,NaN,NaN,0
广阔,PRM*,48,20263951,1,262.395773364299,0.0091047,0.0002188,0.0090081,0,NaN,NaN,102,100,3.34293641545634,1.62068371262286,0.77610530981759,NaN,NaN,0
广阔,FMT*,48,20263951,1,251.946718291316,0.0037793,0.0034444,0.0036937,0,NaN,NaN,102,100,2.26603446119189,4.26211027608043,0.80829293734343,NaN,NaN,0
广阔,BIT*,48,20263951,1,250.921873985886,0.0067509,0.0066583,0.0066692,0,NaN,NaN,99,100,2.11872617383842,4.26212970430111,0.81159426138026,NaN,NaN,0
广阔,RRT#,48,20263951,0,Inf,0.0025465,NaN,0.0024972,0,NaN,NaN,87,100,NaN,NaN,NaN,NaN,NaN,0
广阔,APF-only,48,20263951,1,301.840641895898,0.0018143,0.0017363,0.0018143,NaN,NaN,NaN,NaN,72,53.671042473467,0.127432159127466,0.6746830105535,1,8,0
广阔,AB-IRRT*,48,20263951,1,221.226373504114,0.0051759,0.0030061,0.0019818,0,0.0030061,0.0020893,52,100,1.3222034995512,0.157996066854144,0.920535602315692,1,8,0
广阔,RRT*,49,20263952,0,Inf,0.0026176,NaN,0.0025752,0,NaN,NaN,79,100,NaN,NaN,NaN,NaN,NaN,0
广阔,Informed-RRT*,49,20263952,0,Inf,0.0025927,NaN,0.0025161,0,NaN,NaN,79,100,NaN,NaN,NaN,NaN,NaN,0
广阔,PRM*,49,20263952,1,291.305651904157,0.0118701,7.45e-05,0.0118005,0,NaN,NaN,102,100,5.27944842491816,5.12772026484382,0.699082738870881,NaN,NaN,0
广阔,FMT*,49,20263952,1,298.246976494308,0.0012224,0.0010574,0.0011662,0,NaN,NaN,102,100,3.90091261107999,8.27291345342695,0.682812464271912,NaN,NaN,0
广阔,BIT*,49,20263952,1,259.590722241126,0.0053436,0.0052716,0.0052803,0,NaN,NaN,98,100,3.64793036290086,1.3756605075595,0.784491646017166,NaN,NaN,0
广阔,RRT#,49,20263952,0,Inf,0.0021001,NaN,0.0020519,0,NaN,NaN,79,100,NaN,NaN,NaN,NaN,NaN,0
广阔,APF-only,49,20263952,1,301.840641895898,0.0016005,0.0015323,0.0016005,NaN,NaN,NaN,NaN,72,53.671042473467,0.127432159127466,0.6746830105535,1,8,0
广阔,AB-IRRT*,49,20263952,1,221.226373504114,0.0032937,0.0022302,0.0008926,0,0.0022302,0.0009814,19,100,1.3222034995512,0.157996066854144,0.920535602315692,1,8,0
广阔,RRT*,50,20263953,0,Inf,0.0020197,NaN,0.001978,0,NaN,NaN,76,100,NaN,NaN,NaN,NaN,NaN,0
广阔,Informed-RRT*,50,20263953,0,Inf,0.0017175,NaN,0.0016533,0,NaN,NaN,76,100,NaN,NaN,NaN,NaN,NaN,0
广阔,PRM*,50,20263953,1,239.72720142572,0.0100139,0.0004586,0.0099403,0,NaN,NaN,102,100,1.77733581431528,0.384665726273816,0.84949372357657,NaN,NaN,0
广阔,FMT*,50,20263953,1,268.093357694771,0.0045948,0.0042973,0.0044861,0,NaN,NaN,102,100,1.94408167366649,5.72649540203354,0.759611333651844,NaN,NaN,0
广阔,BIT*,50,20263953,1,264.55825499612,0.0067365,0.0066396,0.0066504,0,NaN,NaN,99,100,3.2860274315262,0.370237231849075,0.769761476483553,NaN,NaN,0
广阔,RRT#,50,20263953,0,Inf,0.0029915,NaN,0.0029186,0,NaN,NaN,76,100,NaN,NaN,NaN,NaN,NaN,0
广阔,APF-only,50,20263953,1,301.840641895898,0.0021163,0.0020076,0.0021163,NaN,NaN,NaN,NaN,72,53.671042473467,0.127432159127466,0.6746830105535,1,8,0
广阔,AB-IRRT*,50,20263953,1,221.226373504114,0.0047237,0.002553,0.0019746,0,0.002553,0.0020862,28,100,1.3222034995512,0.157996066854144,0.920535602315692,1,8,0
