scenario,algorithm,run,seed,success,length,time,firstSolutionTime,tPlanner,tShortcut,tPre,tOpt,nodes,iterations,turnSum,minClear,straightness,escapes,sideFlips,fallback
一般,RRT*,1,20261904,1,210.746861493656,0.0383952,0.0050901,0.0382753,0,NaN,NaN,752,1000,3.08577068737564,1,0.966309778178384,NaN,NaN,0
一般,Informed-RRT*,1,20261904,1,210.400252220925,0.0337021,0.0041791,0.0335332,0,NaN,NaN,677,1000,2.6471345757551,0.203232235588237,0.96790165806404,NaN,NaN,0
一般,PRM*,1,20261904,1,213.367560532955,0.1266492,0.0005756,0.1262134,0,NaN,NaN,1002,1000,2.4143077147555,0.0277621717810259,0.954441024085627,NaN,NaN,0
一般,FMT*,1,20261904,1,218.695625137044,0.0289483,0.0058724,0.0285083,0,NaN,NaN,1002,1000,2.12259191562196,0.0533733262349632,0.931188051220101,NaN,NaN,0
一般,BIT*,1,20261904,1,210.873482609329,0.3089047,0.0141033,0.308378,0,NaN,NaN,523,1000,2.55810490716937,0.0530877576193074,0.965729547697604,NaN,NaN,0
一般,RRT#,1,20261904,1,210.345917906378,0.0389092,0.0056238,0.0383551,0,NaN,NaN,752,1000,2.60176938457681,1,0.968151676099397,NaN,NaN,0
一般,APF-only,1,20261904,1,229.358752665851,0.0023899,0.0022743,0.0023899,NaN,NaN,NaN,NaN,52,16.5135672987644,0.40276509044968,0.887896147911194,1,5,0
一般,AB-IRRT*,1,20261904,1,210.704975741529,0.0322866,0.0016375,0.0289911,0,0.0016375,0.0291459,685,1000,2.99473908349543,1,0.966501869569221,1,5,0
一般,RRT*,2,20261905,1,215.42050561261,0.0407515,0.0135729,0.0406301,0,NaN,NaN,753,1000,6.44614975358295,0.633439229611509,0.945345255794466,NaN,NaN,0
一般,Informed-RRT*,2,20261905,1,211.165166190227,0.0412877,0.0065712,0.0411371,0,NaN,NaN,693,1000,3.26265919127319,0.77782249122646,0.964395580274216,NaN,NaN,0
一般,PRM*,2,20261905,1,212.458705995365,0.1373429,0.0005939,0.1372464,0,NaN,NaN,1002,1000,3.75242444108463,0.128070032390408,0.958523925991381,NaN,NaN,0
一般,FMT*,2,20261905,1,216.920986504559,0.0540844,0.0088215,0.0539686,0,NaN,NaN,1002,1000,4.29535483146753,0.227151933842935,0.938806135188981,NaN,NaN,0
一般,BIT*,2,20261905,0,Inf,0.5240314,NaN,0.5238879,0,NaN,NaN,817,1000,NaN,NaN,NaN,NaN,NaN,0
一般,RRT#,2,20261905,1,213.346837625564,0.0419014,0.0073837,0.0417583,0,NaN,NaN,753,1000,4.42905094086117,0.728235175007677,0.954533731309099,NaN,NaN,0
一般,APF-only,2,20261905,1,229.358752665851,0.0018152,0.0017111,0.0018152,NaN,NaN,NaN,NaN,52,16.5135672987644,0.40276509044968,0.887896147911194,1,5,0
一般,AB-IRRT*,2,20261905,1,209.808288449391,0.0407875,0.0017766,0.0386956,0,0.0017766,0.0388933,680,1000,2.93363589505132,0.329227426954731,0.970632545009527,1,5,0
一般,RRT*,3,20261906,1,220.661665418474,0.0555668,0.0169092,0.0554593,0,NaN,NaN,763,1000,6.22414192718764,0.206604426829961,0.922891398447118,NaN,NaN,0
一般,Informed-RRT*,3,20261906,1,213.933398401884,0.0315309,0.0052185,0.0314238,0,NaN,NaN,666,1000,6.50227571366629,0.166430767595793,0.951916598824674,NaN,NaN,0
一般,PRM*,3,20261906,1,216.617604191455,0.1224362,0.000265,0.122335,0,NaN,NaN,1002,1000,2.29528030216376,1,0.940120973740136,NaN,NaN,0
一般,FMT*,3,20261906,1,213.761534766052,0.044518,0.0147652,0.0443957,0,NaN,NaN,1002,1000,3.10516975239723,0.051577792587997,0.952681936928474,NaN,NaN,0
一般,BIT*,3,20261906,1,209.616467053389,0.3585308,0.0800748,0.3583992,0,NaN,NaN,616,1000,1.75253880061856,0.0518731858645758,0.971520777181391,NaN,NaN,0
一般,RRT#,3,20261906,1,217.561914558395,0.0444326,0.0076407,0.0443066,0,NaN,NaN,763,1000,5.41862624168719,0.0412076069305076,0.936040452645795,NaN,NaN,0
一般,APF-only,3,20261906,1,229.358752665851,0.001294,0.0012162,0.001294,NaN,NaN,NaN,NaN,52,16.5135672987644,0.40276509044968,0.887896147911194,1,5,0
一般,AB-IRRT*,3,20261906,1,209.435031358133,0.038238,0.001462,0.0365902,0,0.001462,0.0367075,673,1000,2.01612740757225,0.271863941578676,0.972362415500064,1,5,0
一般,RRT*,4,20261907,1,215.943145008802,0.0334626,0.0038858,0.0333802,0,NaN,NaN,749,1000,6.893485825091,0.428410019177038,0.943057270808131,NaN,NaN,0
一般,Informed-RRT*,4,20261907,1,213.739626747988,0.0376552,0.0040214,0.0374916,0,NaN,NaN,683,1000,4.29755050964719,0.355189986562714,0.952779585518029,NaN,NaN,0
一般,PRM*,4,20261907,1,212.447721865605,0.1272966,0.0015422,0.127202,0,NaN,NaN,1002,1000,3.61573600904767,0.109217242481009,0.958573484306665,NaN,NaN,0
一般,FMT*,4,20261907,1,216.179539509295,0.0254591,0.0132308,0.0253016,0,NaN,NaN,1002,1000,2.17762886542516,0.235976817511302,0.942026028198516,NaN,NaN,0
一般,BIT*,4,20261907,1,210.83833723396,0.3497975,0.035846,0.3496665,0,NaN,NaN,590,1000,1.11000131486148,0.111633757387077,0.965890528513066,NaN,NaN,0
一般,RRT#,4,20261907,1,212.209070779946,0.0454241,0.0050824,0.0452406,0,NaN,NaN,749,1000,4.10332999914629,0.273494413680979,0.959651499501171,NaN,NaN,0
一般,APF-only,4,20261907,1,229.358752665851,0.0018644,0.0017612,0.0018644,NaN,NaN,NaN,NaN,52,16.5135672987644,0.40276509044968,0.887896147911194,1,5,0
一般,AB-IRRT*,4,20261907,1,210.282509264459,0.0337899,0.0016907,0.0318824,0,0.0016907,0.0320153,670,1000,3.26195109630774,0.117113664424783,0.968443612804773,1,5,0
一般,RRT*,5,20261908,1,212.139130173323,0.0416435,0.0052048,0.0415449,0,NaN,NaN,756,1000,3.74231102646706,0.225832076024473,0.959967889070446,NaN,NaN,0
一般,Informed-RRT*,5,20261908,1,213.484275365869,0.0420649,0.0053794,0.0419251,0,NaN,NaN,654,1000,3.88817118932059,0.198128298669205,0.953919217856755,NaN,NaN,0
一般,PRM*,5,20261908,1,212.089799126575,0.135028,0.000735,0.1349173,0,NaN,NaN,1002,1000,4.38141996961363,0.454052050698486,0.960191172891769,NaN,NaN,0
一般,FMT*,5,20261908,1,214.686694731312,0.0162144,0.0040827,0.0160905,0,NaN,NaN,1002,1000,1.69313366224783,0.141169893039413,0.948576497656724,NaN,NaN,0
一般,BIT*,5,20261908,1,209.687825191665,0.3394241,0.0237306,0.339303,0,NaN,NaN,618,1000,2.32992710377598,0.182118681921343,0.971190162307147,NaN,NaN,0
一般,RRT#,5,20261908,1,212.233769894621,0.0453248,0.0049147,0.0451952,0,NaN,NaN,756,1000,3.8550167869712,0.0265331458900601,0.959539818205375,NaN,NaN,0
一般,APF-only,5,20261908,1,229.358752665851,0.0016664,0.0015705,0.0016664,NaN,NaN,NaN,NaN,52,16.5135672987644,0.40276509044968,0.887896147911194,1,5,0
一般,AB-IRRT*,5,20261908,1,210.797205662701,0.0345886,0.0017048,0.0326629,0,0.0017048,0.0327999,662,1000,3.89855918480392,0.209038118097709,0.966078996832546,1,5,0
一般,RRT*,6,20261909,1,213.170777387809,0.0434595,0.0087264,0.0433728,0,NaN,NaN,769,1000,4.2773868885607,0.162058624599581,0.955322091879618,NaN,NaN,0
一般,Informed-RRT*,6,20261909,1,212.881238654087,0.0398988,0.0097371,0.0397599,0,NaN,NaN,702,1000,4.0386570930842,0.814064470812557,0.956621420794312,NaN,NaN,0
一般,PRM*,6,20261909,1,212.005242367627,0.1344512,0.0013695,0.1343517,0,NaN,NaN,1002,1000,3.18688290510946,0.0193784889563595,0.960574138202644,NaN,NaN,0
一般,FMT*,6,20261909,1,213.6513381948,0.0416332,0.0250431,0.0415248,0,NaN,NaN,1002,1000,1.58413777659335,0.139909306640424,0.953173308917203,NaN,NaN,0
一般,BIT*,6,20261909,1,212.346598747857,0.2644955,0.0670425,0.2643659,0,NaN,NaN,635,1000,1.22954034436095,0.1397014729845,0.959029973555347,NaN,NaN,0
一般,RRT#,6,20261909,1,210.64084401109,0.0453061,0.0122619,0.045179,0,NaN,NaN,769,1000,3.73611203840003,0.162166982043498,0.966796130815939,NaN,NaN,0
一般,APF-only,6,20261909,1,229.358752665851,0.0015967,0.0015048,0.0015967,NaN,NaN,NaN,NaN,52,16.5135672987644,0.40276509044968,0.887896147911194,1,5,0
一般,AB-IRRT*,6,20261909,1,209.65519230548,0.0328095,0.0012969,0.0312596,0,0.0012969,0.0314112,700,1000,2.60196834069226,0.0356405860557079,0.971341328313017,1,5,0
一般,RRT*,7,20261910,1,219.062702999469,0.0423032,0.0071396,0.0422018,0,NaN,NaN,768,1000,4.97357097964545,1,0.929627682820197,NaN,NaN,0
一般,Informed-RRT*,7,20261910,1,212.451073044569,0.0498738,0.0048287,0.0497396,0,NaN,NaN,694,1000,3.67293204355822,0.394358682446189,0.958558363877993,NaN,NaN,0
一般,PRM*,7,20261910,1,217.20129100077,0.1212652,0.0012495,0.1211471,0,NaN,NaN,1002,1000,4.07756063680986,1,0.937594578942921,NaN,NaN,0
一般,FMT*,7,20261910,1,217.105123267659,0.0411472,0.0346671,0.0409997,0,NaN,NaN,1002,1000,4.70718756771506,0.0382427829329046,0.938009890861297,NaN,NaN,0
一般,BIT*,7,20261910,1,211.644792604888,0.1512423,0.121335,0.1511059,0,NaN,NaN,740,1000,2.25390770824194,0.190330260923457,0.962210080745557,NaN,NaN,0
一般,RRT#,7,20261910,1,215.163946752338,0.0466209,0.0066808,0.0464977,0,NaN,NaN,768,1000,3.35651807406987,0.0787247639808797,0.946472473923016,NaN,NaN,0
一般,APF-only,7,20261910,1,229.358752665851,0.0017091,0.001612,0.0017091,NaN,NaN,NaN,NaN,52,16.5135672987644,0.40276509044968,0.887896147911194,1,5,0
一般,AB-IRRT*,7,20261910,1,211.00513087716,0.0349894,0.0017507,0.0330248,0,0.0017507,0.0331548,686,1000,3.91026407113419,0.159337207544165,0.965127019116334,1,5,0
一般,RRT*,8,20261911,1,212.862107016172,0.0396017,0.012043,0.0395125,0,NaN,NaN,767,1000,4.56471641358817,0.0353856940647148,0.956707400092838,NaN,NaN,0
一般,Informed-RRT*,8,20261911,1,212.039743661359,0.0450884,0.0128363,0.0449514,0,NaN,NaN,704,1000,4.23449122105349,0.38229452409762,0.960417841793671,NaN,NaN,0
一般,PRM*,8,20261911,1,210.434448350157,0.1420655,0.0004276,0.1419627,0,NaN,NaN,1002,1000,1.98477459947862,0.402686359795617,0.967744371600525,NaN,NaN,0
一般,FMT*,8,20261911,1,215.651214255891,0.0373068,0.014144,0.0371804,0,NaN,NaN,1002,1000,1.18042818418728,0.480602594317437,0.944333903634221,NaN,NaN,0
一般,BIT*,8,20261911,1,215.097386025188,0.5549812,0.0244035,0.5540158,0,NaN,NaN,692,1000,1.13434951709792,0.121387503787902,0.946765354730433,NaN,NaN,0
一般,RRT#,8,20261911,1,211.76650170507,0.0373591,0.0114326,0.0372478,0,NaN,NaN,767,1000,3.3814159187094,0.00728657947533229,0.961657067298336,NaN,NaN,0
一般,APF-only,8,20261911,1,229.358752665851,0.0014654,0.0013799,0.0014654,NaN,NaN,NaN,NaN,52,16.5135672987644,0.40276509044968,0.887896147911194,1,5,0
一般,AB-IRRT*,8,20261911,1,209.71756376595,0.0334608,0.0015368,0.031719,0,0.0015368,0.0318353,693,1000,2.9804799323798,0.0533719586822709,0.971052444653613,1,5,0
一般,RRT*,9,20261912,1,211.311833028373,0.0391742,0.0098527,0.0390843,0,NaN,NaN,762,1000,3.7618897998487,0.0950776915497387,0.96372621477559,NaN,NaN,0
一般,Informed-RRT*,9,20261912,1,214.708073251781,0.0413171,0.0082163,0.0411454,0,NaN,NaN,701,1000,4.83514468109228,0.562162522449851,0.948482047728664,NaN,NaN,0
一般,PRM*,9,20261912,1,211.116661479673,0.1338873,0.0022094,0.1337843,0,NaN,NaN,1002,1000,3.00278942259285,1,0.964617153162655,NaN,NaN,0
一般,FMT*,9,20261912,1,213.334829584992,0.0259458,0.0071976,0.0258048,0,NaN,NaN,1002,1000,3.71754016368172,0.247784612963928,0.954587459431199,NaN,NaN,0
一般,BIT*,9,20261912,1,209.703425024666,0.2848165,0.0213473,0.2846912,0,NaN,NaN,590,1000,0.977591608942659,0.140625793077307,0.971117915493142,NaN,NaN,0
一般,RRT#,9,20261912,1,211.760735273426,0.0382868,0.0097356,0.0381757,0,NaN,NaN,762,1000,4.83613168652613,0.0954367450941057,0.961683254068683,NaN,NaN,0
一般,APF-only,9,20261912,1,229.358752665851,0.0012298,0.0011588,0.0012298,NaN,NaN,NaN,NaN,52,16.5135672987644,0.40276509044968,0.887896147911194,1,5,0
一般,AB-IRRT*,9,20261912,1,209.953458750167,0.0349801,0.0014156,0.0333833,0,0.0014156,0.0334959,699,1000,3.33667524317094,0.131181094505289,0.969961410466943,1,5,0
一般,RRT*,10,20261913,1,213.432573443502,0.0390563,0.0038344,0.038971,0,NaN,NaN,735,1000,4.56197433185747,0.00882182430175504,0.954150295318595,NaN,NaN,0
一般,Informed-RRT*,10,20261913,1,211.242687910043,0.0436083,0.0052274,0.0434448,0,NaN,NaN,671,1000,3.85174524010391,0.127655634093614,0.964041666940198,NaN,NaN,0
一般,PRM*,10,20261913,1,212.26064233451,0.1413485,0.0011804,0.1412306,0,NaN,NaN,1002,1000,3.41580960582749,0.0697334564499883,0.959418339367835,NaN,NaN,0
一般,FMT*,10,20261913,1,217.675079503295,0.0459702,0.0122504,0.04585,0,NaN,NaN,1002,1000,2.98636566295164,0.117184313387531,0.935553823829627,NaN,NaN,0
一般,BIT*,10,20261913,1,212.28887126672,0.3599412,0.0253034,0.359811,0,NaN,NaN,624,1000,1.94911549858442,0.459698719880844,0.959290761529671,NaN,NaN,0
一般,RRT#,10,20261913,1,214.012763419211,0.0428867,0.005736,0.0427239,0,NaN,NaN,735,1000,4.67184414896557,0.0289869002580829,0.951563587741821,NaN,NaN,0
一般,APF-only,10,20261913,1,229.358752665851,0.0016046,0.0015133,0.0016046,NaN,NaN,NaN,NaN,52,16.5135672987644,0.40276509044968,0.887896147911194,1,5,0
一般,AB-IRRT*,10,20261913,1,210.595086301676,0.0310681,0.0020814,0.0287589,0,0.0020814,0.028897,688,1000,3.09080041536972,0.407284201574194,0.967006194484535,1,5,0
一般,RRT*,11,20261914,1,218.780097664586,0.0378912,0.0091487,0.0377848,0,NaN,NaN,758,1000,5.13214079261495,0.218047078600652,0.93082851299362,NaN,NaN,0
一般,Informed-RRT*,11,20261914,1,216.690708742194,0.0439477,0.0120199,0.0437514,0,NaN,NaN,697,1000,4.79419473369839,0.245950713331808,0.939803806835172,NaN,NaN,0
一般,PRM*,11,20261914,1,211.324033901236,0.138044,0.0011861,0.1379492,0,NaN,NaN,1002,1000,1.60719453584442,0.242269481487625,0.963670573678818,NaN,NaN,0
一般,FMT*,11,20261914,1,215.860043291877,0.0272643,0.006823,0.0271618,0,NaN,NaN,1002,1000,1.51233984287374,0.152471297844924,0.943420328635638,NaN,NaN,0
一般,BIT*,11,20261914,1,211.322454154853,0.4191943,0.0206944,0.4190653,0,NaN,NaN,657,1000,1.13562936009863,0.15237916591219,0.963677777622712,NaN,NaN,0
一般,RRT#,11,20261914,1,216.88609285564,0.043431,0.0127058,0.0433164,0,NaN,NaN,758,1000,4.68163854481416,0.0324891214079823,0.938957174710475,NaN,NaN,0
一般,APF-only,11,20261914,1,229.358752665851,0.0012194,0.0011394,0.0012194,NaN,NaN,NaN,NaN,52,16.5135672987644,0.40276509044968,0.887896147911194,1,5,0
一般,AB-IRRT*,11,20261914,1,209.64164889222,0.0387738,0.0018879,0.036674,0,0.0018879,0.036802,710,1000,2.03826688761735,0.402761822982518,0.971404079570197,1,5,0
一般,RRT*,12,20261915,1,212.082463950052,0.0364736,0.0060837,0.0363894,0,NaN,NaN,758,1000,6.13090106844529,0.524473031576142,0.960224382482123,NaN,NaN,0
一般,Informed-RRT*,12,20261915,1,209.967827719293,0.0423723,0.0046375,0.0422467,0,NaN,NaN,679,1000,3.39028300979351,0.0854972002580663,0.969895031985483,NaN,NaN,0
一般,PRM*,12,20261915,1,214.199317261087,0.1352435,0.0004692,0.1351382,0,NaN,NaN,1002,1000,4.04078446594158,1,0.950734836999978,NaN,NaN,0
一般,FMT*,12,20261915,1,249.498383733612,0.0250607,0.0084993,0.0249637,0,NaN,NaN,1002,1000,5.3951187121658,0.0408842890642127,0.816224738350042,NaN,NaN,0
一般,BIT*,12,20261915,1,209.607289945773,0.2360493,0.0320173,0.2359257,0,NaN,NaN,553,1000,2.56233317215293,0.131700733122806,0.971563312680634,NaN,NaN,0
一般,RRT#,12,20261915,1,211.105540301003,0.0438498,0.0082048,0.0437052,0,NaN,NaN,758,1000,4.17188976084605,0.339160312948373,0.964667969828542,NaN,NaN,0
一般,APF-only,12,20261915,1,229.358752665851,0.0016162,0.0015253,0.0016162,NaN,NaN,NaN,NaN,52,16.5135672987644,0.40276509044968,0.887896147911194,1,5,0
一般,AB-IRRT*,12,20261915,1,210.869914967866,0.0288638,0.0015748,0.0270895,0,0.0015748,0.0272076,696,1000,3.83839409800382,0.332526405166842,0.96574588657068,1,5,0
一般,RRT*,13,20261916,1,214.727514970444,0.0427896,0.0075355,0.0426914,0,NaN,NaN,734,1000,5.9095622415805,0.343581020095133,0.948396170885489,NaN,NaN,0
一般,Informed-RRT*,13,20261916,1,211.952426849004,0.0332683,0.008636,0.0331452,0,NaN,NaN,687,1000,6.05497333593193,0.0906402722267003,0.9608134995633,NaN,NaN,0
一般,PRM*,13,20261916,1,212.834105870833,0.1285861,0.0152869,0.128484,0,NaN,NaN,1002,1000,3.06506069403515,0.532585079057363,0.956833267621668,NaN,NaN,0
一般,FMT*,13,20261916,1,221.281420222694,0.0642007,0.0162277,0.0639399,0,NaN,NaN,1002,1000,3.83871401846704,0.155641110156587,0.920306606748904,NaN,NaN,0
一般,BIT*,13,20261916,1,214.465654706491,0.389239,0.0430902,0.38912,0,NaN,NaN,599,1000,1.09431368482364,0.444358235143682,0.949554152437265,NaN,NaN,0
一般,RRT#,13,20261916,1,213.373944224712,0.0458453,0.0100395,0.0456997,0,NaN,NaN,734,1000,3.78934085140986,0.0935478215335159,0.954412469252844,NaN,NaN,0
一般,APF-only,13,20261916,1,229.358752665851,0.0024811,0.0023696,0.0024811,NaN,NaN,NaN,NaN,52,16.5135672987644,0.40276509044968,0.887896147911194,1,5,0
一般,AB-IRRT*,13,20261916,1,210.563075512452,0.0388279,0.0017411,0.0368476,0,0.0017411,0.0369874,705,1000,2.89319212991877,0.233274447866487,0.967153203314999,1,5,0
一般,RRT*,14,20261917,1,220.598654826799,0.041992,0.0077166,0.0418757,0,NaN,NaN,742,1000,6.01886242714203,0.394566210894661,0.923155008092033,NaN,NaN,0
一般,Informed-RRT*,14,20261917,1,214.771888352767,0.0356104,0.0088877,0.0354708,0,NaN,NaN,678,1000,5.21567124956198,0.133417325473644,0.948200225567846,NaN,NaN,0
一般,PRM*,14,20261917,1,211.424999327867,0.1257795,0.0007345,0.1256894,0,NaN,NaN,1002,1000,1.43987750073022,0.347482146573585,0.963210375448181,NaN,NaN,0
一般,FMT*,14,20261917,1,221.376155619694,0.0196553,0.0099441,0.0195519,0,NaN,NaN,1002,1000,3.38911755188646,0.167860168861498,0.919912772049279,NaN,NaN,0
一般,BIT*,14,20261917,1,211.831365892345,0.3252257,0.0599377,0.3250912,0,NaN,NaN,706,1000,2.63527461659017,0.0939602623901212,0.961362601444118,NaN,NaN,0
一般,RRT#,14,20261917,1,217.773792758972,0.0364255,0.0073895,0.0362982,0,NaN,NaN,742,1000,3.92065407365462,0.415885165201444,0.935129752766526,NaN,NaN,0
一般,APF-only,14,20261917,1,229.358752665851,0.0015596,0.0014746,0.0015596,NaN,NaN,NaN,NaN,52,16.5135672987644,0.40276509044968,0.887896147911194,1,5,0
一般,AB-IRRT*,14,20261917,1,210.159030856403,0.0308561,0.0013153,0.0293642,0,0.0013153,0.0294708,733,1000,4.34977182832624,0.149475157905608,0.969012619404747,1,5,0
一般,RRT*,15,20261918,1,222.084336723606,0.0410347,0.007943,0.040937,0,NaN,NaN,785,1000,7.29460689666571,0.0956586531125829,0.916979360121075,NaN,NaN,0
一般,Informed-RRT*,15,20261918,1,218.662918530441,0.0427078,0.0079605,0.0425811,0,NaN,NaN,743,1000,5.46036865015989,0.223296202902064,0.931327334101118,NaN,NaN,0
一般,PRM*,15,20261918,1,210.725839378587,0.1204657,0.001222,0.1203328,0,NaN,NaN,1002,1000,2.3884608040299,0.334681587002436,0.966406177724873,NaN,NaN,0
一般,FMT*,15,20261918,1,220.352987848601,0.0459609,0.0199764,0.0458471,0,NaN,NaN,1002,1000,2.03927667704738,0.28885489852602,0.924184214473398,NaN,NaN,0
一般,BIT*,15,20261918,1,213.087905364147,0.2223773,0.0348955,0.2222409,0,NaN,NaN,551,1000,1.53002405544641,0.106804454648183,0.955693626223003,NaN,NaN,0
一般,RRT#,15,20261918,1,221.103607340497,0.0462037,0.0084805,0.0460615,0,NaN,NaN,785,1000,5.13607148835542,0.0942462729588662,0.921046722987707,NaN,NaN,0
一般,APF-only,15,20261918,1,229.358752665851,0.0016073,0.0015158,0.0016073,NaN,NaN,NaN,NaN,52,16.5135672987644,0.40276509044968,0.887896147911194,1,5,0
一般,AB-IRRT*,15,20261918,1,210.010029173428,0.0281928,0.0012475,0.0267763,0,0.0012475,0.0268732,699,1000,2.76875211083802,0.0361346552630373,0.969700131861573,1,5,0
一般,RRT*,16,20261919,1,209.292222619414,0.0364397,0.0098042,0.0363418,0,NaN,NaN,711,1000,2.28446030843251,0.0843372026386611,0.973025898587957,NaN,NaN,0
一般,Informed-RRT*,16,20261919,1,213.646680883229,0.0330209,0.0126867,0.0329039,0,NaN,NaN,672,1000,5.44954640885791,0.33865807494653,0.953194087265183,NaN,NaN,0
一般,PRM*,16,20261919,1,211.4629156181,0.1349842,0.0137056,0.1348753,0,NaN,NaN,1002,1000,2.96437921752737,0.878023258684946,0.963037667320872,NaN,NaN,0
一般,FMT*,16,20261919,1,212.238877512866,0.0266711,0.0124112,0.0265805,0,NaN,NaN,1002,1000,1.71526856512325,0.294444355368917,0.959516726474304,NaN,NaN,0
一般,BIT*,16,20261919,1,209.542399447978,0.4376631,0.0267411,0.4375512,0,NaN,NaN,605,1000,1.26236057915567,0.141799654048562,0.97186418366028,NaN,NaN,0
一般,RRT#,16,20261919,1,211.030226544234,0.0357625,0.0130967,0.0356503,0,NaN,NaN,711,1000,3.04193951065228,0.0841973257116102,0.965012246428306,NaN,NaN,0
一般,APF-only,16,20261919,1,229.358752665851,0.0014261,0.0013424,0.0014261,NaN,NaN,NaN,NaN,52,16.5135672987644,0.40276509044968,0.887896147911194,1,5,0
一般,AB-IRRT*,16,20261919,1,210.360789403806,0.0305828,0.0013977,0.0289911,0,0.0013977,0.0291096,693,1000,2.76659139279562,0.232227739406127,0.968083232426018,1,5,0
一般,RRT*,17,20261920,1,220.927270970285,0.0328659,0.0101522,0.0327725,0,NaN,NaN,703,1000,5.74053686040406,0.356264741809589,0.921781870057665,NaN,NaN,0
一般,Informed-RRT*,17,20261920,1,215.941048153798,0.0425756,0.011723,0.0424298,0,NaN,NaN,652,1000,5.25748352538606,0.110150730162884,0.943066428188698,NaN,NaN,0
一般,PRM*,17,20261920,1,211.37442737726,0.1260039,0.0072406,0.1258632,0,NaN,NaN,1002,1000,1.4984041810767,0.0493269242625249,0.963440826350567,NaN,NaN,0
一般,FMT*,17,20261920,1,217.195636288239,0.0428405,0.0071558,0.042723,0,NaN,NaN,1002,1000,3.2890561816343,0.260051423021594,0.93761898932199,NaN,NaN,0
一般,BIT*,17,20261920,1,210.516987620547,0.5808699,0.0310306,0.5807387,0,NaN,NaN,624,1000,2.41273691734936,0.1281118274369,0.967364939445149,NaN,NaN,0
一般,RRT#,17,20261920,1,219.594095668391,0.0402034,0.0128081,0.040067,0,NaN,NaN,703,1000,4.78552638200871,0.357761802397457,0.927378089842875,NaN,NaN,0
一般,APF-only,17,20261920,1,229.358752665851,0.0014882,0.0013965,0.0014882,NaN,NaN,NaN,NaN,52,16.5135672987644,0.40276509044968,0.887896147911194,1,5,0
一般,AB-IRRT*,17,20261920,1,209.883597167521,0.0327637,0.0012322,0.0313424,0,0.0012322,0.0314601,670,1000,3.51017433628804,0.221212775177106,0.970284270567284,1,5,0
一般,RRT*,18,20261921,1,218.954656517011,0.042125,0.0091021,0.0420331,0,NaN,NaN,734,1000,6.71636623554649,0.569672898367204,0.930086421641842,NaN,NaN,0
一般,Informed-RRT*,18,20261921,1,220.270039707957,0.0390115,0.0092111,0.0387997,0,NaN,NaN,653,1000,5.55420872619472,0.750070360627588,0.924532238936029,NaN,NaN,0
一般,PRM*,18,20261921,1,212.235815030396,0.1346783,0.0028092,0.134576,0,NaN,NaN,1002,1000,3.0530490602437,0.175013970004445,0.959530571937444,NaN,NaN,0
一般,FMT*,18,20261921,1,215.853806373164,0.0409961,0.0128793,0.0408828,0,NaN,NaN,1002,1000,4.01494929370889,0.381307518790024,0.943447587992335,NaN,NaN,0
一般,BIT*,18,20261921,1,210.457524861051,0.35056,0.0260661,0.3504456,0,NaN,NaN,592,1000,1.27695345738953,0.183146224220422,0.967638259150763,NaN,NaN,0
一般,RRT#,18,20261921,1,217.133504800003,0.0376762,0.0076583,0.0375215,0,NaN,NaN,734,1000,5.37502740648518,0.161079125156443,0.937887283536919,NaN,NaN,0
一般,APF-only,18,20261921,1,229.358752665851,0.0015485,0.0014487,0.0015485,NaN,NaN,NaN,NaN,52,16.5135672987644,0.40276509044968,0.887896147911194,1,5,0
一般,AB-IRRT*,18,20261921,1,209.804448043976,0.0305725,0.0014048,0.028975,0,0.0014048,0.0290895,664,1000,2.43721444278443,0.402697253844687,0.970650312137519,1,5,0
一般,RRT*,19,20261922,1,223.233473751253,0.0288466,0.007578,0.0287431,0,NaN,NaN,712,1000,5.2854352856574,0.26525485119787,0.91225903337708,NaN,NaN,0
一般,Informed-RRT*,19,20261922,1,211.319737421446,0.0328439,0.0094535,0.0327031,0,NaN,NaN,646,1000,4.34189481479602,0.0685074260691465,0.963690166695512,NaN,NaN,0
一般,PRM*,19,20261922,1,213.013891913308,0.1178745,0.0022279,0.1177771,0,NaN,NaN,1002,1000,3.33471018249979,0.133158410902084,0.956025689932964,NaN,NaN,0
一般,FMT*,19,20261922,1,217.69581294489,0.0324166,0.0078788,0.032298,0,NaN,NaN,1002,1000,3.44498363129874,0.0473908825928309,0.935464721286483,NaN,NaN,0
一般,BIT*,19,20261922,1,210.846309936717,0.351684,0.0256875,0.3515724,0,NaN,NaN,630,1000,1.12200241936829,0.134419071453342,0.965854005426265,NaN,NaN,0
一般,RRT#,19,20261922,1,222.140837154347,0.032112,0.0086257,0.031983,0,NaN,NaN,712,1000,5.83607010255037,0.124345411900965,0.916746130925171,NaN,NaN,0
一般,APF-only,19,20261922,1,229.358752665851,0.0019221,0.0018088,0.0019221,NaN,NaN,NaN,NaN,52,16.5135672987644,0.40276509044968,0.887896147911194,1,5,0
一般,AB-IRRT*,19,20261922,1,210.293515366773,0.0351764,0.0018497,0.0330964,0,0.0018497,0.033228,680,1000,2.47651555153074,0.132145842219739,0.968392927506802,1,5,0
一般,RRT*,20,20261923,1,211.384840560097,0.039344,0.0048091,0.0392197,0,NaN,NaN,738,1000,4.47477493531659,0.0734633918156717,0.963393365589188,NaN,NaN,0
一般,Informed-RRT*,20,20261923,1,210.825540551256,0.0332191,0.0047528,0.0330884,0,NaN,NaN,656,1000,2.06820058983847,0.2976294156487,0.965949156109075,NaN,NaN,0
一般,PRM*,20,20261923,1,211.0401151774,0.1324213,0.0009018,0.1323189,0,NaN,NaN,1002,1000,1.5414209402909,1,0.964967029185616,NaN,NaN,0
一般,FMT*,20,20261923,1,215.134367393329,0.0528802,0.019979,0.0527571,0,NaN,NaN,1002,1000,1.279718858257,0.225783948852127,0.946602606776439,NaN,NaN,0
一般,BIT*,20,20261923,1,209.349706291074,0.3874287,0.0319978,0.3872966,0,NaN,NaN,540,1000,2.23175289831473,0.244001102575749,0.972758723141367,NaN,NaN,0
一般,RRT#,20,20261923,1,210.139068495368,0.0384878,0.004305,0.0383478,0,NaN,NaN,738,1000,2.78709063621122,0.108290389445415,0.969104671681815,NaN,NaN,0
一般,APF-only,20,20261923,1,229.358752665851,0.0017826,0.0016698,0.0017826,NaN,NaN,NaN,NaN,52,16.5135672987644,0.40276509044968,0.887896147911194,1,5,0
一般,AB-IRRT*,20,20261923,1,210.61669687767,0.0345491,0.0017513,0.0325865,0,0.0017513,0.032713,689,1000,3.88035891578241,0.083840116164021,0.96690697366699,1,5,0
一般,RRT*,21,20261924,1,211.135748575222,0.0369943,0.0064793,0.0369072,0,NaN,NaN,770,1000,3.80710834488854,0.0692770793638573,0.964529949835433,NaN,NaN,0
一般,Informed-RRT*,21,20261924,1,211.059506159708,0.0375106,0.0081042,0.0373676,0,NaN,NaN,688,1000,3.04598729095627,0.89575842217517,0.964878373341908,NaN,NaN,0
一般,PRM*,21,20261924,1,212.231990194179,0.1372416,0.0004081,0.1371328,0,NaN,NaN,1002,1000,3.55273655454972,0.474107625413289,0.959547864558033,NaN,NaN,0
一般,FMT*,21,20261924,1,218.448219543329,0.0536873,0.0063778,0.0535489,0,NaN,NaN,1002,1000,1.69806697762179,0.38165373925457,0.93224267704014,NaN,NaN,0
一般,BIT*,21,20261924,1,210.453368543817,0.3863135,0.0401184,0.3861711,0,NaN,NaN,597,1000,1.09115736255038,0.198002511482214,0.967657369377417,NaN,NaN,0
一般,RRT#,21,20261924,1,210.430915589717,0.0446854,0.0094234,0.044531,0,NaN,NaN,770,1000,3.32733942890116,0.063789835630192,0.967760618305638,NaN,NaN,0
一般,APF-only,21,20261924,1,229.358752665851,0.0017771,0.0016677,0.0017771,NaN,NaN,NaN,NaN,52,16.5135672987644,0.40276509044968,0.887896147911194,1,5,0
一般,AB-IRRT*,21,20261924,1,210.07181149217,0.0349627,0.0018292,0.0328883,0,0.0018292,0.0330414,699,1000,2.5140672853733,0.0818287214594129,0.969414942134283,1,5,0
一般,RRT*,22,20261925,1,211.80410059486,0.0388936,0.0064473,0.0387776,0,NaN,NaN,731,1000,4.19895296124059,1,0.961486356542558,NaN,NaN,0
一般,Informed-RRT*,22,20261925,1,211.199080497012,0.0415175,0.0074816,0.0413697,0,NaN,NaN,684,1000,2.99967594343142,0.500540873843002,0.96424071782172,NaN,NaN,0
一般,PRM*,22,20261925,1,213.15659984755,0.1439339,0.0004919,0.143819,0,NaN,NaN,1002,1000,1.7194993935559,0.753205805651834,0.955385632569549,NaN,NaN,0
一般,FMT*,22,20261925,1,218.523503627495,0.0300186,0.0220732,0.0298943,0,NaN,NaN,1002,1000,1.66941805009227,0.221053105465691,0.93192150776088,NaN,NaN,0
一般,BIT*,22,20261925,1,210.625104345224,0.3897676,0.073987,0.3896057,0,NaN,NaN,644,1000,1.90017771483458,0.238676306614339,0.966868377892597,NaN,NaN,0
一般,RRT#,22,20261925,1,210.463826594733,0.044738,0.008792,0.0445975,0,NaN,NaN,731,1000,3.14998254832822,1,0.967609286007451,NaN,NaN,0
一般,APF-only,22,20261925,1,229.358752665851,0.0016448,0.0015505,0.0016448,NaN,NaN,NaN,NaN,52,16.5135672987644,0.40276509044968,0.887896147911194,1,5,0
一般,AB-IRRT*,22,20261925,1,210.240723213508,0.0450405,0.0018357,0.0429647,0,0.0018357,0.0431131,704,1000,3.65542543320785,0.542947489724866,0.968636094230488,1,5,0
一般,RRT*,23,20261926,1,212.180349510408,0.041211,0.0072021,0.0410931,0,NaN,NaN,768,1000,3.48572285770212,0.193464009865398,0.959781400358833,NaN,NaN,0
一般,Informed-RRT*,23,20261926,1,213.313642286912,0.0432196,0.0079647,0.0430738,0,NaN,NaN,686,1000,4.14613821494188,0.695371637004673,0.954682273475112,NaN,NaN,0
一般,PRM*,23,20261926,1,213.149732354932,0.1439808,0.0010323,0.1438698,0,NaN,NaN,1002,1000,3.99353485186823,1,0.955416414235126,NaN,NaN,0
一般,FMT*,23,20261926,1,215.123429578885,0.0323894,0.021508,0.0322552,0,NaN,NaN,1002,1000,3.57562860274965,0.103294876698349,0.946650736186079,NaN,NaN,0
一般,BIT*,23,20261926,1,210.810575575306,0.2054497,0.0975199,0.2052997,0,NaN,NaN,682,1000,1.99707490825952,0.10302810069078,0.966017726700711,NaN,NaN,0
一般,RRT#,23,20261926,1,212.279755989918,0.0427039,0.0081949,0.042564,0,NaN,NaN,768,1000,3.89097267016715,0.189816112057247,0.959331953403027,NaN,NaN,0
一般,APF-only,23,20261926,1,229.358752665851,0.0018741,0.0017686,0.0018741,NaN,NaN,NaN,NaN,52,16.5135672987644,0.40276509044968,0.887896147911194,1,5,0
一般,AB-IRRT*,23,20261926,1,209.9307049206,0.0315171,0.0018103,0.0295033,0,0.0018103,0.0296207,687,1000,2.91800534878455,0.276793173311226,0.970066541998937,1,5,0
一般,RRT*,24,20261927,1,229.282958753308,0.0457627,0.0169909,0.0456509,0,NaN,NaN,750,1000,11.0600269754978,0.00288229688774067,0.888189659140061,NaN,NaN,0
一般,Informed-RRT*,24,20261927,1,222.688790282817,0.0326949,0.0133159,0.0325448,0,NaN,NaN,644,1000,7.49351329752026,0.210154520387174,0.91449036443681,NaN,NaN,0
一般,PRM*,24,20261927,1,215.200834856762,0.1394668,0.0005448,0.1393633,0,NaN,NaN,1002,1000,3.9253809047864,0.418630199830694,0.94631023674826,NaN,NaN,0
一般,FMT*,24,20261927,1,211.653019668565,0.0269506,0.0111096,0.0268464,0,NaN,NaN,1002,1000,1.27735004401547,0.108138644125141,0.962172679135992,NaN,NaN,0
一般,BIT*,24,20261927,1,209.969896392369,0.2961303,0.027258,0.2960153,0,NaN,NaN,537,1000,1.01673826399296,0.107885676788408,0.96988547635025,NaN,NaN,0
一般,RRT#,24,20261927,1,229.712859597465,0.0463485,0.0200056,0.0462099,0,NaN,NaN,750,1000,11.5376307395491,0.161793291972252,0.886527438379304,NaN,NaN,0
一般,APF-only,24,20261927,1,229.358752665851,0.0017537,0.001645,0.0017537,NaN,NaN,NaN,NaN,52,16.5135672987644,0.40276509044968,0.887896147911194,1,5,0
一般,AB-IRRT*,24,20261927,1,209.98570471623,0.0354541,0.0018846,0.0333553,0,0.0018846,0.0334811,685,1000,2.36723285154853,0.411574944583052,0.969812460600255,1,5,0
一般,RRT*,25,20261928,1,217.269629922059,0.0372844,0.0058403,0.0371941,0,NaN,NaN,771,1000,4.62769207155634,0.216305930876587,0.937299672553314,NaN,NaN,0
一般,Informed-RRT*,25,20261928,1,212.495746096828,0.0369825,0.0055351,0.0368355,0,NaN,NaN,686,1000,4.27243141245892,0.41957098773416,0.958356845830362,NaN,NaN,0
一般,PRM*,25,20261928,1,211.589446892921,0.1337889,0.0026153,0.133697,0,NaN,NaN,1002,1000,2.58704871115754,0.588016230510581,0.962461767220296,NaN,NaN,0
一般,FMT*,25,20261928,1,214.949368465739,0.0380643,0.007167,0.0379507,0,NaN,NaN,1002,1000,2.29214097238667,0.132096992913612,0.947417312436466,NaN,NaN,0
一般,BIT*,25,20261928,1,210.150211430184,0.4386401,0.034554,0.4385083,0,NaN,NaN,620,1000,1.7055267882038,0.03687964901866,0.969053286198485,NaN,NaN,0
一般,RRT#,25,20261928,1,217.098236302697,0.0413067,0.0050271,0.0411857,0,NaN,NaN,771,1000,4.87829699275909,0.193205395236176,0.938039647165921,NaN,NaN,0
一般,APF-only,25,20261928,1,229.358752665851,0.0012797,0.0012081,0.0012797,NaN,NaN,NaN,NaN,52,16.5135672987644,0.40276509044968,0.887896147911194,1,5,0
一般,AB-IRRT*,25,20261928,1,209.951865734545,0.0280115,0.0011481,0.0266504,0,0.0011481,0.0267879,694,1000,3.17527861718355,0.408693074414828,0.96996877007613,1,5,0
一般,RRT*,26,20261929,1,215.897138849776,0.0335412,0.0091065,0.0334528,0,NaN,NaN,739,1000,7.39675909341556,0.244519535968793,0.943258229667534,NaN,NaN,0
一般,Informed-RRT*,26,20261929,1,212.081957894934,0.0361849,0.0079093,0.0360157,0,NaN,NaN,655,1000,4.51569766504792,0.838906195989077,0.96022667370231,NaN,NaN,0
一般,PRM*,26,20261929,1,210.280279677834,0.1295219,0.0038053,0.1294183,0,NaN,NaN,1002,1000,3.08759812167128,0.0431828965369849,0.968453881142488,NaN,NaN,0
一般,FMT*,26,20261929,1,213.092631754583,0.0241126,0.0100113,0.0240104,0,NaN,NaN,1002,1000,1.26421702537681,0.474235028245678,0.955672428956923,NaN,NaN,0
一般,BIT*,26,20261929,1,209.479586044652,0.3728845,0.0301038,0.3727685,0,NaN,NaN,575,1000,1.15636429895085,0.238779078391619,0.972155601540655,NaN,NaN,0
一般,RRT#,26,20261929,1,212.08643877605,0.042602,0.0100462,0.0424529,0,NaN,NaN,739,1000,4.32911780994264,0.3932924206965,0.960206386400614,NaN,NaN,0
一般,APF-only,26,20261929,1,229.358752665851,0.0018045,0.0016843,0.0018045,NaN,NaN,NaN,NaN,52,16.5135672987644,0.40276509044968,0.887896147911194,1,5,0
一般,AB-IRRT*,26,20261929,1,209.919116642212,0.0336142,0.0017335,0.0316252,0,0.0017335,0.0317903,673,1000,3.08401319300208,0.40473438716878,0.970120093106255,1,5,0
一般,RRT*,27,20261930,1,218.335298833092,0.0434742,0.0075848,0.04332,0,NaN,NaN,781,1000,4.36699871652445,0.436263891508697,0.932724823105243,NaN,NaN,0
一般,Informed-RRT*,27,20261930,1,213.109712530966,0.0380418,0.0062866,0.0378953,0,NaN,NaN,693,1000,5.77519537872385,0.0192353641953513,0.955595831664102,NaN,NaN,0
一般,PRM*,27,20261930,1,211.877578932185,0.1361465,0.0007575,0.1360488,0,NaN,NaN,1002,1000,0.957380005118105,0.0723588718967658,0.961152916736444,NaN,NaN,0
一般,FMT*,27,20261930,1,216.632490304189,0.042108,0.0284999,0.0420052,0,NaN,NaN,1002,1000,3.88027954753134,0.0682099712665654,0.940056372411038,NaN,NaN,0
一般,BIT*,27,20261930,1,209.682693493261,0.2552077,0.024365,0.2540291,0,NaN,NaN,599,1000,1.32376903853046,0.0719206857143462,0.971213930863925,NaN,NaN,0
一般,RRT#,27,20261930,1,216.111504751869,0.0424047,0.0074684,0.0422907,0,NaN,NaN,781,1000,4.18534018512475,0.195475220315856,0.94232259044027,NaN,NaN,0
一般,APF-only,27,20261930,1,229.358752665851,0.0017009,0.0014954,0.0017009,NaN,NaN,NaN,NaN,52,16.5135672987644,0.40276509044968,0.887896147911194,1,5,0
一般,AB-IRRT*,27,20261930,1,210.466031203687,0.0342544,0.0011626,0.0329098,0,0.0011626,0.0330206,701,1000,2.82658973982647,0.67856602639851,0.96759915040465,1,5,0
一般,RRT*,28,20261931,1,224.194865897344,0.0444201,0.0187424,0.0443241,0,NaN,NaN,724,1000,6.54311854504796,0.264871376042144,0.908347085320737,NaN,NaN,0
一般,Informed-RRT*,28,20261931,1,222.292646728948,0.0369056,0.011701,0.0367727,0,NaN,NaN,686,1000,8.16887834674359,0.189652241914025,0.91612006055262,NaN,NaN,0
一般,PRM*,28,20261931,1,209.526861280125,0.1430243,0.0013811,0.142913,0,NaN,NaN,1002,1000,2.27624127189564,0.213879684435237,0.971936255511706,NaN,NaN,0
一般,FMT*,28,20261931,1,214.143729840534,0.023098,0.0059938,0.0229986,0,NaN,NaN,1002,1000,2.47763021523604,0.158447716029775,0.95098162870972,NaN,NaN,0
一般,BIT*,28,20261931,1,210.066356398749,0.3092027,0.0271281,0.3090722,0,NaN,NaN,595,1000,1.30830354772553,0.469303570536033,0.969440116318115,NaN,NaN,0
一般,RRT#,28,20261931,1,219.330465564405,0.0441043,0.0161713,0.0439441,0,NaN,NaN,724,1000,5.52080831096996,0.181374990966148,0.928492776676873,NaN,NaN,0
一般,APF-only,28,20261931,1,229.358752665851,0.0019631,0.0018465,0.0019631,NaN,NaN,NaN,NaN,52,16.5135672987644,0.40276509044968,0.887896147911194,1,5,0
一般,AB-IRRT*,28,20261931,1,210.471284291642,0.0384823,0.0018499,0.0363941,0,0.0018499,0.0365393,690,1000,4.49484051122732,0.0528047787611285,0.967575000395492,1,5,0
一般,RRT*,29,20261932,1,212.188925335554,0.0389064,0.0068309,0.0388212,0,NaN,NaN,765,1000,4.2958972756504,0.462932082131296,0.959742609844885,NaN,NaN,0
一般,Informed-RRT*,29,20261932,1,214.705649510486,0.0410189,0.0063819,0.0409017,0,NaN,NaN,705,1000,5.90111057325975,0.655665344373668,0.948492754829814,NaN,NaN,0
一般,PRM*,29,20261932,1,212.952112648391,0.1297274,0.0112,0.1295854,0,NaN,NaN,1002,1000,3.77604433288961,0.404648232787741,0.956303041322582,NaN,NaN,0
一般,FMT*,29,20261932,1,217.019502609368,0.0420198,0.0190659,0.0417828,0,NaN,NaN,1002,1000,2.90923905210629,0.0738462661876778,0.938379963704399,NaN,NaN,0
一般,BIT*,29,20261932,0,Inf,0.4058672,NaN,0.4057532,0,NaN,NaN,827,1000,NaN,NaN,NaN,NaN,NaN,0
一般,RRT#,29,20261932,1,211.321777332266,0.0443726,0.0072262,0.0441886,0,NaN,NaN,765,1000,2.86019981159889,0.452862046633239,0.963680864095362,NaN,NaN,0
一般,APF-only,29,20261932,1,229.358752665851,0.0017822,0.0016768,0.0017822,NaN,NaN,NaN,NaN,52,16.5135672987644,0.40276509044968,0.887896147911194,1,5,0
一般,AB-IRRT*,29,20261932,1,209.99820846347,0.038754,0.0016892,0.0367996,0,0.0016892,0.0369503,705,1000,3.12929354776285,0.131864834859146,0.969754715870114,1,5,0
一般,RRT*,30,20261933,1,218.727695322776,0.034976,0.0115828,0.0348831,0,NaN,NaN,754,1000,6.26441310728152,0.0846741769897363,0.931051519018681,NaN,NaN,0
一般,Informed-RRT*,30,20261933,1,223.214087762354,0.0348858,0.0097132,0.0347419,0,NaN,NaN,668,1000,7.35814777184553,0.246590352871518,0.912338262442196,NaN,NaN,0
一般,PRM*,30,20261933,1,209.726719907185,0.1222618,0.0048702,0.1221541,0,NaN,NaN,1002,1000,2.06613728179405,0.0830056332059144,0.971010050945583,NaN,NaN,0
一般,FMT*,30,20261933,1,214.441756275809,0.0303623,0.0251387,0.0302601,0,NaN,NaN,1002,1000,2.74814267487707,0.282751652694653,0.949659975363196,NaN,NaN,0
一般,BIT*,30,20261933,1,214.990320335178,0.2245936,0.0898029,0.2244333,0,NaN,NaN,681,1000,1.55591139985121,0.413927025559557,0.94723684612513,NaN,NaN,0
一般,RRT#,30,20261933,1,216.864266180848,0.0405815,0.0155322,0.0404475,0,NaN,NaN,754,1000,5.87142566178237,0.120908046876083,0.939051677660441,NaN,NaN,0
一般,APF-only,30,20261933,1,229.358752665851,0.0013352,0.001261,0.0013352,NaN,NaN,NaN,NaN,52,16.5135672987644,0.40276509044968,0.887896147911194,1,5,0
一般,AB-IRRT*,30,20261933,1,209.607048333446,0.0307969,0.0012427,0.0293531,0,0.0012427,0.0294862,716,1000,3.14892889913579,0.0505247992463858,0.971564432593704,1,5,0
一般,RRT*,31,20261934,1,211.899897416175,0.0411751,0.0062859,0.0410728,0,NaN,NaN,748,1000,4.32938030864686,0.226400745711523,0.961051682728096,NaN,NaN,0
一般,Informed-RRT*,31,20261934,1,211.19289962193,0.0416114,0.005351,0.0414669,0,NaN,NaN,656,1000,4.10674665957237,0.1516905795696,0.964268937763942,NaN,NaN,0
一般,PRM*,31,20261934,1,212.083930778353,0.143854,0.0018942,0.1437388,0,NaN,NaN,1002,1000,4.17347619343067,0.0991080748852049,0.960217741317491,NaN,NaN,0
一般,FMT*,31,20261934,1,220.446990728665,0.0494272,0.0249909,0.0493114,0,NaN,NaN,1002,1000,3.17436228307558,0.10797045634925,0.923790124367731,NaN,NaN,0
一般,BIT*,31,20261934,1,212.350873888639,0.3907748,0.0417662,0.3906454,0,NaN,NaN,667,1000,1.99282286416513,0.16743910442894,0.959010665943962,NaN,NaN,0
一般,RRT#,31,20261934,1,210.474582686798,0.0413465,0.0067989,0.0412033,0,NaN,NaN,748,1000,3.90669471891303,0.238774043536857,0.967559837307138,NaN,NaN,0
一般,APF-only,31,20261934,1,229.358752665851,0.0031149,0.0029545,0.0031149,NaN,NaN,NaN,NaN,52,16.5135672987644,0.40276509044968,0.887896147911194,1,5,0
一般,AB-IRRT*,31,20261934,1,209.87888827369,0.0369924,0.0022451,0.0342786,0,0.0022451,0.0346391,667,1000,2.85001809845856,0.538687331135035,0.97030604010139,1,5,0
一般,RRT*,32,20261935,1,218.585652202147,0.0336315,0.0063397,0.0335077,0,NaN,NaN,731,1000,7.3767742764621,0.158836915860034,0.931656542550166,NaN,NaN,0
一般,Informed-RRT*,32,20261935,1,218.393972568905,0.0376976,0.0091994,0.0375578,0,NaN,NaN,651,1000,4.17113878541885,0.726693119547585,0.932474237206679,NaN,NaN,0
一般,PRM*,32,20261935,1,214.707790496643,0.123504,0.00166,0.1234001,0,NaN,NaN,1002,1000,2.46278267867057,0.0584014893495546,0.948483296813164,NaN,NaN,0
一般,FMT*,32,20261935,1,214.90668687671,0.0408814,0.018126,0.0407535,0,NaN,NaN,1002,1000,2.99623353933246,0.429620599412088,0.947605474456717,NaN,NaN,0
一般,BIT*,32,20261935,1,210.706253143772,0.5493741,0.0323428,0.5492471,0,NaN,NaN,676,1000,1.24884418285483,0.324437807901164,0.966496010171897,NaN,NaN,0
一般,RRT#,32,20261935,1,217.226394305136,0.0376508,0.0073478,0.0375257,0,NaN,NaN,731,1000,4.63118731874827,0.415887488853558,0.93748622782766,NaN,NaN,0
一般,APF-only,32,20261935,1,229.358752665851,0.0013721,0.0012893,0.0013721,NaN,NaN,NaN,NaN,52,16.5135672987644,0.40276509044968,0.887896147911194,1,5,0
一般,AB-IRRT*,32,20261935,1,210.027048951661,0.0324932,0.0014503,0.0306378,0,0.0014503,0.0308385,701,1000,2.34553813951986,0.402837259429687,0.969621551120284,1,5,0
一般,RRT*,33,20261936,1,210.997982673901,0.0371773,0.005128,0.0370866,0,NaN,NaN,773,1000,3.22790109971196,0.562817385203236,0.965159715751705,NaN,NaN,0
一般,Informed-RRT*,33,20261936,1,210.777034405302,0.0547265,0.0060548,0.0544662,0,NaN,NaN,676,1000,3.08447398563694,0.560986876808375,0.966171450112227,NaN,NaN,0
一般,PRM*,33,20261936,1,213.515029308354,0.1460815,0.0029958,0.1459621,0,NaN,NaN,1002,1000,2.30080081395908,1,0.953781818738498,NaN,NaN,0
一般,FMT*,33,20261936,1,215.105840598578,0.0285248,0.0206902,0.0283972,0,NaN,NaN,1002,1000,2.33445007019164,0.184249002993791,0.946728142829757,NaN,NaN,0
一般,BIT*,33,20261936,1,210.56477003224,0.4377035,0.0249286,0.4375969,0,NaN,NaN,602,1000,2.50837139319677,0.20373122094636,0.967145420150505,NaN,NaN,0
一般,RRT#,33,20261936,1,210.997982673901,0.0394505,0.0077736,0.0393379,0,NaN,NaN,773,1000,3.22790109971196,0.562817385203236,0.965159715751705,NaN,NaN,0
一般,APF-only,33,20261936,1,229.358752665851,0.0045805,0.0029182,0.0045805,NaN,NaN,NaN,NaN,52,16.5135672987644,0.40276509044968,0.887896147911194,1,5,0
一般,AB-IRRT*,33,20261936,1,209.2725457164,0.0332111,0.0015996,0.0313435,0,0.0015996,0.0315153,643,1000,2.06461752417062,0.0313597377563433,0.973117387589398,1,5,0
一般,RRT*,34,20261937,1,212.490590682775,0.0454872,0.0096932,0.0452963,0,NaN,NaN,784,1000,4.72010905192348,0.104072211662682,0.958380097336866,NaN,NaN,0
一般,Informed-RRT*,34,20261937,1,211.490621799523,0.0374621,0.0113472,0.0372978,0,NaN,NaN,727,1000,4.88390099853539,0.193646747901939,0.962911505242854,NaN,NaN,0
一般,PRM*,34,20261937,1,210.107583404903,0.1281811,0.0004189,0.1280141,0,NaN,NaN,1002,1000,1.97511344223301,0.59486492213719,0.969249894180512,NaN,NaN,0
一般,FMT*,34,20261937,1,215.653932011065,0.0312699,0.0083493,0.0311818,0,NaN,NaN,1002,1000,3.29917942532865,0.0317414445567117,0.944322002769126,NaN,NaN,0
一般,BIT*,34,20261937,1,210.875767705687,0.1850193,0.0253091,0.1848766,0,NaN,NaN,521,1000,1.77475237771239,0.396020074774832,0.965719082839094,NaN,NaN,0
一般,RRT#,34,20261937,1,211.756980253445,0.0399329,0.0080584,0.0398196,0,NaN,NaN,784,1000,4.39682181501345,0.13289995573572,0.961700307295595,NaN,NaN,0
一般,APF-only,34,20261937,1,229.358752665851,0.0011486,0.0010764,0.0011486,NaN,NaN,NaN,NaN,52,16.5135672987644,0.40276509044968,0.887896147911194,1,5,0
一般,AB-IRRT*,34,20261937,1,210.417083271235,0.0387607,0.0021985,0.0363057,0,0.0021985,0.0364675,721,1000,3.79029977452148,0.124435370908849,0.967824236586425,1,5,0
一般,RRT*,35,20261938,1,214.026240161781,0.0363122,0.0061479,0.0362224,0,NaN,NaN,759,1000,5.1829845420766,0.208778274174556,0.951503669960237,NaN,NaN,0
一般,Informed-RRT*,35,20261938,1,217.532370013371,0.0453183,0.0050469,0.0451488,0,NaN,NaN,696,1000,7.49202012928876,0.125143145968872,0.936167582641646,NaN,NaN,0
一般,PRM*,35,20261938,1,211.159381043949,0.1306493,0.0021293,0.1305379,0,NaN,NaN,1002,1000,1.76064403928447,0.248915466337992,0.964422001878007,NaN,NaN,0
一般,FMT*,35,20261938,1,215.046501805368,0.0341924,0.0132739,0.0340563,0,NaN,NaN,1002,1000,2.60056149956285,0.0614849542971694,0.946989377981326,NaN,NaN,0
一般,BIT*,35,20261938,1,210.20804314555,0.3829042,0.0276917,0.3827849,0,NaN,NaN,562,1000,2.34466483745018,0.192413349096001,0.968786683584313,NaN,NaN,0
一般,RRT#,35,20261938,1,211.99653708549,0.0453508,0.0078903,0.0452349,0,NaN,NaN,759,1000,2.70195896576534,0.207664280575019,0.960613582568108,NaN,NaN,0
一般,APF-only,35,20261938,1,229.358752665851,0.0011986,0.0011202,0.0011986,NaN,NaN,NaN,NaN,52,16.5135672987644,0.40276509044968,0.887896147911194,1,5,0
一般,AB-IRRT*,35,20261938,1,209.930915075599,0.0361373,0.001195,0.0347677,0,0.001195,0.0348705,702,1000,2.78120994100125,0.52887746095314,0.970065570896931,1,5,0
一般,RRT*,36,20261939,1,213.493685002798,0.0359208,0.0084298,0.0357941,0,NaN,NaN,698,1000,3.70302787901782,1,0.953877174301696,NaN,NaN,0
一般,Informed-RRT*,36,20261939,1,210.696089431441,0.0378527,0.005796,0.0377049,0,NaN,NaN,640,1000,2.07957532977629,0.522193475096039,0.966542632714553,NaN,NaN,0
一般,PRM*,36,20261939,1,213.100240326017,0.1373234,0.0018378,0.137193,0,NaN,NaN,1002,1000,4.00310193747885,0.093387146444794,0.955638307447104,NaN,NaN,0
一般,FMT*,36,20261939,1,215.597330848609,0.0527803,0.0077244,0.0526592,0,NaN,NaN,1002,1000,4.17249650056288,0.346398385391313,0.944569917355446,NaN,NaN,0
一般,BIT*,36,20261939,1,209.565626007279,0.3287608,0.0318304,0.3286258,0,NaN,NaN,580,1000,1.47579816141238,0.273903741349294,0.971756470093296,NaN,NaN,0
一般,RRT#,36,20261939,1,210.545990898329,0.0368144,0.0055841,0.0366871,0,NaN,NaN,698,1000,2.35064664511214,1,0.967231682317165,NaN,NaN,0
一般,APF-only,36,20261939,1,229.358752665851,0.0016224,0.0015108,0.0016224,NaN,NaN,NaN,NaN,52,16.5135672987644,0.40276509044968,0.887896147911194,1,5,0
一般,AB-IRRT*,36,20261939,1,210.713708605725,0.0363293,0.0018583,0.034266,0,0.0018583,0.034387,702,1000,2.96341881103273,0.382163893415061,0.966461813658158,1,5,0
一般,RRT*,37,20261940,1,219.221822019589,0.0414229,0.0081764,0.0413256,0,NaN,NaN,761,1000,7.46656604719579,0.340254243911552,0.92895292587947,NaN,NaN,0
一般,Informed-RRT*,37,20261940,1,212.339254151751,0.0337598,0.0059869,0.0336333,0,NaN,NaN,706,1000,4.48952993404736,0.29370736075974,0.9590631454144,NaN,NaN,0
一般,PRM*,37,20261940,1,213.425435237868,0.1285675,0.0003712,0.1284373,0,NaN,NaN,1002,1000,6.54921424769505,0.0872829902269281,0.954182207733378,NaN,NaN,0
一般,FMT*,37,20261940,1,215.32762199029,0.0410007,0.0148128,0.0405859,0,NaN,NaN,1002,1000,2.90695856970441,0.23411908697029,0.945753039481897,NaN,NaN,0
一般,BIT*,37,20261940,1,212.789759699623,0.3797049,0.0221538,0.3795828,0,NaN,NaN,603,1000,4.01428490763517,0.378664765557692,0.95703267520578,NaN,NaN,0
一般,RRT#,37,20261940,1,210.798144641448,0.0435942,0.0107483,0.0434614,0,NaN,NaN,761,1000,3.01957360107343,0.349016188883311,0.966074693532592,NaN,NaN,0
一般,APF-only,37,20261940,1,229.358752665851,0.0016797,0.0015859,0.0016797,NaN,NaN,NaN,NaN,52,16.5135672987644,0.40276509044968,0.887896147911194,1,5,0
一般,AB-IRRT*,37,20261940,1,210.156137455183,0.0368993,0.001713,0.0349652,0,0.001713,0.0350983,725,1000,3.09312730086143,0.218860489081074,0.96902596063917,1,5,0
一般,RRT*,38,20261941,1,215.913270931943,0.0390457,0.0090406,0.0389535,0,NaN,NaN,771,1000,4.09010764044996,0.150531322471844,0.943187753595361,NaN,NaN,0
一般,Informed-RRT*,38,20261941,1,215.067122150514,0.0415177,0.0094153,0.0411375,0,NaN,NaN,726,1000,3.46245788555234,0.144265750682017,0.946898581919017,NaN,NaN,0
一般,PRM*,38,20261941,1,210.305953447006,0.1359048,0.0006541,0.1358015,0,NaN,NaN,1002,1000,3.36815770925998,0.14685828448239,0.968335654050048,NaN,NaN,0
一般,FMT*,38,20261941,1,218.264757715362,0.05269,0.039665,0.0525765,0,NaN,NaN,1002,1000,1.88165200193017,0.117288488143448,0.933026270999282,NaN,NaN,0
一般,BIT*,38,20261941,1,211.655134687652,0.4580521,0.0265578,0.4579135,0,NaN,NaN,610,1000,1.11987341407408,0.0598988999757157,0.96216306437477,NaN,NaN,0
一般,RRT#,38,20261941,1,215.148523898593,0.0429525,0.0099554,0.0427996,0,NaN,NaN,771,1000,3.39528670014893,0.0740874101858006,0.946540321502328,NaN,NaN,0
一般,APF-only,38,20261941,1,229.358752665851,0.0016228,0.0015259,0.0016228,NaN,NaN,NaN,NaN,52,16.5135672987644,0.40276509044968,0.887896147911194,1,5,0
一般,AB-IRRT*,38,20261941,1,209.989136421093,0.0336653,0.0015383,0.0319203,0,0.0015383,0.0320464,711,1000,2.83510197771992,0.311275847774683,0.969796611636855,1,5,0
一般,RRT*,39,20261942,1,210.224575425251,0.0423497,0.0081288,0.042243,0,NaN,NaN,798,1000,2.61476870158353,0.771731480480005,0.968710497189878,NaN,NaN,0
一般,Informed-RRT*,39,20261942,1,211.175869696436,0.0430864,0.0073635,0.0429299,0,NaN,NaN,714,1000,3.46590738759531,0.120185707382042,0.964346699622766,NaN,NaN,0
一般,PRM*,39,20261942,1,215.017837568683,0.1506091,0.0161639,0.1504744,0,NaN,NaN,1002,1000,3.0637043085957,1,0.947115622054729,NaN,NaN,0
一般,FMT*,39,20261942,1,220.000709857952,0.0235474,0.0094518,0.0234121,0,NaN,NaN,1002,1000,5.27842146512191,0.241095827442196,0.925664072235106,NaN,NaN,0
一般,BIT*,39,20261942,1,210.841790312951,0.4064503,0.0251391,0.406322,0,NaN,NaN,680,1000,1.72345639833496,0.240744075262807,0.965874709560446,NaN,NaN,0
一般,RRT#,39,20261942,1,210.191663793633,0.0426129,0.0086967,0.0425028,0,NaN,NaN,798,1000,2.57987018541926,0.771587672092622,0.968862177054116,NaN,NaN,0
一般,APF-only,39,20261942,1,229.358752665851,0.0014255,0.0013497,0.0014255,NaN,NaN,NaN,NaN,52,16.5135672987644,0.40276509044968,0.887896147911194,1,5,0
一般,AB-IRRT*,39,20261942,1,210.146148828366,0.0312356,0.001439,0.0295548,0,0.001439,0.029707,692,1000,3.42295440601599,0.0125535083779713,0.969072020197007,1,5,0
一般,RRT*,40,20261943,1,212.940062575898,0.0369985,0.0074988,0.0368623,0,NaN,NaN,768,1000,3.23008491424187,0.462054355789331,0.956357157588137,NaN,NaN,0
一般,Informed-RRT*,40,20261943,1,210.17179021423,0.0332807,0.0085514,0.0331582,0,NaN,NaN,688,1000,2.52569244570763,0.484825063604895,0.968953791439596,NaN,NaN,0
一般,PRM*,40,20261943,1,219.06907354119,0.1300106,0.0009177,0.129904,0,NaN,NaN,1002,1000,4.63118071376557,0.377405044572834,0.929600649191753,NaN,NaN,0
一般,FMT*,40,20261943,1,214.090631860416,0.0280039,0.0067131,0.0279006,0,NaN,NaN,1002,1000,1.53843225988012,0.362681100772614,0.951217487715672,NaN,NaN,0
一般,BIT*,40,20261943,1,213.017343718304,0.3984649,0.0269872,0.3983498,0,NaN,NaN,646,1000,1.69632856700641,0.362783617429459,0.956010198169733,NaN,NaN,0
一般,RRT#,40,20261943,1,211.308320350105,0.0457353,0.0093402,0.0456106,0,NaN,NaN,768,1000,3.46398816948832,1,0.963742235252803,NaN,NaN,0
一般,APF-only,40,20261943,1,229.358752665851,0.0017752,0.0016718,0.0017752,NaN,NaN,NaN,NaN,52,16.5135672987644,0.40276509044968,0.887896147911194,1,5,0
一般,AB-IRRT*,40,20261943,1,209.530300779641,0.0344187,0.00184,0.0323115,0,0.00184,0.032479,682,1000,2.76349811661836,0.304102434943239,0.971920300901476,1,5,0
一般,RRT*,41,20261944,1,212.120516215963,0.037619,0.0062517,0.0375136,0,NaN,NaN,761,1000,3.63141737759292,0.415870237890306,0.960052127981764,NaN,NaN,0
一般,Informed-RRT*,41,20261944,1,213.291104435792,0.0374553,0.0061802,0.037313,0,NaN,NaN,675,1000,4.74000494695225,0.411627119577734,0.954783151976365,NaN,NaN,0
一般,PRM*,41,20261944,1,210.819083559082,0.1387848,0.0063322,0.138689,0,NaN,NaN,1002,1000,2.37333891815129,0.102280707393405,0.965978741315672,NaN,NaN,0
一般,FMT*,41,20261944,1,222.648457291081,0.0761024,0.0307696,0.0759836,0,NaN,NaN,1002,1000,8.37245739284837,0.212039982772332,0.914656025285127,NaN,NaN,0
一般,BIT*,41,20261944,1,212.730809907195,0.2966552,0.0327449,0.2965249,0,NaN,NaN,637,1000,2.69513529765676,0.320243161936032,0.957297878340083,NaN,NaN,0
一般,RRT#,41,20261944,1,212.877279319867,0.0423261,0.0078583,0.0421829,0,NaN,NaN,761,1000,4.29427987053396,0.423359236552232,0.956639213129593,NaN,NaN,0
一般,APF-only,41,20261944,1,229.358752665851,0.0017716,0.0016663,0.0017716,NaN,NaN,NaN,NaN,52,16.5135672987644,0.40276509044968,0.887896147911194,1,5,0
一般,AB-IRRT*,41,20261944,1,210.296404027401,0.0362702,0.0019415,0.0340892,0,0.0019415,0.0342257,693,1000,3.63177218256742,0.212894275379178,0.968379625526982,1,5,0
一般,RRT*,42,20261945,1,214.0360355406,0.0414002,0.0062277,0.0413029,0,NaN,NaN,708,1000,5.85281467940743,0.320107917306081,0.951460124307415,NaN,NaN,0
一般,Informed-RRT*,42,20261945,1,215.077025333117,0.0382656,0.0095708,0.0380585,0,NaN,NaN,659,1000,5.92217523376368,0.043566324635842,0.94685498214564,NaN,NaN,0
一般,PRM*,42,20261945,1,210.961172801314,0.1360251,0.0017882,0.1359335,0,NaN,NaN,1002,1000,2.99669455359923,0.188475355168993,0.96532812307373,NaN,NaN,0
一般,FMT*,42,20261945,1,217.862918017709,0.0563475,0.0091652,0.0562383,0,NaN,NaN,1002,1000,1.19286513951692,0.0650321580614737,0.934747201748082,NaN,NaN,0
一般,BIT*,42,20261945,1,210.614708894187,0.4399977,0.0327027,0.4398657,0,NaN,NaN,623,1000,3.2135263333879,0.0878524145036437,0.966916100261724,NaN,NaN,0
一般,RRT#,42,20261945,1,210.70565832597,0.0418534,0.0095693,0.0417225,0,NaN,NaN,708,1000,3.09726792206315,0.333128263505147,0.966498738570541,NaN,NaN,0
一般,APF-only,42,20261945,1,229.358752665851,0.0015674,0.0014742,0.0015674,NaN,NaN,NaN,NaN,52,16.5135672987644,0.40276509044968,0.887896147911194,1,5,0
一般,AB-IRRT*,42,20261945,1,209.954149822055,0.0375068,0.0016335,0.0356341,0,0.0016335,0.0357755,710,1000,2.79028792805701,0.11852293625422,0.969958217802912,1,5,0
一般,RRT*,43,20261946,1,211.946008886403,0.0333831,0.0044703,0.0332708,0,NaN,NaN,793,1000,4.44746826450217,0.705981153894014,0.960842594072504,NaN,NaN,0
一般,Informed-RRT*,43,20261946,1,211.142889755227,0.0418926,0.0055262,0.0417583,0,NaN,NaN,693,1000,3.80291041447963,0.653913645569841,0.964497327936587,NaN,NaN,0
一般,PRM*,43,20261946,1,213.639427235779,0.1298593,0.0158581,0.129753,0,NaN,NaN,1002,1000,3.5787386791881,1,0.953226450831919,NaN,NaN,0
一般,FMT*,43,20261946,1,215.166602150928,0.0346925,0.0052503,0.034579,0,NaN,NaN,1002,1000,3.05616580230002,0.354974985747786,0.946460793385017,NaN,NaN,0
一般,BIT*,43,20261946,1,210.233018184573,0.3569801,0.0238905,0.3568525,0,NaN,NaN,593,1000,2.03183278910077,0.329937462156598,0.968671594691824,NaN,NaN,0
一般,RRT#,43,20261946,1,211.569881873974,0.0389596,0.0070723,0.0388471,0,NaN,NaN,793,1000,4.12412830039598,0.712816794069952,0.962550771300388,NaN,NaN,0
一般,APF-only,43,20261946,1,229.358752665851,0.0017895,0.0017098,0.0017895,NaN,NaN,NaN,NaN,52,16.5135672987644,0.40276509044968,0.887896147911194,1,5,0
一般,AB-IRRT*,43,20261946,1,210.30880373631,0.0357913,0.0018656,0.0336998,0,0.0018656,0.0338377,690,1000,4.14263788636363,0.313567137550733,0.968322530316242,1,5,0
一般,RRT*,44,20261947,1,217.154503686779,0.0415977,0.00561,0.0414974,0,NaN,NaN,776,1000,5.33368946182113,0.183456952457682,0.937796589636765,NaN,NaN,0
一般,Informed-RRT*,44,20261947,1,218.906161744945,0.0430132,0.0080785,0.0428719,0,NaN,NaN,690,1000,6.52667261907251,1,0.930292465768969,NaN,NaN,0
一般,PRM*,44,20261947,1,214.068938929261,0.1413755,0.0044699,0.1412681,0,NaN,NaN,1002,1000,2.03210542870169,0.369140541150747,0.951313880473901,NaN,NaN,0
一般,FMT*,44,20261947,1,211.98471294275,0.0361655,0.0270242,0.0360634,0,NaN,NaN,1002,1000,2.60147826391934,0.255679355795028,0.96066716394179,NaN,NaN,0
一般,BIT*,44,20261947,1,210.295725212745,0.1824688,0.0515324,0.1823601,0,NaN,NaN,538,1000,1.20159031970483,0.255592141107121,0.968382751364569,NaN,NaN,0
一般,RRT#,44,20261947,1,216.17324631111,0.0478864,0.0105908,0.0477397,0,NaN,NaN,776,1000,4.09705305067497,0.183558204737968,0.942053452297437,NaN,NaN,0
一般,APF-only,44,20261947,1,229.358752665851,0.0014821,0.0013991,0.0014821,NaN,NaN,NaN,NaN,52,16.5135672987644,0.40276509044968,0.887896147911194,1,5,0
一般,AB-IRRT*,44,20261947,1,209.645148640357,0.0380405,0.0019624,0.0358405,0,0.0019624,0.0359854,739,1000,3.48057148907646,0.403352438037281,0.971387863265457,1,5,0
一般,RRT*,45,20261948,1,215.171362910147,0.0304971,0.0053872,0.0304103,0,NaN,NaN,769,1000,4.9724742857583,0.379855695441233,0.946439852531706,NaN,NaN,0
一般,Informed-RRT*,45,20261948,1,213.579867463249,0.0408902,0.0053811,0.0407627,0,NaN,NaN,693,1000,5.12690267481121,0.0685863164989989,0.953492271535223,NaN,NaN,0
一般,PRM*,45,20261948,1,212.202024674552,0.1282568,0.0007204,0.1281541,0,NaN,NaN,1002,1000,2.68725271336358,0.341347855621141,0.959683364445052,NaN,NaN,0
一般,FMT*,45,20261948,1,213.41854996016,0.0353056,0.0165465,0.0352021,0,NaN,NaN,1002,1000,2.99556538666992,0.0485692669057851,0.9542129914187,NaN,NaN,0
一般,BIT*,45,20261948,1,211.665684457942,0.3019858,0.0308948,0.3018728,0,NaN,NaN,664,1000,2.2165178526762,0.182439677322316,0.962115108564943,NaN,NaN,0
一般,RRT#,45,20261948,1,212.623741025135,0.040616,0.0065082,0.0404812,0,NaN,NaN,769,1000,4.70926467757237,0.0806040267494769,0.957779935579499,NaN,NaN,0
一般,APF-only,45,20261948,1,229.358752665851,0.0017238,0.0016236,0.0017238,NaN,NaN,NaN,NaN,52,16.5135672987644,0.40276509044968,0.887896147911194,1,5,0
一般,AB-IRRT*,45,20261948,1,209.911524168244,0.0360425,0.0017737,0.0340485,0,0.0017737,0.0341817,718,1000,3.6710522638381,0.164274313396824,0.970155182230504,1,5,0
一般,RRT*,46,20261949,1,212.882988603322,0.0355834,0.0090813,0.0354614,0,NaN,NaN,743,1000,3.65280274768034,0.15163457614733,0.956613557136748,NaN,NaN,0
一般,Informed-RRT*,46,20261949,1,212.107053310233,0.0320799,0.0086532,0.0319431,0,NaN,NaN,660,1000,3.77502851494104,0.1731379834237,0.960113064622453,NaN,NaN,0
一般,PRM*,46,20261949,1,214.444231167587,0.1303173,0.0001759,0.1302162,0,NaN,NaN,1002,1000,3.78422391358995,0.220721340918914,0.949649015377694,NaN,NaN,0
一般,FMT*,46,20261949,1,217.380408699972,0.0261206,0.0058732,0.0260203,0,NaN,NaN,1002,1000,0.989097706854077,0.45201630964452,0.936822017216824,NaN,NaN,0
一般,BIT*,46,20261949,1,216.507838174733,0.2035137,0.0245401,0.2033936,0,NaN,NaN,622,1000,1.96934647443085,0.393381633598802,0.940597600061814,NaN,NaN,0
一般,RRT#,46,20261949,1,212.469341547709,0.0393715,0.0104051,0.0392392,0,NaN,NaN,743,1000,3.62635660017321,0.162123152410253,0.958475945274191,NaN,NaN,0
一般,APF-only,46,20261949,1,229.358752665851,0.0016086,0.0014826,0.0016086,NaN,NaN,NaN,NaN,52,16.5135672987644,0.40276509044968,0.887896147911194,1,5,0
一般,AB-IRRT*,46,20261949,1,210.299796337495,0.0337934,0.0013917,0.032192,0,0.0013917,0.0323206,666,1000,2.40445813314008,0.40271112572295,0.968364004760648,1,5,0
一般,RRT*,47,20261950,1,212.270304307069,0.0413888,0.0071012,0.0412857,0,NaN,NaN,772,1000,4.34287365307874,0.49093350268556,0.959374669228965,NaN,NaN,0
一般,Informed-RRT*,47,20261950,1,212.116507773225,0.0391713,0.0065116,0.0390049,0,NaN,NaN,690,1000,4.55081443141226,0.602559413973683,0.960070270435746,NaN,NaN,0
一般,PRM*,47,20261950,1,211.730100631078,0.1211092,0.0021508,0.1210127,0,NaN,NaN,1002,1000,2.46158383629694,1,0.961822397357489,NaN,NaN,0
一般,FMT*,47,20261950,1,215.663332008331,0.0361599,0.0066679,0.036032,0,NaN,NaN,1002,1000,5.03000624557453,0.0404565358845623,0.944280843133126,NaN,NaN,0
一般,BIT*,47,20261950,1,210.119180189695,0.3878307,0.0247974,0.3877067,0,NaN,NaN,603,1000,2.85175154590123,0.0405807300479175,0.969196399861613,NaN,NaN,0
一般,RRT#,47,20261950,1,210.416137089969,0.0391335,0.0059575,0.0390003,0,NaN,NaN,772,1000,2.83129742290909,0.165417824880173,0.967828588615573,NaN,NaN,0
一般,APF-only,47,20261950,1,229.358752665851,0.0015323,0.0014433,0.0015323,NaN,NaN,NaN,NaN,52,16.5135672987644,0.40276509044968,0.887896147911194,1,5,0
一般,AB-IRRT*,47,20261950,1,209.818937432975,0.0267659,0.0017087,0.0248498,0,0.0017087,0.024966,701,1000,2.15741865961692,0.412301981548936,0.970583282296809,1,5,0
一般,RRT*,48,20261951,1,211.303402841538,0.0361907,0.0060213,0.0361038,0,NaN,NaN,781,1000,3.65635058195482,1,0.963764663716492,NaN,NaN,0
一般,Informed-RRT*,48,20261951,1,210.743471488956,0.039117,0.0062567,0.0389807,0,NaN,NaN,706,1000,2.67299987659486,0.552386184945473,0.966325322169698,NaN,NaN,0
一般,PRM*,48,20261951,1,209.872698595525,0.1264781,0.0002878,0.1263899,0,NaN,NaN,1002,1000,2.1124707326347,0.122186598580471,0.97033465688742,NaN,NaN,0
一般,FMT*,48,20261951,1,212.04942155853,0.0258517,0.0056364,0.0257172,0,NaN,NaN,1002,1000,2.22348811712789,0.123603393255458,0.960374008497427,NaN,NaN,0
一般,BIT*,48,20261951,1,210.195277347107,0.2638942,0.0238065,0.2637708,0,NaN,NaN,601,1000,1.54916816097975,0.10821901364918,0.968845520945901,NaN,NaN,0
一般,RRT#,48,20261951,1,211.247259162879,0.0491235,0.0117483,0.0489792,0,NaN,NaN,781,1000,3.56272773774699,0.806848603288405,0.964020805707622,NaN,NaN,0
一般,APF-only,48,20261951,1,229.358752665851,0.0017258,0.0016244,0.0017258,NaN,NaN,NaN,NaN,52,16.5135672987644,0.40276509044968,0.887896147911194,1,5,0
一般,AB-IRRT*,48,20261951,1,209.688919592895,0.0297739,0.0018457,0.0276658,0,0.0018457,0.0278287,690,1000,1.80662257729098,0.479691311304814,0.971185093504703,1,5,0
一般,RRT*,49,20261952,1,216.255489092575,0.044339,0.0064163,0.0442087,0,NaN,NaN,734,1000,5.28534361002892,0.412171811030678,0.941695185801957,NaN,NaN,0
一般,Informed-RRT*,49,20261952,1,217.578858781451,0.0344517,0.0060312,0.0343123,0,NaN,NaN,686,1000,4.65564672067843,0.0357556106911829,0.935967557336444,NaN,NaN,0
一般,PRM*,49,20261952,1,217.043339286216,0.1229965,0.0010594,0.122892,0,NaN,NaN,1002,1000,3.48884034789821,1,0.938276906591342,NaN,NaN,0
一般,FMT*,49,20261952,1,226.845961490865,0.0428387,0.0134204,0.042722,0,NaN,NaN,1002,1000,4.39908886484064,0.476535572417632,0.897731445794008,NaN,NaN,0
一般,BIT*,49,20261952,1,209.902103363683,0.3004957,0.0942719,0.3003717,0,NaN,NaN,652,1000,1.46260533339079,0.249721812344575,0.970198724635366,NaN,NaN,0
一般,RRT#,49,20261952,1,213.757728888495,0.0397428,0.005411,0.039623,0,NaN,NaN,734,1000,4.04617483020454,0.412212207033807,0.952698899079135,NaN,NaN,0
一般,APF-only,49,20261952,1,229.358752665851,0.0016117,0.0015167,0.0016117,NaN,NaN,NaN,NaN,52,16.5135672987644,0.40276509044968,0.887896147911194,1,5,0
一般,AB-IRRT*,49,20261952,1,210.367664371757,0.032153,0.0016043,0.0302749,0,0.0016043,0.0304409,679,1000,2.89767429055277,0.402762307483776,0.968051594763373,1,5,0
一般,RRT*,50,20261953,1,212.386817410181,0.0340441,0.0145967,0.0336408,0,NaN,NaN,687,1000,4.10084389735812,0.114492514246262,0.958848366696999,NaN,NaN,0
一般,Informed-RRT*,50,20261953,1,212.731918397189,0.0363468,0.0106688,0.0361896,0,NaN,NaN,649,1000,6.2381880817509,0.319365089080435,0.95729289011299,NaN,NaN,0
一般,PRM*,50,20261953,1,210.798396495112,0.1195347,0.0007112,0.1194375,0,NaN,NaN,1002,1000,1.52285671361008,0.374675882739691,0.966073539304403,NaN,NaN,0
一般,FMT*,50,20261953,1,216.30227020605,0.0244844,0.0050623,0.0243918,0,NaN,NaN,1002,1000,2.72555757955632,0.412334908389482,0.94149151919548,NaN,NaN,0
一般,BIT*,50,20261953,1,210.912391249329,0.3107901,0.0374378,0.3106807,0,NaN,NaN,621,1000,2.7495673591708,0.348101762660814,0.965551392099034,NaN,NaN,0
一般,RRT#,50,20261953,1,211.034086611639,0.0342449,0.0142529,0.0341376,0,NaN,NaN,687,1000,3.51270591059746,0.113578208698833,0.964994595193011,NaN,NaN,0
一般,APF-only,50,20261953,1,229.358752665851,0.0015935,0.0015078,0.0015935,NaN,NaN,NaN,NaN,52,16.5135672987644,0.40276509044968,0.887896147911194,1,5,0
一般,AB-IRRT*,50,20261953,1,210.296256706235,0.0322289,0.0015447,0.0304311,0,0.0015447,0.030578,699,1000,2.75111924125611,0.868527126740811,0.96838030391669,1,5,0
狭窄,RRT*,1,20262904,1,218.398443857254,0.0330851,0.0092546,0.0329776,0,NaN,NaN,714,1000,5.21766864572577,0.145144743943618,0.932455146589001,NaN,NaN,0
狭窄,Informed-RRT*,1,20262904,1,216.610003887916,0.0331904,0.0093927,0.0330442,0,NaN,NaN,659,1000,5.87550113001366,0.0487173707338702,0.94015396023492,NaN,NaN,0
狭窄,PRM*,1,20262904,1,226.859989066897,0.136688,0.0008943,0.1365894,0,NaN,NaN,1002,1000,4.10440463240981,0.520526270272125,0.897675935802299,NaN,NaN,0
狭窄,FMT*,1,20262904,1,281.756073769027,0.1777587,0.0140793,0.1776501,0,NaN,NaN,1002,1000,11.0599385481829,0.179406160735788,0.722776798588794,NaN,NaN,0
狭窄,BIT*,1,20262904,0,Inf,0.4315498,NaN,0.4314321,0,NaN,NaN,816,1000,NaN,NaN,NaN,NaN,NaN,0
狭窄,RRT#,1,20262904,1,222.041318529621,0.0424289,0.0127994,0.0422596,0,NaN,NaN,714,1000,7.70579808291922,0.145134398226069,0.917157015326219,NaN,NaN,0
狭窄,APF-only,1,20262904,1,279.791130115633,0.0106196,0.0104944,0.0106196,NaN,NaN,NaN,NaN,64,46.4502175583217,0.0632608111899984,0.727852783959099,3,5,0
狭窄,AB-IRRT*,1,20262904,1,212.885243942151,0.0163577,0.0084221,0.007724,0,0.0084221,0.0078359,78,1000,2.34656541775505,0.316946328405102,0.956603422626436,3,5,0
狭窄,RRT*,2,20262905,0,Inf,0.0094277,NaN,0.0093287,0,NaN,NaN,54,1000,NaN,NaN,NaN,NaN,NaN,0
狭窄,Informed-RRT*,2,20262905,0,Inf,0.0083287,NaN,0.0081308,0,NaN,NaN,54,1000,NaN,NaN,NaN,NaN,NaN,0
狭窄,PRM*,2,20262905,1,222.577207596292,0.121524,0.0015865,0.1213729,0,NaN,NaN,1002,1000,5.34794775211612,0.235534249262358,0.914948817900069,NaN,NaN,0
狭窄,FMT*,2,20262905,1,242.746403576303,0.0359645,0.0097218,0.0358637,0,NaN,NaN,1002,1000,4.92885566609366,1,0.838927992264622,NaN,NaN,0
狭窄,BIT*,2,20262905,1,238.023313231762,0.1090736,0.0256947,0.1089422,0,NaN,NaN,339,1000,2.55463379056388,0.0237460397537366,0.855574818351661,NaN,NaN,0
狭窄,RRT#,2,20262905,0,Inf,0.0081705,NaN,0.0080738,0,NaN,NaN,54,1000,NaN,NaN,NaN,NaN,NaN,0
狭窄,APF-only,2,20262905,1,279.791130115633,0.0076693,0.0075704,0.0076693,NaN,NaN,NaN,NaN,64,46.4502175583217,0.0632608111899984,0.727852783959099,3,5,0
狭窄,AB-IRRT*,2,20262905,1,212.885243942151,0.0232366,0.0099828,0.013044,0,0.0099828,0.0131542,297,1000,2.34656541775505,0.316946328405102,0.956603422626436,3,5,0
狭窄,RRT*,3,20262906,1,274.387821815202,0.0302452,0.0154277,0.0301468,0,NaN,NaN,537,1000,9.35537966041246,0.350210085217824,0.742185828928225,NaN,NaN,0
狭窄,Informed-RRT*,3,20262906,1,273.293720937284,0.0175764,0.0085535,0.0174655,0,NaN,NaN,444,1000,11.1224480700767,0.177955792612815,0.745157086973318,NaN,NaN,0
狭窄,PRM*,3,20262906,1,230.178443959416,0.1175237,0.0001804,0.1173909,0,NaN,NaN,1002,1000,4.84420390355377,0.015243576531077,0.884734249996199,NaN,NaN,0
狭窄,FMT*,3,20262906,1,229.573749364846,0.0505384,0.0295707,0.0504104,0,NaN,NaN,1002,1000,6.65879749876686,0.192313107836776,0.887064629754702,NaN,NaN,0
狭窄,BIT*,3,20262906,0,Inf,0.3706328,NaN,0.370533,0,NaN,NaN,824,1000,NaN,NaN,NaN,NaN,NaN,0
狭窄,RRT#,3,20262906,1,265.711470669501,0.0345099,0.0155411,0.0343873,0,NaN,NaN,537,1000,9.60409556268,0.283283594365112,0.766420630876817,NaN,NaN,0
狭窄,APF-only,3,20262906,1,279.791130115633,0.0086237,0.0085181,0.0086237,NaN,NaN,NaN,NaN,64,46.4502175583217,0.0632608111899984,0.727852783959099,3,5,0
狭窄,AB-IRRT*,3,20262906,1,212.885243942151,0.0185612,0.0088935,0.0094647,0,0.0088935,0.0095751,100,1000,2.34656541775505,0.316946328405102,0.956603422626436,3,5,0
狭窄,RRT*,4,20262907,1,227.251159185858,0.0229595,0.0048717,0.0224683,0,NaN,NaN,559,1000,4.17928095055321,0.0201614854328378,0.896130755553915,NaN,NaN,0
狭窄,Informed-RRT*,4,20262907,1,223.060866936393,0.0227245,0.0057117,0.0225899,0,NaN,NaN,511,1000,4.0172037117791,0.0111978390168268,0.912964948889027,NaN,NaN,0
狭窄,PRM*,4,20262907,1,240.863040729777,0.1212321,0.0108348,0.1211429,0,NaN,NaN,1002,1000,2.43632578558812,0.420661151931312,0.845487760864881,NaN,NaN,0
狭窄,FMT*,4,20262907,1,255.269442909948,0.167735,0.0240936,0.1676151,0,NaN,NaN,1002,1000,7.09865334425171,0.814194340267901,0.797771760929358,NaN,NaN,0
狭窄,BIT*,4,20262907,1,230.63854988056,0.3148679,0.0305191,0.3147365,0,NaN,NaN,626,1000,4.9991433580813,0.34297364044299,0.882969274161615,NaN,NaN,0
狭窄,RRT#,4,20262907,1,225.129845585999,0.040167,0.0069942,0.0400486,0,NaN,NaN,559,1000,4.19495941002236,0.0208019502205472,0.904574657578809,NaN,NaN,0
狭窄,APF-only,4,20262907,1,279.791130115633,0.0089944,0.0088922,0.0089944,NaN,NaN,NaN,NaN,64,46.4502175583217,0.0632608111899984,0.727852783959099,3,5,0
狭窄,AB-IRRT*,4,20262907,1,212.885243942151,0.0175459,0.0087262,0.008614,0,0.0087262,0.0087233,76,1000,2.34656541775505,0.316946328405102,0.956603422626436,3,5,0
狭窄,RRT*,5,20262908,1,243.661695967018,0.0427137,0.0071644,0.0426065,0,NaN,NaN,743,1000,6.95589316397563,0.0963976709080967,0.835776637659499,NaN,NaN,0
狭窄,Informed-RRT*,5,20262908,1,245.17298663519,0.0235605,0.0065361,0.0234327,0,NaN,NaN,601,1000,9.36272157463648,0.124144739811009,0.830624759181751,NaN,NaN,0
狭窄,PRM*,5,20262908,1,223.859336071296,0.1399847,0.0368721,0.1398674,0,NaN,NaN,1002,1000,3.25197060516853,0.535631422511353,0.909708554289946,NaN,NaN,0
狭窄,FMT*,5,20262908,1,250.330435809447,0.1272967,0.0242738,0.1271699,0,NaN,NaN,1002,1000,7.04277246622874,0.894498517447081,0.813511758261559,NaN,NaN,0
狭窄,BIT*,5,20262908,1,236.126892256915,0.2618945,0.0287063,0.2617553,0,NaN,NaN,540,1000,7.21581385024758,0.19517764593618,0.862446250976575,NaN,NaN,0
狭窄,RRT#,5,20262908,1,242.000415289322,0.0423145,0.0089373,0.0421715,0,NaN,NaN,743,1000,6.86806811474566,0.0907356199945966,0.84151406409058,NaN,NaN,0
狭窄,APF-only,5,20262908,1,279.791130115633,0.0087024,0.0085856,0.0087024,NaN,NaN,NaN,NaN,64,46.4502175583217,0.0632608111899984,0.727852783959099,3,5,0
狭窄,AB-IRRT*,5,20262908,1,212.885243942151,0.0237018,0.0101376,0.0133088,0,0.0101376,0.0134501,98,1000,2.34656541775505,0.316946328405102,0.956603422626436,3,5,0
狭窄,RRT*,6,20262909,1,217.675946583887,0.0438599,0.0102217,0.0437519,0,NaN,NaN,751,1000,6.55672808395611,0.264279774611408,0.935550097186532,NaN,NaN,0
狭窄,Informed-RRT*,6,20262909,1,216.057499829666,0.0445783,0.0095553,0.0443971,0,NaN,NaN,672,1000,5.71634551258763,0.0340194346661864,0.942558129860225,NaN,NaN,0
狭窄,PRM*,6,20262909,1,222.314864781712,0.1436998,0.0001896,0.1435914,0,NaN,NaN,1002,1000,3.79055125986451,0.419473740533189,0.916028503904514,NaN,NaN,0
狭窄,FMT*,6,20262909,0,Inf,0.0135176,NaN,0.0134114,0,NaN,NaN,1002,1000,NaN,NaN,NaN,NaN,NaN,0
狭窄,BIT*,6,20262909,0,Inf,0.0140005,NaN,0.0139281,0,NaN,NaN,48,1000,NaN,NaN,NaN,NaN,NaN,0
狭窄,RRT#,6,20262909,1,219.057236167268,0.0382937,0.0107503,0.0381386,0,NaN,NaN,751,1000,6.76615596498199,0.151460052697608,0.929650882777616,NaN,NaN,0
狭窄,APF-only,6,20262909,1,279.791130115633,0.0075998,0.0074961,0.0075998,NaN,NaN,NaN,NaN,64,46.4502175583217,0.0632608111899984,0.727852783959099,3,5,0
狭窄,AB-IRRT*,6,20262909,1,212.885243942151,0.0179754,0.0076215,0.0101188,0,0.0076215,0.0102532,79,1000,2.34656541775505,0.316946328405102,0.956603422626436,3,5,0
狭窄,RRT*,7,20262910,1,217.855111918608,0.0334031,0.0071641,0.0333069,0,NaN,NaN,718,1000,6.55431300560122,0.171770546488894,0.934780695243955,NaN,NaN,0
狭窄,Informed-RRT*,7,20262910,1,219.005886466179,0.033152,0.0081352,0.0329758,0,NaN,NaN,661,1000,6.10271668898834,0.161497175197006,0.92986885543451,NaN,NaN,0
狭窄,PRM*,7,20262910,1,218.133439495506,0.1269544,0.012342,0.1268576,0,NaN,NaN,1002,1000,3.6639087377886,0.184581072214982,0.933587960895474,NaN,NaN,0
狭窄,FMT*,7,20262910,1,252.249178879998,0.0525667,0.0104321,0.0524471,0,NaN,NaN,1002,1000,2.89395854418946,0.587316092217129,0.807323749817264,NaN,NaN,0
狭窄,BIT*,7,20262910,1,239.527017542148,0.1821256,0.0294922,0.1819878,0,NaN,NaN,570,1000,2.62685549699553,0.218268242935361,0.850203685043134,NaN,NaN,0
狭窄,RRT#,7,20262910,1,216.956705410659,0.0396573,0.0089001,0.0395108,0,NaN,NaN,718,1000,5.71890204705275,0.157326915096146,0.938651573807132,NaN,NaN,0
狭窄,APF-only,7,20262910,1,279.791130115633,0.0076616,0.0075597,0.0076616,NaN,NaN,NaN,NaN,64,46.4502175583217,0.0632608111899984,0.727852783959099,3,5,0
狭窄,AB-IRRT*,7,20262910,1,212.885243942151,0.0358817,0.0079897,0.0276785,0,0.0079897,0.0277997,577,1000,2.34656541775505,0.316946328405102,0.956603422626436,3,5,0
狭窄,RRT*,8,20262911,1,214.871866071156,0.0359489,0.0075024,0.035858,0,NaN,NaN,784,1000,5.42063115198125,0.382249465649837,0.947759037538616,NaN,NaN,0
狭窄,Informed-RRT*,8,20262911,1,214.578202787061,0.040876,0.0070648,0.0407512,0,NaN,NaN,720,1000,5.90205202824631,0.36617076316972,0.949056103260483,NaN,NaN,0
狭窄,PRM*,8,20262911,1,237.158011742361,0.1412469,0.0011572,0.1411541,0,NaN,NaN,1002,1000,1.95595615297578,1,0.858696493049367,NaN,NaN,0
狭窄,FMT*,8,20262911,0,Inf,0.020525,NaN,0.020436,0,NaN,NaN,1002,1000,NaN,NaN,NaN,NaN,NaN,0
狭窄,BIT*,8,20262911,0,Inf,0.3264431,NaN,0.3263343,0,NaN,NaN,820,1000,NaN,NaN,NaN,NaN,NaN,0
狭窄,RRT#,8,20262911,1,214.409181715136,0.0434394,0.0107955,0.0433019,0,NaN,NaN,784,1000,4.32657698952108,0.382095653784447,0.949804254429229,NaN,NaN,0
狭窄,APF-only,8,20262911,1,279.791130115633,0.0082637,0.0081619,0.0082637,NaN,NaN,NaN,NaN,64,46.4502175583217,0.0632608111899984,0.727852783959099,3,5,0
狭窄,AB-IRRT*,8,20262911,1,212.885243942151,0.0308999,0.0090256,0.0216606,0,0.0090256,0.0217792,486,1000,2.34656541775505,0.316946328405102,0.956603422626436,3,5,0
狭窄,RRT*,9,20262912,1,213.402553211304,0.0407103,0.0097241,0.0405519,0,NaN,NaN,709,1000,4.53575836302171,0.0509934480517629,0.95428451964247,NaN,NaN,0
狭窄,Informed-RRT*,9,20262912,1,214.361697434029,0.0367229,0.007609,0.0365056,0,NaN,NaN,648,1000,5.2395657552293,0.0372288321113246,0.950014650095776,NaN,NaN,0
狭窄,PRM*,9,20262912,1,245.388377824784,0.1363598,0.0741939,0.136257,0,NaN,NaN,1002,1000,3.24727834934752,1,0.82989567308333,NaN,NaN,0
狭窄,FMT*,9,20262912,0,Inf,0.0218202,NaN,0.0216935,0,NaN,NaN,1002,1000,NaN,NaN,NaN,NaN,NaN,0
狭窄,BIT*,9,20262912,0,Inf,0.3002019,NaN,0.3000931,0,NaN,NaN,834,1000,NaN,NaN,NaN,NaN,NaN,0
狭窄,RRT#,9,20262912,1,213.241088648944,0.0379359,0.0080339,0.0377998,0,NaN,NaN,709,1000,5.25699547338485,0.0365831909272742,0.955007096765423,NaN,NaN,0
狭窄,APF-only,9,20262912,1,279.791130115633,0.009169,0.0090588,0.009169,NaN,NaN,NaN,NaN,64,46.4502175583217,0.0632608111899984,0.727852783959099,3,5,0
狭窄,AB-IRRT*,9,20262912,1,212.885243942151,0.0169315,0.0099837,0.0067573,0,0.0099837,0.0068474,75,1000,2.34656541775505,0.316946328405102,0.956603422626436,3,5,0
狭窄,RRT*,10,20262913,1,224.499594292651,0.0191675,0.008228,0.0190606,0,NaN,NaN,415,1000,4.90207630929925,0.0179822150553797,0.90711412474206,NaN,NaN,0
狭窄,Informed-RRT*,10,20262913,1,223.947343150191,0.0196811,0.0104902,0.0195323,0,NaN,NaN,387,1000,7.31968366622596,0.309809097891367,0.909351055998685,NaN,NaN,0
狭窄,PRM*,10,20262913,1,223.701747787894,0.136173,0.0007887,0.1360745,0,NaN,NaN,1002,1000,4.3091792583864,0.17681962766059,0.910349404935432,NaN,NaN,0
狭窄,FMT*,10,20262913,1,259.328138950394,0.2206636,0.010122,0.2205495,0,NaN,NaN,1002,1000,5.909853942598,0.903977393996826,0.785285984798897,NaN,NaN,0
狭窄,BIT*,10,20262913,0,Inf,0.4383226,NaN,0.4382094,0,NaN,NaN,834,1000,NaN,NaN,NaN,NaN,NaN,0
狭窄,RRT#,10,20262913,1,223.45543469454,0.0187191,0.0088273,0.0186026,0,NaN,NaN,415,1000,4.07792453289605,0.0195650138919641,0.911352875619729,NaN,NaN,0
狭窄,APF-only,10,20262913,1,279.791130115633,0.0085899,0.0084867,0.0085899,NaN,NaN,NaN,NaN,64,46.4502175583217,0.0632608111899984,0.727852783959099,3,5,0
狭窄,AB-IRRT*,10,20262913,1,212.885243942151,0.033744,0.0088895,0.0246368,0,0.0088895,0.0247635,569,1000,2.34656541775505,0.316946328405102,0.956603422626436,3,5,0
狭窄,RRT*,11,20262914,0,Inf,0.0159815,NaN,0.0159119,0,NaN,NaN,280,1000,NaN,NaN,NaN,NaN,NaN,0
狭窄,Informed-RRT*,11,20262914,0,Inf,0.0132663,NaN,0.0131619,0,NaN,NaN,280,1000,NaN,NaN,NaN,NaN,NaN,0
狭窄,PRM*,11,20262914,1,240.66164622595,0.1342374,0.0026647,0.1341442,0,NaN,NaN,1002,1000,3.64954950004976,0.34075146916768,0.846195296073591,NaN,NaN,0
狭窄,FMT*,11,20262914,1,241.831914894954,0.0375005,0.0090609,0.0373598,0,NaN,NaN,1002,1000,4.04387795188292,0.125718510713621,0.8421004029604,NaN,NaN,0
狭窄,BIT*,11,20262914,1,239.373865014494,0.2873196,0.0481558,0.2871963,0,NaN,NaN,689,1000,3.63985887432824,0.621840541334233,0.850747649370138,NaN,NaN,0
狭窄,RRT#,11,20262914,0,Inf,0.015908,NaN,0.0158259,0,NaN,NaN,280,1000,NaN,NaN,NaN,NaN,NaN,0
狭窄,APF-only,11,20262914,1,279.791130115633,0.0081355,0.0080372,0.0081355,NaN,NaN,NaN,NaN,64,46.4502175583217,0.0632608111899984,0.727852783959099,3,5,0
狭窄,AB-IRRT*,11,20262914,1,212.885243942151,0.0187228,0.0092801,0.0092207,0,0.0092801,0.0093343,104,1000,2.34656541775505,0.316946328405102,0.956603422626436,3,5,0
狭窄,RRT*,12,20262915,1,223.563962942304,0.0222988,0.0103891,0.022199,0,NaN,NaN,500,1000,6.05647477237636,0.201629961729096,0.910910462945594,NaN,NaN,0
狭窄,Informed-RRT*,12,20262915,1,225.511096365961,0.0235439,0.0127036,0.0234078,0,NaN,NaN,458,1000,5.99737425739758,0.0155909093731553,0.90304537676162,NaN,NaN,0
狭窄,PRM*,12,20262915,1,238.613685513684,0.141934,0.0391406,0.1418389,0,NaN,NaN,1002,1000,2.55533870995031,1,0.853457975569665,NaN,NaN,0
狭窄,FMT*,12,20262915,1,241.684377273069,0.1591152,0.0221666,0.1590104,0,NaN,NaN,1002,1000,9.14664710837954,0.442446403834899,0.842614468007726,NaN,NaN,0
狭窄,BIT*,12,20262915,0,Inf,0.4863327,NaN,0.486032,0,NaN,NaN,839,1000,NaN,NaN,NaN,NaN,NaN,0
狭窄,RRT#,12,20262915,1,222.292193245737,0.0263501,0.0118404,0.0262147,0,NaN,NaN,500,1000,4.47717621252651,0.221959847369539,0.916121929466956,NaN,NaN,0
狭窄,APF-only,12,20262915,1,279.791130115633,0.0089117,0.008797,0.0089117,NaN,NaN,NaN,NaN,64,46.4502175583217,0.0632608111899984,0.727852783959099,3,5,0
狭窄,AB-IRRT*,12,20262915,1,212.885243942151,0.0205341,0.0097545,0.0105375,0,0.0097545,0.0106631,101,1000,2.34656541775505,0.316946328405102,0.956603422626436,3,5,0
狭窄,RRT*,13,20262916,1,215.050795285669,0.0381304,0.0114031,0.0380146,0,NaN,NaN,707,1000,6.30526662870922,0.055520871299656,0.946970471377265,NaN,NaN,0
狭窄,Informed-RRT*,13,20262916,1,216.308241372822,0.0375285,0.0091146,0.0373518,0,NaN,NaN,640,1000,6.54647149755741,0.0613964672637157,0.941465529418857,NaN,NaN,0
狭窄,PRM*,13,20262916,1,239.612866369832,0.1336682,0.0021977,0.1335551,0,NaN,NaN,1002,1000,2.64031550653144,0.802630225274415,0.84989907289622,NaN,NaN,0
狭窄,FMT*,13,20262916,1,259.792021053853,0.2033353,0.00702,0.2031934,0,NaN,NaN,1002,1000,3.53821543583464,1,0.783883785789985,NaN,NaN,0
狭窄,BIT*,13,20262916,1,247.604173035283,0.0796707,0.029093,0.0795452,0,NaN,NaN,240,1000,1.68332073517097,0.587641327162864,0.82246898541854,NaN,NaN,0
狭窄,RRT#,13,20262916,1,213.225100737013,0.0439927,0.0116095,0.0438559,0,NaN,NaN,707,1000,5.09095662170086,0.0726878208582349,0.955078704513777,NaN,NaN,0
狭窄,APF-only,13,20262916,1,279.791130115633,0.0089713,0.0088576,0.0089713,NaN,NaN,NaN,NaN,64,46.4502175583217,0.0632608111899984,0.727852783959099,3,5,0
狭窄,AB-IRRT*,13,20262916,1,212.885243942151,0.0199032,0.0094764,0.0101806,0,0.0094764,0.0103188,93,1000,2.34656541775505,0.316946328405102,0.956603422626436,3,5,0
狭窄,RRT*,14,20262917,1,224.632249045325,0.0337622,0.0069218,0.0336726,0,NaN,NaN,669,1000,7.01455532995895,0.0843030794631261,0.906578435853328,NaN,NaN,0
狭窄,Informed-RRT*,14,20262917,1,222.752771562251,0.0286781,0.0076166,0.0285273,0,NaN,NaN,595,1000,8.12404742300316,0.0830309660220223,0.914227695365911,NaN,NaN,0
狭窄,PRM*,14,20262917,1,224.750140758521,0.1281345,0.002305,0.1280376,0,NaN,NaN,1002,1000,4.86953050213811,0.389239816159328,0.906102894060168,NaN,NaN,0
狭窄,FMT*,14,20262917,1,257.462269761535,0.1280257,0.0159504,0.1279055,0,NaN,NaN,1002,1000,7.93348156045989,0.190679393068802,0.790977074700483,NaN,NaN,0
狭窄,BIT*,14,20262917,1,246.924273930393,0.2132374,0.0543665,0.2131251,0,NaN,NaN,675,1000,3.85849244523263,0.432090257541699,0.824733630842357,NaN,NaN,0
狭窄,RRT#,14,20262917,1,222.675454134089,0.0298401,0.0066279,0.0296904,0,NaN,NaN,669,1000,6.44190121140075,0.0181776933534294,0.914545133740225,NaN,NaN,0
狭窄,APF-only,14,20262917,1,279.791130115633,0.0096088,0.0094878,0.0096088,NaN,NaN,NaN,NaN,64,46.4502175583217,0.0632608111899984,0.727852783959099,3,5,0
狭窄,AB-IRRT*,14,20262917,1,212.885243942151,0.0264167,0.006405,0.0198267,0,0.006405,0.0199326,462,1000,2.34656541775505,0.316946328405102,0.956603422626436,3,5,0
狭窄,RRT*,15,20262918,1,223.283652024967,0.0316908,0.00668,0.031615,0,NaN,NaN,782,1000,8.05462571487611,0.0450112521632633,0.912054022472522,NaN,NaN,0
狭窄,Informed-RRT*,15,20262918,1,220.718613820489,0.033173,0.0071869,0.0330442,0,NaN,NaN,676,1000,8.15649916613791,0.00681092498575175,0.922653279923878,NaN,NaN,0
狭窄,PRM*,15,20262918,1,223.746398923498,0.1225042,0.004249,0.1224015,0,NaN,NaN,1002,1000,6.82679564593254,0.100112193310537,0.910167734370354,NaN,NaN,0
狭窄,FMT*,15,20262918,1,232.377496775748,0.0512622,0.024545,0.0511445,0,NaN,NaN,1002,1000,8.66749397957915,0.132025087628973,0.876361763971715,NaN,NaN,0
狭窄,BIT*,15,20262918,1,241.056743744364,0.2500319,0.0475642,0.2484499,0,NaN,NaN,651,1000,5.685485546018,0.65054390750706,0.844808362622242,NaN,NaN,0
狭窄,RRT#,15,20262918,1,220.456587627555,0.0408754,0.008541,0.0407418,0,NaN,NaN,782,1000,7.4722691676127,0.0441094695656403,0.923749910008456,NaN,NaN,0
狭窄,APF-only,15,20262918,1,279.791130115633,0.0077765,0.0076802,0.0077765,NaN,NaN,NaN,NaN,64,46.4502175583217,0.0632608111899984,0.727852783959099,3,5,0
狭窄,AB-IRRT*,15,20262918,1,212.885243942151,0.017893,0.0092682,0.0084203,0,0.0092682,0.0085248,97,1000,2.34656541775505,0.316946328405102,0.956603422626436,3,5,0
狭窄,RRT*,16,20262919,0,Inf,0.006728,NaN,0.0066686,0,NaN,NaN,50,1000,NaN,NaN,NaN,NaN,NaN,0
狭窄,Informed-RRT*,16,20262919,0,Inf,0.0071939,NaN,0.0070907,0,NaN,NaN,50,1000,NaN,NaN,NaN,NaN,NaN,0
狭窄,PRM*,16,20262919,1,224.713738991002,0.1223106,0.0010626,0.122206,0,NaN,NaN,1002,1000,4.02979089659653,0.573717322052014,0.906249675236278,NaN,NaN,0
狭窄,FMT*,16,20262919,1,234.443077148992,0.0692296,0.006641,0.0690563,0,NaN,NaN,1002,1000,4.99766781463385,0.687018441876758,0.868640505227225,NaN,NaN,0
狭窄,BIT*,16,20262919,0,Inf,0.3876674,NaN,0.3875579,0,NaN,NaN,845,1000,NaN,NaN,NaN,NaN,NaN,0
狭窄,RRT#,16,20262919,0,Inf,0.0080639,NaN,0.0079952,0,NaN,NaN,50,1000,NaN,NaN,NaN,NaN,NaN,0
狭窄,APF-only,16,20262919,1,279.791130115633,0.0088083,0.0087023,0.0088083,NaN,NaN,NaN,NaN,64,46.4502175583217,0.0632608111899984,0.727852783959099,3,5,0
狭窄,AB-IRRT*,16,20262919,1,212.885243942151,0.0348997,0.0100256,0.0246309,0,0.0100256,0.0247649,549,1000,2.34656541775505,0.316946328405102,0.956603422626436,3,5,0
狭窄,RRT*,17,20262920,0,Inf,0.0088849,NaN,0.0088183,0,NaN,NaN,94,1000,NaN,NaN,NaN,NaN,NaN,0
狭窄,Informed-RRT*,17,20262920,0,Inf,0.0078767,NaN,0.0077606,0,NaN,NaN,94,1000,NaN,NaN,NaN,NaN,NaN,0
狭窄,PRM*,17,20262920,1,226.201535545856,0.1391434,0.0008641,0.1390039,0,NaN,NaN,1002,1000,3.54527605119173,0.325551663012034,0.900288994459289,NaN,NaN,0
狭窄,FMT*,17,20262920,1,238.042842192098,0.1060143,0.0093679,0.1059038,0,NaN,NaN,1002,1000,6.7640504481291,0.135451585073369,0.855504627261108,NaN,NaN,0
狭窄,BIT*,17,20262920,1,221.259642414091,0.3569639,0.032712,0.3567211,0,NaN,NaN,659,1000,5.08752937479853,0.148706031527775,0.920397189292195,NaN,NaN,0
狭窄,RRT#,17,20262920,0,Inf,0.0104579,NaN,0.010367,0,NaN,NaN,94,1000,NaN,NaN,NaN,NaN,NaN,0
狭窄,APF-only,17,20262920,1,279.791130115633,0.0088716,0.0087567,0.0088716,NaN,NaN,NaN,NaN,64,46.4502175583217,0.0632608111899984,0.727852783959099,3,5,0
狭窄,AB-IRRT*,17,20262920,1,212.885243942151,0.0375196,0.0159099,0.0213521,0,0.0159099,0.021488,439,1000,2.34656541775505,0.316946328405102,0.956603422626436,3,5,0
狭窄,RRT*,18,20262921,1,221.030368351681,0.0343517,0.0109833,0.0341319,0,NaN,NaN,731,1000,5.37698650078687,0.0334798157702281,0.92135191422069,NaN,NaN,0
狭窄,Informed-RRT*,18,20262921,1,219.500958879259,0.0321059,0.0097418,0.0319656,0,NaN,NaN,652,1000,7.14910701826051,0.0572886863735889,0.927771587065122,NaN,NaN,0
狭窄,PRM*,18,20262921,1,224.458920026038,0.1236158,0.0111675,0.1235259,0,NaN,NaN,1002,1000,3.11474536265524,0.266142743003777,0.907278503158183,NaN,NaN,0
狭窄,FMT*,18,20262921,1,234.503132833463,0.0461898,0.0319175,0.0460831,0,NaN,NaN,1002,1000,8.90807041842977,1,0.868418048497243,NaN,NaN,0
狭窄,BIT*,18,20262921,0,Inf,0.2235895,NaN,0.2234798,0,NaN,NaN,830,1000,NaN,NaN,NaN,NaN,NaN,0
狭窄,RRT#,18,20262921,1,221.342627420622,0.0491406,0.0120142,0.0489918,0,NaN,NaN,731,1000,5.89878069868153,0.0284079031519298,0.920052117185414,NaN,NaN,0
狭窄,APF-only,18,20262921,1,279.791130115633,0.0080465,0.0079382,0.0080465,NaN,NaN,NaN,NaN,64,46.4502175583217,0.0632608111899984,0.727852783959099,3,5,0
狭窄,AB-IRRT*,18,20262921,1,212.885243942151,0.0201154,0.0064697,0.0134534,0,0.0064697,0.0135612,312,1000,2.34656541775505,0.316946328405102,0.956603422626436,3,5,0
狭窄,RRT*,19,20262922,1,232.086786185852,0.0199485,0.0118221,0.0198729,0,NaN,NaN,424,1000,7.15479918505799,0.0696109307139423,0.877459489738672,NaN,NaN,0
狭窄,Informed-RRT*,19,20262922,1,229.026309029627,0.0184234,0.0122369,0.018316,0,NaN,NaN,397,1000,4.95688966366198,0.0503035607184081,0.889184975492844,NaN,NaN,0
狭窄,PRM*,19,20262922,1,222.270095424003,0.1241509,0.0026608,0.124067,0,NaN,NaN,1002,1000,2.45995815819124,0.0951960314011853,0.916213009191579,NaN,NaN,0
狭窄,FMT*,19,20262922,1,253.624289325936,0.165676,0.0205167,0.1655301,0,NaN,NaN,1002,1000,6.74365565114671,1,0.802946569206613,NaN,NaN,0
狭窄,BIT*,19,20262922,1,224.70747098095,0.2309284,0.0276267,0.2307768,0,NaN,NaN,548,1000,3.62048571426471,1,0.9062749542448,NaN,NaN,0
狭窄,RRT#,19,20262922,1,230.771621739277,0.0170749,0.0098829,0.0169747,0,NaN,NaN,424,1000,6.51524726840089,0.0654184505721247,0.882460119866053,NaN,NaN,0
狭窄,APF-only,19,20262922,1,279.791130115633,0.0067558,0.0066713,0.0067558,NaN,NaN,NaN,NaN,64,46.4502175583217,0.0632608111899984,0.727852783959099,3,5,0
狭窄,AB-IRRT*,19,20262922,1,212.885243942151,0.0253117,0.0069825,0.0181368,0,0.0069825,0.0182485,473,1000,2.34656541775505,0.316946328405102,0.956603422626436,3,5,0
狭窄,RRT*,20,20262923,1,233.636331760043,0.0267132,0.0136299,0.0266158,0,NaN,NaN,687,1000,6.07076100124901,0.0302005178587521,0.871639917677195,NaN,NaN,0
狭窄,Informed-RRT*,20,20262923,1,229.53286961223,0.0316386,0.0137769,0.0314932,0,NaN,NaN,632,1000,9.43949243595041,0.0920157695347683,0.887222615766379,NaN,NaN,0
狭窄,PRM*,20,20262923,1,223.887704924008,0.1277437,0.0022757,0.1276388,0,NaN,NaN,1002,1000,4.45927747931063,0.17342872364854,0.909593284949915,NaN,NaN,0
狭窄,FMT*,20,20262923,1,251.466393435637,0.1263156,0.0115365,0.1261907,0,NaN,NaN,1002,1000,10.0943329807047,0.294960713956072,0.809836854139514,NaN,NaN,0
狭窄,BIT*,20,20262923,0,Inf,0.3864131,NaN,0.3863122,0,NaN,NaN,834,1000,NaN,NaN,NaN,NaN,NaN,0
狭窄,RRT#,20,20262923,1,232.529267356414,0.0425215,0.0229693,0.0423768,0,NaN,NaN,687,1000,6.34278549514008,0.022464731886231,0.875789767442832,NaN,NaN,0
狭窄,APF-only,20,20262923,1,279.791130115633,0.0093801,0.0092582,0.0093801,NaN,NaN,NaN,NaN,64,46.4502175583217,0.0632608111899984,0.727852783959099,3,5,0
狭窄,AB-IRRT*,20,20262923,1,212.885243942151,0.0312715,0.0097118,0.0212624,0,0.0097118,0.0214243,465,1000,2.34656541775505,0.316946328405102,0.956603422626436,3,5,0
狭窄,RRT*,21,20262924,1,218.838503132157,0.0385493,0.0111918,0.0384249,0,NaN,NaN,733,1000,6.68173460521484,0.177559580829978,0.930580085620228,NaN,NaN,0
狭窄,Informed-RRT*,21,20262924,1,222.632033926135,0.0358787,0.0115232,0.0356991,0,NaN,NaN,673,1000,6.68638355385793,0.198973358729823,0.914723498637629,NaN,NaN,0
狭窄,PRM*,21,20262924,1,225.562005262967,0.1440855,0.0106368,0.1439724,0,NaN,NaN,1002,1000,3.60077397299057,0.559795158986239,0.902841561211996,NaN,NaN,0
狭窄,FMT*,21,20262924,1,227.945513244323,0.0356027,0.0352871,0.0354989,0,NaN,NaN,1002,1000,8.9497020785257,0.243462782484301,0.893401015370927,NaN,NaN,0
狭窄,BIT*,21,20262924,0,Inf,0.1530074,NaN,0.1518491,0,NaN,NaN,812,1000,NaN,NaN,NaN,NaN,NaN,0
狭窄,RRT#,21,20262924,1,219.546378867773,0.0418156,0.014721,0.0416804,0,NaN,NaN,733,1000,6.85697368968296,0.190237922666102,0.927579648691798,NaN,NaN,0
狭窄,APF-only,21,20262924,1,279.791130115633,0.0079585,0.0078657,0.0079585,NaN,NaN,NaN,NaN,64,46.4502175583217,0.0632608111899984,0.727852783959099,3,5,0
狭窄,AB-IRRT*,21,20262924,1,212.885243942151,0.0412282,0.0117419,0.0292321,0,0.0117419,0.0293691,602,1000,2.34656541775505,0.316946328405102,0.956603422626436,3,5,0
狭窄,RRT*,22,20262925,1,223.06504725939,0.015076,0.0083057,0.0149907,0,NaN,NaN,430,1000,4.38429588894993,0.221938583830227,0.912947839582039,NaN,NaN,0
狭窄,Informed-RRT*,22,20262925,1,221.910799429866,0.0157888,0.0087568,0.0156685,0,NaN,NaN,403,1000,3.30424063299377,0.120045449006492,0.917696450578049,NaN,NaN,0
狭窄,PRM*,22,20262925,1,226.926543715033,0.1196258,0.0098742,0.1195346,0,NaN,NaN,1002,1000,4.57690100590534,0.281731257890543,0.897412658950371,NaN,NaN,0
狭窄,FMT*,22,20262925,1,255.353129012325,0.1382069,0.0091405,0.1380843,0,NaN,NaN,1002,1000,6.44644065158658,0.120849919516569,0.797510309622627,NaN,NaN,0
狭窄,BIT*,22,20262925,0,Inf,0.417685,NaN,0.4175582,0,NaN,NaN,828,1000,NaN,NaN,NaN,NaN,NaN,0
狭窄,RRT#,22,20262925,1,222.478939331133,0.0227784,0.0115257,0.0226518,0,NaN,NaN,430,1000,4.13976442816015,0.190874561319512,0.915352947986786,NaN,NaN,0
狭窄,APF-only,22,20262925,1,279.791130115633,0.0081558,0.008056,0.0081558,NaN,NaN,NaN,NaN,64,46.4502175583217,0.0632608111899984,0.727852783959099,3,5,0
狭窄,AB-IRRT*,22,20262925,1,212.885243942151,0.016641,0.0074354,0.0090148,0,0.0074354,0.0091204,95,1000,2.34656541775505,0.316946328405102,0.956603422626436,3,5,0
狭窄,RRT*,23,20262926,1,220.861803413713,0.0307036,0.0099796,0.0306136,0,NaN,NaN,689,1000,7.84347931398712,0.0814203676916705,0.922055103390874,NaN,NaN,0
狭窄,Informed-RRT*,23,20262926,1,217.757606610162,0.0263691,0.0063676,0.0262523,0,NaN,NaN,624,1000,4.59630962190121,0.123005812687865,0.935199261931187,NaN,NaN,0
狭窄,PRM*,23,20262926,1,238.892873979126,0.1287389,0.0122691,0.1286485,0,NaN,NaN,1002,1000,2.42580150653243,0.139196164218816,0.852460559369886,NaN,NaN,0
狭窄,FMT*,23,20262926,1,242.212666575332,0.1322459,0.0360099,0.1321042,0,NaN,NaN,1002,1000,10.8899221892057,1,0.840776644182595,NaN,NaN,0
狭窄,BIT*,23,20262926,0,Inf,0.4150884,NaN,0.4149702,0,NaN,NaN,809,1000,NaN,NaN,NaN,NaN,NaN,0
狭窄,RRT#,23,20262926,1,217.646484210369,0.0387756,0.0108712,0.0386477,0,NaN,NaN,689,1000,6.26530360960833,0.0454358627185698,0.935676740750326,NaN,NaN,0
狭窄,APF-only,23,20262926,1,279.791130115633,0.0075776,0.0074825,0.0075776,NaN,NaN,NaN,NaN,64,46.4502175583217,0.0632608111899984,0.727852783959099,3,5,0
狭窄,AB-IRRT*,23,20262926,1,212.885243942151,0.0193089,0.0090856,0.00999,0,0.0090856,0.0101125,101,1000,2.34656541775505,0.316946328405102,0.956603422626436,3,5,0
狭窄,RRT*,24,20262927,1,224.344777333823,0.024999,0.0124643,0.0248951,0,NaN,NaN,526,1000,5.12269157714346,0.41862886507254,0.907740110565182,NaN,NaN,0
狭窄,Informed-RRT*,24,20262927,1,222.757452387826,0.0218277,0.0105838,0.0216784,0,NaN,NaN,478,1000,4.93589976436939,0.417296906288622,0.914208484604016,NaN,NaN,0
狭窄,PRM*,24,20262927,1,240.646477082085,0.1496101,0.0317345,0.1494974,0,NaN,NaN,1002,1000,3.22272336674839,0.904429629391695,0.846248635970106,NaN,NaN,0
狭窄,FMT*,24,20262927,0,Inf,0.018614,NaN,0.0184775,0,NaN,NaN,1002,1000,NaN,NaN,NaN,NaN,NaN,0
狭窄,BIT*,24,20262927,0,Inf,0.0332959,NaN,0.03309,0,NaN,NaN,55,1000,NaN,NaN,NaN,NaN,NaN,0
狭窄,RRT#,24,20262927,1,224.232579151567,0.0281522,0.0121533,0.028032,0,NaN,NaN,526,1000,4.89405731102805,0.418406203310148,0.908194312139066,NaN,NaN,0
狭窄,APF-only,24,20262927,1,279.791130115633,0.0071088,0.007019,0.0071088,NaN,NaN,NaN,NaN,64,46.4502175583217,0.0632608111899984,0.727852783959099,3,5,0
狭窄,AB-IRRT*,24,20262927,1,212.885243942151,0.0161674,0.0079978,0.0079886,0,0.0079978,0.008086,92,1000,2.34656541775505,0.316946328405102,0.956603422626436,3,5,0
狭窄,RRT*,25,20262928,1,265.850203346071,0.0198072,0.0121132,0.0197268,0,NaN,NaN,395,1000,5.93305464675417,0.219118519731031,0.766020677880123,NaN,NaN,0
狭窄,Informed-RRT*,25,20262928,1,269.080764127281,0.0173206,0.0102264,0.0171675,0,NaN,NaN,380,1000,7.78688917436833,0.46309835363998,0.756823898736203,NaN,NaN,0
狭窄,PRM*,25,20262928,1,224.73516526794,0.1247703,0.0174035,0.1246726,0,NaN,NaN,1002,1000,3.28540679224594,0.67934204666016,0.906163273286262,NaN,NaN,0
狭窄,FMT*,25,20262928,1,230.508337598713,0.0443771,0.0112843,0.0442309,0,NaN,NaN,1002,1000,9.82238593360789,0.184231608919617,0.883468056310613,NaN,NaN,0
狭窄,BIT*,25,20262928,1,220.243780034468,0.2311551,0.0647243,0.2310313,0,NaN,NaN,579,1000,4.6305332272245,0.030103096848265,0.924642470946761,NaN,NaN,0
狭窄,RRT#,25,20262928,1,266.339329852769,0.0218751,0.0118877,0.0217515,0,NaN,NaN,395,1000,7.11944831102512,0.218964782824893,0.764613897220139,NaN,NaN,0
狭窄,APF-only,25,20262928,1,279.791130115633,0.0085619,0.0084632,0.0085619,NaN,NaN,NaN,NaN,64,46.4502175583217,0.0632608111899984,0.727852783959099,3,5,0
狭窄,AB-IRRT*,25,20262928,1,212.885243942151,0.0165275,0.0084945,0.0078135,0,0.0084945,0.0079382,99,1000,2.34656541775505,0.316946328405102,0.956603422626436,3,5,0
狭窄,RRT*,26,20262929,0,Inf,0.0076715,NaN,0.0076071,0,NaN,NaN,49,1000,NaN,NaN,NaN,NaN,NaN,0
狭窄,Informed-RRT*,26,20262929,0,Inf,0.0075527,NaN,0.007452,0,NaN,NaN,49,1000,NaN,NaN,NaN,NaN,NaN,0
狭窄,PRM*,26,20262929,1,228.539555327145,0.1370006,0.0010451,0.1366603,0,NaN,NaN,1002,1000,5.07476542423141,0.458470173227037,0.891078801173888,NaN,NaN,0
狭窄,FMT*,26,20262929,1,251.17021211389,0.0390141,0.0051239,0.0388979,0,NaN,NaN,1002,1000,4.18429689570146,1,0.810791818296449,NaN,NaN,0
狭窄,BIT*,26,20262929,1,237.945758635544,0.1201889,0.0457404,0.1200513,0,NaN,NaN,281,1000,3.56237012780992,0.314598545352611,0.855853679214543,NaN,NaN,0
狭窄,RRT#,26,20262929,0,Inf,0.0085454,NaN,0.00847,0,NaN,NaN,49,1000,NaN,NaN,NaN,NaN,NaN,0
狭窄,APF-only,26,20262929,1,279.791130115633,0.0095583,0.0094447,0.0095583,NaN,NaN,NaN,NaN,64,46.4502175583217,0.0632608111899984,0.727852783959099,3,5,0
狭窄,AB-IRRT*,26,20262929,1,212.885243942151,0.0256621,0.0084072,0.0170339,0,0.0084072,0.0171616,378,1000,2.34656541775505,0.316946328405102,0.956603422626436,3,5,0
狭窄,RRT*,27,20262930,1,245.493022541271,0.0204634,0.0088298,0.0203664,0,NaN,NaN,599,1000,6.09193425833308,0.391549123505264,0.829541918844108,NaN,NaN,0
狭窄,Informed-RRT*,27,20262930,1,240.879151506499,0.0270694,0.0107307,0.0269021,0,NaN,NaN,532,1000,9.81556232610606,0.259760939857014,0.845431211908894,NaN,NaN,0
狭窄,PRM*,27,20262930,1,222.599274358002,0.1279543,0.0025869,0.1278427,0,NaN,NaN,1002,1000,2.31029679290048,0.608782056097274,0.914858116986511,NaN,NaN,0
狭窄,FMT*,27,20262930,1,243.59605840021,0.0866593,0.0125657,0.0865123,0,NaN,NaN,1002,1000,5.2095334042599,1,0.836001839763553,NaN,NaN,0
狭窄,BIT*,27,20262930,1,239.868334066933,0.359675,0.0640951,0.3595302,0,NaN,NaN,685,1000,3.73060402454551,0.156962823361924,0.848993902316844,NaN,NaN,0
狭窄,RRT#,27,20262930,1,239.976686119421,0.0327186,0.0138561,0.032215,0,NaN,NaN,599,1000,4.69891811347494,0.1618503793279,0.848610572446957,NaN,NaN,0
狭窄,APF-only,27,20262930,1,279.791130115633,0.006851,0.0067581,0.006851,NaN,NaN,NaN,NaN,64,46.4502175583217,0.0632608111899984,0.727852783959099,3,5,0
狭窄,AB-IRRT*,27,20262930,1,212.885243942151,0.0199824,0.0101584,0.0096017,0,0.0101584,0.0097238,86,1000,2.34656541775505,0.316946328405102,0.956603422626436,3,5,0
狭窄,RRT*,28,20262931,1,265.363180810723,0.0206163,0.0118849,0.0205232,0,NaN,NaN,479,1000,9.98965491726313,0.233378459787897,0.767426559930263,NaN,NaN,0
狭窄,Informed-RRT*,28,20262931,1,274.253841455902,0.0139955,0.008332,0.0138791,0,NaN,NaN,427,1000,6.44286296857931,0.245963620557987,0.742548406617197,NaN,NaN,0
狭窄,PRM*,28,20262931,1,225.079811137885,0.1290938,0.0061017,0.1290002,0,NaN,NaN,1002,1000,4.2817225033126,0.995662299653273,0.904775741334573,NaN,NaN,0
狭窄,FMT*,28,20262931,1,244.952401523998,0.0710858,0.0100044,0.0709684,0,NaN,NaN,1002,1000,6.83948188300606,0.708435362524967,0.831372755338242,NaN,NaN,0
狭窄,BIT*,28,20262931,0,Inf,0.4422109,NaN,0.4420983,0,NaN,NaN,817,1000,NaN,NaN,NaN,NaN,NaN,0
狭窄,RRT#,28,20262931,1,264.850506451322,0.0293953,0.0162029,0.0292478,0,NaN,NaN,479,1000,9.55671336531248,0.119480777895014,0.768912076893289,NaN,NaN,0
狭窄,APF-only,28,20262931,1,279.791130115633,0.0093072,0.0091974,0.0093072,NaN,NaN,NaN,NaN,64,46.4502175583217,0.0632608111899984,0.727852783959099,3,5,0
狭窄,AB-IRRT*,28,20262931,1,212.885243942151,0.0191016,0.0103054,0.0085581,0,0.0103054,0.0086766,90,1000,2.34656541775505,0.316946328405102,0.956603422626436,3,5,0
狭窄,RRT*,29,20262932,1,236.089135632035,0.0341058,0.0065997,0.0339511,0,NaN,NaN,694,1000,8.79528084367498,0.0263524481885824,0.86258417794848,NaN,NaN,0
狭窄,Informed-RRT*,29,20262932,1,236.553312832905,0.0315917,0.006924,0.0314433,0,NaN,NaN,605,1000,7.12601401288601,0.066813737465786,0.860891570457845,NaN,NaN,0
狭窄,PRM*,29,20262932,1,228.415841106612,0.1398341,0.0036318,0.1397233,0,NaN,NaN,1002,1000,2.75759730980604,1,0.891561425841192,NaN,NaN,0
狭窄,FMT*,29,20262932,1,240.056993908016,0.0659579,0.0104185,0.0658326,0,NaN,NaN,1002,1000,8.01009790570494,0.0608692181514687,0.848326681370334,NaN,NaN,0
狭窄,BIT*,29,20262932,1,219.617871233929,0.312209,0.0271278,0.3120832,0,NaN,NaN,610,1000,4.71709392335171,0.0361073182890041,0.927277693010734,NaN,NaN,0
狭窄,RRT#,29,20262932,1,230.50477240945,0.0404946,0.0101876,0.0403573,0,NaN,NaN,694,1000,7.80939852483916,0.0380107189133838,0.883481720803523,NaN,NaN,0
狭窄,APF-only,29,20262932,1,279.791130115633,0.0061388,0.0060525,0.0061388,NaN,NaN,NaN,NaN,64,46.4502175583217,0.0632608111899984,0.727852783959099,3,5,0
狭窄,AB-IRRT*,29,20262932,1,212.885243942151,0.0194606,0.0067951,0.0124214,0,0.0067951,0.0125642,98,1000,2.34656541775505,0.316946328405102,0.956603422626436,3,5,0
狭窄,RRT*,30,20262933,1,228.991160784589,0.0369624,0.0111157,0.036876,0,NaN,NaN,725,1000,9.27036557780313,0.159030319823586,0.889321458015993,NaN,NaN,0
狭窄,Informed-RRT*,30,20262933,1,226.642679657761,0.0330585,0.0104834,0.0328872,0,NaN,NaN,658,1000,8.35978068177921,0.158859127979241,0.898536644948074,NaN,NaN,0
狭窄,PRM*,30,20262933,1,238.83510711768,0.1351117,0.0028292,0.1350068,0,NaN,NaN,1002,1000,3.0986851422724,0.41874107648615,0.852666743341814,NaN,NaN,0
狭窄,FMT*,30,20262933,1,262.354257796852,0.1053609,0.0159079,0.105234,0,NaN,NaN,1002,1000,9.70512377166489,0.261600077000209,0.776228122584596,NaN,NaN,0
狭窄,BIT*,30,20262933,1,236.952951973876,0.2695765,0.0579506,0.2694525,0,NaN,NaN,671,1000,3.43781473587127,0.18716668461731,0.859439611472651,NaN,NaN,0
狭窄,RRT#,30,20262933,1,227.06070789969,0.0406979,0.0127684,0.0405853,0,NaN,NaN,725,1000,8.69218733463354,0.168017505231475,0.896882401475169,NaN,NaN,0
狭窄,APF-only,30,20262933,1,279.791130115633,0.007325,0.0071764,0.007325,NaN,NaN,NaN,NaN,64,46.4502175583217,0.0632608111899984,0.727852783959099,3,5,0
狭窄,AB-IRRT*,30,20262933,1,212.885243942151,0.0191653,0.0097035,0.0092541,0,0.0097035,0.0093635,108,1000,2.34656541775505,0.316946328405102,0.956603422626436,3,5,0
狭窄,RRT*,31,20262934,0,Inf,0.0084435,NaN,0.0083809,0,NaN,NaN,102,1000,NaN,NaN,NaN,NaN,NaN,0
狭窄,Informed-RRT*,31,20262934,0,Inf,0.0084746,NaN,0.0083873,0,NaN,NaN,102,1000,NaN,NaN,NaN,NaN,NaN,0
狭窄,PRM*,31,20262934,1,228.073161447338,0.1346478,0.0504588,0.1345408,0,NaN,NaN,1002,1000,4.95519023106104,0.186160454996081,0.892900995844473,NaN,NaN,0
狭窄,FMT*,31,20262934,1,254.279611069482,0.1428774,0.0036149,0.1427234,0,NaN,NaN,1002,1000,4.83698875999448,0.192728223375534,0.800877239528572,NaN,NaN,0
狭窄,BIT*,31,20262934,1,246.872549617662,0.275149,0.0280816,0.2750161,0,NaN,NaN,638,1000,5.76191417635312,0.315726502513792,0.824906427616674,NaN,NaN,0
狭窄,RRT#,31,20262934,0,Inf,0.010152,NaN,0.0100658,0,NaN,NaN,102,1000,NaN,NaN,NaN,NaN,NaN,0
狭窄,APF-only,31,20262934,1,279.791130115633,0.009288,0.0091842,0.009288,NaN,NaN,NaN,NaN,64,46.4502175583217,0.0632608111899984,0.727852783959099,3,5,0
狭窄,AB-IRRT*,31,20262934,1,212.885243942151,0.0195139,0.0091844,0.0101169,0,0.0091844,0.0102347,102,1000,2.34656541775505,0.316946328405102,0.956603422626436,3,5,0
狭窄,RRT*,32,20262935,0,Inf,0.0072866,NaN,0.0071921,0,NaN,NaN,52,1000,NaN,NaN,NaN,NaN,NaN,0
狭窄,Informed-RRT*,32,20262935,0,Inf,0.0076314,NaN,0.0075153,0,NaN,NaN,52,1000,NaN,NaN,NaN,NaN,NaN,0
狭窄,PRM*,32,20262935,1,224.052280300253,0.1429797,0.0011248,0.1427747,0,NaN,NaN,1002,1000,2.94429655491668,0.578253938041584,0.908925152240444,NaN,NaN,0
狭窄,FMT*,32,20262935,1,248.293750348605,0.1167734,0.012811,0.1166498,0,NaN,NaN,1002,1000,6.00462464897156,1,0.820184771851104,NaN,NaN,0
狭窄,BIT*,32,20262935,0,Inf,0.3355311,NaN,0.3354086,0,NaN,NaN,832,1000,NaN,NaN,NaN,NaN,NaN,0
狭窄,RRT#,32,20262935,0,Inf,0.0088362,NaN,0.0087574,0,NaN,NaN,52,1000,NaN,NaN,NaN,NaN,NaN,0
狭窄,APF-only,32,20262935,1,279.791130115633,0.009172,0.0090558,0.009172,NaN,NaN,NaN,NaN,64,46.4502175583217,0.0632608111899984,0.727852783959099,3,5,0
狭窄,AB-IRRT*,32,20262935,1,212.885243942151,0.0207003,0.0110608,0.0093995,0,0.0110608,0.0095308,90,1000,2.34656541775505,0.316946328405102,0.956603422626436,3,5,0
狭窄,RRT*,33,20262936,1,216.53502107344,0.035437,0.0087248,0.0353284,0,NaN,NaN,742,1000,5.296236832705,0.151842844791224,0.940479521382628,NaN,NaN,0
狭窄,Informed-RRT*,33,20262936,1,213.939679882347,0.0346927,0.0077972,0.0345231,0,NaN,NaN,651,1000,4.21848479537228,0.152291102517857,0.951888649612444,NaN,NaN,0
狭窄,PRM*,33,20262936,1,224.289717363591,0.1398535,0.0012534,0.1397445,0,NaN,NaN,1002,1000,2.6923097918644,0.195253096247137,0.907962947991942,NaN,NaN,0
狭窄,FMT*,33,20262936,1,252.414171317879,0.1064518,0.008919,0.1063379,0,NaN,NaN,1002,1000,7.99047792826689,0.0201100200253723,0.806796036523885,NaN,NaN,0
狭窄,BIT*,33,20262936,1,229.355105757737,0.3768638,0.0393681,0.3767346,0,NaN,NaN,631,1000,6.15474879760414,0.747530711915908,0.88791026608683,NaN,NaN,0
狭窄,RRT#,33,20262936,1,215.478304407312,0.0359089,0.0098658,0.0357771,0,NaN,NaN,742,1000,4.76019220808982,0.0738174448451581,0.94509168123385,NaN,NaN,0
狭窄,APF-only,33,20262936,1,279.791130115633,0.0066641,0.0065777,0.0066641,NaN,NaN,NaN,NaN,64,46.4502175583217,0.0632608111899984,0.727852783959099,3,5,0
狭窄,AB-IRRT*,33,20262936,1,212.885243942151,0.0266447,0.0070492,0.0194095,0,0.0070492,0.0195156,520,1000,2.34656541775505,0.316946328405102,0.956603422626436,3,5,0
狭窄,RRT*,34,20262937,1,223.692355915564,0.0097763,0.0085918,0.0096936,0,NaN,NaN,217,1000,5.40473889764894,0.162920381798926,0.910387626560627,NaN,NaN,0
狭窄,Informed-RRT*,34,20262937,1,224.325768423188,0.0099044,0.0084632,0.0097812,0,NaN,NaN,215,1000,5.39935097880844,0.213152806272525,0.90781703062106,NaN,NaN,0
狭窄,PRM*,34,20262937,1,224.360996654433,0.124027,0.017018,0.1239143,0,NaN,NaN,1002,1000,4.22655112811875,0.0955807798386417,0.907674488963819,NaN,NaN,0
狭窄,FMT*,34,20262937,1,250.785679066424,0.1537263,0.0434116,0.1536093,0,NaN,NaN,1002,1000,7.96824600005933,1,0.812035016272948,NaN,NaN,0
狭窄,BIT*,34,20262937,0,Inf,0.4085074,NaN,0.4084023,0,NaN,NaN,814,1000,NaN,NaN,NaN,NaN,NaN,0
狭窄,RRT#,34,20262937,1,223.519208884748,0.0152434,0.0133193,0.0151279,0,NaN,NaN,217,1000,5.50161990553941,0.163568315653684,0.911092849683138,NaN,NaN,0
狭窄,APF-only,34,20262937,1,279.791130115633,0.0082926,0.0081677,0.0082926,NaN,NaN,NaN,NaN,64,46.4502175583217,0.0632608111899984,0.727852783959099,3,5,0
狭窄,AB-IRRT*,34,20262937,1,212.885243942151,0.0180704,0.0088791,0.0089816,0,0.0088791,0.0090948,88,1000,2.34656541775505,0.316946328405102,0.956603422626436,3,5,0
狭窄,RRT*,35,20262938,0,Inf,0.0132931,NaN,0.0132288,0,NaN,NaN,219,1000,NaN,NaN,NaN,NaN,NaN,0
狭窄,Informed-RRT*,35,20262938,0,Inf,0.0115077,NaN,0.0114063,0,NaN,NaN,219,1000,NaN,NaN,NaN,NaN,NaN,0
狭窄,PRM*,35,20262938,1,221.997920918603,0.1143283,0.0198066,0.1140824,0,NaN,NaN,1002,1000,1.96213074934433,0.694568456797325,0.917336307200797,NaN,NaN,0
狭窄,FMT*,35,20262938,1,238.780825263556,0.1282039,0.0423898,0.128083,0,NaN,NaN,1002,1000,6.72862536263044,0.762792947145857,0.852860579390951,NaN,NaN,0
狭窄,BIT*,35,20262938,0,Inf,0.3510117,NaN,0.3509074,0,NaN,NaN,833,1000,NaN,NaN,NaN,NaN,NaN,0
狭窄,RRT#,35,20262938,0,Inf,0.0147292,NaN,0.0146344,0,NaN,NaN,219,1000,NaN,NaN,NaN,NaN,NaN,0
狭窄,APF-only,35,20262938,1,279.791130115633,0.0095795,0.0094353,0.0095795,NaN,NaN,NaN,NaN,64,46.4502175583217,0.0632608111899984,0.727852783959099,3,5,0
狭窄,AB-IRRT*,35,20262938,1,212.885243942151,0.0187881,0.0088882,0.0096878,0,0.0088882,0.0098052,98,1000,2.34656541775505,0.316946328405102,0.956603422626436,3,5,0
狭窄,RRT*,36,20262939,0,Inf,0.0100512,NaN,0.0099707,0,NaN,NaN,141,1000,NaN,NaN,NaN,NaN,NaN,0
狭窄,Informed-RRT*,36,20262939,0,Inf,0.0131438,NaN,0.0129945,0,NaN,NaN,141,1000,NaN,NaN,NaN,NaN,NaN,0
狭窄,PRM*,36,20262939,1,222.984914914882,0.1217339,0.0283023,0.1216255,0,NaN,NaN,1002,1000,4.22223179328214,0.076169380947178,0.913275918505348,NaN,NaN,0
狭窄,FMT*,36,20262939,1,252.371954689202,0.0951812,0.0088801,0.0950595,0,NaN,NaN,1002,1000,4.43321506866037,1,0.806930996879261,NaN,NaN,0
狭窄,BIT*,36,20262939,1,239.868890573152,0.1626796,0.0319152,0.1625562,0,NaN,NaN,574,1000,4.8566173898244,0.64956101190303,0.848991932614206,NaN,NaN,0
狭窄,RRT#,36,20262939,0,Inf,0.0099264,NaN,0.0098514,0,NaN,NaN,141,1000,NaN,NaN,NaN,NaN,NaN,0
狭窄,APF-only,36,20262939,1,279.791130115633,0.0097057,0.0095826,0.0097057,NaN,NaN,NaN,NaN,64,46.4502175583217,0.0632608111899984,0.727852783959099,3,5,0
狭窄,AB-IRRT*,36,20262939,1,212.885243942151,0.0172723,0.0087697,0.008296,0,0.0087697,0.008397,91,1000,2.34656541775505,0.316946328405102,0.956603422626436,3,5,0
狭窄,RRT*,37,20262940,0,Inf,0.0068196,NaN,0.0067641,0,NaN,NaN,51,1000,NaN,NaN,NaN,NaN,NaN,0
狭窄,Informed-RRT*,37,20262940,0,Inf,0.0069675,NaN,0.0068783,0,NaN,NaN,51,1000,NaN,NaN,NaN,NaN,NaN,0
狭窄,PRM*,37,20262940,1,220.588755219443,0.1199949,0.0204068,0.1198798,0,NaN,NaN,1002,1000,5.44635055442999,0.0632555143370581,0.923196437547947,NaN,NaN,0
狭窄,FMT*,37,20262940,1,253.600703900867,0.1485351,0.0085214,0.148407,0,NaN,NaN,1002,1000,9.40823768389706,0.762977607647928,0.803021245009366,NaN,NaN,0
狭窄,BIT*,37,20262940,1,240.808937692205,0.3515822,0.03237,0.351447,0,NaN,NaN,644,1000,3.46446250924744,0.794143080930415,0.845677718332952,NaN,NaN,0
狭窄,RRT#,37,20262940,0,Inf,0.0080893,NaN,0.0080179,0,NaN,NaN,51,1000,NaN,NaN,NaN,NaN,NaN,0
狭窄,APF-only,37,20262940,1,279.791130115633,0.0088112,0.0086953,0.0088112,NaN,NaN,NaN,NaN,64,46.4502175583217,0.0632608111899984,0.727852783959099,3,5,0
狭窄,AB-IRRT*,37,20262940,1,212.885243942151,0.0382875,0.0125451,0.025529,0,0.0125451,0.0256476,515,1000,2.34656541775505,0.316946328405102,0.956603422626436,3,5,0
狭窄,RRT*,38,20262941,1,244.692953831046,0.0156632,0.0069362,0.0155564,0,NaN,NaN,425,1000,8.15218988655483,0.306972008299422,0.832254259034931,NaN,NaN,0
狭窄,Informed-RRT*,38,20262941,1,246.030366860612,0.0203597,0.010296,0.0201908,0,NaN,NaN,394,1000,7.27676403196784,0.0462092791979227,0.827730152095822,NaN,NaN,0
狭窄,PRM*,38,20262941,1,229.592158271624,0.1260958,0.0119869,0.1259933,0,NaN,NaN,1002,1000,3.11257294707877,0.284085480091845,0.886993504110874,NaN,NaN,0
狭窄,FMT*,38,20262941,1,246.570154797255,0.1231003,0.0172187,0.1229748,0,NaN,NaN,1002,1000,6.87423339704356,0.125659990462486,0.825918096815798,NaN,NaN,0
狭窄,BIT*,38,20262941,0,Inf,0.4178237,NaN,0.4177116,0,NaN,NaN,828,1000,NaN,NaN,NaN,NaN,NaN,0
狭窄,RRT#,38,20262941,1,243.214125660245,0.0236416,0.0112844,0.0235247,0,NaN,NaN,425,1000,6.0606076636517,0.306475048784404,0.837314660194561,NaN,NaN,0
狭窄,APF-only,38,20262941,1,279.791130115633,0.0060712,0.005983,0.0060712,NaN,NaN,NaN,NaN,64,46.4502175583217,0.0632608111899984,0.727852783959099,3,5,0
狭窄,AB-IRRT*,38,20262941,1,212.885243942151,0.0265664,0.0066956,0.0197058,0,0.0066956,0.0197992,556,1000,2.34656541775505,0.316946328405102,0.956603422626436,3,5,0
狭窄,RRT*,39,20262942,0,Inf,0.0059314,NaN,0.0058834,0,NaN,NaN,69,1000,NaN,NaN,NaN,NaN,NaN,0
狭窄,Informed-RRT*,39,20262942,0,Inf,0.0061373,NaN,0.0060603,0,NaN,NaN,69,1000,NaN,NaN,NaN,NaN,NaN,0
狭窄,PRM*,39,20262942,1,225.643483591977,0.1250376,0.0008031,0.124943,0,NaN,NaN,1002,1000,3.73058092394269,0.0953298600454534,0.90251555125772,NaN,NaN,0
狭窄,FMT*,39,20262942,1,246.972308655833,0.1748557,0.0153071,0.1747372,0,NaN,NaN,1002,1000,8.52969149759773,1,0.824573224788196,NaN,NaN,0
狭窄,BIT*,39,20262942,0,Inf,0.4520184,NaN,0.4519135,0,NaN,NaN,827,1000,NaN,NaN,NaN,NaN,NaN,0
狭窄,RRT#,39,20262942,0,Inf,0.0094269,NaN,0.0093259,0,NaN,NaN,69,1000,NaN,NaN,NaN,NaN,NaN,0
狭窄,APF-only,39,20262942,1,279.791130115633,0.0091887,0.0090443,0.0091887,NaN,NaN,NaN,NaN,64,46.4502175583217,0.0632608111899984,0.727852783959099,3,5,0
狭窄,AB-IRRT*,39,20262942,1,212.885243942151,0.0172276,0.0082647,0.0087176,0,0.0082647,0.0088508,103,1000,2.34656541775505,0.316946328405102,0.956603422626436,3,5,0
狭窄,RRT*,40,20262943,1,242.014358260046,0.0202202,0.0095452,0.020095,0,NaN,NaN,444,1000,7.36053802963118,0.179973094817141,0.841465582644918,NaN,NaN,0
狭窄,Informed-RRT*,40,20262943,1,242.830214208757,0.0201876,0.0094016,0.0200142,0,NaN,NaN,420,1000,5.78947598672455,0.179442820554934,0.838638443923845,NaN,NaN,0
狭窄,PRM*,40,20262943,1,222.963349719633,0.1475144,0.010965,0.1474005,0,NaN,NaN,1002,1000,3.08096332404018,0.0561112664163979,0.913364251289743,NaN,NaN,0
狭窄,FMT*,40,20262943,1,254.346718514389,0.0664562,0.0124165,0.0663167,0,NaN,NaN,1002,1000,7.90668801075188,0.413349918920838,0.800665934167358,NaN,NaN,0
狭窄,BIT*,40,20262943,1,240.451373992887,0.1692477,0.0637939,0.1690398,0,NaN,NaN,502,1000,3.83065376236117,0.413715681318216,0.846935285084918,NaN,NaN,0
狭窄,RRT#,40,20262943,1,241.182837723137,0.02575,0.0114414,0.0255996,0,NaN,NaN,444,1000,5.74097387557264,0.17980492485774,0.844366684231072,NaN,NaN,0
狭窄,APF-only,40,20262943,1,279.791130115633,0.0081806,0.0080658,0.0081806,NaN,NaN,NaN,NaN,64,46.4502175583217,0.0632608111899984,0.727852783959099,3,5,0
狭窄,AB-IRRT*,40,20262943,1,212.885243942151,0.0270007,0.0092459,0.0175616,0,0.0092459,0.0176631,462,1000,2.34656541775505,0.316946328405102,0.956603422626436,3,5,0
狭窄,RRT*,41,20262944,0,Inf,0.0049838,NaN,0.0049352,0,NaN,NaN,43,1000,NaN,NaN,NaN,NaN,NaN,0
狭窄,Informed-RRT*,41,20262944,0,Inf,0.0048629,NaN,0.0047827,0,NaN,NaN,43,1000,NaN,NaN,NaN,NaN,NaN,0
狭窄,PRM*,41,20262944,1,226.436316472774,0.1417836,0.0134468,0.1416869,0,NaN,NaN,1002,1000,5.97396489576308,0.301154155120543,0.899355528097066,NaN,NaN,0
狭窄,FMT*,41,20262944,1,246.025299892831,0.1814998,0.013672,0.1813739,0,NaN,NaN,1002,1000,7.64396274808111,0.215535877591947,0.827747199456457,NaN,NaN,0
狭窄,BIT*,41,20262944,0,Inf,0.4137757,NaN,0.4136613,0,NaN,NaN,831,1000,NaN,NaN,NaN,NaN,NaN,0
狭窄,RRT#,41,20262944,0,Inf,0.0096114,NaN,0.0095219,0,NaN,NaN,43,1000,NaN,NaN,NaN,NaN,NaN,0
狭窄,APF-only,41,20262944,1,279.791130115633,0.0089764,0.0088516,0.0089764,NaN,NaN,NaN,NaN,64,46.4502175583217,0.0632608111899984,0.727852783959099,3,5,0
狭窄,AB-IRRT*,41,20262944,1,212.885243942151,0.0168543,0.0082068,0.0084518,0,0.0082068,0.008557,92,1000,2.34656541775505,0.316946328405102,0.956603422626436,3,5,0
狭窄,RRT*,42,20262945,1,214.650844868063,0.0361297,0.0092934,0.0360256,0,NaN,NaN,741,1000,4.48944519132771,0.378498378843531,0.948734923950098,NaN,NaN,0
狭窄,Informed-RRT*,42,20262945,1,214.031882132273,0.0368225,0.009091,0.036677,0,NaN,NaN,646,1000,4.57838372120115,0.379107848131504,0.951478587923038,NaN,NaN,0
狭窄,PRM*,42,20262945,1,225.294063184151,0.1379318,0.0059569,0.1378303,0,NaN,NaN,1002,1000,2.74958724954974,0.229983619908252,0.903915310077519,NaN,NaN,0
狭窄,FMT*,42,20262945,1,271.56476115007,0.1979058,0.0144691,0.1977758,0,NaN,NaN,1002,1000,5.97493638369582,1,0.749901246830726,NaN,NaN,0
狭窄,BIT*,42,20262945,0,Inf,0.4303013,NaN,0.430183,0,NaN,NaN,839,1000,NaN,NaN,NaN,NaN,NaN,0
狭窄,RRT#,42,20262945,1,214.285262296168,0.0426636,0.0101552,0.042512,0,NaN,NaN,741,1000,4.96275504040648,0.378607411275361,0.950353518480714,NaN,NaN,0
狭窄,APF-only,42,20262945,1,279.791130115633,0.0082313,0.0081126,0.0082313,NaN,NaN,NaN,NaN,64,46.4502175583217,0.0632608111899984,0.727852783959099,3,5,0
狭窄,AB-IRRT*,42,20262945,1,212.885243942151,0.0339095,0.0080578,0.0256395,0,0.0080578,0.0257601,551,1000,2.34656541775505,0.316946328405102,0.956603422626436,3,5,0
狭窄,RRT*,43,20262946,0,Inf,0.0071057,NaN,0.0070433,0,NaN,NaN,50,1000,NaN,NaN,NaN,NaN,NaN,0
狭窄,Informed-RRT*,43,20262946,0,Inf,0.0081142,NaN,0.0079898,0,NaN,NaN,50,1000,NaN,NaN,NaN,NaN,NaN,0
狭窄,PRM*,43,20262946,1,238.677111421679,0.1573789,0.0200103,0.1572708,0,NaN,NaN,1002,1000,3.54256406181652,1,0.853231178175003,NaN,NaN,0
狭窄,FMT*,43,20262946,1,254.214463029587,0.1479906,0.0114369,0.1478621,0,NaN,NaN,1002,1000,6.76679735422026,0.158226053778414,0.801082481912227,NaN,NaN,0
狭窄,BIT*,43,20262946,1,231.657877443173,0.3590794,0.0512615,0.3589485,0,NaN,NaN,614,1000,5.80196354607333,0.947581997698281,0.879084083949103,NaN,NaN,0
狭窄,RRT#,43,20262946,0,Inf,0.008317,NaN,0.0082443,0,NaN,NaN,50,1000,NaN,NaN,NaN,NaN,NaN,0
狭窄,APF-only,43,20262946,1,279.791130115633,0.008988,0.0088682,0.008988,NaN,NaN,NaN,NaN,64,46.4502175583217,0.0632608111899984,0.727852783959099,3,5,0
狭窄,AB-IRRT*,43,20262946,1,212.885243942151,0.0173822,0.0080031,0.009184,0,0.0080031,0.0092864,97,1000,2.34656541775505,0.316946328405102,0.956603422626436,3,5,0
狭窄,RRT*,44,20262947,1,218.534996611026,0.0287765,0.0101153,0.0286759,0,NaN,NaN,586,1000,5.68691558138135,0.171519145877392,0.931872497036252,NaN,NaN,0
狭窄,Informed-RRT*,44,20262947,1,219.480110500931,0.0257058,0.0106952,0.0255629,0,NaN,NaN,538,1000,5.65355864056033,0.0631468387999448,0.927859715930214,NaN,NaN,0
狭窄,PRM*,44,20262947,1,242.767148721408,0.1326403,0.0649902,0.1325283,0,NaN,NaN,1002,1000,3.44090716800274,0.517505423609313,0.838856303475492,NaN,NaN,0
狭窄,FMT*,44,20262947,1,244.170994023097,0.0281594,0.0135155,0.0280411,0,NaN,NaN,1002,1000,3.70382731859944,0.470963020583136,0.834033353537735,NaN,NaN,0
狭窄,BIT*,44,20262947,1,243.194748180843,0.098608,0.0580396,0.0984743,0,NaN,NaN,417,1000,5.33263935738625,0.679642903739774,0.83738137646908,NaN,NaN,0
狭窄,RRT#,44,20262947,1,217.674128508398,0.0335548,0.0120531,0.0334228,0,NaN,NaN,586,1000,5.63345825218136,0.0614831698639053,0.935557911163839,NaN,NaN,0
狭窄,APF-only,44,20262947,1,279.791130115633,0.0071479,0.0070218,0.0071479,NaN,NaN,NaN,NaN,64,46.4502175583217,0.0632608111899984,0.727852783959099,3,5,0
狭窄,AB-IRRT*,44,20262947,1,212.885243942151,0.0185796,0.0079545,0.0103846,0,0.0079545,0.010514,110,1000,2.34656541775505,0.316946328405102,0.956603422626436,3,5,0
狭窄,RRT*,45,20262948,1,218.007826081838,0.0349762,0.0093167,0.0348692,0,NaN,NaN,655,1000,6.84282383555278,0.0426604106044657,0.934125882734495,NaN,NaN,0
狭窄,Informed-RRT*,45,20262948,1,217.976692139278,0.0306606,0.0062615,0.0304841,0,NaN,NaN,595,1000,6.50388273945246,0.0263348158445424,0.934259305355472,NaN,NaN,0
狭窄,PRM*,45,20262948,1,222.465073746495,0.137547,0.0014587,0.137428,0,NaN,NaN,1002,1000,3.385280725218,0.120371880782765,0.915409999206378,NaN,NaN,0
狭窄,FMT*,45,20262948,1,244.133520672665,0.1089863,0.014977,0.108856,0,NaN,NaN,1002,1000,10.6344615171841,0.177346267366425,0.83416137374587,NaN,NaN,0
狭窄,BIT*,45,20262948,0,Inf,0.4289008,NaN,0.4287933,0,NaN,NaN,833,1000,NaN,NaN,NaN,NaN,NaN,0
狭窄,RRT#,45,20262948,1,217.245862488041,0.0381959,0.0071325,0.0380524,0,NaN,NaN,655,1000,6.70997497870111,0.0365783295222357,0.937402216315794,NaN,NaN,0
狭窄,APF-only,45,20262948,1,279.791130115633,0.0076495,0.0075373,0.0076495,NaN,NaN,NaN,NaN,64,46.4502175583217,0.0632608111899984,0.727852783959099,3,5,0
狭窄,AB-IRRT*,45,20262948,1,212.885243942151,0.029536,0.0083592,0.020958,0,0.0083592,0.0210795,526,1000,2.34656541775505,0.316946328405102,0.956603422626436,3,5,0
狭窄,RRT*,46,20262949,1,223.685353514437,0.0231738,0.0091586,0.0230587,0,NaN,NaN,505,1000,4.01649941389168,0.0330593641134107,0.910416125965001,NaN,NaN,0
狭窄,Informed-RRT*,46,20262949,1,223.575088345683,0.0318601,0.0105911,0.0316798,0,NaN,NaN,469,1000,5.43017125193473,0.104195573292592,0.910865134790219,NaN,NaN,0
狭窄,PRM*,46,20262949,1,223.295720100797,0.1357069,0.0138639,0.1355987,0,NaN,NaN,1002,1000,2.3126267991937,0.101945179498042,0.912004730273372,NaN,NaN,0
狭窄,FMT*,46,20262949,1,250.748226321733,0.1275632,0.0183565,0.1274349,0,NaN,NaN,1002,1000,4.59198764344269,0.00060505259318866,0.812156305027769,NaN,NaN,0
狭窄,BIT*,46,20262949,1,244.434103796021,0.1223929,0.0644801,0.1222581,0,NaN,NaN,496,1000,4.64631205356398,0.000894454654151389,0.833135596952822,NaN,NaN,0
狭窄,RRT#,46,20262949,1,223.656254619407,0.0277646,0.0119698,0.0276351,0,NaN,NaN,505,1000,3.95069824616917,0.0387904623820177,0.910534576054083,NaN,NaN,0
狭窄,APF-only,46,20262949,1,279.791130115633,0.0107395,0.0106134,0.0107395,NaN,NaN,NaN,NaN,64,46.4502175583217,0.0632608111899984,0.727852783959099,3,5,0
狭窄,AB-IRRT*,46,20262949,1,212.885243942151,0.0188498,0.0082147,0.0103808,0,0.0082147,0.0105203,76,1000,2.34656541775505,0.316946328405102,0.956603422626436,3,5,0
狭窄,RRT*,47,20262950,1,216.892396652024,0.0411197,0.012124,0.0410139,0,NaN,NaN,748,1000,4.84229894146089,0.240286766647657,0.938929884704309,NaN,NaN,0
狭窄,Informed-RRT*,47,20262950,1,217.530053756147,0.0388435,0.0110202,0.0386858,0,NaN,NaN,679,1000,6.13778973896839,0.0587491234557707,0.936177550942067,NaN,NaN,0
狭窄,PRM*,47,20262950,1,228.161379182023,0.1323924,0.0022051,0.1322705,0,NaN,NaN,1002,1000,3.56859500619727,0.445462791921953,0.892555759050087,NaN,NaN,0
狭窄,FMT*,47,20262950,1,244.646935841999,0.0352496,0.0104115,0.0351176,0,NaN,NaN,1002,1000,4.6181759045625,0.188649047782696,0.832410805722281,NaN,NaN,0
狭窄,BIT*,47,20262950,1,243.066520475286,0.1093173,0.0608171,0.1091964,0,NaN,NaN,423,1000,4.37443804303737,0.749542130815769,0.837823129995526,NaN,NaN,0
狭窄,RRT#,47,20262950,1,216.509253499113,0.0424757,0.0109663,0.0423438,0,NaN,NaN,748,1000,4.68490767036454,0.235787728909429,0.940591451360577,NaN,NaN,0
狭窄,APF-only,47,20262950,1,279.791130115633,0.0086701,0.0085642,0.0086701,NaN,NaN,NaN,NaN,64,46.4502175583217,0.0632608111899984,0.727852783959099,3,5,0
狭窄,AB-IRRT*,47,20262950,1,212.885243942151,0.017983,0.0091267,0.0086316,0,0.0091267,0.0087673,87,1000,2.34656541775505,0.316946328405102,0.956603422626436,3,5,0
狭窄,RRT*,48,20262951,1,224.247978370654,0.0176248,0.0097049,0.0175436,0,NaN,NaN,392,1000,6.35789298442954,0.236556149979959,0.908131945988485,NaN,NaN,0
狭窄,Informed-RRT*,48,20262951,1,221.901786464775,0.0185554,0.0088565,0.0184123,0,NaN,NaN,362,1000,5.23494583826646,0.0790743899237842,0.917733724573023,NaN,NaN,0
狭窄,PRM*,48,20262951,1,222.885078785075,0.1382304,0.0014246,0.1381324,0,NaN,NaN,1002,1000,1.5094332528796,0.349380615650075,0.913684998976982,NaN,NaN,0
狭窄,FMT*,48,20262951,0,Inf,0.015078,NaN,0.014981,0,NaN,NaN,1002,1000,NaN,NaN,NaN,NaN,NaN,0
狭窄,BIT*,48,20262951,0,Inf,0.4333427,NaN,0.4332424,0,NaN,NaN,824,1000,NaN,NaN,NaN,NaN,NaN,0
狭窄,RRT#,48,20262951,1,223.51352723943,0.0225275,0.0103219,0.0224025,0,NaN,NaN,392,1000,4.97254224345266,0.25127160284459,0.911116009383975,NaN,NaN,0
狭窄,APF-only,48,20262951,1,279.791130115633,0.0091675,0.0090259,0.0091675,NaN,NaN,NaN,NaN,64,46.4502175583217,0.0632608111899984,0.727852783959099,3,5,0
狭窄,AB-IRRT*,48,20262951,1,212.885243942151,0.0334597,0.0090157,0.0242101,0,0.0090157,0.0243419,577,1000,2.34656541775505,0.316946328405102,0.956603422626436,3,5,0
狭窄,RRT*,49,20262952,0,Inf,0.0105281,NaN,0.0104782,0,NaN,NaN,245,1000,NaN,NaN,NaN,NaN,NaN,0
狭窄,Informed-RRT*,49,20262952,0,Inf,0.0096892,NaN,0.0096053,0,NaN,NaN,245,1000,NaN,NaN,NaN,NaN,NaN,0
狭窄,PRM*,49,20262952,1,225.277186545187,0.1244019,0.0051047,0.1243142,0,NaN,NaN,1002,1000,4.96061052067813,0.188314254170712,0.90398302688709,NaN,NaN,0
狭窄,FMT*,49,20262952,1,247.939236544621,0.0606396,0.0071105,0.0605147,0,NaN,NaN,1002,1000,6.17679145013959,1,0.82135750605603,NaN,NaN,0
狭窄,BIT*,49,20262952,1,241.256234055767,0.1186859,0.0397586,0.1185631,0,NaN,NaN,334,1000,4.15046655121581,0.586893862572476,0.844109806234697,NaN,NaN,0
狭窄,RRT#,49,20262952,0,Inf,0.0134467,NaN,0.013366,0,NaN,NaN,245,1000,NaN,NaN,NaN,NaN,NaN,0
狭窄,APF-only,49,20262952,1,279.791130115633,0.0079213,0.0078168,0.0079213,NaN,NaN,NaN,NaN,64,46.4502175583217,0.0632608111899984,0.727852783959099,3,5,0
狭窄,AB-IRRT*,49,20262952,1,212.885243942151,0.0169523,0.0083172,0.0084354,0,0.0083172,0.0085398,97,1000,2.34656541775505,0.316946328405102,0.956603422626436,3,5,0
狭窄,RRT*,50,20262953,1,235.16208883341,0.040874,0.0153901,0.0407535,0,NaN,NaN,705,1000,9.2705244847652,0.0371751911376421,0.86598462359292,NaN,NaN,0
狭窄,Informed-RRT*,50,20262953,1,241.289295428963,0.0356551,0.0163761,0.0355061,0,NaN,NaN,612,1000,7.74749179602798,0.0877424653902281,0.843994146610123,NaN,NaN,0
狭窄,PRM*,50,20262953,1,226.135030797362,0.1337552,0.0083421,0.1336595,0,NaN,NaN,1002,1000,4.64624980753998,0.212245663786406,0.900553763225707,NaN,NaN,0
狭窄,FMT*,50,20262953,1,254.723022050567,0.0579707,0.0197331,0.0578552,0,NaN,NaN,1002,1000,7.95861277364912,0.302123991679826,0.79948310656152,NaN,NaN,0
狭窄,BIT*,50,20262953,0,Inf,0.3023816,NaN,0.3022726,0,NaN,NaN,843,1000,NaN,NaN,NaN,NaN,NaN,0
狭窄,RRT#,50,20262953,1,232.306341426745,0.0454369,0.0222799,0.0453131,0,NaN,NaN,705,1000,7.64364257908629,0.0811133112424187,0.876630193265487,NaN,NaN,0
狭窄,APF-only,50,20262953,1,279.791130115633,0.0077281,0.0076285,0.0077281,NaN,NaN,NaN,NaN,64,46.4502175583217,0.0632608111899984,0.727852783959099,3,5,0
狭窄,AB-IRRT*,50,20262953,1,212.885243942151,0.0243344,0.0087117,0.0153835,0,0.0087117,0.0155113,275,1000,2.34656541775505,0.316946328405102,0.956603422626436,3,5,0
广阔,RRT*,1,20263904,1,214.507334641022,0.0350779,0.0072924,0.0349639,0,NaN,NaN,882,1000,3.10625243630774,0.0707426028801557,0.949369648933116,NaN,NaN,0
广阔,Informed-RRT*,1,20263904,1,210.528797264273,0.0471508,0.0067885,0.0469962,0,NaN,NaN,759,1000,2.85684041824152,0.128991474331769,0.967310674967147,NaN,NaN,0
广阔,PRM*,1,20263904,1,220.943339987449,0.152523,0.0001785,0.1524256,0,NaN,NaN,1002,1000,3.14021115206935,0.0644917243448617,0.921714829663088,NaN,NaN,0
广阔,FMT*,1,20263904,1,219.991599492634,0.0314828,0.0154616,0.0313766,0,NaN,NaN,1002,1000,2.06915736074797,0.314609557283495,0.92570240614367,NaN,NaN,0
广阔,BIT*,1,20263904,1,208.883811281679,2.2024777,0.0634137,2.2023587,0,NaN,NaN,744,1000,0.745416226218063,0.26131366555877,0.974928366790037,NaN,NaN,0
广阔,RRT#,1,20263904,1,214.507334641022,0.0305336,0.0065928,0.030435,0,NaN,NaN,882,1000,3.10625243630774,0.0707426028801557,0.949369648933116,NaN,NaN,0
广阔,APF-only,1,20263904,1,301.840641895898,0.0032495,0.0031521,0.0032495,NaN,NaN,NaN,NaN,72,53.671042473467,0.127432159127466,0.6746830105535,1,8,0
广阔,AB-IRRT*,1,20263904,1,214.203077774668,0.0300285,0.0025515,0.0272728,0,0.0025515,0.0273956,645,1000,5.41423126370985,0.791469359697651,0.950718146057422,1,8,0
广阔,RRT*,2,20263905,1,257.039578321904,0.0258154,0.0048348,0.0256365,0,NaN,NaN,837,1000,6.60404063889267,0.834629419664922,0.79227780527514,NaN,NaN,0
广阔,Informed-RRT*,2,20263905,1,258.360238065844,0.032328,0.0052905,0.0321342,0,NaN,NaN,793,1000,8.29168073067316,0.539545682451758,0.788227919691827,NaN,NaN,0
广阔,PRM*,2,20263905,1,211.577897376043,0.1307052,0.0002325,0.1306027,0,NaN,NaN,1002,1000,0.887390449958953,0.564468271316517,0.962514305640248,NaN,NaN,0
广阔,FMT*,2,20263905,1,212.573187886309,0.050569,0.0076859,0.0504572,0,NaN,NaN,1002,1000,0.952106434588724,0.030249076442038,0.958007710222807,NaN,NaN,0
广阔,BIT*,2,20263905,1,208.880009154104,2.7943255,0.0305465,2.7942109,0,NaN,NaN,739,1000,0.794507423990312,0.0776193422208848,0.974946112873267,NaN,NaN,0
广阔,RRT#,2,20263905,1,256.123365534579,0.0328426,0.0071238,0.0327395,0,NaN,NaN,837,1000,6.36271084936082,0.837661558092283,0.795111967065853,NaN,NaN,0
广阔,APF-only,2,20263905,1,301.840641895898,0.0016099,0.0015358,0.0016099,NaN,NaN,NaN,NaN,72,53.671042473467,0.127432159127466,0.6746830105535,1,8,0
广阔,AB-IRRT*,2,20263905,1,211.489848642946,0.0318318,0.0029657,0.0286647,0,0.0029657,0.0287759,663,1000,6.50302192219454,0.117743236660869,0.962915025418255,1,8,0
广阔,RRT*,3,20263906,1,227.735103743521,0.0336535,0.0088905,0.0335438,0,NaN,NaN,888,1000,7.05826507152354,1.59420028118071,0.8942264483348,NaN,NaN,0
广阔,Informed-RRT*,3,20263906,1,219.342936925843,0.0363668,0.0058953,0.0362384,0,NaN,NaN,815,1000,7.89460870480775,0.313249202525498,0.928439984600807,NaN,NaN,0
广阔,PRM*,3,20263906,1,211.688104356414,0.1479159,0.0003101,0.1478278,0,NaN,NaN,1002,1000,0.806170489631757,0.520534619091036,0.962013210902256,NaN,NaN,0
广阔,FMT*,3,20263906,1,215.662505460102,0.0244793,0.0030796,0.0243899,0,NaN,NaN,1002,1000,2.80523102351267,0.132666203137385,0.944284462184366,NaN,NaN,0
广阔,BIT*,3,20263906,1,208.982767439464,2.8817878,0.0205781,2.8816596,0,NaN,NaN,754,1000,1.08816318473763,0.567214788241374,0.974466725064858,NaN,NaN,0
广阔,RRT#,3,20263906,1,226.416126669001,0.034939,0.0074983,0.0348337,0,NaN,NaN,888,1000,5.18182143367087,1.59431754281176,0.899435724732795,NaN,NaN,0
广阔,APF-only,3,20263906,1,301.840641895898,0.0040404,0.0039406,0.0040404,NaN,NaN,NaN,NaN,72,53.671042473467,0.127432159127466,0.6746830105535,1,8,0
广阔,AB-IRRT*,3,20263906,1,212.51810692239,0.0350288,0.0026875,0.0320513,0,0.0026875,0.032222,687,1000,4.34145945021891,1.22394891580072,0.958256009009604,1,8,0
广阔,RRT*,4,20263907,1,217.050926645887,0.0241581,0.0046772,0.0240435,0,NaN,NaN,880,1000,5.94117589816564,0.244120056775188,0.938244107632722,NaN,NaN,0
广阔,Informed-RRT*,4,20263907,1,211.378157241236,0.0388628,0.0092006,0.0387135,0,NaN,NaN,762,1000,3.75186761002901,0.0413574836678237,0.963423825997846,NaN,NaN,0
广阔,PRM*,4,20263907,1,215.886887741914,0.1488343,0.0002323,0.1487225,0,NaN,NaN,1002,1000,3.03795666680295,2.05943239309931,0.943303019056808,NaN,NaN,0
广阔,FMT*,4,20263907,1,219.29426113591,0.0307973,0.0038384,0.0306905,0,NaN,NaN,1002,1000,1.82293118932293,1.28854956834527,0.928646066371585,NaN,NaN,0
广阔,BIT*,4,20263907,1,209.848490174393,4.4117092,0.0262916,4.4115748,0,NaN,NaN,748,1000,0.942426278055816,0.0728530915161831,0.970446596077419,NaN,NaN,0
广阔,RRT#,4,20263907,1,216.837981116092,0.0382323,0.006493,0.0380774,0,NaN,NaN,880,1000,5.60445434547683,1.15476114610823,0.939165509351871,NaN,NaN,0
广阔,APF-only,4,20263907,1,301.840641895898,0.0039659,0.0038161,0.0039659,NaN,NaN,NaN,NaN,72,53.671042473467,0.127432159127466,0.6746830105535,1,8,0
广阔,AB-IRRT*,4,20263907,1,214.768018286296,0.0344862,0.0035304,0.0306897,0,0.0035304,0.0308494,660,1000,3.38639618330534,0.198873280772803,0.948217311900951,1,8,0
广阔,RRT*,5,20263908,1,223.171009512964,0.0315192,0.0061093,0.0314138,0,NaN,NaN,886,1000,5.55931590420205,0.238147434581881,0.912514369255007,NaN,NaN,0
广阔,Informed-RRT*,5,20263908,1,217.934165491614,0.0434716,0.0070969,0.0433128,0,NaN,NaN,796,1000,5.49719799465726,1.05504144815508,0.934441612320586,NaN,NaN,0
广阔,PRM*,5,20263908,1,214.322716479565,0.1428759,0.0004117,0.142762,0,NaN,NaN,1002,1000,1.45041249065014,0.737713146139789,0.950187438489016,NaN,NaN,0
广阔,FMT*,5,20263908,1,216.755112516557,0.0167071,0.0054076,0.0165871,0,NaN,NaN,1002,1000,1.03923718779846,0.230859861026914,0.939524565844646,NaN,NaN,0
广阔,BIT*,5,20263908,1,209.002615321975,4.3716725,0.0182229,4.3715426,0,NaN,NaN,743,1000,0.79174463886066,0.236924672123808,0.974374185069414,NaN,NaN,0
广阔,RRT#,5,20263908,1,223.171009512964,0.0289825,0.0057106,0.0288688,0,NaN,NaN,886,1000,5.55931590420205,0.238147434581881,0.912514369255007,NaN,NaN,0
广阔,APF-only,5,20263908,1,301.840641895898,0.0022177,0.002124,0.0022177,NaN,NaN,NaN,NaN,72,53.671042473467,0.127432159127466,0.6746830105535,1,8,0
广阔,AB-IRRT*,5,20263908,1,213.10262492488,0.034846,0.0021652,0.032396,0,0.0021652,0.0325898,624,1000,4.04438152389551,0.0242343094332096,0.955627613941935,1,8,0
广阔,RRT*,6,20263909,1,218.842375162837,0.0242938,0.0038486,0.0242045,0,NaN,NaN,880,1000,5.75465128950561,0.286277724710629,0.930563620643375,NaN,NaN,0
广阔,Informed-RRT*,6,20263909,1,212.846049594158,0.0483829,0.0033135,0.0482445,0,NaN,NaN,768,1000,6.74779739820602,0.41447786087719,0.956779575519616,NaN,NaN,0
广阔,PRM*,6,20263909,1,214.77572919757,0.1401552,0.0008555,0.140054,0,NaN,NaN,1002,1000,1.80771348233296,1.65164761137162,0.948183268857129,NaN,NaN,0
广阔,FMT*,6,20263909,1,216.740061379519,0.0238072,0.0032792,0.0236612,0,NaN,NaN,1002,1000,1.48733002903466,0.146326597794923,0.939589809495964,NaN,NaN,0
广阔,BIT*,6,20263909,1,209.579143189107,3.233317,0.0206713,3.233204,0,NaN,NaN,771,1000,0.872323584423106,0.113068072401305,0.971693794921049,NaN,NaN,0
广阔,RRT#,6,20263909,1,218.467591092579,0.0324088,0.0038017,0.0322835,0,NaN,NaN,880,1000,4.932081063563,0.687696753599523,0.93216001496271,NaN,NaN,0
广阔,APF-only,6,20263909,1,301.840641895898,0.0022108,0.0021371,0.0022108,NaN,NaN,NaN,NaN,72,53.671042473467,0.127432159127466,0.6746830105535,1,8,0
广阔,AB-IRRT*,6,20263909,1,210.056388177665,0.0393996,0.0061129,0.0329251,0,0.0061129,0.033089,670,1000,3.37011649825878,0.203579833284936,0.969486121076605,1,8,0
广阔,RRT*,7,20263910,1,227.789876915191,0.0278689,0.005902,0.0277858,0,NaN,NaN,800,1000,5.93018285203566,0.38652267837071,0.89401142728369,NaN,NaN,0
广阔,Informed-RRT*,7,20263910,1,217.864345068442,0.0380594,0.0062572,0.0379149,0,NaN,NaN,741,1000,6.19457371562155,0.555999928733053,0.934741078985412,NaN,NaN,0
广阔,PRM*,7,20263910,1,213.929926893092,0.1410681,0.0004307,0.1409687,0,NaN,NaN,1002,1000,1.64377930673085,0.0863421106657523,0.951932045877314,NaN,NaN,0
广阔,FMT*,7,20263910,1,219.318937638932,0.0381937,0.0071982,0.0380661,0,NaN,NaN,1002,1000,4.36819622108106,0.152437675597962,0.928541580467587,NaN,NaN,0
广阔,BIT*,7,20263910,1,209.11320880767,2.186337,0.0219374,2.1862167,0,NaN,NaN,782,1000,1.07247906006473,0.205172253219743,0.973858868805499,NaN,NaN,0
广阔,RRT#,7,20263910,1,226.286909906931,0.029412,0.0056113,0.0292429,0,NaN,NaN,800,1000,6.74908261323868,0.386600447552041,0.89994933010258,NaN,NaN,0
广阔,APF-only,7,20263910,1,301.840641895898,0.0023844,0.0022684,0.0023844,NaN,NaN,NaN,NaN,72,53.671042473467,0.127432159127466,0.6746830105535,1,8,0
广阔,AB-IRRT*,7,20263910,1,211.736076892458,0.0304282,0.0027106,0.027483,0,0.0027106,0.0276225,628,1000,3.9351404618068,0.187629055290794,0.961795249872126,1,8,0
广阔,RRT*,8,20263911,1,214.343132887364,0.0295967,0.0039985,0.029486,0,NaN,NaN,861,1000,3.77054430869273,0.128659257128575,0.950096932140768,NaN,NaN,0
广阔,Informed-RRT*,8,20263911,1,210.961751787317,0.0376576,0.0055484,0.0375241,0,NaN,NaN,716,1000,2.45371183749068,0.367354088310233,0.965325473723948,NaN,NaN,0
广阔,PRM*,8,20263911,1,214.672429818426,0.1412033,0.0007383,0.1411037,0,NaN,NaN,1002,1000,2.7799734435692,1.83071139005697,0.948639530255345,NaN,NaN,0
广阔,FMT*,8,20263911,1,216.753426452667,0.0188712,0.0027882,0.0187457,0,NaN,NaN,1002,1000,1.44547874421077,0.45743860408038,0.939531874141774,NaN,NaN,0
广阔,BIT*,8,20263911,1,208.938686055982,2.0951483,0.0155853,2.09503,0,NaN,NaN,773,1000,1.02434572623482,0.350715386723056,0.974672315720227,NaN,NaN,0
广阔,RRT#,8,20263911,1,214.343132887364,0.033692,0.0064221,0.0335357,0,NaN,NaN,861,1000,3.77054430869273,0.128659257128575,0.950096932140768,NaN,NaN,0
广阔,APF-only,8,20263911,1,301.840641895898,0.0023547,0.002249,0.0023547,NaN,NaN,NaN,NaN,72,53.671042473467,0.127432159127466,0.6746830105535,1,8,0
广阔,AB-IRRT*,8,20263911,1,210.824116425657,0.0275941,0.0022467,0.0251307,0,0.0022467,0.0252675,588,1000,3.26006507253857,0.133818840387633,0.965955681135455,1,8,0
广阔,RRT*,9,20263912,1,266.414943509104,0.0343411,0.0121537,0.0342282,0,NaN,NaN,896,1000,5.65994627768946,3.72895321616935,0.764396885172345,NaN,NaN,0
广阔,Informed-RRT*,9,20263912,1,261.289130360868,0.0313686,0.0071992,0.0312604,0,NaN,NaN,891,1000,7.63118206004062,6.98620249340938,0.779392363932122,NaN,NaN,0
广阔,PRM*,9,20263912,1,215.479877736523,0.1280836,0.0001479,0.1279783,0,NaN,NaN,1002,1000,2.28701604855461,0.20111585971876,0.945084780634293,NaN,NaN,0
广阔,FMT*,9,20263912,1,233.022939032105,0.0356969,0.0072198,0.0355821,0,NaN,NaN,1002,1000,1.60579937673972,0.191415815997996,0.873934359542467,NaN,NaN,0
广阔,BIT*,9,20263912,1,209.054584653511,2.5952772,0.0191305,2.5951287,0,NaN,NaN,764,1000,0.944812645946255,0.284110767879212,0.974131963282467,NaN,NaN,0
广阔,RRT#,9,20263912,1,261.870062283248,0.0354612,0.0095137,0.0353264,0,NaN,NaN,896,1000,3.95691236747932,3.72910989867039,0.777663361768533,NaN,NaN,0
广阔,APF-only,9,20263912,1,301.840641895898,0.0019129,0.0018239,0.0019129,NaN,NaN,NaN,NaN,72,53.671042473467,0.127432159127466,0.6746830105535,1,8,0
广阔,AB-IRRT*,9,20263912,1,217.669391048439,0.0324256,0.0026921,0.0295026,0,0.0026921,0.0296445,674,1000,5.38690018009132,0.100415496646582,0.935578273090347,1,8,0
广阔,RRT*,10,20263913,1,240.947393116467,0.0315119,0.0104936,0.0314317,0,NaN,NaN,884,1000,10.6355829492999,0.00177758250526949,0.845191767164248,NaN,NaN,0
广阔,Informed-RRT*,10,20263913,1,228.690802651978,0.0383768,0.0133974,0.0382203,0,NaN,NaN,824,1000,10.7207110574946,1.70794695308572,0.890489475834477,NaN,NaN,0
广阔,PRM*,10,20263913,1,221.918279820775,0.1363703,0.0001541,0.1362655,0,NaN,NaN,1002,1000,3.836159894384,0.847615783686892,0.917665516992085,NaN,NaN,0
广阔,FMT*,10,20263913,1,211.880053972661,0.0335937,0.0037361,0.0335012,0,NaN,NaN,1002,1000,0.819080364007324,0.249479545343156,0.961141689193655,NaN,NaN,0
广阔,BIT*,10,20263913,1,215.184259523355,2.3580157,0.0140017,2.3578928,0,NaN,NaN,794,1000,0.898788510107788,0.130679393594695,0.946383129662059,NaN,NaN,0
广阔,RRT#,10,20263913,1,233.980088957554,0.0360063,0.0124143,0.035882,0,NaN,NaN,884,1000,5.37753656384655,0.00186029422760825,0.870359327962599,NaN,NaN,0
广阔,APF-only,10,20263913,1,301.840641895898,0.0020348,0.0018839,0.0020348,NaN,NaN,NaN,NaN,72,53.671042473467,0.127432159127466,0.6746830105535,1,8,0
广阔,AB-IRRT*,10,20263913,1,220.154671803863,0.0293994,0.0020014,0.0271894,0,0.0020014,0.0273026,639,1000,4.72354205187436,0.221236128477022,0.925016722621067,1,8,0
广阔,RRT*,11,20263914,1,248.185749525021,0.0328269,0.0064093,0.0327282,0,NaN,NaN,850,1000,6.6500713321463,0.00764406079851199,0.820541684490207,NaN,NaN,0
广阔,Informed-RRT*,11,20263914,1,244.975944592947,0.0354959,0.0070568,0.0353594,0,NaN,NaN,789,1000,6.56609042257222,0.00833229137898428,0.831292857427719,NaN,NaN,0
广阔,PRM*,11,20263914,1,212.342901159246,0.1295825,0.0002341,0.1294894,0,NaN,NaN,1002,1000,1.01280616671635,0.602967168284646,0.959046673422822,NaN,NaN,0
广阔,FMT*,11,20263914,1,218.597497971588,0.0336771,0.0063662,0.0335679,0,NaN,NaN,1002,1000,1.62411627743502,0.118620565868961,0.931606056205613,NaN,NaN,0
广阔,BIT*,11,20263914,1,209.196951339097,3.6839008,0.0219054,3.6837844,0,NaN,NaN,746,1000,0.888310650908413,0.0483581733838193,0.973469028483235,NaN,NaN,0
广阔,RRT#,11,20263914,1,248.172294491113,0.0348665,0.0086654,0.0347491,0,NaN,NaN,850,1000,6.63013290816643,0.00763812349476289,0.820586171390773,NaN,NaN,0
广阔,APF-only,11,20263914,1,301.840641895898,0.0015102,0.0014414,0.0015102,NaN,NaN,NaN,NaN,72,53.671042473467,0.127432159127466,0.6746830105535,1,8,0
广阔,AB-IRRT*,11,20263914,1,212.696516465623,0.0366435,0.0019374,0.0345186,0,0.0019374,0.0346356,701,1000,4.76454908920784,1.02513498066481,0.957452225197302,1,8,0
广阔,RRT*,12,20263915,1,264.083407977581,0.0263334,0.0056972,0.0262444,0,NaN,NaN,825,1000,6.47817156474727,0.365474006333727,0.771145580637971,NaN,NaN,0
广阔,Informed-RRT*,12,20263915,1,261.878681929477,0.031612,0.0066768,0.0314907,0,NaN,NaN,775,1000,7.63575310993814,0.71240154500687,0.777637765247982,NaN,NaN,0
广阔,PRM*,12,20263915,1,215.059720471915,0.1360568,0.0003143,0.135964,0,NaN,NaN,1002,1000,2.26091076246672,0.0302397786565365,0.946931171187493,NaN,NaN,0
广阔,FMT*,12,20263915,1,219.036174559999,0.0196482,0.0026834,0.019507,0,NaN,NaN,1002,1000,2.84621838566757,0.0616490636257776,0.929740274138792,NaN,NaN,0
广阔,BIT*,12,20263915,1,210.304537900463,3.7214244,0.0216705,3.7212969,0,NaN,NaN,748,1000,0.688791625701378,0.339768554493682,0.968342171856088,NaN,NaN,0
广阔,RRT#,12,20263915,1,262.930893744267,0.0328894,0.0075165,0.0327744,0,NaN,NaN,825,1000,6.00573789358542,0.361174873778642,0.774525770181262,NaN,NaN,0
广阔,APF-only,12,20263915,1,301.840641895898,0.001635,0.0015596,0.001635,NaN,NaN,NaN,NaN,72,53.671042473467,0.127432159127466,0.6746830105535,1,8,0
广阔,AB-IRRT*,12,20263915,1,210.734308986878,0.0300038,0.0022628,0.0275585,0,0.0022628,0.0276637,666,1000,3.75126849618677,0.0748124216621164,0.966367336959863,1,8,0
广阔,RRT*,13,20263916,1,219.660144587595,0.0290278,0.0064748,0.028944,0,NaN,NaN,862,1000,6.43359696424778,0.27987167647133,0.927099239436748,NaN,NaN,0
广阔,Informed-RRT*,13,20263916,1,216.548157444475,0.0388228,0.0065356,0.0386706,0,NaN,NaN,742,1000,7.5558803003023,0.354569868492803,0.940422469463599,NaN,NaN,0
广阔,PRM*,13,20263916,1,219.626497309279,0.14569,0.0002011,0.1455983,0,NaN,NaN,1002,1000,4.50907455353828,2.20729264576358,0.927241273146335,NaN,NaN,0
广阔,FMT*,13,20263916,1,219.342550683704,0.018899,0.0053041,0.0188081,0,NaN,NaN,1002,1000,2.57682754554354,0.0907624061463732,0.928441619498573,NaN,NaN,0
广阔,BIT*,13,20263916,1,209.206620812564,2.1837903,0.0121239,2.1836613,0,NaN,NaN,750,1000,0.685787101493913,0.10069673753657,0.973424035007863,NaN,NaN,0
广阔,RRT#,13,20263916,1,219.660144587595,0.0316994,0.0065669,0.0315682,0,NaN,NaN,862,1000,6.43359696424778,0.27987167647133,0.927099239436748,NaN,NaN,0
广阔,APF-only,13,20263916,1,301.840641895898,0.0021653,0.0020857,0.0021653,NaN,NaN,NaN,NaN,72,53.671042473467,0.127432159127466,0.6746830105535,1,8,0
广阔,AB-IRRT*,13,20263916,1,213.232476713494,0.0357748,0.0029127,0.0326191,0,0.0029127,0.0327631,660,1000,4.3207070846729,1.77727992933819,0.955045667153941,1,8,0
广阔,RRT*,14,20263917,1,267.551122172956,0.0312306,0.0081719,0.0310986,0,NaN,NaN,884,1000,4.69259899263093,0.766112317277868,0.761150808592311,NaN,NaN,0
广阔,Informed-RRT*,14,20263917,1,266.400742825635,0.039581,0.0113531,0.0394375,0,NaN,NaN,852,1000,5.43592471034805,0.766527232137799,0.76443763189886,NaN,NaN,0
广阔,PRM*,14,20263917,1,224.505993186021,0.1458428,0.0007774,0.1457386,0,NaN,NaN,1002,1000,3.72384857318315,0.350972989773194,0.907088270080116,NaN,NaN,0
广阔,FMT*,14,20263917,1,221.387176374437,0.0325486,0.0030319,0.0324318,0,NaN,NaN,1002,1000,1.42688622623245,0.192354196778108,0.919866978371383,NaN,NaN,0
广阔,BIT*,14,20263917,1,210.703533648725,1.4980574,0.0185727,1.4979362,0,NaN,NaN,842,1000,0.972851877354527,0.192448714446259,0.9665084844815,NaN,NaN,0
广阔,RRT#,14,20263917,1,267.397203997114,0.0360607,0.0106075,0.0359131,0,NaN,NaN,884,1000,3.62768999418633,0.766522195360199,0.761588939366486,NaN,NaN,0
广阔,APF-only,14,20263917,1,301.840641895898,0.0022413,0.0021423,0.0022413,NaN,NaN,NaN,NaN,72,53.671042473467,0.127432159127466,0.6746830105535,1,8,0
广阔,AB-IRRT*,14,20263917,1,211.313640901003,0.0334101,0.0025947,0.0306044,0,0.0025947,0.0307314,667,1000,3.36699002148272,0.356128276625215,0.963717969712759,1,8,0
广阔,RRT*,15,20263918,1,259.439920270348,0.028142,0.006058,0.0280658,0,NaN,NaN,858,1000,7.37411570219357,1.68960136743435,0.784947639397656,NaN,NaN,0
广阔,Informed-RRT*,15,20263918,1,254.781516270042,0.0357565,0.0066715,0.03563,0,NaN,NaN,808,1000,6.60282086492933,1.13346845247342,0.79929955658903,NaN,NaN,0
广阔,PRM*,15,20263918,1,214.356927446202,0.1469988,0.0002197,0.1468997,0,NaN,NaN,1002,1000,1.84763322476519,1.43693167499038,0.950035790342421,NaN,NaN,0
广阔,FMT*,15,20263918,1,215.972116318237,0.0144854,0.0069459,0.0143836,0,NaN,NaN,1002,1000,0.992042684969328,0.0771896289053213,0.942930765569987,NaN,NaN,0
广阔,BIT*,15,20263918,1,209.401413496951,4.3656012,0.0192141,4.3654706,0,NaN,NaN,736,1000,0.836426934481271,0.373993496162483,0.972518521154542,NaN,NaN,0
广阔,RRT#,15,20263918,1,259.439920270348,0.0335038,0.0066072,0.0334044,0,NaN,NaN,858,1000,7.37411570219357,1.68960136743435,0.784947639397656,NaN,NaN,0
广阔,APF-only,15,20263918,1,301.840641895898,0.0018525,0.001773,0.0018525,NaN,NaN,NaN,NaN,72,53.671042473467,0.127432159127466,0.6746830105535,1,8,0
广阔,AB-IRRT*,15,20263918,1,221.226373504114,0.0293905,0.0025864,0.0266318,0,0.0025864,0.0267227,651,1000,1.3222034995512,0.157996066854144,0.920535602315692,1,8,0
广阔,RRT*,16,20263919,1,250.616361068095,0.0321121,0.0112821,0.0318812,0,NaN,NaN,853,1000,6.99384095527282,0.105477890368707,0.812583632264905,NaN,NaN,0
广阔,Informed-RRT*,16,20263919,1,247.249498564773,0.0329679,0.0097555,0.0328343,0,NaN,NaN,806,1000,8.24661598386193,0.159106607252237,0.82364880076137,NaN,NaN,0
广阔,PRM*,16,20263919,1,215.231917500799,0.1334087,0.0001731,0.1333229,0,NaN,NaN,1002,1000,3.73946130232734,1.28052903854895,0.946173575677826,NaN,NaN,0
广阔,FMT*,16,20263919,1,216.203000489009,0.0239586,0.0052682,0.0238684,0,NaN,NaN,1002,1000,3.49088312114125,0.136694468881272,0.941923805502773,NaN,NaN,0
广阔,BIT*,16,20263919,1,209.648917102266,3.7094747,0.0197262,3.7093428,0,NaN,NaN,732,1000,1.19388039836003,0.292017263325519,0.971370402463787,NaN,NaN,0
广阔,RRT#,16,20263919,1,250.169343006338,0.0277561,0.0081562,0.0276572,0,NaN,NaN,853,1000,6.15833311177132,0.158914215526197,0.814035606979094,NaN,NaN,0
广阔,APF-only,16,20263919,1,301.840641895898,0.0029908,0.0028444,0.0029908,NaN,NaN,NaN,NaN,72,53.671042473467,0.127432159127466,0.6746830105535,1,8,0
广阔,AB-IRRT*,16,20263919,1,211.153574101476,0.030929,0.0021948,0.0285652,0,0.0021948,0.0286632,624,1000,5.47842695267046,0.489071443245361,0.964448524484161,1,8,0
广阔,RRT*,17,20263920,1,222.205676339884,0.035711,0.0085361,0.0356128,0,NaN,NaN,887,1000,5.20392507570612,0.220110142071697,0.916478626181578,NaN,NaN,0
广阔,Informed-RRT*,17,20263920,1,214.49744807229,0.0377408,0.003469,0.0376363,0,NaN,NaN,762,1000,5.95708843498271,0.134468756629437,0.949413407068101,NaN,NaN,0
广阔,PRM*,17,20263920,1,211.555118962434,0.1358271,0.0002922,0.135648,0,NaN,NaN,1002,1000,2.37485790719821,0.312039850883486,0.962617940801931,NaN,NaN,0
广阔,FMT*,17,20263920,1,214.152327807432,0.0373241,0.0055525,0.0372192,0,NaN,NaN,1002,1000,1.595755570472,0.12368913051063,0.95094344790334,NaN,NaN,0
广阔,BIT*,17,20263920,1,210.322372507217,4.0768049,0.01841,4.0766819,0,NaN,NaN,739,1000,0.626933640566002,0.38795087076879,0.968260059802899,NaN,NaN,0
广阔,RRT#,17,20263920,1,221.395431203603,0.0325311,0.0040196,0.0324043,0,NaN,NaN,887,1000,4.37472909161883,0.221019511919792,0.919832680713475,NaN,NaN,0
广阔,APF-only,17,20263920,1,301.840641895898,0.001906,0.0018174,0.001906,NaN,NaN,NaN,NaN,72,53.671042473467,0.127432159127466,0.6746830105535,1,8,0
广阔,AB-IRRT*,17,20263920,1,212.826097912139,0.039112,0.0026799,0.0361964,0,0.0026799,0.0363386,677,1000,5.92232747522522,0.0256096926565152,0.956869270167221,1,8,0
广阔,RRT*,18,20263921,1,242.925724090244,0.0308397,0.0088535,0.0307342,0,NaN,NaN,864,1000,7.02460096578503,0.0960938253240808,0.838308720677409,NaN,NaN,0
广阔,Informed-RRT*,18,20263921,1,242.150435800459,0.0347383,0.0080081,0.0345893,0,NaN,NaN,807,1000,7.85043221707196,0.0962139467504333,0.840992717227806,NaN,NaN,0
广阔,PRM*,18,20263921,1,228.749071248214,0.1423212,0.000888,0.1422129,0,NaN,NaN,1002,1000,3.13343570815101,0.915438451397867,0.890262643998889,NaN,NaN,0
广阔,FMT*,18,20263921,1,224.984669338907,0.0160018,0.0030816,0.0158955,0,NaN,NaN,1002,1000,4.45762448388449,0.115002761387075,0.905158354034165,NaN,NaN,0
广阔,BIT*,18,20263921,1,211.826393039555,3.4257946,0.0151459,3.4256539,0,NaN,NaN,819,1000,1.87473281761031,0.372111858611463,0.96138517046692,NaN,NaN,0
广阔,RRT#,18,20263921,1,238.910070228831,0.0283489,0.0070127,0.0282176,0,NaN,NaN,864,1000,5.40991656644694,0.0960836394478228,0.852399201032715,NaN,NaN,0
广阔,APF-only,18,20263921,1,301.840641895898,0.0017719,0.0016952,0.0017719,NaN,NaN,NaN,NaN,72,53.671042473467,0.127432159127466,0.6746830105535,1,8,0
广阔,AB-IRRT*,18,20263921,1,216.566023037255,0.0284037,0.0023937,0.0257562,0,0.0023937,0.0259195,623,1000,7.37619728996942,0.241097791990856,0.940344889404436,1,8,0
广阔,RRT*,19,20263922,1,217.887595629076,0.0308515,0.0073031,0.0307562,0,NaN,NaN,838,1000,5.88459108893146,0.259621553028804,0.934641333728821,NaN,NaN,0
广阔,Informed-RRT*,19,20263922,1,215.604293982847,0.0390868,0.0056758,0.0389338,0,NaN,NaN,723,1000,5.65528226565276,0.924298029762788,0.944539411621959,NaN,NaN,0
广阔,PRM*,19,20263922,1,222.549560370993,0.1289358,0.0004698,0.1288093,0,NaN,NaN,1002,1000,2.73787770310028,0.398436209401158,0.915062481553521,NaN,NaN,0
广阔,FMT*,19,20263922,1,218.972651703298,0.0253438,0.0046606,0.0252272,0,NaN,NaN,1002,1000,1.76503132512885,0.400326727391612,0.930009987081225,NaN,NaN,0
广阔,BIT*,19,20263922,1,209.370820404238,3.1007428,0.0145206,3.1006118,0,NaN,NaN,767,1000,0.870453294031875,0.143812412377557,0.972660624763945,NaN,NaN,0
广阔,RRT#,19,20263922,1,217.887595629076,0.0267519,0.0070805,0.0266433,0,NaN,NaN,838,1000,5.88459108893146,0.259621553028804,0.934641333728821,NaN,NaN,0
广阔,APF-only,19,20263922,1,301.840641895898,0.0017342,0.0016588,0.0017342,NaN,NaN,NaN,NaN,72,53.671042473467,0.127432159127466,0.6746830105535,1,8,0
广阔,AB-IRRT*,19,20263922,1,213.576198939455,0.0303073,0.0018152,0.0283014,0,0.0018152,0.0284157,625,1000,5.63689751286881,0.191298126807993,0.953508649339038,1,8,0
广阔,RRT*,20,20263923,1,214.195884970438,0.0226325,0.0031982,0.02252,0,NaN,NaN,839,1000,6.23898191152124,0.120748371632736,0.95075007164508,NaN,NaN,0
广阔,Informed-RRT*,20,20263923,1,211.731081343692,0.0406745,0.0056602,0.0405405,0,NaN,NaN,705,1000,3.37456143222924,0.0898023789306475,0.961817942313139,NaN,NaN,0
广阔,PRM*,20,20263923,1,213.556014820657,0.140256,0.0001627,0.140146,0,NaN,NaN,1002,1000,2.88732544586191,0.399698505024057,0.95359876963778,NaN,NaN,0
广阔,FMT*,20,20263923,1,215.283818588689,0.0604622,0.0036895,0.0603353,0,NaN,NaN,1002,1000,2.81716302322493,0.899425443585116,0.945945470108941,NaN,NaN,0
广阔,BIT*,20,20263923,1,209.229807089366,3.7120842,0.0168958,3.7119168,0,NaN,NaN,740,1000,1.0485166347909,0.38881548945969,0.973316162810133,NaN,NaN,0
广阔,RRT#,20,20263923,1,213.997550530499,0.0352489,0.0062645,0.0351049,0,NaN,NaN,839,1000,6.30822932112727,0.211768683594,0.951631233520601,NaN,NaN,0
广阔,APF-only,20,20263923,1,301.840641895898,0.0019815,0.0018733,0.0019815,NaN,NaN,NaN,NaN,72,53.671042473467,0.127432159127466,0.6746830105535,1,8,0
广阔,AB-IRRT*,20,20263923,1,221.226373504114,0.0332146,0.002261,0.0307615,0,0.002261,0.0308707,645,1000,1.3222034995512,0.157996066854144,0.920535602315692,1,8,0
广阔,RRT*,21,20263924,1,239.423494995117,0.0264062,0.0052291,0.0263186,0,NaN,NaN,855,1000,5.98363342787936,0.328860900833309,0.850571298300858,NaN,NaN,0
广阔,Informed-RRT*,21,20263924,1,232.147477794302,0.035758,0.0046613,0.0356172,0,NaN,NaN,773,1000,6.79838197678715,1.06404177849743,0.877230090615803,NaN,NaN,0
广阔,PRM*,21,20263924,1,224.130286209821,0.1432378,0.004179,0.1431337,0,NaN,NaN,1002,1000,4.6372801426111,0.244433710720317,0.908608811533308,NaN,NaN,0
广阔,FMT*,21,20263924,1,219.68148240978,0.0377192,0.0053523,0.037612,0,NaN,NaN,1002,1000,1.90469594080945,0.0891702872841265,0.927009189613242,NaN,NaN,0
广阔,BIT*,21,20263924,1,210.886677269227,3.1416108,0.0204132,3.1414686,0,NaN,NaN,784,1000,0.947485508382586,0.219766845510474,0.965669124378786,NaN,NaN,0
广阔,RRT#,21,20263924,1,235.214582000236,0.0335119,0.0054273,0.0333918,0,NaN,NaN,855,1000,5.66101167672592,0.328741139768443,0.865791360594819,NaN,NaN,0
广阔,APF-only,21,20263924,1,301.840641895898,0.0025183,0.0024113,0.0025183,NaN,NaN,NaN,NaN,72,53.671042473467,0.127432159127466,0.6746830105535,1,8,0
广阔,AB-IRRT*,21,20263924,1,211.073533663244,0.0280195,0.0022001,0.025628,0,0.0022001,0.025741,613,1000,2.99926927881519,0.72752693592518,0.964814249552636,1,8,0
广阔,RRT*,22,20263925,1,216.405697440382,0.0360494,0.0044552,0.0359524,0,NaN,NaN,885,1000,4.77278977438173,0.93479148536165,0.941041550155251,NaN,NaN,0
广阔,Informed-RRT*,22,20263925,1,209.762670693251,0.0406131,0.005981,0.040481,0,NaN,NaN,757,1000,1.85388293864765,0.0150796512014608,0.970843631560787,NaN,NaN,0
广阔,PRM*,22,20263925,1,231.185003396224,0.1486208,0.0003473,0.1485267,0,NaN,NaN,1002,1000,4.39288830423971,0.0508385636976829,0.880882193870938,NaN,NaN,0
广阔,FMT*,22,20263925,1,211.134320774623,0.0154006,0.0069378,0.0152527,0,NaN,NaN,1002,1000,0.659481979609087,0.324814249931862,0.964536472490942,NaN,NaN,0
广阔,BIT*,22,20263925,1,209.053114577678,2.835402,0.0184228,2.8352745,0,NaN,NaN,712,1000,1.1093562015697,0.0273898384704747,0.974138813445216,NaN,NaN,0
广阔,RRT#,22,20263925,1,216.405697440382,0.0355755,0.0070876,0.0354337,0,NaN,NaN,885,1000,4.77278977438173,0.93479148536165,0.941041550155251,NaN,NaN,0
广阔,APF-only,22,20263925,1,301.840641895898,0.0022298,0.002128,0.0022298,NaN,NaN,NaN,NaN,72,53.671042473467,0.127432159127466,0.6746830105535,1,8,0
广阔,AB-IRRT*,22,20263925,1,215.495542520944,0.0229984,0.0017958,0.0210254,0,0.0017958,0.0211296,640,1000,5.53216712069595,1.20322643152179,0.945016080608413,1,8,0
广阔,RRT*,23,20263926,1,219.270625570309,0.0351337,0.0063576,0.0350301,0,NaN,NaN,894,1000,7.46312988475318,0.544921719056398,0.928746166761069,NaN,NaN,0
广阔,Informed-RRT*,23,20263926,1,212.899911882109,0.0413386,0.0049354,0.0411898,0,NaN,NaN,788,1000,3.80404246875875,0.199763088852192,0.956537516532616,NaN,NaN,0
广阔,PRM*,23,20263926,1,220.952394163469,0.134226,0.0001325,0.1341273,0,NaN,NaN,1002,1000,2.78523991501993,0.110876503899849,0.921677059679471,NaN,NaN,0
广阔,FMT*,23,20263926,1,214.605147303857,0.0339699,0.0049432,0.033819,0,NaN,NaN,1002,1000,2.45951632669113,0.120380626178545,0.948936945549514,NaN,NaN,0
广阔,BIT*,23,20263926,1,208.775400208712,2.3977988,0.023486,2.3976651,0,NaN,NaN,772,1000,0.671536835242605,0.0342023859146572,0.975434619108099,NaN,NaN,0
广阔,RRT#,23,20263926,1,218.972888379975,0.0363208,0.0046646,0.0361788,0,NaN,NaN,894,1000,7.30765839100295,0.540972128376282,0.930008981880651,NaN,NaN,0
广阔,APF-only,23,20263926,1,301.840641895898,0.0015276,0.0014519,0.0015276,NaN,NaN,NaN,NaN,72,53.671042473467,0.127432159127466,0.6746830105535,1,8,0
广阔,AB-IRRT*,23,20263926,1,213.951634264642,0.0331901,0.001916,0.0310197,0,0.001916,0.0311908,679,1000,8.12647731464977,0.490533936958442,0.951835463569442,1,8,0
广阔,RRT*,24,20263927,1,220.694524966953,0.0332929,0.0073267,0.0331748,0,NaN,NaN,892,1000,5.57211326314234,0.278864481484712,0.92275398772226,NaN,NaN,0
广阔,Informed-RRT*,24,20263927,1,212.388519482293,0.0445163,0.0072191,0.0443626,0,NaN,NaN,796,1000,4.49683562241471,0.196646851892694,0.958840682529,NaN,NaN,0
广阔,PRM*,24,20263927,1,217.98296385725,0.1561773,0.0002508,0.1560658,0,NaN,NaN,1002,1000,3.11051761317749,1.18637945914036,0.934232425223319,NaN,NaN,0
广阔,FMT*,24,20263927,1,221.79180785892,0.0690326,0.0107374,0.0689133,0,NaN,NaN,1002,1000,2.50653017392326,0.275992248496374,0.918188795824525,NaN,NaN,0
广阔,BIT*,24,20263927,1,210.122570011807,3.1464013,0.0303216,3.1462737,0,NaN,NaN,737,1000,0.977772427276663,0.818514423927253,0.969180764209585,NaN,NaN,0
广阔,RRT#,24,20263927,1,220.881943294565,0.0345632,0.0085159,0.0344514,0,NaN,NaN,892,1000,6.02733420543333,0.248147207124724,0.921971030968995,NaN,NaN,0
广阔,APF-only,24,20263927,1,301.840641895898,0.0025795,0.002403,0.0025795,NaN,NaN,NaN,NaN,72,53.671042473467,0.127432159127466,0.6746830105535,1,8,0
广阔,AB-IRRT*,24,20263927,1,213.47894113752,0.0336065,0.0026626,0.0307272,0,0.0026626,0.0308532,699,1000,4.05758776401551,0.125334113264344,0.953943053570515,1,8,0
广阔,RRT*,25,20263928,1,232.771676483801,0.0378367,0.0103958,0.0377336,0,NaN,NaN,899,1000,5.8860789357007,0.311213344272063,0.874877717332152,NaN,NaN,0
广阔,Informed-RRT*,25,20263928,1,226.105837616634,0.0379535,0.0119631,0.0378274,0,NaN,NaN,806,1000,6.00443359396068,0.3499389728208,0.900670036334984,NaN,NaN,0
广阔,PRM*,25,20263928,1,211.628031441324,0.1321843,0.0003128,0.1320526,0,NaN,NaN,1002,1000,2.29757062976593,0.209716214868796,0.962286288800019,NaN,NaN,0
广阔,FMT*,25,20263928,1,222.493927926917,0.0235559,0.0057767,0.0234661,0,NaN,NaN,1002,1000,1.34766834409213,0.293937467419067,0.915291284032785,NaN,NaN,0
广阔,BIT*,25,20263928,1,209.088537525696,3.203252,0.0215896,3.20312,0,NaN,NaN,764,1000,1.08601385201491,0.220359026362706,0.973973778723754,NaN,NaN,0
广阔,RRT#,25,20263928,1,232.520122937273,0.0390324,0.0075066,0.0388615,0,NaN,NaN,899,1000,5.41362875591592,0.34375274248465,0.875824210004671,NaN,NaN,0
广阔,APF-only,25,20263928,1,301.840641895898,0.0021259,0.0020273,0.0021259,NaN,NaN,NaN,NaN,72,53.671042473467,0.127432159127466,0.6746830105535,1,8,0
广阔,AB-IRRT*,25,20263928,1,215.481248124507,0.0441791,0.003416,0.0404887,0,0.003416,0.0406492,666,1000,5.37945203807024,0.676145997214531,0.945078770214179,1,8,0
广阔,RRT*,26,20263929,1,246.148908938604,0.0331828,0.0085869,0.0330632,0,NaN,NaN,878,1000,4.98836195425889,0.493090053371045,0.827331528138199,NaN,NaN,0
广阔,Informed-RRT*,26,20263929,1,242.501077676059,0.0389478,0.0073785,0.038793,0,NaN,NaN,828,1000,5.69554101152462,1.07952503037707,0.839776692678306,NaN,NaN,0
广阔,PRM*,26,20263929,1,223.784339447308,0.1350512,6.21e-05,0.134961,0,NaN,NaN,1002,1000,3.78760827411692,1.32937814796465,0.910013424016544,NaN,NaN,0
广阔,FMT*,26,20263929,1,224.909917284983,0.0355437,0.0037337,0.0354242,0,NaN,NaN,1002,1000,1.76268118589608,0.013474914831729,0.905459196464357,NaN,NaN,0
广阔,BIT*,26,20263929,1,209.339121464929,4.000792,0.0171841,4.0006718,0,NaN,NaN,742,1000,0.599179824641554,0.288752515994989,0.97280790879713,NaN,NaN,0
广阔,RRT#,26,20263929,1,246.148908938604,0.0279263,0.0061106,0.0278215,0,NaN,NaN,878,1000,4.98836195425889,0.493090053371045,0.827331528138199,NaN,NaN,0
广阔,APF-only,26,20263929,1,301.840641895898,0.0016288,0.0015536,0.0016288,NaN,NaN,NaN,NaN,72,53.671042473467,0.127432159127466,0.6746830105535,1,8,0
广阔,AB-IRRT*,26,20263929,1,215.68020019035,0.0338595,0.0021096,0.0315535,0,0.0021096,0.0316727,689,1000,5.7007939067395,0.199239644603361,0.944206991657075,1,8,0
广阔,RRT*,27,20263930,1,216.044360590251,0.0285027,0.0030659,0.0283933,0,NaN,NaN,886,1000,5.16087468521588,0.115587776498361,0.942615453721382,NaN,NaN,0
广阔,Informed-RRT*,27,20263930,1,210.298168093091,0.044671,0.0036173,0.0445301,0,NaN,NaN,734,1000,3.12354643240541,0.176254899488159,0.968371502368862,NaN,NaN,0
广阔,PRM*,27,20263930,1,212.206705098706,0.1351815,0.0004575,0.1350831,0,NaN,NaN,1002,1000,1.45930935559745,0.115096176193768,0.959662197700119,NaN,NaN,0
广阔,FMT*,27,20263930,1,253.259891198339,0.0535502,0.0056678,0.0534452,0,NaN,NaN,1002,1000,3.45279445343594,0.696460582270699,0.804101873447623,NaN,NaN,0
广阔,BIT*,27,20263930,1,212.333717437967,2.8649717,0.0158815,2.8648448,0,NaN,NaN,793,1000,0.822849922458864,0.101035931696529,0.959088153492253,NaN,NaN,0
广阔,RRT#,27,20263930,1,216.044360590251,0.0340926,0.004767,0.0339586,0,NaN,NaN,886,1000,5.16087468521588,0.115587776498361,0.942615453721382,NaN,NaN,0
广阔,APF-only,27,20263930,1,301.840641895898,0.0021719,0.0020401,0.0021719,NaN,NaN,NaN,NaN,72,53.671042473467,0.127432159127466,0.6746830105535,1,8,0
广阔,AB-IRRT*,27,20263930,1,214.47012195647,0.0330743,0.0022971,0.0305491,0,0.0022971,0.0306974,684,1000,7.44822126269144,0.885985298928623,0.949534373944446,1,8,0
广阔,RRT*,28,20263931,1,242.122845924041,0.024117,0.0093879,0.0240353,0,NaN,NaN,837,1000,5.97623126881155,0.174119370483934,0.841088548271955,NaN,NaN,0
广阔,Informed-RRT*,28,20263931,1,244.001958414503,0.029991,0.0093711,0.0298852,0,NaN,NaN,812,1000,5.70236241431851,0.174057150993375,0.834611141258861,NaN,NaN,0
广阔,PRM*,28,20263931,1,210.461876581966,0.1340857,0.0001535,0.1339836,0,NaN,NaN,1002,1000,2.2027878313893,0.172420469976141,0.967618251291291,NaN,NaN,0
广阔,FMT*,28,20263931,1,213.3291846657,0.0294922,0.0033054,0.0293657,0,NaN,NaN,1002,1000,1.67293562804951,0.0987574808707468,0.954612718840381,NaN,NaN,0
广阔,BIT*,28,20263931,1,212.001879058965,3.4854817,0.020334,3.4853594,0,NaN,NaN,783,1000,0.748230098769629,0.247553582078787,0.960589377253042,NaN,NaN,0
广阔,RRT#,28,20263931,1,241.677782696124,0.0335995,0.0113375,0.0334706,0,NaN,NaN,837,1000,5.73910402024469,0.174030689995856,0.842637460133368,NaN,NaN,0
广阔,APF-only,28,20263931,1,301.840641895898,0.002035,0.0019415,0.002035,NaN,NaN,NaN,NaN,72,53.671042473467,0.127432159127466,0.6746830105535,1,8,0
广阔,AB-IRRT*,28,20263931,1,211.297842427805,0.0308783,0.002228,0.0284551,0,0.002228,0.0285728,642,1000,3.39924943615592,0.0788833567811906,0.96379002568995,1,8,0
广阔,RRT*,29,20263932,1,232.613886652432,0.032138,0.005399,0.032053,0,NaN,NaN,902,1000,4.5097258699822,1.19450937474541,0.875471176344737,NaN,NaN,0
广阔,Informed-RRT*,29,20263932,1,224.400894986485,0.0425677,0.0054796,0.0424124,0,NaN,NaN,828,1000,4.09234348985617,0.177026438199335,0.907513105034588,NaN,NaN,0
广阔,PRM*,29,20263932,1,213.093171086698,0.1304474,0.0003112,0.1303443,0,NaN,NaN,1002,1000,2.72773167904686,0.123232924357474,0.95567001018006,NaN,NaN,0
广阔,FMT*,29,20263932,1,221.172142732419,0.052733,0.0063761,0.0526189,0,NaN,NaN,1002,1000,4.14086173005523,0.338127919465004,0.92076131499121,NaN,NaN,0
广阔,BIT*,29,20263932,1,209.014400509274,1.4292902,0.0225683,1.4291613,0,NaN,NaN,787,1000,1.00992680059771,0.152479356884401,0.974319245399024,NaN,NaN,0
广阔,RRT#,29,20263932,1,232.613886652432,0.0324016,0.0047538,0.0322837,0,NaN,NaN,902,1000,4.5097258699822,1.19450937474541,0.875471176344737,NaN,NaN,0
广阔,APF-only,29,20263932,1,301.840641895898,0.0017023,0.0016224,0.0017023,NaN,NaN,NaN,NaN,72,53.671042473467,0.127432159127466,0.6746830105535,1,8,0
广阔,AB-IRRT*,29,20263932,1,213.285233509767,0.0270542,0.002514,0.0243482,0,0.002514,0.0244612,643,1000,6.33552810995075,0.301318737570077,0.954809433501638,1,8,0
广阔,RRT*,30,20263933,1,237.851993384542,0.0283354,0.0050585,0.0282455,0,NaN,NaN,870,1000,7.49980425185367,0.65881958313259,0.856191071110698,NaN,NaN,0
广阔,Informed-RRT*,30,20263933,1,224.251190063691,0.0407946,0.0051309,0.0406771,0,NaN,NaN,800,1000,5.44689059376842,0.139312313248807,0.908118939854395,NaN,NaN,0
广阔,PRM*,30,20263933,1,224.417925623345,0.1274321,0.0007617,0.1273329,0,NaN,NaN,1002,1000,2.57433867790085,2.0282218757286,0.907444235642382,NaN,NaN,0
广阔,FMT*,30,20263933,1,237.923576157907,0.0222909,0.0097256,0.0221916,0,NaN,NaN,1002,1000,1.76199111240242,0.402477720846761,0.855933473556094,NaN,NaN,0
广阔,BIT*,30,20263933,1,209.656259666737,3.505816,0.0278327,3.5056895,0,NaN,NaN,773,1000,0.708476547472394,0.172920384330952,0.971336383208573,NaN,NaN,0
广阔,RRT#,30,20263933,1,237.190595246296,0.0301771,0.004738,0.030063,0,NaN,NaN,870,1000,7.21182853407226,0.611764931183927,0.858578531624584,NaN,NaN,0
广阔,APF-only,30,20263933,1,301.840641895898,0.0024464,0.0023482,0.0024464,NaN,NaN,NaN,NaN,72,53.671042473467,0.127432159127466,0.6746830105535,1,8,0
广阔,AB-IRRT*,30,20263933,1,214.802068978521,0.0297512,0.0021945,0.0273577,0,0.0021945,0.0274784,671,1000,5.37354930933687,0.845171634826308,0.948066999308508,1,8,0
广阔,RRT*,31,20263934,1,263.756473421713,0.0331103,0.00884,0.0330169,0,NaN,NaN,864,1000,5.95893784661116,2.19887792349169,0.772101440164923,NaN,NaN,0
广阔,Informed-RRT*,31,20263934,1,261.449925702395,0.0322456,0.006429,0.0321272,0,NaN,NaN,845,1000,8.40109794783731,3.42916915050565,0.778913026785612,NaN,NaN,0
广阔,PRM*,31,20263934,1,224.827630892822,0.1358279,0.0002727,0.135583,0,NaN,NaN,1002,1000,2.2813880582019,0.321101241651811,0.905790592433038,NaN,NaN,0
广阔,FMT*,31,20263934,1,219.767409184654,0.0265901,0.0052795,0.026491,0,NaN,NaN,1002,1000,3.60198406944102,1.45245955308375,0.926646738646386,NaN,NaN,0
广阔,BIT*,31,20263934,1,209.028103421621,4.5819083,0.0211873,4.5817767,0,NaN,NaN,751,1000,0.712493804573922,0.548116890251673,0.97425537355118,NaN,NaN,0
广阔,RRT#,31,20263934,1,263.756473421713,0.0359434,0.008816,0.0358011,0,NaN,NaN,864,1000,5.95893784661116,2.19887792349169,0.772101440164923,NaN,NaN,0
广阔,APF-only,31,20263934,1,301.840641895898,0.0017792,0.0017057,0.0017792,NaN,NaN,NaN,NaN,72,53.671042473467,0.127432159127466,0.6746830105535,1,8,0
广阔,AB-IRRT*,31,20263934,1,213.200922659935,0.0291947,0.0016072,0.0273912,0,0.0016072,0.0275166,636,1000,9.85083978373121,0.524053195872087,0.955187015332722,1,8,0
广阔,RRT*,32,20263935,1,217.021120084428,0.0333453,0.0053347,0.0332504,0,NaN,NaN,856,1000,5.69221308743999,0.245444151958203,0.938372969886527,NaN,NaN,0
广阔,Informed-RRT*,32,20263935,1,211.331102212388,0.0434238,0.0051268,0.0432927,0,NaN,NaN,754,1000,3.57325138850722,0.21902668255909,0.963638342154957,NaN,NaN,0
广阔,PRM*,32,20263935,1,225.625323117923,0.1395944,0.0001567,0.1394842,0,NaN,NaN,1002,1000,2.18904528942284,0.110417451539149,0.902588194301622,NaN,NaN,0
广阔,FMT*,32,20263935,1,214.673504772237,0.017421,0.0052093,0.0173264,0,NaN,NaN,1002,1000,2.57953797699586,0.384873055971255,0.948634780047913,NaN,NaN,0
广阔,BIT*,32,20263935,1,210.466932249903,3.5413018,0.0129998,3.5411747,0,NaN,NaN,750,1000,0.655394138043422,0.171978112254282,0.9675950079413,NaN,NaN,0
广阔,RRT#,32,20263935,1,217.021120084428,0.0337212,0.0045716,0.0335995,0,NaN,NaN,856,1000,5.69221308743999,0.245444151958203,0.938372969886527,NaN,NaN,0
广阔,APF-only,32,20263935,1,301.840641895898,0.0020567,0.0019694,0.0020567,NaN,NaN,NaN,NaN,72,53.671042473467,0.127432159127466,0.6746830105535,1,8,0
广阔,AB-IRRT*,32,20263935,1,212.975090236955,0.0286903,0.0049877,0.0234105,0,0.0049877,0.0235942,622,1000,5.67792839910575,0.687671719692827,0.956199867107224,1,8,0
广阔,RRT*,33,20263936,1,225.329528845543,0.0290113,0.0045042,0.0289264,0,NaN,NaN,821,1000,6.87109060200521,0.757042439659971,0.903773038647412,NaN,NaN,0
广阔,Informed-RRT*,33,20263936,1,213.544563689225,0.0425773,0.0046349,0.0424612,0,NaN,NaN,731,1000,4.87480270345698,0.160629375155541,0.953649905497458,NaN,NaN,0
广阔,PRM*,33,20263936,1,217.100119687667,0.1439594,0.0001755,0.1438671,0,NaN,NaN,1002,1000,3.13223559035425,0.411573309331249,0.938031509492963,NaN,NaN,0
广阔,FMT*,33,20263936,1,217.552660161423,0.0297539,0.0062253,0.0296433,0,NaN,NaN,1002,1000,2.07143901325557,0.238669366695929,0.936080270545166,NaN,NaN,0
广阔,BIT*,33,20263936,1,209.637907753865,2.7164097,0.0167796,2.7162501,0,NaN,NaN,754,1000,0.69685616626273,0.0516349095471895,0.971421414970551,NaN,NaN,0
广阔,RRT#,33,20263936,1,225.646548038645,0.0379076,0.0038993,0.0377928,0,NaN,NaN,821,1000,7.21002625497028,0.756580688930345,0.902503294430403,NaN,NaN,0
广阔,APF-only,33,20263936,1,301.840641895898,0.002233,0.0021502,0.002233,NaN,NaN,NaN,NaN,72,53.671042473467,0.127432159127466,0.6746830105535,1,8,0
广阔,AB-IRRT*,33,20263936,1,212.936714713086,0.0311938,0.0018323,0.0291896,0,0.0018323,0.0292901,697,1000,5.99962083941183,0.196467224318173,0.956372193757768,1,8,0
广阔,RRT*,34,20263937,1,229.892037177115,0.0316876,0.0034468,0.0316023,0,NaN,NaN,907,1000,5.08714213838566,0.553505765658484,0.885836479950936,NaN,NaN,0
广阔,Informed-RRT*,34,20263937,1,222.731721424876,0.0379572,0.0038741,0.0378443,0,NaN,NaN,802,1000,6.63679303729342,0.00603222792859626,0.914314098050074,NaN,NaN,0
广阔,PRM*,34,20263937,1,223.458641762068,0.1357906,7.84e-05,0.1356947,0,NaN,NaN,1002,1000,3.16166783172837,0.214283119861416,0.911339795927709,NaN,NaN,0
广阔,FMT*,34,20263937,1,214.265894476648,0.0342264,0.0063606,0.0341357,0,NaN,NaN,1002,1000,1.63118465669048,0.216339721967968,0.950439422378163,NaN,NaN,0
广阔,BIT*,34,20263937,1,208.73237377024,3.1143675,0.0188361,3.1142416,0,NaN,NaN,721,1000,0.770646876906014,0.0187174908255336,0.975635687475521,NaN,NaN,0
广阔,RRT#,34,20263937,1,229.892037177115,0.0380017,0.0049468,0.0378815,0,NaN,NaN,907,1000,5.08714213838566,0.553505765658484,0.885836479950936,NaN,NaN,0
广阔,APF-only,34,20263937,1,301.840641895898,0.0018878,0.0015058,0.0018878,NaN,NaN,NaN,NaN,72,53.671042473467,0.127432159127466,0.6746830105535,1,8,0
广阔,AB-IRRT*,34,20263937,1,210.406592564945,0.034102,0.0044477,0.029398,0,0.0044477,0.0295456,623,1000,2.73871601920232,0.0293179202306924,0.967872491537389,1,8,0
广阔,RRT*,35,20263938,1,254.066295036962,0.0276197,0.0118361,0.0275057,0,NaN,NaN,822,1000,6.84791641930962,0.105266714172259,0.801549662272591,NaN,NaN,0
广阔,Informed-RRT*,35,20263938,1,248.644057208171,0.0328103,0.0116853,0.0326709,0,NaN,NaN,801,1000,5.51692118613961,0.188432488793666,0.819029239099117,NaN,NaN,0
广阔,PRM*,35,20263938,1,218.864323897528,0.1429495,0.0004983,0.1428402,0,NaN,NaN,1002,1000,3.31989328290377,0.672086801223799,0.930470299385443,NaN,NaN,0
广阔,FMT*,35,20263938,1,224.405115095082,0.0121964,0.0046642,0.0120987,0,NaN,NaN,1002,1000,2.83488502960212,0.0641447252042724,0.907496038561507,NaN,NaN,0
广阔,BIT*,35,20263938,1,209.059429167188,1.819964,0.0208336,1.8198423,0,NaN,NaN,792,1000,0.857219269877012,0.328266961554826,0.974109389817888,NaN,NaN,0
广阔,RRT#,35,20263938,1,252.347127067668,0.0342774,0.0132205,0.0341332,0,NaN,NaN,822,1000,6.35587091496383,0.151253003791226,0.807010388222557,NaN,NaN,0
广阔,APF-only,35,20263938,1,301.840641895898,0.0022131,0.0021145,0.0022131,NaN,NaN,NaN,NaN,72,53.671042473467,0.127432159127466,0.6746830105535,1,8,0
广阔,AB-IRRT*,35,20263938,1,213.861523906308,0.0353451,0.0020882,0.0330352,0,0.0020882,0.033171,633,1000,7.10979038265984,0.0675310270661811,0.95223651857518,1,8,0
广阔,RRT*,36,20263939,1,223.544072645403,0.029808,0.0044865,0.029701,0,NaN,NaN,909,1000,5.83972462590701,0.882968077173812,0.910991513090846,NaN,NaN,0
广阔,Informed-RRT*,36,20263939,1,213.047538908434,0.0476549,0.0049892,0.0475017,0,NaN,NaN,820,1000,4.59648918218944,0.585795962842042,0.955874703012885,NaN,NaN,0
广阔,PRM*,36,20263939,1,222.906261576972,0.1236942,0.000438,0.1235971,0,NaN,NaN,1002,1000,2.26107309903877,0.525620995867464,0.913598171451115,NaN,NaN,0
广阔,FMT*,36,20263939,1,234.483232452212,0.0398115,0.0042353,0.0397015,0,NaN,NaN,1002,1000,2.6297921228731,0.0976960344644588,0.868491750356732,NaN,NaN,0
广阔,BIT*,36,20263939,1,208.682790777605,4.2322753,0.0170398,4.2321524,0,NaN,NaN,778,1000,0.801468713656197,0.105282905548123,0.975867498335085,NaN,NaN,0
广阔,RRT#,36,20263939,1,223.590686804075,0.0292768,0.0044692,0.0291539,0,NaN,NaN,909,1000,5.96448280404363,0.885494576545319,0.910801589693111,NaN,NaN,0
广阔,APF-only,36,20263939,1,301.840641895898,0.0017733,0.0016896,0.0017733,NaN,NaN,NaN,NaN,72,53.671042473467,0.127432159127466,0.6746830105535,1,8,0
广阔,AB-IRRT*,36,20263939,1,217.525272943847,0.0354612,0.0023672,0.032882,0,0.0023672,0.0330141,711,1000,5.48493307384094,0.290184663249718,0.9361981264324,1,8,0
广阔,RRT*,37,20263940,1,226.324520798882,0.0279297,0.0038279,0.0278262,0,NaN,NaN,867,1000,5.63305869707048,0.165478347148159,0.899799775397255,NaN,NaN,0
广阔,Informed-RRT*,37,20263940,1,218.295532701002,0.0363535,0.0043979,0.0362026,0,NaN,NaN,770,1000,5.47604986030527,0.0219978459435062,0.932894734317168,NaN,NaN,0
广阔,PRM*,37,20263940,1,224.888166538119,0.1424231,0.0001414,0.1423114,0,NaN,NaN,1002,1000,2.87503430914339,0.455628020380304,0.905546770719958,NaN,NaN,0
广阔,FMT*,37,20263940,1,210.783745938164,0.0153743,0.0050377,0.0152766,0,NaN,NaN,1002,1000,0.965628602652094,0.0814866514934796,0.966140686395561,NaN,NaN,0
广阔,BIT*,37,20263940,1,208.931961796557,3.5017497,0.0126715,3.5016387,0,NaN,NaN,721,1000,0.827130646633605,0.17082662943821,0.974703684542159,NaN,NaN,0
广阔,RRT#,37,20263940,1,226.324520798882,0.0337301,0.0041308,0.0336228,0,NaN,NaN,867,1000,5.63305869707048,0.165478347148159,0.899799775397255,NaN,NaN,0
广阔,APF-only,37,20263940,1,301.840641895898,0.0030844,0.0029483,0.0030844,NaN,NaN,NaN,NaN,72,53.671042473467,0.127432159127466,0.6746830105535,1,8,0
广阔,AB-IRRT*,37,20263940,1,212.428043871002,0.0314888,0.0026528,0.0286249,0,0.0026528,0.0287465,669,1000,4.71663220638401,0.236022529739401,0.958662280510342,1,8,0
广阔,RRT*,38,20263941,1,216.03851029358,0.0310906,0.0035827,0.0310032,0,NaN,NaN,849,1000,6.92269319540734,0.138253049145911,0.94264097963361,NaN,NaN,0
广阔,Informed-RRT*,38,20263941,1,213.911564169898,0.0380754,0.0047944,0.0379435,0,NaN,NaN,723,1000,3.2211845646929,0.73532099626195,0.95201376219184,NaN,NaN,0
广阔,PRM*,38,20263941,1,210.815326992178,0.1439336,0.0002334,0.1438121,0,NaN,NaN,1002,1000,1.74395293159308,0.173337783286415,0.965995954313518,NaN,NaN,0
广阔,FMT*,38,20263941,1,214.044550890845,0.0253779,0.0070957,0.0252703,0,NaN,NaN,1002,1000,2.06411496548151,0.205255072575481,0.951422272298716,NaN,NaN,0
广阔,BIT*,38,20263941,1,209.015916520375,2.0996012,0.0204654,2.099474,0,NaN,NaN,742,1000,0.835405067106948,0.177183496034456,0.974312178574565,NaN,NaN,0
广阔,RRT#,38,20263941,1,216.345484063493,0.0347325,0.0041353,0.034601,0,NaN,NaN,849,1000,5.52671711894533,0.126500243827968,0.941303461282139,NaN,NaN,0
广阔,APF-only,38,20263941,1,301.840641895898,0.0016492,0.0015742,0.0016492,NaN,NaN,NaN,NaN,72,53.671042473467,0.127432159127466,0.6746830105535,1,8,0
广阔,AB-IRRT*,38,20263941,1,211.623678658672,0.0303721,0.0049262,0.0251702,0,0.0049262,0.0253294,569,1000,4.22675251515109,0.337943574558068,0.96230608159018,1,8,0
广阔,RRT*,39,20263942,1,244.413532088936,0.0284901,0.0059199,0.028399,0,NaN,NaN,863,1000,7.41038701295644,0.136538006663145,0.833205719999265,NaN,NaN,0
广阔,Informed-RRT*,39,20263942,1,236.998616643535,0.0409204,0.0064815,0.0407866,0,NaN,NaN,812,1000,10.2634524340955,0.0848351704804173,0.859274015459875,NaN,NaN,0
广阔,PRM*,39,20263942,1,223.092437434924,0.1417175,0.0001623,0.1415779,0,NaN,NaN,1002,1000,2.18990573885886,0.491504820739441,0.912835752404781,NaN,NaN,0
广阔,FMT*,39,20263942,1,214.885885359308,0.0280843,0.00441,0.0279901,0,NaN,NaN,1002,1000,2.97932917058091,0.0689193276767242,0.947697205152449,NaN,NaN,0
广阔,BIT*,39,20263942,1,209.673111543191,7.2351364,0.022988,7.2350152,0,NaN,NaN,754,1000,1.21556519245826,0.36784375163512,0.971258314825818,NaN,NaN,0
广阔,RRT#,39,20263942,1,244.40296053681,0.0313931,0.0066697,0.0312756,0,NaN,NaN,863,1000,7.17316133265328,0.136521673147483,0.833241759978819,NaN,NaN,0
广阔,APF-only,39,20263942,1,301.840641895898,0.001846,0.0017571,0.001846,NaN,NaN,NaN,NaN,72,53.671042473467,0.127432159127466,0.6746830105535,1,8,0
广阔,AB-IRRT*,39,20263942,1,221.226373504114,0.0256443,0.001963,0.0235035,0,0.001963,0.0236081,667,1000,1.3222034995512,0.157996066854144,0.920535602315692,1,8,0
广阔,RRT*,40,20263943,1,222.487962548778,0.030899,0.0091261,0.0307924,0,NaN,NaN,834,1000,3.05295171359457,0.00483997149790483,0.91531582494976,NaN,NaN,0
广阔,Informed-RRT*,40,20263943,1,223.558655853936,0.0372799,0.0053826,0.0371449,0,NaN,NaN,757,1000,4.38161059501205,0.236475583758349,0.910932087169015,NaN,NaN,0
广阔,PRM*,40,20263943,1,223.495921411066,0.1433659,0.0005677,0.1432614,0,NaN,NaN,1002,1000,1.61801075331986,0.386899348091065,0.911187782291414,NaN,NaN,0
广阔,FMT*,40,20263943,1,218.489195696584,0.0594485,0.0066034,0.0593215,0,NaN,NaN,1002,1000,3.00094690153439,3.64435725995332,0.932067841306578,NaN,NaN,0
广阔,BIT*,40,20263943,1,209.560311687633,3.4801186,0.0227463,3.4799131,0,NaN,NaN,752,1000,1.22353591849978,0.0230388023650487,0.97178111323521,NaN,NaN,0
广阔,RRT#,40,20263943,1,222.345274159778,0.030462,0.0067389,0.0303552,0,NaN,NaN,834,1000,3.26026797750999,0.00439876046995913,0.915903221920445,NaN,NaN,0
广阔,APF-only,40,20263943,1,301.840641895898,0.0014313,0.0013656,0.0014313,NaN,NaN,NaN,NaN,72,53.671042473467,0.127432159127466,0.6746830105535,1,8,0
广阔,AB-IRRT*,40,20263943,1,217.785880856279,0.0387497,0.002338,0.0362246,0,0.002338,0.0363384,714,1000,4.00504160233521,0.182216182480746,0.93507784885337,1,8,0
广阔,RRT*,41,20263944,1,283.245597995012,0.029187,0.0107765,0.029086,0,NaN,NaN,820,1000,10.8093254917722,2.55954437886559,0.718975879672142,NaN,NaN,0
广阔,Informed-RRT*,41,20263944,1,278.878597532051,0.0336611,0.0102792,0.0335072,0,NaN,NaN,809,1000,11.4760432048389,0.0445042284898065,0.730234427395673,NaN,NaN,0
广阔,PRM*,41,20263944,1,211.205973247362,0.1473387,0.0001297,0.1472382,0,NaN,NaN,1002,1000,1.27102029990985,0.402668931876898,0.964209249627693,NaN,NaN,0
广阔,FMT*,41,20263944,1,233.18977910252,0.0370057,0.0071653,0.0369074,0,NaN,NaN,1002,1000,6.23156970908547,0.032915784974147,0.873309086553891,NaN,NaN,0
广阔,BIT*,41,20263944,1,209.183908513706,3.5134499,0.027199,3.5133334,0,NaN,NaN,776,1000,0.638013630217636,0.371750695500491,0.973529725248356,NaN,NaN,0
广阔,RRT#,41,20263944,1,277.519228437748,0.0334737,0.0104596,0.0332947,0,NaN,NaN,820,1000,8.49043819284491,3.15332223392072,0.733811325896674,NaN,NaN,0
广阔,APF-only,41,20263944,1,301.840641895898,0.0023615,0.0022655,0.0023615,NaN,NaN,NaN,NaN,72,53.671042473467,0.127432159127466,0.6746830105535,1,8,0
广阔,AB-IRRT*,41,20263944,1,210.507314256564,0.0335043,0.0026801,0.0306205,0,0.0026801,0.0307386,640,1000,5.06421129160638,0.0947203462026351,0.96740939240488,1,8,0
广阔,RRT*,42,20263945,1,217.499473057994,0.022669,0.0035983,0.0225951,0,NaN,NaN,827,1000,5.06089012485785,0.183969748572974,0.936309178677527,NaN,NaN,0
广阔,Informed-RRT*,42,20263945,1,212.839108842022,0.0349211,0.0044181,0.034793,0,NaN,NaN,740,1000,4.55898896290334,0.231557274234094,0.956810776410835,NaN,NaN,0
广阔,PRM*,42,20263945,1,216.441949831136,0.1383448,0.0003796,0.138238,0,NaN,NaN,1002,1000,2.43776966593555,0.81074610285159,0.940883932807885,NaN,NaN,0
广阔,FMT*,42,20263945,1,228.786522958421,0.0308077,0.0028519,0.0307093,0,NaN,NaN,1002,1000,1.79549179892088,0.0447806097639063,0.890116910508475,NaN,NaN,0
广阔,BIT*,42,20263945,1,209.845652810019,4.0435657,0.0147992,4.0434377,0,NaN,NaN,743,1000,1.09922250843192,0.756838627266092,0.970459717676852,NaN,NaN,0
广阔,RRT#,42,20263945,1,217.499473057994,0.030154,0.0046384,0.0300518,0,NaN,NaN,827,1000,5.06089012485785,0.183969748572974,0.936309178677527,NaN,NaN,0
广阔,APF-only,42,20263945,1,301.840641895898,0.0026047,0.0024934,0.0026047,NaN,NaN,NaN,NaN,72,53.671042473467,0.127432159127466,0.6746830105535,1,8,0
广阔,AB-IRRT*,42,20263945,1,216.060877967069,0.0314237,0.0024395,0.0287724,0,0.0024395,0.0288967,658,1000,5.20626614750238,0.138061595224256,0.94254339285229,1,8,0
广阔,RRT*,43,20263946,1,215.538979490126,0.0307616,0.0045989,0.0306574,0,NaN,NaN,852,1000,4.91982186518081,0.104919216699751,0.944825634154285,NaN,NaN,0
广阔,Informed-RRT*,43,20263946,1,210.544762691649,0.0314301,0.0037001,0.0313166,0,NaN,NaN,732,1000,3.41474981591873,0.535410325770737,0.967237324634734,NaN,NaN,0
广阔,PRM*,43,20263946,1,222.354314303588,0.1415197,0.0001505,0.1414329,0,NaN,NaN,1002,1000,2.59743877831819,0.0745328399590548,0.915865984519105,NaN,NaN,0
广阔,FMT*,43,20263946,1,219.363692952327,0.0335195,0.0025774,0.0334143,0,NaN,NaN,1002,1000,3.76122838075303,0.172862674287671,0.928352136312654,NaN,NaN,0
广阔,BIT*,43,20263946,1,209.158537756271,2.6451032,0.0151076,2.644971,0,NaN,NaN,804,1000,1.13530325421284,0.0762474940835762,0.973647813597892,NaN,NaN,0
广阔,RRT#,43,20263946,1,215.828095402091,0.0327136,0.0046781,0.0325865,0,NaN,NaN,852,1000,4.94489771127283,0.0957958749266794,0.943559978149871,NaN,NaN,0
广阔,APF-only,43,20263946,1,301.840641895898,0.001968,0.0018799,0.001968,NaN,NaN,NaN,NaN,72,53.671042473467,0.127432159127466,0.6746830105535,1,8,0
广阔,AB-IRRT*,43,20263946,1,209.933447761746,0.0369532,0.0025228,0.0341841,0,0.0025228,0.0343384,680,1000,4.37001767694051,0.139377103418364,0.970053867799307,1,8,0
广阔,RRT*,44,20263947,1,217.585550860906,0.0285362,0.0065781,0.0284437,0,NaN,NaN,816,1000,6.20736143683841,0.269932693867631,0.935938770639735,NaN,NaN,0
广阔,Informed-RRT*,44,20263947,1,217.697367222615,0.0390599,0.0060454,0.0389277,0,NaN,NaN,723,1000,5.03831721819139,0.343852929476396,0.935458042418486,NaN,NaN,0
广阔,PRM*,44,20263947,1,227.034555308944,0.1373625,0.0003204,0.1372535,0,NaN,NaN,1002,1000,4.06972787583024,0.789834942231925,0.896985715256462,NaN,NaN,0
广阔,FMT*,44,20263947,1,217.123530491972,0.0202287,0.0052297,0.0201191,0,NaN,NaN,1002,1000,2.1524770324233,0.389930440678453,0.937930368579999,NaN,NaN,0
广阔,BIT*,44,20263947,1,209.616410280015,3.2310904,0.0222477,3.2309723,0,NaN,NaN,760,1000,0.682170573833377,0.189024000269095,0.971521040312089,NaN,NaN,0
广阔,RRT#,44,20263947,1,217.445670704821,0.025824,0.0052168,0.0257222,0,NaN,NaN,816,1000,5.97492439216749,0.271201348386654,0.936540848670989,NaN,NaN,0
广阔,APF-only,44,20263947,1,301.840641895898,0.0020581,0.0019831,0.0020581,NaN,NaN,NaN,NaN,72,53.671042473467,0.127432159127466,0.6746830105535,1,8,0
广阔,AB-IRRT*,44,20263947,1,214.073377840336,0.0281189,0.0024132,0.0255108,0,0.0024132,0.0256258,616,1000,4.13368776622099,0.559808160676383,0.951294154538046,1,8,0
广阔,RRT*,45,20263948,1,212.087795063892,0.025109,0.0059407,0.025022,0,NaN,NaN,880,1000,4.06958057477945,0.308456828264871,0.96020024594238,NaN,NaN,0
广阔,Informed-RRT*,45,20263948,1,211.970912983237,0.0370637,0.0047314,0.0368555,0,NaN,NaN,715,1000,4.1534301231548,0.23392990811206,0.960729706333957,NaN,NaN,0
广阔,PRM*,45,20263948,1,218.276378678102,0.1430208,0.0001373,0.1429212,0,NaN,NaN,1002,1000,3.54743029024385,1.80414779424805,0.932976596986928,NaN,NaN,0
广阔,FMT*,45,20263948,1,211.277804641092,0.0296102,0.0054046,0.029505,0,NaN,NaN,1002,1000,1.29260514561544,0.260263323006624,0.96388143244706,NaN,NaN,0
广阔,BIT*,45,20263948,1,209.25293586687,3.2574207,0.0168643,3.2572973,0,NaN,NaN,771,1000,0.836971103242359,0.00507778336715248,0.973208581939749,NaN,NaN,0
广阔,RRT#,45,20263948,1,212.091328524066,0.0290424,0.0040355,0.0289197,0,NaN,NaN,880,1000,4.10529720307005,0.308812396854749,0.96018424892189,NaN,NaN,0
广阔,APF-only,45,20263948,1,301.840641895898,0.001951,0.0018476,0.001951,NaN,NaN,NaN,NaN,72,53.671042473467,0.127432159127466,0.6746830105535,1,8,0
广阔,AB-IRRT*,45,20263948,1,216.827672949783,0.0325395,0.0025783,0.0297045,0,0.0025783,0.029856,725,1000,5.90643015778398,0.392506903426661,0.939210158054363,1,8,0
广阔,RRT*,46,20263949,1,225.558024824634,0.0275732,0.0038565,0.0274687,0,NaN,NaN,866,1000,7.77433244938696,0.527519555392607,0.902857493720546,NaN,NaN,0
广阔,Informed-RRT*,46,20263949,1,217.936674120996,0.0402029,0.0054924,0.0400617,0,NaN,NaN,793,1000,4.12714195732119,0.373979833653326,0.934430856133299,NaN,NaN,0
广阔,PRM*,46,20263949,1,216.544577622095,0.1297625,0.0003221,0.1296556,0,NaN,NaN,1002,1000,2.21657685176291,0.805561403618102,0.940438016125816,NaN,NaN,0
广阔,FMT*,46,20263949,1,211.056057510883,0.0639026,0.0119708,0.0637672,0,NaN,NaN,1002,1000,1.27189616080359,0.26603514665846,0.964894139421819,NaN,NaN,0
广阔,BIT*,46,20263949,1,210.124114924854,2.9848154,0.0253648,2.98457,0,NaN,NaN,747,1000,0.579730992741221,0.132371855088182,0.969173638421061,NaN,NaN,0
广阔,RRT#,46,20263949,1,225.557997970526,0.0281364,0.0041585,0.0280309,0,NaN,NaN,866,1000,7.76327060440812,0.52751895550574,0.902857601211447,NaN,NaN,0
广阔,APF-only,46,20263949,1,301.840641895898,0.001584,0.0015145,0.001584,NaN,NaN,NaN,NaN,72,53.671042473467,0.127432159127466,0.6746830105535,1,8,0
广阔,AB-IRRT*,46,20263949,1,218.125416008712,0.0255975,0.0032138,0.0221646,0,0.0032138,0.0222895,633,1000,7.47000797321051,0.217618274244023,0.93362230183021,1,8,0
广阔,RRT*,47,20263950,1,211.224928407546,0.0248529,0.0028012,0.0247721,0,NaN,NaN,862,1000,2.85753464372788,0.693965667338158,0.964122722242337,NaN,NaN,0
广阔,Informed-RRT*,47,20263950,1,212.093032782538,0.0361092,0.002842,0.0359968,0,NaN,NaN,706,1000,5.83006454268765,0.462564920957219,0.960176533429685,NaN,NaN,0
广阔,PRM*,47,20263950,1,216.220024062453,0.1411125,0.0002107,0.1410177,0,NaN,NaN,1002,1000,2.14199054454814,1.98103663725553,0.941849645354328,NaN,NaN,0
广阔,FMT*,47,20263950,1,221.796591027177,0.030584,0.0072396,0.0304784,0,NaN,NaN,1002,1000,1.42957248733568,0.389257726542882,0.918168994566615,NaN,NaN,0
广阔,BIT*,47,20263950,1,208.80245887708,6.9909143,0.0264589,6.9907239,0,NaN,NaN,743,1000,0.702181555255172,0.381995258429771,0.975308212733312,NaN,NaN,0
广阔,RRT#,47,20263950,1,211.293856999064,0.0346778,0.0038069,0.0345518,0,NaN,NaN,862,1000,2.8148121340057,0.693603874653336,0.963808204715709,NaN,NaN,0
广阔,APF-only,47,20263950,1,301.840641895898,0.0021828,0.0020887,0.0021828,NaN,NaN,NaN,NaN,72,53.671042473467,0.127432159127466,0.6746830105535,1,8,0
广阔,AB-IRRT*,47,20263950,1,210.207329277491,0.0338912,0.0029624,0.030719,0,0.0029624,0.0308406,651,1000,3.36748123000397,0.0519548310573654,0.96878997360218,1,8,0
广阔,RRT*,48,20263951,1,228.312323814542,0.0291113,0.0046193,0.0290294,0,NaN,NaN,878,1000,6.77224404918389,0.738652673486766,0.891965661683456,NaN,NaN,0
广阔,Informed-RRT*,48,20263951,1,222.737747419996,0.0343635,0.0040354,0.0342342,0,NaN,NaN,802,1000,8.98043971035769,0.228458439917702,0.914289361999013,NaN,NaN,0
广阔,PRM*,48,20263951,1,223.995829597568,0.1391944,0.0002575,0.1390779,0,NaN,NaN,1002,1000,2.65751890963948,1.01501971963539,0.909154216610187,NaN,NaN,0
广阔,FMT*,48,20263951,1,227.074189130054,0.0178591,0.0042649,0.0177581,0,NaN,NaN,1002,1000,1.85672269725447,0.367580071788899,0.896829154215716,NaN,NaN,0
广阔,BIT*,48,20263951,1,208.948957815267,3.3412699,0.0198169,3.341157,0,NaN,NaN,769,1000,0.802413151139226,0.15357011185634,0.974624401629086,NaN,NaN,0
广阔,RRT#,48,20263951,1,228.25585614564,0.0318935,0.0045962,0.0317957,0,NaN,NaN,878,1000,6.38139186299844,0.74105959882316,0.892186322929597,NaN,NaN,0
广阔,APF-only,48,20263951,1,301.840641895898,0.001552,0.0014811,0.001552,NaN,NaN,NaN,NaN,72,53.671042473467,0.127432159127466,0.6746830105535,1,8,0
广阔,AB-IRRT*,48,20263951,1,211.820314598723,0.0277181,0.0033793,0.024127,0,0.0033793,0.0242447,692,1000,4.8655718136846,0.72701807908958,0.961412758580398,1,8,0
广阔,RRT*,49,20263952,1,222.981299390734,0.0331716,0.0097366,0.0330798,0,NaN,NaN,867,1000,5.30249957134834,0.0416010370004027,0.913290726792618,NaN,NaN,0
广阔,Informed-RRT*,49,20263952,1,218.513759778084,0.0378272,0.0072413,0.0377076,0,NaN,NaN,784,1000,4.38436185158936,0.13710249550253,0.931963063509333,NaN,NaN,0
广阔,PRM*,49,20263952,1,215.269272100807,0.1365462,7.27e-05,0.1364301,0,NaN,NaN,1002,1000,2.55091871910754,0.359320212513678,0.946009390910009,NaN,NaN,0
广阔,FMT*,49,20263952,1,216.070695887051,0.0440626,0.0036493,0.0439535,0,NaN,NaN,1002,1000,3.91624705745985,0.0812322875300495,0.942500565130686,NaN,NaN,0
广阔,BIT*,49,20263952,1,209.247022709534,1.9742832,0.0165167,1.9741529,0,NaN,NaN,755,1000,0.666981654563558,0.686099187625784,0.973236084053714,NaN,NaN,0
广阔,RRT#,49,20263952,1,222.981299390734,0.0304429,0.0068981,0.0302874,0,NaN,NaN,867,1000,5.30249957134834,0.0416010370004027,0.913290726792618,NaN,NaN,0
广阔,APF-only,49,20263952,1,301.840641895898,0.0021711,0.0020692,0.0021711,NaN,NaN,NaN,NaN,72,53.671042473467,0.127432159127466,0.6746830105535,1,8,0
广阔,AB-IRRT*,49,20263952,1,221.226373504114,0.0261471,0.0017638,0.0242216,0,0.0017638,0.0243131,674,1000,1.3222034995512,0.157996066854144,0.920535602315692,1,8,0
广阔,RRT*,50,20263953,1,220.407900666054,0.0245177,0.0039671,0.0244522,0,NaN,NaN,863,1000,5.17709511986888,0.402059772935758,0.92395396156999,NaN,NaN,0
广阔,Informed-RRT*,50,20263953,1,217.70121523324,0.0350355,0.00365,0.03492,0,NaN,NaN,731,1000,4.26511581884026,0.822940604908228,0.935441507588938,NaN,NaN,0
广阔,PRM*,50,20263953,1,217.866237164244,0.1423228,0.0005461,0.1421767,0,NaN,NaN,1002,1000,3.55843044241034,0.264514713718553,0.93473296107006,NaN,NaN,0
广阔,FMT*,50,20263953,1,215.158164766753,0.0315252,0.0039905,0.031425,0,NaN,NaN,1002,1000,1.15039226186422,0.023036537891862,0.94649790865475,NaN,NaN,0
广阔,BIT*,50,20263953,1,209.938953986654,2.4001175,0.0204545,2.3998999,0,NaN,NaN,767,1000,0.74016182749238,0.120808084254634,0.970028425475873,NaN,NaN,0
广阔,RRT#,50,20263953,1,220.407900666054,0.0352637,0.0047439,0.0350967,0,NaN,NaN,863,1000,5.17709511986888,0.402059772935758,0.92395396156999,NaN,NaN,0
广阔,APF-only,50,20263953,1,301.840641895898,0.0022128,0.0021172,0.0022128,NaN,NaN,NaN,NaN,72,53.671042473467,0.127432159127466,0.6746830105535,1,8,0
广阔,AB-IRRT*,50,20263953,1,210.908338247298,0.0292402,0.0026163,0.0263872,0,0.0026163,0.0265355,609,1000,5.44127410527921,0.201957075927947,0.965569946992527,1,8,0
