scenario,algorithm,run,seed,success,length,time,firstSolutionTime,tPlanner,tShortcut,tPre,tOpt,nodes,iterations,turnSum,minClear,straightness,escapes,sideFlips,fallback
一般,RRT*,1,20261904,1,209.811207829389,0.201103,0.0483279,0.1884455,0,NaN,NaN,1534,2000,2.23478586708587,0.232197272498048,0.970619039319026,NaN,NaN,0
一般,Informed-RRT*,1,20261904,1,209.438897898426,0.1659623,0.0228884,0.1544312,0,NaN,NaN,1364,2000,1.94974773402325,0.753712160304161,0.972344464305243,NaN,NaN,0
一般,PRM*,1,20261904,1,212.891234220446,0.5178259,0.0154447,0.5126533,0,NaN,NaN,2002,2000,5.39722969713909,1,0.956576505967607,NaN,NaN,0
一般,FMT*,1,20261904,1,218.695625137044,0.2934107,0.0556042,0.2803964,0,NaN,NaN,2002,2000,2.12259191562196,0.0533733262349632,0.931188051220101,NaN,NaN,0
一般,BIT*,1,20261904,1,209.206046211766,2.328156,0.0388606,2.3172805,0,NaN,NaN,1084,2000,2.2044015897843,0.118385469092523,0.973426708593243,NaN,NaN,0
一般,RRT#,1,20261904,1,210.403889242529,0.1627828,0.0206761,0.1576047,0,NaN,NaN,1534,2000,3.47081238002561,0.232390523901936,0.967884927008099,NaN,NaN,0
一般,APF-only,1,20261904,1,229.358752665851,0.0336141,0.0271727,0.0336141,NaN,NaN,NaN,NaN,52,16.5135672987644,0.40276509044968,0.887896147911194,1,5,0
一般,AB-IRRT*,1,20261904,1,210.231693464367,0.1618002,0.0170064,0.1165449,0,0.0170064,0.118366,1363,2000,3.37475597648199,0.154044754873201,0.968677698523333,1,5,0
一般,RRT*,2,20261905,1,212.751955205908,0.1666703,0.0134526,0.1653333,0,NaN,NaN,1523,2000,4.48480901552312,0.868619957229013,0.957202733035426,NaN,NaN,0
一般,Informed-RRT*,2,20261905,1,210.088614131583,0.1260508,0.0109677,0.1243322,0,NaN,NaN,1357,2000,2.31387421179401,0.820113820530436,0.969337409471308,NaN,NaN,0
一般,PRM*,2,20261905,1,212.294261007663,0.3781743,0.0041266,0.3769845,0,NaN,NaN,2002,2000,3.36389281042778,0.151405464673016,0.959266406991448,NaN,NaN,0
一般,FMT*,2,20261905,1,216.920986504559,0.1422084,0.0344794,0.139998,0,NaN,NaN,2002,2000,4.29535483146753,0.227151933842935,0.938806135188981,NaN,NaN,0
一般,BIT*,2,20261905,0,Inf,1.9601683,NaN,1.9590187,0,NaN,NaN,1632,2000,NaN,NaN,NaN,NaN,NaN,0
一般,RRT#,2,20261905,1,211.547055655822,0.1327894,0.0166531,0.1311544,0,NaN,NaN,1523,2000,3.1353689623523,0.863339528720912,0.962654631851979,NaN,NaN,0
一般,APF-only,2,20261905,1,229.358752665851,0.0025307,0.0021175,0.0025307,NaN,NaN,NaN,NaN,52,16.5135672987644,0.40276509044968,0.887896147911194,1,5,0
一般,AB-IRRT*,2,20261905,1,208.835016590696,0.0915735,0.002919,0.0870614,0,0.002919,0.0877487,1332,2000,1.86083634908058,0.00940078806596034,0.975156160620614,1,5,0
一般,RRT*,3,20261906,1,209.670365895299,0.139878,0.0169045,0.1393683,0,NaN,NaN,1556,2000,2.18835545091052,0.178670293846146,0.971271033520391,NaN,NaN,0
一般,Informed-RRT*,3,20261906,1,210.929027011041,0.1237305,0.0062559,0.1201451,0,NaN,NaN,1359,2000,2.79534907331811,0.229317820048971,0.965475240025007,NaN,NaN,0
一般,PRM*,3,20261906,1,210.711168321548,0.3712858,0.0030428,0.370645,0,NaN,NaN,2002,2000,1.86343897465316,0.405602938385323,0.966473465093974,NaN,NaN,0
一般,FMT*,3,20261906,1,213.761534766052,0.1764738,0.0241746,0.1749072,0,NaN,NaN,2002,2000,3.10516975239723,0.051577792587997,0.952681936928474,NaN,NaN,0
一般,BIT*,3,20261906,1,209.044637540812,1.7876175,0.1050359,1.7855287,0,NaN,NaN,1176,2000,2.26729708363718,0.0520768359624579,0.974178316064039,NaN,NaN,0
一般,RRT#,3,20261906,1,209.667875422774,0.1454073,0.0098696,0.1445939,0,NaN,NaN,1556,2000,2.14993706052237,0.178528211842012,0.971282570451445,NaN,NaN,0
一般,APF-only,3,20261906,1,229.358752665851,0.0087886,0.0058943,0.0087886,NaN,NaN,NaN,NaN,52,16.5135672987644,0.40276509044968,0.887896147911194,1,5,0
一般,AB-IRRT*,3,20261906,1,209.326739449219,0.091105,0.0030321,0.0842368,0,0.0030321,0.0867773,1366,2000,3.169527715195,0.122460987583599,0.972865451960707,1,5,0
一般,RRT*,4,20261907,1,214.272057237197,0.1311015,0.0042943,0.1304918,0,NaN,NaN,1504,2000,4.66281626230576,0.289469817259143,0.950412086426606,NaN,NaN,0
一般,Informed-RRT*,4,20261907,1,210.389811723207,0.1312375,0.0050307,0.1302485,0,NaN,NaN,1309,2000,2.91735202281341,0.521772164089613,0.967949689739002,NaN,NaN,0
一般,PRM*,4,20261907,1,211.75597383303,0.3735918,0.0034087,0.3729692,0,NaN,NaN,2002,2000,3.20306178364577,0.108061570259725,0.961704878004061,NaN,NaN,0
一般,FMT*,4,20261907,1,216.179539509295,0.0550589,0.0076008,0.0541529,0,NaN,NaN,2002,2000,2.17762886542516,0.235976817511302,0.942026028198516,NaN,NaN,0
一般,BIT*,4,20261907,1,210.516431508167,1.7214888,0.0515908,1.720616,0,NaN,NaN,1119,2000,0.870759758173987,0.171401051606274,0.967367494892318,NaN,NaN,0
一般,RRT#,4,20261907,1,209.596604820494,0.1421198,0.0061787,0.1412271,0,NaN,NaN,1504,2000,2.88940993400427,0.375752110631623,0.971612842470117,NaN,NaN,0
一般,APF-only,4,20261907,1,229.358752665851,0.0017656,0.001542,0.0017656,NaN,NaN,NaN,NaN,52,16.5135672987644,0.40276509044968,0.887896147911194,1,5,0
一般,AB-IRRT*,4,20261907,1,209.327786550659,0.0974343,0.0033675,0.089856,0,0.0033675,0.0901859,1286,2000,2.59722370425178,0.0551110736781445,0.972860585483914,1,5,0
一般,RRT*,5,20261908,1,212.363331250994,0.1287398,0.0066671,0.1248098,0,NaN,NaN,1506,2000,4.5961340935153,0.600559408891674,0.958954409794194,NaN,NaN,0
一般,Informed-RRT*,5,20261908,1,210.492508663174,0.1005919,0.0046201,0.1001938,0,NaN,NaN,1305,2000,2.74486244854016,0.911017636185283,0.967477437914891,NaN,NaN,0
一般,PRM*,5,20261908,1,211.04007880861,0.4606849,0.0012732,0.4561426,0,NaN,NaN,2002,2000,3.58024740755103,0.632933314102078,0.964967195479542,NaN,NaN,0
一般,FMT*,5,20261908,1,214.686694731312,0.0978908,0.0069042,0.0924682,0,NaN,NaN,2002,2000,1.69313366224783,0.141169893039413,0.948576497656724,NaN,NaN,0
一般,BIT*,5,20261908,1,209.032441624707,2.4177138,0.0377875,2.4102713,0,NaN,NaN,1165,2000,1.35869983628165,0.182420648651314,0.974235154117126,NaN,NaN,0
一般,RRT#,5,20261908,1,209.501530036284,0.1264057,0.0072694,0.1206346,0,NaN,NaN,1506,2000,2.00080339597276,0.415226161231564,0.972053774244301,NaN,NaN,0
一般,APF-only,5,20261908,1,229.358752665851,0.0021454,0.001813,0.0021454,NaN,NaN,NaN,NaN,52,16.5135672987644,0.40276509044968,0.887896147911194,1,5,0
一般,AB-IRRT*,5,20261908,1,209.910799184985,0.1016543,0.0057373,0.0914469,0,0.0057373,0.0921225,1304,2000,3.04246490104294,0.194620500261856,0.970158532921697,1,5,0
一般,RRT*,6,20261909,1,210.327036785148,0.1145364,0.0105364,0.1141243,0,NaN,NaN,1514,2000,3.34466958164827,0.0494299468543495,0.968238587365986,NaN,NaN,0
一般,Informed-RRT*,6,20261909,1,209.811722537896,0.1248033,0.0164301,0.1246298,0,NaN,NaN,1348,2000,2.81626935380591,0.230011804795172,0.970616658203846,NaN,NaN,0
一般,PRM*,6,20261909,1,211.316749160368,0.3590575,0.0040229,0.3585542,0,NaN,NaN,2002,2000,3.00012243551839,0.0198517459454663,0.963703794379206,NaN,NaN,0
一般,FMT*,6,20261909,1,213.6513381948,0.1005812,0.0297023,0.0956026,0,NaN,NaN,2002,2000,1.58413777659335,0.139909306640424,0.953173308917203,NaN,NaN,0
一般,BIT*,6,20261909,1,212.259734632315,1.6033291,0.0836968,1.6009846,0,NaN,NaN,1193,2000,1.61198967674452,0.139762311822828,0.959422442200309,NaN,NaN,0
一般,RRT#,6,20261909,1,210.092441740583,0.121046,0.0148119,0.1200183,0,NaN,NaN,1514,2000,3.43821937736575,0.188095039707478,0.96931974941385,NaN,NaN,0
一般,APF-only,6,20261909,1,229.358752665851,0.0019323,0.0017998,0.0019323,NaN,NaN,NaN,NaN,52,16.5135672987644,0.40276509044968,0.887896147911194,1,5,0
一般,AB-IRRT*,6,20261909,1,209.574045598957,0.1024548,0.0019285,0.0990259,0,0.0019285,0.100196,1349,2000,3.43863063023653,0.197796512564427,0.971717429988571,1,5,0
一般,RRT*,7,20261910,1,210.78400896711,0.1328034,0.0063903,0.1318779,0,NaN,NaN,1525,2000,2.80547230389284,0.091375666205515,0.96613948078719,NaN,NaN,0
一般,Informed-RRT*,7,20261910,1,211.268330154456,0.1356944,0.0073917,0.1355049,0,NaN,NaN,1357,2000,3.06687870484923,0.0653366019406292,0.963924658432439,NaN,NaN,0
一般,PRM*,7,20261910,1,213.659929868453,0.3561059,0.0015428,0.3559682,0,NaN,NaN,2002,2000,4.37230975900151,1,0.953134979998861,NaN,NaN,0
一般,FMT*,7,20261910,1,217.105123267659,0.0753731,0.0320664,0.0751691,0,NaN,NaN,2002,2000,4.70718756771506,0.0382427829329046,0.938009890861297,NaN,NaN,0
一般,BIT*,7,20261910,1,210.054435468215,1.0331401,0.1541887,1.0295787,0,NaN,NaN,1341,2000,2.04033318612819,0.190510530351954,0.969495133619976,NaN,NaN,0
一般,RRT#,7,20261910,1,210.355294111,0.1408593,0.0074979,0.1406848,0,NaN,NaN,1525,2000,2.49172413667729,0.113937125726448,0.968108522499392,NaN,NaN,0
一般,APF-only,7,20261910,1,229.358752665851,0.0020749,0.0019705,0.0020749,NaN,NaN,NaN,NaN,52,16.5135672987644,0.40276509044968,0.887896147911194,1,5,0
一般,AB-IRRT*,7,20261910,1,209.602259730911,0.0775903,0.0015261,0.0758385,0,0.0015261,0.0759858,1349,2000,1.47462324047775,0.458289934233003,0.97158662909059,1,5,0
一般,RRT*,8,20261911,1,211.472713036767,0.0962946,0.0103058,0.0961866,0,NaN,NaN,1536,2000,4.18409877959035,0.0345530484500927,0.962993050296373,NaN,NaN,0
一般,Informed-RRT*,8,20261911,1,209.485820298919,0.1045196,0.0124334,0.1043357,0,NaN,NaN,1387,2000,2.30529867219434,0.161182357390831,0.972126670392958,NaN,NaN,0
一般,PRM*,8,20261911,1,210.434448350157,0.3165046,0.0003712,0.316348,0,NaN,NaN,2002,2000,1.98477459947862,0.402686359795617,0.967744371600525,NaN,NaN,0
一般,FMT*,8,20261911,1,215.651214255891,0.1369066,0.0206437,0.1360074,0,NaN,NaN,2002,2000,1.18042818418728,0.480602594317437,0.944333903634221,NaN,NaN,0
一般,BIT*,8,20261911,1,215.097386025188,2.4470003,0.0322303,2.445884,0,NaN,NaN,1307,2000,1.13434951709792,0.121387503787902,0.946765354730433,NaN,NaN,0
一般,RRT#,8,20261911,1,210.348203434051,0.1351692,0.0147506,0.1340884,0,NaN,NaN,1536,2000,2.46631006418678,0.0422085970643522,0.968141156696749,NaN,NaN,0
一般,APF-only,8,20261911,1,229.358752665851,0.0020656,0.00194,0.0020656,NaN,NaN,NaN,NaN,52,16.5135672987644,0.40276509044968,0.887896147911194,1,5,0
一般,AB-IRRT*,8,20261911,1,209.004297236076,0.1086338,0.0020212,0.1062669,0,0.0020212,0.1065035,1360,2000,2.8949630544648,0.111174253677646,0.974366344016845,1,5,0
一般,RRT*,9,20261912,1,215.821902318163,0.1088593,0.0115904,0.1087424,0,NaN,NaN,1527,2000,4.50874664132485,0.258976086471936,0.943587053928896,NaN,NaN,0
一般,Informed-RRT*,9,20261912,1,210.174299237633,0.1099291,0.0087238,0.1097417,0,NaN,NaN,1376,2000,2.25035017272601,0.264695723040713,0.968942224241571,NaN,NaN,0
一般,PRM*,9,20261912,1,209.960922506269,0.3514562,0.0039875,0.3512582,0,NaN,NaN,2002,2000,2.79152226395022,0.193940107440689,0.969926929977387,NaN,NaN,0
一般,FMT*,9,20261912,1,213.334829584992,0.0837636,0.0111152,0.0830042,0,NaN,NaN,2002,2000,3.71754016368172,0.247784612963928,0.954587459431199,NaN,NaN,0
一般,BIT*,9,20261912,1,209.44497324443,1.7650764,0.0345875,1.7640062,0,NaN,NaN,1143,2000,1.2059536142008,0.140488466829135,0.972316259622343,NaN,NaN,0
一般,RRT#,9,20261912,1,209.403482167437,0.1227312,0.012361,0.1225516,0,NaN,NaN,1527,2000,2.47936331517132,0.253312703711501,0.972508913767211,NaN,NaN,0
一般,APF-only,9,20261912,1,229.358752665851,0.0017388,0.0016282,0.0017388,NaN,NaN,NaN,NaN,52,16.5135672987644,0.40276509044968,0.887896147911194,1,5,0
一般,AB-IRRT*,9,20261912,1,210.259318715568,0.0966164,0.0017471,0.0945652,0,0.0017471,0.0947711,1375,2000,4.27663418385751,0.200048876301137,0.968550427280764,1,5,0
一般,RRT*,10,20261913,1,211.976806644193,0.1301132,0.0067688,0.1299783,0,NaN,NaN,1506,2000,3.75405388252304,0.307696163230682,0.960702994849577,NaN,NaN,0
一般,Informed-RRT*,10,20261913,1,213.086755289699,0.1465493,0.0042896,0.1463298,0,NaN,NaN,1334,2000,4.02631617840465,0.605941045530841,0.955698784304359,NaN,NaN,0
一般,PRM*,10,20261913,1,211.237705558775,0.3941685,0.0020475,0.3940035,0,NaN,NaN,2002,2000,3.59178966633738,0.00944937152546999,0.964064405277601,NaN,NaN,0
一般,FMT*,10,20261913,1,217.675079503295,0.142473,0.0185333,0.1422906,0,NaN,NaN,2002,2000,2.98636566295164,0.117184313387531,0.935553823829627,NaN,NaN,0
一般,BIT*,10,20261913,1,211.840236785797,1.8671985,0.0356612,1.8670477,0,NaN,NaN,1157,2000,2.16838075914411,0.434375350100107,0.961322344006083,NaN,NaN,0
一般,RRT#,10,20261913,1,209.207887435104,0.1288623,0.0055837,0.1286724,0,NaN,NaN,1506,2000,1.36523614334938,0.0773612227996452,0.973418141535877,NaN,NaN,0
一般,APF-only,10,20261913,1,229.358752665851,0.0023673,0.0022407,0.0023673,NaN,NaN,NaN,NaN,52,16.5135672987644,0.40276509044968,0.887896147911194,1,5,0
一般,AB-IRRT*,10,20261913,1,209.709850931175,0.1109476,0.0023298,0.1083229,0,0.0023298,0.108493,1353,2000,2.26420077424005,0.098310187486419,0.971088158603293,1,5,0
一般,RRT*,11,20261914,1,211.095211180881,0.1226291,0.0120786,0.1224974,0,NaN,NaN,1540,2000,2.87185728038284,0.530893135767393,0.964715172089938,NaN,NaN,0
一般,Informed-RRT*,11,20261914,1,209.807427436396,0.1119814,0.0099539,0.111811,0,NaN,NaN,1366,2000,2.84756371898234,0.219001518974773,0.970636528315768,NaN,NaN,0
一般,PRM*,11,20261914,1,209.858600072223,0.3672287,0.0018486,0.3670864,0,NaN,NaN,2002,2000,2.2304183071258,0.724749706417266,0.970399844998684,NaN,NaN,0
一般,FMT*,11,20261914,1,215.860043291877,0.0906005,0.0109591,0.0904491,0,NaN,NaN,2002,2000,1.51233984287374,0.152471297844924,0.943420328635638,NaN,NaN,0
一般,BIT*,11,20261914,1,211.315510727703,1.9518545,0.0256567,1.9516671,0,NaN,NaN,1259,2000,1.26737111667716,0.152365409973992,0.963709442247903,NaN,NaN,0
一般,RRT#,11,20261914,1,210.051695025729,0.1096464,0.0140942,0.1094698,0,NaN,NaN,1540,2000,2.67015034255567,0.744076717146422,0.969507782152298,NaN,NaN,0
一般,APF-only,11,20261914,1,229.358752665851,0.0016342,0.0015369,0.0016342,NaN,NaN,NaN,NaN,52,16.5135672987644,0.40276509044968,0.887896147911194,1,5,0
一般,AB-IRRT*,11,20261914,1,209.5169088259,0.0836178,0.0014706,0.0819347,0,0.0014706,0.0820663,1364,2000,3.39802743176975,0.156824631535443,0.971982424344316,1,5,0
一般,RRT*,12,20261915,1,210.645122461163,0.111109,0.0052671,0.111017,0,NaN,NaN,1523,2000,3.30161012401487,0.232079942546534,0.966776494049949,NaN,NaN,0
一般,Informed-RRT*,12,20261915,1,209.851063801738,0.0969238,0.0044197,0.0967793,0,NaN,NaN,1335,2000,2.2011899927187,0.278307970815793,0.970434694456093,NaN,NaN,0
一般,PRM*,12,20261915,1,211.430592925792,0.3132248,0.0003598,0.3131028,0,NaN,NaN,2002,2000,5.97176869763637,0.0137690982859837,0.963184892799319,NaN,NaN,0
一般,FMT*,12,20261915,1,249.498383733612,0.2240857,0.0080687,0.2239421,0,NaN,NaN,2002,2000,5.3951187121658,0.0408842890642127,0.816224738350042,NaN,NaN,0
一般,BIT*,12,20261915,1,209.434349201535,1.2805776,0.0314282,1.2793744,0,NaN,NaN,1079,2000,2.64621799396323,0.145498212306816,0.972365582618734,NaN,NaN,0
一般,RRT#,12,20261915,1,210.048204106337,0.0948968,0.0076994,0.0947509,0,NaN,NaN,1523,2000,2.9864938734234,0.249208468892498,0.969523894994263,NaN,NaN,0
一般,APF-only,12,20261915,1,229.358752665851,0.0012918,0.0012114,0.0012918,NaN,NaN,NaN,NaN,52,16.5135672987644,0.40276509044968,0.887896147911194,1,5,0
一般,AB-IRRT*,12,20261915,1,210.180721131857,0.0846781,0.002178,0.0821782,0,0.002178,0.0823334,1345,2000,2.64449362228859,0.129038610330742,0.968912619031159,1,5,0
一般,RRT*,13,20261916,1,211.442404642286,0.0968808,0.0067474,0.0967853,0,NaN,NaN,1495,2000,4.10964413967221,0.50051947650392,0.963131086814165,NaN,NaN,0
一般,Informed-RRT*,13,20261916,1,210.546238188057,0.096741,0.0068222,0.0966089,0,NaN,NaN,1321,2000,2.75028801578675,0.225149413708422,0.967230546288989,NaN,NaN,0
一般,PRM*,13,20261916,1,211.805940436224,0.300638,0.0146436,0.3004052,0,NaN,NaN,2002,2000,2.6929575589608,0.533344636078827,0.961478004640975,NaN,NaN,0
一般,FMT*,13,20261916,1,221.281420222694,0.1407149,0.0142551,0.1406033,0,NaN,NaN,2002,2000,3.83871401846704,0.155641110156587,0.920306606748904,NaN,NaN,0
一般,BIT*,13,20261916,1,214.442363102268,1.513719,0.0279847,1.5135959,0,NaN,NaN,1153,2000,1.16906469708253,0.444244874408136,0.94965728802665,NaN,NaN,0
一般,RRT#,13,20261916,1,209.913689320881,0.0994519,0.0071883,0.09927,0,NaN,NaN,1495,2000,2.20713756109998,0.0899082697370304,0.970145175574637,NaN,NaN,0
一般,APF-only,13,20261916,1,229.358752665851,0.0014874,0.0013963,0.0014874,NaN,NaN,NaN,NaN,52,16.5135672987644,0.40276509044968,0.887896147911194,1,5,0
一般,AB-IRRT*,13,20261916,1,209.781347890839,0.0786263,0.0013003,0.0771118,0,0.0013003,0.0772524,1357,2000,2.05886579994449,0.708775434244673,0.970757195666866,1,5,0
一般,RRT*,14,20261917,1,218.067549834306,0.1182622,0.0086951,0.1181568,0,NaN,NaN,1504,2000,6.06170516529968,0.368107812969337,0.933870046856867,NaN,NaN,0
一般,Informed-RRT*,14,20261917,1,211.707921285703,0.1061125,0.0086539,0.1058816,0,NaN,NaN,1348,2000,2.4208194058322,0.687888790514442,0.961923161613312,NaN,NaN,0
一般,PRM*,14,20261917,1,211.424999327867,0.3225104,0.0008083,0.3223613,0,NaN,NaN,2002,2000,1.43987750073022,0.347482146573585,0.963210375448181,NaN,NaN,0
一般,FMT*,14,20261917,1,221.376155619694,0.1125356,0.0089343,0.1123955,0,NaN,NaN,2002,2000,3.38911755188646,0.167860168861498,0.919912772049279,NaN,NaN,0
一般,BIT*,14,20261917,1,211.358889737431,1.6668807,0.0629952,1.6659005,0,NaN,NaN,1346,2000,1.86720214774588,0.0939432944326271,0.963511651838792,NaN,NaN,0
一般,RRT#,14,20261917,1,213.432644657744,0.1145833,0.0090884,0.1144107,0,NaN,NaN,1504,2000,4.01938514776856,0.257776353501754,0.954149976955445,NaN,NaN,0
一般,APF-only,14,20261917,1,229.358752665851,0.0016718,0.0015753,0.0016718,NaN,NaN,NaN,NaN,52,16.5135672987644,0.40276509044968,0.887896147911194,1,5,0
一般,AB-IRRT*,14,20261917,1,209.514911031826,0.096967,0.0014533,0.0953146,0,0.0014533,0.0954395,1388,2000,3.4243023231284,0.361227402338372,0.97199169251868,1,5,0
一般,RRT*,15,20261918,1,214.859028768566,0.120739,0.0056688,0.1206199,0,NaN,NaN,1563,2000,5.59069909784037,0.734427896607151,0.947815663828036,NaN,NaN,0
一般,Informed-RRT*,15,20261918,1,209.002577264655,0.1086796,0.0085502,0.1084984,0,NaN,NaN,1390,2000,1.96547812289763,0.116183044085481,0.974374362493398,NaN,NaN,0
一般,PRM*,15,20261918,1,210.32203759023,0.3344124,0.0013731,0.3342697,0,NaN,NaN,2002,2000,2.7284344377516,0.213159804450061,0.968261601661023,NaN,NaN,0
一般,FMT*,15,20261918,1,220.352987848601,0.1374086,0.0254978,0.137261,0,NaN,NaN,2002,2000,2.03927667704738,0.28885489852602,0.924184214473398,NaN,NaN,0
一般,BIT*,15,20261918,1,212.773201456914,1.1731315,0.0300101,1.172283,0,NaN,NaN,1201,2000,0.909566301734271,0.106486950883992,0.95710715253285,NaN,NaN,0
一般,RRT#,15,20261918,1,214.314819447893,0.129454,0.0097665,0.1292986,0,NaN,NaN,1563,2000,4.56940700580715,0.734131274552792,0.950222450814879,NaN,NaN,0
一般,APF-only,15,20261918,1,229.358752665851,0.0016861,0.0015907,0.0016861,NaN,NaN,NaN,NaN,52,16.5135672987644,0.40276509044968,0.887896147911194,1,5,0
一般,AB-IRRT*,15,20261918,1,209.584225728428,0.0845672,0.0013958,0.0829226,0,0.0013958,0.0830886,1352,2000,2.98589834545152,0.174589185807273,0.971670230781606,1,5,0
一般,RRT*,16,20261919,1,210.54149619703,0.1130201,0.0097151,0.1128903,0,NaN,NaN,1478,2000,3.58571982075636,0.0856790441595479,0.967252331061371,NaN,NaN,0
一般,Informed-RRT*,16,20261919,1,209.587473052834,0.1052787,0.0125445,0.1050797,0,NaN,NaN,1341,2000,2.91803453487674,0.163300593468644,0.971655175833859,NaN,NaN,0
一般,PRM*,16,20261919,1,211.4629156181,0.3085336,0.0129916,0.3084015,0,NaN,NaN,2002,2000,2.96437921752737,0.878023258684946,0.963037667320872,NaN,NaN,0
一般,FMT*,16,20261919,1,212.238877512866,0.049138,0.0100016,0.0490088,0,NaN,NaN,2002,2000,1.71526856512325,0.294444355368917,0.959516726474304,NaN,NaN,0
一般,BIT*,16,20261919,1,209.41979422616,1.8827921,0.0302379,1.8826561,0,NaN,NaN,1120,2000,1.13213691461611,0.271563975300063,0.972433163418162,NaN,NaN,0
一般,RRT#,16,20261919,1,208.909430931059,0.09797,0.0125962,0.0978255,0,NaN,NaN,1478,2000,1.98063080840956,0.0842346181002753,0.974808806256954,NaN,NaN,0
一般,APF-only,16,20261919,1,229.358752665851,0.0012755,0.0011967,0.0012755,NaN,NaN,NaN,NaN,52,16.5135672987644,0.40276509044968,0.887896147911194,1,5,0
一般,AB-IRRT*,16,20261919,1,209.489997926786,0.0867621,0.0021474,0.0843417,0,0.0021474,0.0845169,1338,2000,2.79647020075363,0.0420877957145862,0.972107284343463,1,5,0
一般,RRT*,17,20261920,1,216.140249696846,0.1433823,0.0218436,0.1432576,0,NaN,NaN,1446,2000,5.49104038257307,0.231943635530344,0.94219726898325,NaN,NaN,0
一般,Informed-RRT*,17,20261920,1,212.750184408899,0.0945339,0.0086649,0.0943698,0,NaN,NaN,1307,2000,4.52036485120075,0.389817342180412,0.957210700181218,NaN,NaN,0
一般,PRM*,17,20261920,1,211.110570893769,0.2997487,0.005422,0.2995971,0,NaN,NaN,2002,2000,2.13715243004313,1,0.964644982577406,NaN,NaN,0
一般,FMT*,17,20261920,1,217.195636288239,0.1080448,0.0073776,0.1078831,0,NaN,NaN,2002,2000,3.2890561816343,0.260051423021594,0.93761898932199,NaN,NaN,0
一般,BIT*,17,20261920,1,209.926292114679,2.1582847,0.0262139,2.1581456,0,NaN,NaN,1165,2000,1.18295661718212,0.199005337393917,0.970086933515106,NaN,NaN,0
一般,RRT#,17,20261920,1,214.155795683499,0.099874,0.0154962,0.0996596,0,NaN,NaN,1446,2000,3.85125332621036,0.233116850070681,0.950928049048439,NaN,NaN,0
一般,APF-only,17,20261920,1,229.358752665851,0.0021085,0.0019809,0.0021085,NaN,NaN,NaN,NaN,52,16.5135672987644,0.40276509044968,0.887896147911194,1,5,0
一般,AB-IRRT*,17,20261920,1,209.324165354864,0.077986,0.001429,0.0762084,0,0.001429,0.0763439,1336,2000,3.78482262132409,0.120297403740599,0.972877415450271,1,5,0
一般,RRT*,18,20261921,1,218.050591416971,0.0890587,0.0076298,0.0889662,0,NaN,NaN,1516,2000,4.98952242211419,0.455756612228752,0.933942676597923,NaN,NaN,0
一般,Informed-RRT*,18,20261921,1,209.754833999418,0.0992292,0.0072983,0.0990676,0,NaN,NaN,1310,2000,2.81728623420146,0.0376823493229033,0.970879903450954,NaN,NaN,0
一般,PRM*,18,20261921,1,212.155148038192,0.2797155,0.0032558,0.2796001,0,NaN,NaN,2002,2000,3.35802036230704,0.175457077615768,0.959895410810703,NaN,NaN,0
一般,FMT*,18,20261921,1,215.853806373164,0.0836403,0.0125048,0.0835233,0,NaN,NaN,2002,2000,4.01494929370889,0.381307518790024,0.943447587992335,NaN,NaN,0
一般,BIT*,18,20261921,1,209.578080397194,1.7931953,0.0321287,1.7920943,0,NaN,NaN,1142,2000,2.43406448406566,0.183439698322742,0.971698722479817,NaN,NaN,0
一般,RRT#,18,20261921,1,213.770552907437,0.1069319,0.0091109,0.1067599,0,NaN,NaN,1516,2000,4.3814658023963,0.786051593409579,0.952641747013234,NaN,NaN,0
一般,APF-only,18,20261921,1,229.358752665851,0.0017635,0.0016608,0.0017635,NaN,NaN,NaN,NaN,52,16.5135672987644,0.40276509044968,0.887896147911194,1,5,0
一般,AB-IRRT*,18,20261921,1,209.903450647231,0.078518,0.0017718,0.0764908,0,0.0017718,0.0766566,1314,2000,3.18428131026235,0.378385786922156,0.970192497330497,1,5,0
一般,RRT*,19,20261922,1,211.11321598048,0.0970022,0.0099703,0.0968832,0,NaN,NaN,1447,2000,3.79852680329363,0.421089055261808,0.964632896315479,NaN,NaN,0
一般,Informed-RRT*,19,20261922,1,209.633903355679,0.1052384,0.0084896,0.105082,0,NaN,NaN,1291,2000,1.92733737431904,0.67728198685322,0.971439970929725,NaN,NaN,0
一般,PRM*,19,20261922,1,211.413625967474,0.3497642,0.0029301,0.3496001,0,NaN,NaN,2002,2000,2.99563161881296,0.114103568615249,0.963262193010477,NaN,NaN,0
一般,FMT*,19,20261922,1,217.69581294489,0.1020994,0.0092199,0.1019392,0,NaN,NaN,2002,2000,3.44498363129874,0.0473908825928309,0.935464721286483,NaN,NaN,0
一般,BIT*,19,20261922,1,210.846309936717,1.851096,0.0273682,1.8508958,0,NaN,NaN,1183,2000,1.12200241936829,0.134419071453342,0.965854005426265,NaN,NaN,0
一般,RRT#,19,20261922,1,210.21345780693,0.1110883,0.0104892,0.1109534,0,NaN,NaN,1447,2000,3.78841276945798,0.0497149233771097,0.968761729654646,NaN,NaN,0
一般,APF-only,19,20261922,1,229.358752665851,0.0011057,0.0010374,0.0011057,NaN,NaN,NaN,NaN,52,16.5135672987644,0.40276509044968,0.887896147911194,1,5,0
一般,AB-IRRT*,19,20261922,1,209.485722671609,0.0684207,0.001823,0.0663962,0,0.001823,0.0665229,1306,2000,2.10605709248183,0.461378794689114,0.972127123436302,1,5,0
一般,RRT*,20,20261923,1,210.400386743786,0.0997892,0.0043128,0.0996875,0,NaN,NaN,1500,2000,3.11174470818111,0.0141502307481769,0.967901039220598,NaN,NaN,0
一般,Informed-RRT*,20,20261923,1,209.428182377652,0.1025551,0.0039712,0.1024211,0,NaN,NaN,1324,2000,2.30883663822131,0.0336666004181989,0.972394214903221,NaN,NaN,0
一般,PRM*,20,20261923,1,210.935776057764,0.3245108,0.0011346,0.3243942,0,NaN,NaN,2002,2000,3.79973785279625,0.590684614200353,0.965444348928073,NaN,NaN,0
一般,FMT*,20,20261923,1,215.134367393329,0.113791,0.0255198,0.1128681,0,NaN,NaN,2002,2000,1.279718858257,0.225783948852127,0.946602606776439,NaN,NaN,0
一般,BIT*,20,20261923,1,209.122985028753,1.8651555,0.0311397,1.8650297,0,NaN,NaN,1059,2000,1.58542968962989,0.236353099154819,0.973813342200168,NaN,NaN,0
一般,RRT#,20,20261923,1,209.442184699891,0.0816435,0.0038996,0.0815065,0,NaN,NaN,1500,2000,1.62655211007164,0.0360442217108912,0.972329205186294,NaN,NaN,0
一般,APF-only,20,20261923,1,229.358752665851,0.001462,0.0013761,0.001462,NaN,NaN,NaN,NaN,52,16.5135672987644,0.40276509044968,0.887896147911194,1,5,0
一般,AB-IRRT*,20,20261923,1,209.753140488874,0.0721126,0.0015125,0.0703884,0,0.0015125,0.0705198,1357,2000,2.38751809855401,0.190915031021021,0.970887742167214,1,5,0
一般,RRT*,21,20261924,1,209.588914753152,0.0895152,0.0080594,0.0893878,0,NaN,NaN,1556,2000,1.76258141772261,0.072605272636185,0.971648492104533,NaN,NaN,0
一般,Informed-RRT*,21,20261924,1,209.404072761315,0.0848087,0.0082036,0.0846548,0,NaN,NaN,1345,2000,1.94487933497398,0.107487708600345,0.97250617094658,NaN,NaN,0
一般,PRM*,21,20261924,1,210.595332781774,0.2888497,0.0003717,0.2887305,0,NaN,NaN,2002,2000,2.85145341976042,0.0639254480476303,0.967005062703602,NaN,NaN,0
一般,FMT*,21,20261924,1,218.448219543329,0.1155779,0.005326,0.1154412,0,NaN,NaN,2002,2000,1.69806697762179,0.38165373925457,0.93224267704014,NaN,NaN,0
一般,BIT*,21,20261924,1,210.133842462421,1.3694532,0.0375515,1.3693081,0,NaN,NaN,1164,2000,1.29653448289448,0.197737898719303,0.969128773334758,NaN,NaN,0
一般,RRT#,21,20261924,1,209.560353654547,0.0868216,0.0069548,0.086672,0,NaN,NaN,1556,2000,1.59783912252839,0.0750550447162475,0.971780918624668,NaN,NaN,0
一般,APF-only,21,20261924,1,229.358752665851,0.0015521,0.0014559,0.0015521,NaN,NaN,NaN,NaN,52,16.5135672987644,0.40276509044968,0.887896147911194,1,5,0
一般,AB-IRRT*,21,20261924,1,209.487080618473,0.0774296,0.0012309,0.0760033,0,0.0012309,0.0761269,1352,2000,2.24405081414238,0.421764943557114,0.972120821868799,1,5,0
一般,RRT*,22,20261925,1,210.562962591394,0.1045868,0.0063406,0.1044926,0,NaN,NaN,1499,2000,4.06575110878612,0.089138222624662,0.967153721981536,NaN,NaN,0
一般,Informed-RRT*,22,20261925,1,210.450823660418,0.095818,0.0054719,0.0956926,0,NaN,NaN,1346,2000,3.11191555354915,0.302403483863632,0.967669070805485,NaN,NaN,0
一般,PRM*,22,20261925,1,211.260778176444,0.2934273,0.000557,0.2933023,0,NaN,NaN,2002,2000,2.41877290093834,1,0.963959116025034,NaN,NaN,0
一般,FMT*,22,20261925,1,218.523503627495,0.0679555,0.0163538,0.067809,0,NaN,NaN,2002,2000,1.66941805009227,0.221053105465691,0.93192150776088,NaN,NaN,0
一般,BIT*,22,20261925,1,209.919455891278,1.5723252,0.0758033,1.5721887,0,NaN,NaN,1199,2000,1.49782616231891,0.238539412076452,0.970118525303337,NaN,NaN,0
一般,RRT#,22,20261925,1,209.878655568849,0.1041958,0.0089752,0.1040638,0,NaN,NaN,1499,2000,3.03275307673709,0.121998332440828,0.970307115936907,NaN,NaN,0
一般,APF-only,22,20261925,1,229.358752665851,0.0013756,0.0012935,0.0013756,NaN,NaN,NaN,NaN,52,16.5135672987644,0.40276509044968,0.887896147911194,1,5,0
一般,AB-IRRT*,22,20261925,1,209.332545260152,0.0806582,0.0015475,0.0788807,0,0.0015475,0.0790284,1372,2000,3.36575093304921,0.0999177696926452,0.972838469663855,1,5,0
一般,RRT*,23,20261926,1,211.315162688456,0.1086187,0.0081227,0.1085162,0,NaN,NaN,1547,2000,3.49589045645864,0.235383723346649,0.96371102949183,NaN,NaN,0
一般,Informed-RRT*,23,20261926,1,209.949053878422,0.099135,0.0086981,0.0989761,0,NaN,NaN,1338,2000,2.4094208066536,0.788096285542406,0.969981760906883,NaN,NaN,0
一般,PRM*,23,20261926,1,211.140964817394,0.3075333,0.0009828,0.307429,0,NaN,NaN,2002,2000,3.50824013067685,0.114302777714411,0.964506121101845,NaN,NaN,0
一般,FMT*,23,20261926,1,215.123429578885,0.0692775,0.0188961,0.0691593,0,NaN,NaN,2002,2000,3.57562860274965,0.103294876698349,0.946650736186079,NaN,NaN,0
一般,BIT*,23,20261926,1,210.238893794051,0.9845846,0.0879726,0.9836092,0,NaN,NaN,1222,2000,1.83723878792807,0.103107651733076,0.968644522935976,NaN,NaN,0
一般,RRT#,23,20261926,1,210.767042663226,0.1031692,0.0086649,0.1030068,0,NaN,NaN,1547,2000,2.59050384978195,0.23908981583435,0.966217252984484,NaN,NaN,0
一般,APF-only,23,20261926,1,229.358752665851,0.0016104,0.0015151,0.0016104,NaN,NaN,NaN,NaN,52,16.5135672987644,0.40276509044968,0.887896147911194,1,5,0
一般,AB-IRRT*,23,20261926,1,209.377452836244,0.0818342,0.0020005,0.0795517,0,0.0020005,0.0797291,1343,2000,2.90444083363546,0.112622108102972,0.972629813874945,1,5,0
一般,RRT*,24,20261927,1,212.702443828561,0.1031816,0.0143662,0.1030771,0,NaN,NaN,1522,2000,4.66029163975789,0.231254272366486,0.957425543948457,NaN,NaN,0
一般,Informed-RRT*,24,20261927,1,211.083681130728,0.0936419,0.0148712,0.0934777,0,NaN,NaN,1286,2000,3.94924486552745,0.414282735699441,0.964767867846702,NaN,NaN,0
一般,PRM*,24,20261927,1,213.630135601157,0.3227885,0.0005974,0.3226192,0,NaN,NaN,2002,2000,4.4735944533085,0.41892515138626,0.953267910487731,NaN,NaN,0
一般,FMT*,24,20261927,1,211.653019668565,0.0618966,0.0125396,0.0617605,0,NaN,NaN,2002,2000,1.27735004401547,0.108138644125141,0.962172679135992,NaN,NaN,0
一般,BIT*,24,20261927,1,209.838353067092,1.8117202,0.0423841,1.8115874,0,NaN,NaN,1108,2000,0.969068403919692,0.107904186495878,0.970493477503675,NaN,NaN,0
一般,RRT#,24,20261927,1,210.374667342562,0.1077889,0.0149087,0.1076024,0,NaN,NaN,1522,2000,3.0521758331645,0.111585648963739,0.968019370175019,NaN,NaN,0
一般,APF-only,24,20261927,1,229.358752665851,0.0024582,0.0023369,0.0024582,NaN,NaN,NaN,NaN,52,16.5135672987644,0.40276509044968,0.887896147911194,1,5,0
一般,AB-IRRT*,24,20261927,1,209.952248690677,0.0746227,0.0018735,0.0723054,0,0.0018735,0.072435,1343,2000,4.20306324299807,0.016208939921567,0.969967000838171,1,5,0
一般,RRT*,25,20261928,1,214.899513015816,0.0939875,0.0071548,0.0938615,0,NaN,NaN,1542,2000,4.30925171730307,0.946383280484149,0.94763710779902,NaN,NaN,0
一般,Informed-RRT*,25,20261928,1,209.319451932282,0.1032711,0.00665,0.1031084,0,NaN,NaN,1346,2000,2.00187660215712,0.238572922543014,0.972899322551294,NaN,NaN,0
一般,PRM*,25,20261928,1,211.458452582493,0.3255007,0.0029803,0.3253756,0,NaN,NaN,2002,2000,3.16847272253415,0.25974218085743,0.963057993164307,NaN,NaN,0
一般,FMT*,25,20261928,1,214.949368465739,0.0824114,0.0082418,0.0822712,0,NaN,NaN,2002,2000,2.29214097238667,0.132096992913612,0.947417312436466,NaN,NaN,0
一般,BIT*,25,20261928,1,210.052387269479,1.9910609,0.0362459,1.9900023,0,NaN,NaN,1177,2000,0.918980299390343,0.0371435300841121,0.969504587065056,NaN,NaN,0
一般,RRT#,25,20261928,1,214.002981579086,0.087981,0.0050998,0.0878278,0,NaN,NaN,1542,2000,4.40218135134767,0.13407956069566,0.951607082663316,NaN,NaN,0
一般,APF-only,25,20261928,1,229.358752665851,0.0016388,0.0015465,0.0016388,NaN,NaN,NaN,NaN,52,16.5135672987644,0.40276509044968,0.887896147911194,1,5,0
一般,AB-IRRT*,25,20261928,1,209.175767306666,0.0824557,0.0016794,0.080557,0,0.0016794,0.0806873,1349,2000,2.97103763017769,0.270582613944722,0.973567615426338,1,5,0
一般,RRT*,26,20261929,1,214.193928184396,0.0881,0.0068075,0.0879911,0,NaN,NaN,1484,2000,3.97474656526949,0.405165007160253,0.950758757299644,NaN,NaN,0
一般,Informed-RRT*,26,20261929,1,209.243460520732,0.0932311,0.0083843,0.0930617,0,NaN,NaN,1299,2000,1.47919943978269,0.0128803611190733,0.97325265255565,NaN,NaN,0
一般,PRM*,26,20261929,1,210.17224452836,0.3012395,0.0030156,0.3011058,0,NaN,NaN,2002,2000,3.66538773953417,0.0431884333581074,0.968951696922311,NaN,NaN,0
一般,FMT*,26,20261929,1,213.092631754583,0.0377237,0.0078766,0.0375944,0,NaN,NaN,2002,2000,1.26421702537681,0.474235028245678,0.955672428956923,NaN,NaN,0
一般,BIT*,26,20261929,1,209.428574692165,1.5490449,0.0239066,1.5489156,0,NaN,NaN,1128,2000,1.28924291196025,0.238736046668981,0.972392393354449,NaN,NaN,0
一般,RRT#,26,20261929,1,211.324535267978,0.0840605,0.0079389,0.0839141,0,NaN,NaN,1484,2000,2.51455964752122,0.420275631664699,0.963668287373656,NaN,NaN,0
一般,APF-only,26,20261929,1,229.358752665851,0.0023918,0.0022534,0.0023918,NaN,NaN,NaN,NaN,52,16.5135672987644,0.40276509044968,0.887896147911194,1,5,0
一般,AB-IRRT*,26,20261929,1,209.430024434947,0.0692256,0.001882,0.067064,0,0.001882,0.0672084,1309,2000,2.47792749331667,0.391619006322284,0.972385662137866,1,5,0
一般,RRT*,27,20261930,1,210.784255574137,0.09716,0.0049287,0.0970597,0,NaN,NaN,1543,2000,3.91925940235662,0.295639533118815,0.966138350452361,NaN,NaN,0
一般,Informed-RRT*,27,20261930,1,210.079879304153,0.1011868,0.005317,0.1010396,0,NaN,NaN,1319,2000,2.6388659701751,0.0662380055619352,0.969377713164462,NaN,NaN,0
一般,PRM*,27,20261930,1,211.219165165864,0.2957355,0.0006592,0.2956136,0,NaN,NaN,2002,2000,3.47250696908975,0.254845760406814,0.964149028909418,NaN,NaN,0
一般,FMT*,27,20261930,1,216.632490304189,0.1203864,0.0174935,0.1202634,0,NaN,NaN,2002,2000,3.88027954753134,0.0682099712665654,0.940056372411038,NaN,NaN,0
一般,BIT*,27,20261930,1,209.422427163743,1.4475053,0.0210795,1.4473603,0,NaN,NaN,1145,2000,1.94663729333949,0.0716668128591067,0.972420937622398,NaN,NaN,0
一般,RRT#,27,20261930,1,210.099073129752,0.1041531,0.0069264,0.1039862,0,NaN,NaN,1543,2000,3.51737137047521,0.0847779012446566,0.969289154626393,NaN,NaN,0
一般,APF-only,27,20261930,1,229.358752665851,0.0018619,0.0017636,0.0018619,NaN,NaN,NaN,NaN,52,16.5135672987644,0.40276509044968,0.887896147911194,1,5,0
一般,AB-IRRT*,27,20261930,1,210.337456799975,0.0814985,0.0016441,0.0796373,0,0.0016441,0.0797768,1324,2000,3.54682047033194,0.709110799364764,0.968190621299504,1,5,0
一般,RRT*,28,20261931,1,214.7827459977,0.0938486,0.0129204,0.0937465,0,NaN,NaN,1501,2000,4.71770285594697,0.254977697954494,0.94815229238156,NaN,NaN,0
一般,Informed-RRT*,28,20261931,1,211.625218013421,0.097803,0.014499,0.0976514,0,NaN,NaN,1311,2000,4.45308110948023,0.081166966461474,0.962299081807966,NaN,NaN,0
一般,PRM*,28,20261931,1,209.230145110655,0.3056692,0.0012398,0.3055242,0,NaN,NaN,2002,2000,1.46967491137156,0.232344467774467,0.9733145903714,NaN,NaN,0
一般,FMT*,28,20261931,1,214.143729840534,0.0903646,0.0057583,0.090226,0,NaN,NaN,2002,2000,2.47763021523604,0.158447716029775,0.95098162870972,NaN,NaN,0
一般,BIT*,28,20261931,1,209.941802874552,1.6563966,0.0299059,1.6562167,0,NaN,NaN,1129,2000,1.99441387014458,0.334576647230961,0.970015262293486,NaN,NaN,0
一般,RRT#,28,20261931,1,213.750412793124,0.1643541,0.019117,0.164145,0,NaN,NaN,1501,2000,3.63504407025939,0.152179280632939,0.952731507371745,NaN,NaN,0
一般,APF-only,28,20261931,1,229.358752665851,0.0026945,0.0025659,0.0026945,NaN,NaN,NaN,NaN,52,16.5135672987644,0.40276509044968,0.887896147911194,1,5,0
一般,AB-IRRT*,28,20261931,1,209.894549910362,0.1170716,0.0025758,0.1141029,0,0.0025758,0.1143596,1357,2000,3.47140884607902,0.383230937927409,0.970233639075885,1,5,0
一般,RRT*,29,20261932,1,211.940317487376,0.1438918,0.0097667,0.14376,0,NaN,NaN,1530,2000,4.34912705519567,0.137060379706798,0.960868396329808,NaN,NaN,0
一般,Informed-RRT*,29,20261932,1,209.959182257076,0.128586,0.0087975,0.1283914,0,NaN,NaN,1358,2000,2.05582073198238,0.0409566582220613,0.969934969228347,NaN,NaN,0
一般,PRM*,29,20261932,1,212.096141789189,0.4394757,0.010523,0.4392815,0,NaN,NaN,2002,2000,4.56372563563052,0.152446335308078,0.96016245870299,NaN,NaN,0
一般,FMT*,29,20261932,1,217.019502609368,0.1799108,0.0305474,0.1789049,0,NaN,NaN,2002,2000,2.90923905210629,0.0738462661876778,0.938379963704399,NaN,NaN,0
一般,BIT*,29,20261932,0,Inf,1.7159358,NaN,1.7142469,0,NaN,NaN,1669,2000,NaN,NaN,NaN,NaN,NaN,0
一般,RRT#,29,20261932,1,209.770111881287,0.1285209,0.0088324,0.1283081,0,NaN,NaN,1530,2000,2.68532157544733,0.156372848865555,0.970809192765144,NaN,NaN,0
一般,APF-only,29,20261932,1,229.358752665851,0.0019369,0.0018257,0.0019369,NaN,NaN,NaN,NaN,52,16.5135672987644,0.40276509044968,0.887896147911194,1,5,0
一般,AB-IRRT*,29,20261932,1,209.274687854554,0.0912332,0.0023215,0.0886569,0,0.0023215,0.0888156,1352,2000,2.57329502075432,0.111109021516297,0.973107426748431,1,5,0
一般,RRT*,30,20261933,1,215.375171040789,0.1155462,0.0133329,0.1154265,0,NaN,NaN,1524,2000,3.99916152677,0.113457551519573,0.945544242623761,NaN,NaN,0
一般,Informed-RRT*,30,20261933,1,209.99997741408,0.0968928,0.0130539,0.0966967,0,NaN,NaN,1320,2000,2.96897110482732,0.295091227859847,0.969746547068303,NaN,NaN,0
一般,PRM*,30,20261933,1,209.668665500076,0.3413034,0.0049185,0.3411626,0,NaN,NaN,2002,2000,2.24359187816454,0.0713670040579236,0.971278910446691,NaN,NaN,0
一般,FMT*,30,20261933,1,214.441756275809,0.078864,0.0354243,0.0787258,0,NaN,NaN,2002,2000,2.74814267487707,0.282751652694653,0.949659975363196,NaN,NaN,0
一般,BIT*,30,20261933,1,214.965243214998,1.2460912,0.0945286,1.2459552,0,NaN,NaN,1219,2000,1.39358216616597,0.413882167055242,0.947347347580502,NaN,NaN,0
一般,RRT#,30,20261933,1,214.082810484447,0.0983408,0.0123489,0.0981979,0,NaN,NaN,1524,2000,3.35927457015267,0.144382844429231,0.951252239826703,NaN,NaN,0
一般,APF-only,30,20261933,1,229.358752665851,0.0011884,0.0011119,0.0011884,NaN,NaN,NaN,NaN,52,16.5135672987644,0.40276509044968,0.887896147911194,1,5,0
一般,AB-IRRT*,30,20261933,1,209.187519166787,0.0808649,0.001518,0.0791164,0,0.001518,0.0792657,1363,2000,2.37963249394979,0.0203294638372249,0.973512921769277,1,5,0
一般,RRT*,31,20261934,1,211.417801843227,0.0955845,0.0047818,0.0954405,0,NaN,NaN,1525,2000,3.37010395747845,0.22384204200354,0.963243166877384,NaN,NaN,0
一般,Informed-RRT*,31,20261934,1,209.985421145941,0.0973589,0.0042048,0.0972055,0,NaN,NaN,1316,2000,3.31992432564036,0.0975508900438895,0.969813770262603,NaN,NaN,0
一般,PRM*,31,20261934,1,210.604836624936,0.3224535,0.0016445,0.3223142,0,NaN,NaN,2002,2000,4.00184071878923,0.0991088419603905,0.966961425223096,NaN,NaN,0
一般,FMT*,31,20261934,1,220.446990728665,0.1140343,0.0274081,0.1138949,0,NaN,NaN,2002,2000,3.17436228307558,0.10797045634925,0.923790124367731,NaN,NaN,0
一般,BIT*,31,20261934,1,211.641697072647,2.0842179,0.0490843,2.0840922,0,NaN,NaN,1314,2000,1.27184976388202,0.173623607774173,0.962224154306526,NaN,NaN,0
一般,RRT#,31,20261934,1,210.062424545917,0.0919902,0.0050723,0.091833,0,NaN,NaN,1525,2000,2.76814086352594,0.233273347771473,0.969458261856876,NaN,NaN,0
一般,APF-only,31,20261934,1,229.358752665851,0.0013868,0.0013006,0.0013868,NaN,NaN,NaN,NaN,52,16.5135672987644,0.40276509044968,0.887896147911194,1,5,0
一般,AB-IRRT*,31,20261934,1,209.933924066968,0.0697235,0.00151,0.0680019,0,0.00151,0.0681406,1318,2000,3.18394622930151,0.0154167114347423,0.970051666908121,1,5,0
一般,RRT*,32,20261935,1,212.424932493565,0.0992906,0.0087031,0.0991806,0,NaN,NaN,1486,2000,4.37102502414612,0.125477354823619,0.958676321989158,NaN,NaN,0
一般,Informed-RRT*,32,20261935,1,212.744200380693,0.0923275,0.0058759,0.0921837,0,NaN,NaN,1308,2000,4.63991707908193,0.144824916183339,0.957237624420838,NaN,NaN,0
一般,PRM*,32,20261935,1,209.213668900718,0.3302428,0.0010884,0.3301378,0,NaN,NaN,2002,2000,2.39743946230665,0.0583998718061309,0.973391241842645,NaN,NaN,0
一般,FMT*,32,20261935,1,214.454807648344,0.0978096,0.0130402,0.097677,0,NaN,NaN,2002,2000,2.02539176836016,0.387316032137855,0.94960218059396,NaN,NaN,0
一般,BIT*,32,20261935,1,210.448192624866,2.7425083,0.0375042,2.7423398,0,NaN,NaN,1308,2000,1.43734300142724,0.324518987958745,0.967681168660525,NaN,NaN,0
一般,RRT#,32,20261935,1,211.32516842768,0.1545551,0.0128748,0.1543382,0,NaN,NaN,1486,2000,3.22382108240316,0.205274326691267,0.963665400088954,NaN,NaN,0
一般,APF-only,32,20261935,1,229.358752665851,0.0039118,0.0036867,0.0039118,NaN,NaN,NaN,NaN,52,16.5135672987644,0.40276509044968,0.887896147911194,1,5,0
一般,AB-IRRT*,32,20261935,1,209.551591926764,0.1213245,0.0037276,0.1172853,0,0.0037276,0.117466,1371,2000,3.21845982434897,0.474572615828109,0.971821550527272,1,5,0
一般,RRT*,33,20261936,1,211.350353917227,0.1756482,0.0099493,0.1754921,0,NaN,NaN,1543,2000,4.07348682187269,0.531361847931488,0.963550565245239,NaN,NaN,0
一般,Informed-RRT*,33,20261936,1,210.235884355449,0.1600468,0.0106543,0.1598229,0,NaN,NaN,1347,2000,2.61056037001586,0.369890099761842,0.968658388676488,NaN,NaN,0
一般,PRM*,33,20261936,1,213.043004906881,0.4821714,0.0055062,0.4819328,0,NaN,NaN,2002,2000,2.78938935713918,1,0.955895046029497,NaN,NaN,0
一般,FMT*,33,20261936,1,215.105840598578,0.0951192,0.0301601,0.0949271,0,NaN,NaN,2002,2000,2.33445007019164,0.184249002993791,0.946728142829757,NaN,NaN,0
一般,BIT*,33,20261936,1,210.070821219129,2.1392901,0.031701,2.139135,0,NaN,NaN,1128,2000,2.57389969464865,0.216526502853549,0.969419511952581,NaN,NaN,0
一般,RRT#,33,20261936,1,210.34096218204,0.1328064,0.0097754,0.1326046,0,NaN,NaN,1543,2000,2.81416192942015,0.531642538819875,0.968174486172977,NaN,NaN,0
一般,APF-only,33,20261936,1,229.358752665851,0.0017086,0.0016071,0.0017086,NaN,NaN,NaN,NaN,52,16.5135672987644,0.40276509044968,0.887896147911194,1,5,0
一般,AB-IRRT*,33,20261936,1,209.547299181044,0.0905143,0.0026664,0.0875342,0,0.0026664,0.0877337,1319,2000,2.58436780570478,0.211945392675223,0.971841459076884,1,5,0
一般,RRT*,34,20261937,1,209.976397817045,0.1087754,0.0096341,0.1086493,0,NaN,NaN,1552,2000,3.63996815634234,0.145764559862489,0.9698554461305,NaN,NaN,0
一般,Informed-RRT*,34,20261937,1,210.006999665505,0.1233002,0.0095747,0.1231177,0,NaN,NaN,1387,2000,2.26047923922024,0.152369887565055,0.969714120510697,NaN,NaN,0
一般,PRM*,34,20261937,1,209.891796543774,0.3529364,0.0005039,0.352792,0,NaN,NaN,2002,2000,2.08048594969468,0.608722691351221,0.970246366628504,NaN,NaN,0
一般,FMT*,34,20261937,1,215.653932011065,0.1136837,0.0111463,0.1135106,0,NaN,NaN,2002,2000,3.29917942532865,0.0317414445567117,0.944322002769126,NaN,NaN,0
一般,BIT*,34,20261937,1,210.190254866713,1.3365919,0.0457615,1.3364496,0,NaN,NaN,1080,2000,2.46748091389498,0.215255268285464,0.968868671437041,NaN,NaN,0
一般,RRT#,34,20261937,1,209.49698026875,0.0904006,0.0091091,0.0902156,0,NaN,NaN,1552,2000,2.82752717331645,0.143091495734069,0.972074884900398,NaN,NaN,0
一般,APF-only,34,20261937,1,229.358752665851,0.0017197,0.0016179,0.0017197,NaN,NaN,NaN,NaN,52,16.5135672987644,0.40276509044968,0.887896147911194,1,5,0
一般,AB-IRRT*,34,20261937,1,209.165938773514,0.0901691,0.0027178,0.0871241,0,0.0027178,0.0873349,1377,2000,1.61091711440087,0.0341471206436665,0.973613362557255,1,5,0
一般,RRT*,35,20261938,1,212.1705641465,0.1163148,0.0066103,0.1161601,0,NaN,NaN,1514,2000,4.06056471730271,0.237428432803851,0.959825665737079,NaN,NaN,0
一般,Informed-RRT*,35,20261938,1,209.147714290327,0.1223611,0.0056116,0.1221078,0,NaN,NaN,1352,2000,2.00164638550166,0.139606354310791,0.973698200206171,NaN,NaN,0
一般,PRM*,35,20261938,1,210.707702673729,0.3465494,0.0021556,0.3463956,0,NaN,NaN,2002,2000,2.70370891616002,0.539767056256646,0.966489361317098,NaN,NaN,0
一般,FMT*,35,20261938,1,215.046501805368,0.0888646,0.0176475,0.0887255,0,NaN,NaN,2002,2000,2.60056149956285,0.0614849542971694,0.946989377981326,NaN,NaN,0
一般,BIT*,35,20261938,1,209.94088943557,2.1030821,0.0269221,2.1028624,0,NaN,NaN,1103,2000,1.96338738910194,0.188543441685979,0.970019482766,NaN,NaN,0
一般,RRT#,35,20261938,1,210.732324038974,0.0971926,0.0053611,0.0970435,0,NaN,NaN,1514,2000,2.25147359956405,0.207364524623433,0.966376439449612,NaN,NaN,0
一般,APF-only,35,20261938,1,229.358752665851,0.0017798,0.0016857,0.0017798,NaN,NaN,NaN,NaN,52,16.5135672987644,0.40276509044968,0.887896147911194,1,5,0
一般,AB-IRRT*,35,20261938,1,209.282060119522,0.0998005,0.0014277,0.0981314,0,0.0014277,0.098284,1346,2000,1.93051486157254,0.152404260734512,0.973073147623938,1,5,0
一般,RRT*,36,20261939,1,211.756411198664,0.1039112,0.0057911,0.1037644,0,NaN,NaN,1466,2000,3.63598623492314,0.621830851738128,0.961702891680903,NaN,NaN,0
一般,Informed-RRT*,36,20261939,1,209.623930666893,0.1280721,0.0059636,0.1278762,0,NaN,NaN,1274,2000,2.37712673400614,0.0445173955952924,0.971486186399849,NaN,NaN,0
一般,PRM*,36,20261939,1,210.747189956426,0.3904017,0.0021075,0.3902244,0,NaN,NaN,2002,2000,3.8474106059671,0.0927403191530427,0.966308272123733,NaN,NaN,0
一般,FMT*,36,20261939,1,215.597330848609,0.1272158,0.0114188,0.1270529,0,NaN,NaN,2002,2000,4.17249650056288,0.346398385391313,0.944569917355446,NaN,NaN,0
一般,BIT*,36,20261939,1,209.500063437649,2.1298371,0.04351,2.1297039,0,NaN,NaN,1078,2000,1.87549360701362,0.156141940766414,0.972060579076313,NaN,NaN,0
一般,RRT#,36,20261939,1,210.437487890862,0.1210583,0.0058223,0.1208965,0,NaN,NaN,1466,2000,2.55712115771393,0.543978946056228,0.967730393585299,NaN,NaN,0
一般,APF-only,36,20261939,1,229.358752665851,0.001634,0.0014869,0.001634,NaN,NaN,NaN,NaN,52,16.5135672987644,0.40276509044968,0.887896147911194,1,5,0
一般,AB-IRRT*,36,20261939,1,209.959065344911,0.0865384,0.0018186,0.0844295,0,0.0018186,0.0846215,1334,2000,2.78471221133043,0.330738505742543,0.969935509320278,1,5,0
一般,RRT*,37,20261940,1,210.8825100414,0.1210739,0.0100256,0.120948,0,NaN,NaN,1528,2000,3.00195475939548,0.374555543942273,0.965688206868108,NaN,NaN,0
一般,Informed-RRT*,37,20261940,1,211.260038471941,0.1126497,0.0093326,0.1124181,0,NaN,NaN,1384,2000,4.02881332894479,0.0573595204081521,0.963962491225115,NaN,NaN,0
一般,PRM*,37,20261940,1,210.729647586952,0.3934591,0.0004914,0.3933028,0,NaN,NaN,2002,2000,4.32137605838978,0.0875110119426452,0.966388713281059,NaN,NaN,0
一般,FMT*,37,20261940,1,215.32762199029,0.1037749,0.016805,0.1036112,0,NaN,NaN,2002,2000,2.90695856970441,0.23411908697029,0.945753039481897,NaN,NaN,0
一般,BIT*,37,20261940,1,210.060986356197,1.9248064,0.0366397,1.9235994,0,NaN,NaN,1319,2000,2.80489201172254,0.162086425667637,0.969464899285986,NaN,NaN,0
一般,RRT#,37,20261940,1,209.852629005579,0.1318979,0.0105318,0.1317148,0,NaN,NaN,1528,2000,2.27175797718475,0.378466523842872,0.970427456385652,NaN,NaN,0
一般,APF-only,37,20261940,1,229.358752665851,0.00192,0.0017846,0.00192,NaN,NaN,NaN,NaN,52,16.5135672987644,0.40276509044968,0.887896147911194,1,5,0
一般,AB-IRRT*,37,20261940,1,209.724966797381,0.0905557,0.0018404,0.0884626,0,0.0018404,0.0886242,1364,2000,4.51297427095991,0.154304357076477,0.971018167705671,1,5,0
一般,RRT*,38,20261941,1,211.398118015486,0.1145262,0.0101504,0.1143899,0,NaN,NaN,1536,2000,3.38615381446239,0.337509565502501,0.963332856950067,NaN,NaN,0
一般,Informed-RRT*,38,20261941,1,209.493873384827,0.1136035,0.0096418,0.1134155,0,NaN,NaN,1367,2000,1.87973206031325,0.928249060241494,0.972089301187529,NaN,NaN,0
一般,PRM*,38,20261941,1,210.223801781852,0.3700786,0.0009586,0.3699031,0,NaN,NaN,2002,2000,3.25560783788744,0.147079081430942,0.968714062135783,NaN,NaN,0
一般,FMT*,38,20261941,1,218.264757715362,0.0940163,0.0424084,0.0938707,0,NaN,NaN,2002,2000,1.88165200193017,0.117288488143448,0.933026270999282,NaN,NaN,0
一般,BIT*,38,20261941,1,211.5856613656,2.1775843,0.0249135,2.1774361,0,NaN,NaN,1163,2000,1.58549994430647,0.0599617326355943,0.96247898684327,NaN,NaN,0
一般,RRT#,38,20261941,1,210.214577950793,0.1219748,0.0124854,0.1217653,0,NaN,NaN,1536,2000,1.99788749279839,1,0.968756567536414,NaN,NaN,0
一般,APF-only,38,20261941,1,229.358752665851,0.0014288,0.0013158,0.0014288,NaN,NaN,NaN,NaN,52,16.5135672987644,0.40276509044968,0.887896147911194,1,5,0
一般,AB-IRRT*,38,20261941,1,208.858961822604,0.0749451,0.0014564,0.0732416,0,0.0014564,0.0734035,1338,2000,1.54331627639413,0.194398470994065,0.975044361058802,1,5,0
一般,RRT*,39,20261942,1,211.92428024677,0.1405539,0.0071256,0.140405,0,NaN,NaN,1563,2000,3.82304615026914,0.277668450979254,0.960941109459446,NaN,NaN,0
一般,Informed-RRT*,39,20261942,1,209.173118263469,0.135051,0.0083339,0.1348644,0,NaN,NaN,1362,2000,1.94776592307307,0.107518211460949,0.973579945034894,NaN,NaN,0
一般,PRM*,39,20261942,1,212.459016518194,0.3911419,0.0110449,0.3909784,0,NaN,NaN,2002,2000,5.14904787123721,1,0.958522525045606,NaN,NaN,0
一般,FMT*,39,20261942,1,220.000709857952,0.0689151,0.0129714,0.0687426,0,NaN,NaN,2002,2000,5.27842146512191,0.241095827442196,0.925664072235106,NaN,NaN,0
一般,BIT*,39,20261942,1,210.167342316449,2.1721386,0.0355246,2.171955,0,NaN,NaN,1316,2000,2.01605044578756,0.240846318285852,0.968974297991048,NaN,NaN,0
一般,RRT#,39,20261942,1,209.225061870282,0.1059397,0.0097762,0.1057161,0,NaN,NaN,1563,2000,1.6655572312861,0.265447196706832,0.973338237595958,NaN,NaN,0
一般,APF-only,39,20261942,1,229.358752665851,0.0015717,0.0014696,0.0015717,NaN,NaN,NaN,NaN,52,16.5135672987644,0.40276509044968,0.887896147911194,1,5,0
一般,AB-IRRT*,39,20261942,1,209.797676967182,0.0897884,0.0018539,0.0876758,0,0.0018539,0.087846,1339,2000,3.8780959345436,0.121061456179092,0.970681639213676,1,5,0
一般,RRT*,40,20261943,1,210.612318525979,0.0960238,0.0068674,0.0959126,0,NaN,NaN,1496,2000,2.33512453824571,1,0.966927074384806,NaN,NaN,0
一般,Informed-RRT*,40,20261943,1,209.670062853572,0.1017338,0.0060672,0.1014542,0,NaN,NaN,1340,2000,2.47472524032635,0.349539341902509,0.971272437324287,NaN,NaN,0
一般,PRM*,40,20261943,1,212.821840537017,0.3251021,0.0019179,0.3249556,0,NaN,NaN,2002,2000,4.68770518322109,1,0.95688841177137,NaN,NaN,0
一般,FMT*,40,20261943,1,214.090631860416,0.0909622,0.0061023,0.0906866,0,NaN,NaN,2002,2000,1.53843225988012,0.362681100772614,0.951217487715672,NaN,NaN,0
一般,BIT*,40,20261943,1,212.52476739739,2.0854756,0.0293818,2.0853198,0,NaN,NaN,1233,2000,1.18692912565275,0.362773511386854,0.958225977497184,NaN,NaN,0
一般,RRT#,40,20261943,1,210.214075621169,0.1186987,0.0159612,0.1185021,0,NaN,NaN,1496,2000,2.21697014486124,1,0.968758882486638,NaN,NaN,0
一般,APF-only,40,20261943,1,229.358752665851,0.0015754,0.0014772,0.0015754,NaN,NaN,NaN,NaN,52,16.5135672987644,0.40276509044968,0.887896147911194,1,5,0
一般,AB-IRRT*,40,20261943,1,209.205084832689,0.0957283,0.0014614,0.0939743,0,0.0014614,0.0941679,1334,2000,2.39580332910849,0.139935637455116,0.973431181869175,1,5,0
一般,RRT*,41,20261944,1,210.784293783027,0.1076713,0.0082392,0.1075002,0,NaN,NaN,1512,2000,3.25304563953888,0.246263656798378,0.966138175320368,NaN,NaN,0
一般,Informed-RRT*,41,20261944,1,210.713741851614,0.104623,0.0071408,0.1044169,0,NaN,NaN,1309,2000,3.81490952407804,0.120185182311218,0.966461661172223,NaN,NaN,0
一般,PRM*,41,20261944,1,210.780812633386,0.3665152,0.0065245,0.3663411,0,NaN,NaN,2002,2000,2.56086222123981,0.483094448351814,0.966154131571413,NaN,NaN,0
一般,FMT*,41,20261944,1,222.648457291081,0.3094913,0.0430118,0.3086641,0,NaN,NaN,2002,2000,8.37245739284837,0.212039982772332,0.914656025285127,NaN,NaN,0
一般,BIT*,41,20261944,1,211.196099215025,1.9368878,0.0540352,1.9367111,0,NaN,NaN,1282,2000,1.80090022295762,0.320260773296461,0.9642543292165,NaN,NaN,0
一般,RRT#,41,20261944,1,209.459849039277,0.1092926,0.0070804,0.109008,0,NaN,NaN,1512,2000,1.87306773989032,0.439719804441804,0.972247205924122,NaN,NaN,0
一般,APF-only,41,20261944,1,229.358752665851,0.0014917,0.0013975,0.0014917,NaN,NaN,NaN,NaN,52,16.5135672987644,0.40276509044968,0.887896147911194,1,5,0
一般,AB-IRRT*,41,20261944,1,209.71350102517,0.0911723,0.0015786,0.0893399,0,0.0015786,0.0895079,1341,2000,3.92617454028104,0.225481921040361,0.971071256672617,1,5,0
一般,RRT*,42,20261945,1,210.9034044252,0.1154997,0.0086909,0.1153453,0,NaN,NaN,1463,2000,3.42775696854433,0.329856411835338,0.965592535297132,NaN,NaN,0
一般,Informed-RRT*,42,20261945,1,210.426750271356,0.1112187,0.0091749,0.110922,0,NaN,NaN,1301,2000,4.31181015136647,0.341507422432734,0.967779774763013,NaN,NaN,0
一般,PRM*,42,20261945,1,210.673750316576,0.3708639,0.0032842,0.3706414,0,NaN,NaN,2002,2000,4.73892531847946,0.276633287038328,0.966645121547932,NaN,NaN,0
一般,FMT*,42,20261945,1,217.862918017709,0.1924909,0.0138137,0.1923185,0,NaN,NaN,2002,2000,1.19286513951692,0.0650321580614737,0.934747201748082,NaN,NaN,0
一般,BIT*,42,20261945,1,209.495396953435,2.3605154,0.0299949,2.360361,0,NaN,NaN,1221,2000,3.02801175273931,0.0874896481539356,0.972082231606216,NaN,NaN,0
一般,RRT#,42,20261945,1,209.304260667501,0.1118293,0.0090072,0.1116407,0,NaN,NaN,1463,2000,1.75347574310472,0.364130095961824,0.972969935405362,NaN,NaN,0
一般,APF-only,42,20261945,1,229.358752665851,0.0022495,0.0021269,0.0022495,NaN,NaN,NaN,NaN,52,16.5135672987644,0.40276509044968,0.887896147911194,1,5,0
一般,AB-IRRT*,42,20261945,1,209.764979683095,0.1021944,0.00258,0.0992236,0,0.00258,0.0994736,1374,2000,5.95615134650294,0.15604694737317,0.970832944991045,1,5,0
一般,RRT*,43,20261946,1,210.006934245252,0.1344054,0.0061217,0.1342941,0,NaN,NaN,1594,2000,2.18082665571519,0.326260697897681,0.969714422590926,NaN,NaN,0
一般,Informed-RRT*,43,20261946,1,209.330450530244,0.1115697,0.0043713,0.1114166,0,NaN,NaN,1370,2000,1.67332604263597,0.236764259477656,0.97284820467294,NaN,NaN,0
一般,PRM*,43,20261946,1,211.851917452959,0.3450552,0.0136187,0.3448949,0,NaN,NaN,2002,2000,3.91834302885268,1,0.961269340538042,NaN,NaN,0
一般,FMT*,43,20261946,1,215.166602150928,0.1270107,0.0058836,0.1268664,0,NaN,NaN,2002,2000,3.05616580230002,0.354974985747786,0.946460793385017,NaN,NaN,0
一般,BIT*,43,20261946,1,210.146875065228,2.2586259,0.0307857,2.2577428,0,NaN,NaN,1139,2000,1.6533403117469,0.32999099336725,0.969068671225853,NaN,NaN,0
一般,RRT#,43,20261946,1,209.506990356227,0.1305944,0.0066598,0.1304209,0,NaN,NaN,1594,2000,1.74184798567656,0.326393772051937,0.97202843988863,NaN,NaN,0
一般,APF-only,43,20261946,1,229.358752665851,0.0014522,0.0013471,0.0014522,NaN,NaN,NaN,NaN,52,16.5135672987644,0.40276509044968,0.887896147911194,1,5,0
一般,AB-IRRT*,43,20261946,1,209.376845710672,0.0812579,0.0014428,0.079587,0,0.0014428,0.0797258,1366,2000,2.51615086047478,0.104680963948898,0.972632634188862,1,5,0
一般,RRT*,44,20261947,1,216.535803581343,0.1242319,0.0064504,0.1241063,0,NaN,NaN,1543,2000,4.65929037545871,1,0.940476122717618,NaN,NaN,0
一般,Informed-RRT*,44,20261947,1,210.188216834176,0.1144129,0.0044006,0.1142151,0,NaN,NaN,1351,2000,2.69378566220746,0.233816701542889,0.968878065807032,NaN,NaN,0
一般,PRM*,44,20261947,1,210.980514766954,0.3378584,0.0051906,0.3377385,0,NaN,NaN,2002,2000,3.59599036010567,0.0850107433265475,0.965239625122114,NaN,NaN,0
一般,FMT*,44,20261947,1,211.98471294275,0.0742705,0.0340378,0.0740965,0,NaN,NaN,2002,2000,2.60147826391934,0.255679355795028,0.96066716394179,NaN,NaN,0
一般,BIT*,44,20261947,1,210.156214070692,1.342601,0.0483516,1.3424339,0,NaN,NaN,1179,2000,1.57814405703997,0.255692678760459,0.969025607366641,NaN,NaN,0
一般,RRT#,44,20261947,1,213.185781202115,0.1374665,0.0093735,0.1372811,0,NaN,NaN,1543,2000,4.71967771602869,0.686687282641602,0.955254857211395,NaN,NaN,0
一般,APF-only,44,20261947,1,229.358752665851,0.0016515,0.0015486,0.0016515,NaN,NaN,NaN,NaN,52,16.5135672987644,0.40276509044968,0.887896147911194,1,5,0
一般,AB-IRRT*,44,20261947,1,210.544458844596,0.0990602,0.0021285,0.0966335,0,0.0021285,0.0968194,1405,2000,2.70607559945792,0.256632708311838,0.96723872050244,1,5,0
一般,RRT*,45,20261948,1,212.486722824611,0.116836,0.0076097,0.1167002,0,NaN,NaN,1538,2000,6.91776364453281,0.147873212630106,0.958397542559954,NaN,NaN,0
一般,Informed-RRT*,45,20261948,1,211.866983994203,0.1152557,0.0068042,0.1150836,0,NaN,NaN,1338,2000,3.92175560054957,0.229105955841331,0.96120098158993,NaN,NaN,0
一般,PRM*,45,20261948,1,212.144299922349,0.3800128,0.000821,0.3798078,0,NaN,NaN,2002,2000,2.82520197399698,0.34127728061859,0.95994449559223,NaN,NaN,0
一般,FMT*,45,20261948,1,213.41854996016,0.1277897,0.0236884,0.1275603,0,NaN,NaN,2002,2000,2.99556538666992,0.0485692669057851,0.9542129914187,NaN,NaN,0
一般,BIT*,45,20261948,1,210.200686594099,2.3138221,0.0494195,2.3136682,0,NaN,NaN,1303,2000,2.38013594801597,0.182394784083231,0.96882058894018,NaN,NaN,0
一般,RRT#,45,20261948,1,209.543316707488,0.1131027,0.0076719,0.1129171,0,NaN,NaN,1538,2000,2.25746448974827,0.167313936966412,0.971859929400692,NaN,NaN,0
一般,APF-only,45,20261948,1,229.358752665851,0.0024176,0.0022604,0.0024176,NaN,NaN,NaN,NaN,52,16.5135672987644,0.40276509044968,0.887896147911194,1,5,0
一般,AB-IRRT*,45,20261948,1,209.395829318227,0.0897111,0.0013106,0.088178,0,0.0013106,0.0883242,1356,2000,2.95701867465979,0.14185880421736,0.97254445632838,1,5,0
一般,RRT*,46,20261949,1,209.113137925604,0.1132953,0.0089379,0.1131473,0,NaN,NaN,1534,2000,2.07358799021204,0.273231776253922,0.973859198909718,NaN,NaN,0
一般,Informed-RRT*,46,20261949,1,209.320837700924,0.1051972,0.0118984,0.1047844,0,NaN,NaN,1317,2000,1.50224504929232,0.201676657220072,0.972892881657078,NaN,NaN,0
一般,PRM*,46,20261949,1,211.507407912632,0.3749411,0.0002015,0.3747952,0,NaN,NaN,2002,2000,2.229045594999,0.160974448306765,0.962835084555745,NaN,NaN,0
一般,FMT*,46,20261949,1,217.380408699972,0.0698053,0.0059407,0.0696366,0,NaN,NaN,2002,2000,0.989097706854077,0.45201630964452,0.936822017216824,NaN,NaN,0
一般,BIT*,46,20261949,1,215.915774352994,1.5092691,0.0290336,1.5090549,0,NaN,NaN,1262,2000,1.57722086641385,0.393341133920899,0.943176817867834,NaN,NaN,0
一般,RRT#,46,20261949,1,209.040844993415,0.1172234,0.0106765,0.1168832,0,NaN,NaN,1534,2000,1.80818604821214,0.261739857242503,0.974195990205364,NaN,NaN,0
一般,APF-only,46,20261949,1,229.358752665851,0.0015712,0.0014682,0.0015712,NaN,NaN,NaN,NaN,52,16.5135672987644,0.40276509044968,0.887896147911194,1,5,0
一般,AB-IRRT*,46,20261949,1,210.012010448139,0.0847449,0.0016203,0.0828719,0,0.0016203,0.0830315,1328,2000,1.6921573985803,0.574378014002411,0.969690983611696,1,5,0
一般,RRT*,47,20261950,1,210.807545434849,0.1126743,0.0076256,0.112538,0,NaN,NaN,1515,2000,3.06575296264761,0.128314817905354,0.966031612206516,NaN,NaN,0
一般,Informed-RRT*,47,20261950,1,210.747036177111,0.1192898,0.0070326,0.1190936,0,NaN,NaN,1337,2000,3.08452259224869,0.306135948793557,0.966308977226052,NaN,NaN,0
一般,PRM*,47,20261950,1,211.652809699401,0.3619232,0.0038103,0.3617776,0,NaN,NaN,2002,2000,2.89348382251393,1,0.962173633654824,NaN,NaN,0
一般,FMT*,47,20261950,1,215.663332008331,0.149338,0.0079264,0.1491803,0,NaN,NaN,2002,2000,5.03000624557453,0.0404565358845623,0.944280843133126,NaN,NaN,0
一般,BIT*,47,20261950,1,209.437063344511,2.1299189,0.0293759,2.1296828,0,NaN,NaN,1151,2000,2.47292032049923,0.040140576255471,0.97235298150996,NaN,NaN,0
一般,RRT#,47,20261950,1,209.480962678711,0.1286538,0.0079281,0.1284694,0,NaN,NaN,1515,2000,2.00351943003967,0.147010649431273,0.9721492128813,NaN,NaN,0
一般,APF-only,47,20261950,1,229.358752665851,0.0015242,0.0014205,0.0015242,NaN,NaN,NaN,NaN,52,16.5135672987644,0.40276509044968,0.887896147911194,1,5,0
一般,AB-IRRT*,47,20261950,1,210.338372024005,0.1040283,0.0018042,0.1019349,0,0.0018042,0.1021262,1348,2000,4.57553539873976,0.284687697811327,0.968186408509829,1,5,0
一般,RRT*,48,20261951,1,210.824984327972,0.1485649,0.0096644,0.148439,0,NaN,NaN,1518,2000,3.80048155045259,0.16243636329127,0.965951704589814,NaN,NaN,0
一般,Informed-RRT*,48,20261951,1,208.93001042236,0.1180145,0.0064564,0.1177966,0,NaN,NaN,1347,2000,1.68757409158724,0.137338931088925,0.974712788124816,NaN,NaN,0
一般,PRM*,48,20261951,1,209.101568814304,0.3998376,0.0003988,0.3996421,0,NaN,NaN,2002,2000,2.69737155520116,0.192760507389117,0.973913080310636,NaN,NaN,0
一般,FMT*,48,20261951,1,212.04942155853,0.0978435,0.010344,0.0976676,0,NaN,NaN,2002,2000,2.22348811712789,0.123603393255458,0.960374008497427,NaN,NaN,0
一般,BIT*,48,20261951,1,209.320894412261,1.9304699,0.0372794,1.930295,0,NaN,NaN,1133,2000,2.03506536274694,0.250900291915645,0.972892618071083,NaN,NaN,0
一般,RRT#,48,20261951,1,209.093567425305,0.1135006,0.008507,0.1133493,0,NaN,NaN,1518,2000,2.24699420904125,0.200395572866263,0.973950349067886,NaN,NaN,0
一般,APF-only,48,20261951,1,229.358752665851,0.0038479,0.0036308,0.0038479,NaN,NaN,NaN,NaN,52,16.5135672987644,0.40276509044968,0.887896147911194,1,5,0
一般,AB-IRRT*,48,20261951,1,209.699432333952,0.0928779,0.0024695,0.0900266,0,0.0024695,0.0902622,1331,2000,3.35156206621443,0.215184672652872,0.971136405640875,1,5,0
一般,RRT*,49,20261952,1,212.7153694947,0.1639508,0.0168271,0.1638014,0,NaN,NaN,1493,2000,4.66936179160336,0.21962747950549,0.957367365910059,NaN,NaN,0
一般,Informed-RRT*,49,20261952,1,210.646905447257,0.1139408,0.0076286,0.1137547,0,NaN,NaN,1333,2000,3.05690872064626,0.526536555552059,0.966768310929286,NaN,NaN,0
一般,PRM*,49,20261952,1,211.613764221032,0.3499804,0.0014225,0.3498334,0,NaN,NaN,2002,2000,3.79492794831435,0.283190011258341,0.962351167143435,NaN,NaN,0
一般,FMT*,49,20261952,1,226.845961490865,0.2145728,0.0170153,0.2143918,0,NaN,NaN,2002,2000,4.39908886484064,0.476535572417632,0.897731445794008,NaN,NaN,0
一般,BIT*,49,20261952,1,209.753411062905,1.4896586,0.1100464,1.4894959,0,NaN,NaN,1151,2000,1.36832123847033,0.238443243700612,0.970886489758451,NaN,NaN,0
一般,RRT#,49,20261952,1,210.823010200559,0.1263977,0.0089386,0.1262162,0,NaN,NaN,1493,2000,3.59043430628591,0.158148266962872,0.965960749673357,NaN,NaN,0
一般,APF-only,49,20261952,1,229.358752665851,0.001576,0.0014731,0.001576,NaN,NaN,NaN,NaN,52,16.5135672987644,0.40276509044968,0.887896147911194,1,5,0
一般,AB-IRRT*,49,20261952,1,209.672840813261,0.0936748,0.0026268,0.0907706,0,0.0026268,0.0909355,1331,2000,3.76683308503478,0.2108969682319,0.971259568916211,1,5,0
一般,RRT*,50,20261953,1,210.33672809679,0.1242837,0.0149883,0.1241489,0,NaN,NaN,1443,2000,2.68525515504956,0.316560819514904,0.968193975557202,NaN,NaN,0
一般,Informed-RRT*,50,20261953,1,210.093222258856,0.1194364,0.0169734,0.1192583,0,NaN,NaN,1312,2000,4.24104700427851,0.811483395642771,0.969316148289697,NaN,NaN,0
一般,PRM*,50,20261953,1,210.474600269671,0.3652035,0.0005635,0.3650468,0,NaN,NaN,2002,2000,2.99828426106493,0.37556078736073,0.967559756477994,NaN,NaN,0
一般,FMT*,50,20261953,1,216.30227020605,0.0952904,0.0070964,0.0951061,0,NaN,NaN,2002,2000,2.72555757955632,0.412334908389482,0.94149151919548,NaN,NaN,0
一般,BIT*,50,20261953,1,209.740978105182,1.8250381,0.0503291,1.8248429,0,NaN,NaN,1192,2000,1.59706285208192,0.340794232452005,0.97094404165313,NaN,NaN,0
一般,RRT#,50,20261953,1,209.263460785082,0.1204241,0.0186959,0.1200078,0,NaN,NaN,1443,2000,2.41437322458831,0.113631181564546,0.973159634356209,NaN,NaN,0
一般,APF-only,50,20261953,1,229.358752665851,0.0014648,0.0013645,0.0014648,NaN,NaN,NaN,NaN,52,16.5135672987644,0.40276509044968,0.887896147911194,1,5,0
一般,AB-IRRT*,50,20261953,1,209.230080228413,0.0844947,0.0015137,0.0827468,0,0.0015137,0.0828946,1348,2000,2.38742301937041,0.167141546650615,0.973314892196227,1,5,0
狭窄,RRT*,1,20262904,1,214.890959422924,0.1144114,0.0121429,0.1142662,0,NaN,NaN,1462,2000,6.14982824613484,0.0309687217185974,0.94767482786901,NaN,NaN,0
狭窄,Informed-RRT*,1,20262904,1,214.84159248317,0.1015674,0.0114421,0.1013933,0,NaN,NaN,1301,2000,4.5337565518969,0.152660865993596,0.947892587407995,NaN,NaN,0
狭窄,PRM*,1,20262904,1,226.093833472831,0.3921941,0.0010928,0.3919905,0,NaN,NaN,2002,2000,3.39700402698572,0.508088046465162,0.900717856182476,NaN,NaN,0
狭窄,FMT*,1,20262904,1,281.756073769027,0.9768307,0.0146554,0.976673,0,NaN,NaN,2002,2000,11.0599385481829,0.179406160735788,0.722776798588794,NaN,NaN,0
狭窄,BIT*,1,20262904,0,Inf,1.8455727,NaN,1.8454286,0,NaN,NaN,1658,2000,NaN,NaN,NaN,NaN,NaN,0
狭窄,RRT#,1,20262904,1,213.213429121842,0.1108309,0.0141125,0.1106775,0,NaN,NaN,1462,2000,3.79456402139338,0.163003498686727,0.955130986919922,NaN,NaN,0
狭窄,APF-only,1,20262904,1,279.791130115633,0.017233,0.0167362,0.017233,NaN,NaN,NaN,NaN,64,46.4502175583217,0.0632608111899984,0.727852783959099,3,5,0
狭窄,AB-IRRT*,1,20262904,1,212.885243942151,0.0585735,0.0136958,0.0412132,0,0.0136958,0.0433332,683,2000,2.34656541775505,0.316946328405102,0.956603422626436,3,5,0
狭窄,RRT*,2,20262905,1,238.962366959406,0.0488904,0.0168327,0.0487765,0,NaN,NaN,805,2000,4.7343016814178,0.0785778958355312,0.852212654121896,NaN,NaN,0
狭窄,Informed-RRT*,2,20262905,1,237.438773494935,0.0440747,0.0175836,0.043898,0,NaN,NaN,693,2000,4.40361173844798,0.044400872448433,0.857681119154156,NaN,NaN,0
狭窄,PRM*,2,20262905,1,219.856291248931,0.3290343,0.0008262,0.3288845,0,NaN,NaN,2002,2000,5.7610171259143,0.104798364415025,0.926272119960159,NaN,NaN,0
狭窄,FMT*,2,20262905,1,242.746403576303,0.1330099,0.0139585,0.1328137,0,NaN,NaN,2002,2000,4.92885566609366,1,0.838927992264622,NaN,NaN,0
狭窄,BIT*,2,20262905,1,238.122981942157,1.0891278,0.0472947,1.0889609,0,NaN,NaN,1202,2000,2.38325638578137,0.0238050122398684,0.855216709117116,NaN,NaN,0
狭窄,RRT#,2,20262905,1,238.723153887289,0.0773042,0.0355338,0.0771395,0,NaN,NaN,805,2000,7.15580302906558,0.0435432976605359,0.85306661572457,NaN,NaN,0
狭窄,APF-only,2,20262905,1,279.791130115633,0.0092877,0.0091595,0.0092877,NaN,NaN,NaN,NaN,64,46.4502175583217,0.0632608111899984,0.727852783959099,3,5,0
狭窄,AB-IRRT*,2,20262905,1,212.885243942151,0.076093,0.0114792,0.0641643,0,0.0114792,0.0644043,976,2000,2.34656541775505,0.316946328405102,0.956603422626436,3,5,0
狭窄,RRT*,3,20262906,1,240.540854374908,0.1026625,0.0139058,0.1024967,0,NaN,NaN,1348,2000,5.51460513930723,0.188735003542245,0.846620228031289,NaN,NaN,0
狭窄,Informed-RRT*,3,20262906,1,259.787962395909,0.0614471,0.0116106,0.0612806,0,NaN,NaN,860,2000,8.14517084597022,0.141963815445285,0.783896032378029,NaN,NaN,0
狭窄,PRM*,3,20262906,1,225.95749523788,0.3124799,0.0001564,0.3123409,0,NaN,NaN,2002,2000,6.55191544508444,0.301991263803384,0.901261331328415,NaN,NaN,0
狭窄,FMT*,3,20262906,1,229.573749364846,0.2564893,0.0274828,0.2559111,0,NaN,NaN,2002,2000,6.65879749876686,0.192313107836776,0.887064629754702,NaN,NaN,0
狭窄,BIT*,3,20262906,0,Inf,1.5641105,NaN,1.5630264,0,NaN,NaN,1651,2000,NaN,NaN,NaN,NaN,NaN,0
狭窄,RRT#,3,20262906,1,238.429946128064,0.1014165,0.0149888,0.1011786,0,NaN,NaN,1348,2000,4.13700203691774,0.704280159256944,0.854115669146459,NaN,NaN,0
狭窄,APF-only,3,20262906,1,279.791130115633,0.0087068,0.0085921,0.0087068,NaN,NaN,NaN,NaN,64,46.4502175583217,0.0632608111899984,0.727852783959099,3,5,0
狭窄,AB-IRRT*,3,20262906,1,212.885243942151,0.0286661,0.0096185,0.0181627,0,0.0096185,0.0188509,171,2000,2.34656541775505,0.316946328405102,0.956603422626436,3,5,0
狭窄,RRT*,4,20262907,1,224.020028674144,0.1024013,0.0061277,0.1022683,0,NaN,NaN,1344,2000,5.69122893759439,0.102822274357107,0.909056008014119,NaN,NaN,0
狭窄,Informed-RRT*,4,20262907,1,224.496500686808,0.0917069,0.0087147,0.0915315,0,NaN,NaN,1132,2000,5.46625040996657,0.026622512221851,0.907126624952745,NaN,NaN,0
狭窄,PRM*,4,20262907,1,240.019145319396,0.3827988,0.0140076,0.3826751,0,NaN,NaN,2002,2000,4.14363442514924,0.421490715213911,0.848460453897253,NaN,NaN,0
狭窄,FMT*,4,20262907,1,255.269442909948,0.7266503,0.0289477,0.7264981,0,NaN,NaN,2002,2000,7.09865334425171,0.814194340267901,0.797771760929358,NaN,NaN,0
狭窄,BIT*,4,20262907,1,228.757070257341,1.274428,0.0383249,1.2742727,0,NaN,NaN,1213,2000,4.17727582118344,0.151484915468226,0.890231513948977,NaN,NaN,0
狭窄,RRT#,4,20262907,1,222.026585152678,0.0933123,0.0075994,0.0931467,0,NaN,NaN,1344,2000,4.98288531678851,0.0194935641485809,0.917217876596564,NaN,NaN,0
狭窄,APF-only,4,20262907,1,279.791130115633,0.0081202,0.0080232,0.0081202,NaN,NaN,NaN,NaN,64,46.4502175583217,0.0632608111899984,0.727852783959099,3,5,0
狭窄,AB-IRRT*,4,20262907,1,212.885243942151,0.0276209,0.0095394,0.0171113,0,0.0095394,0.0173018,147,2000,2.34656541775505,0.316946328405102,0.956603422626436,3,5,0
狭窄,RRT*,5,20262908,1,217.884884457439,0.1058398,0.0079021,0.1057277,0,NaN,NaN,1508,2000,6.05649390770381,0.114354469792808,0.934652963599711,NaN,NaN,0
狭窄,Informed-RRT*,5,20262908,1,226.894331347848,0.0803449,0.0082853,0.0799791,0,NaN,NaN,1142,2000,6.98295617428368,0.161782611051393,0.8975400653334,NaN,NaN,0
狭窄,PRM*,5,20262908,1,223.136823283212,0.3270743,0.0500555,0.3269305,0,NaN,NaN,2002,2000,3.03190464023641,0.534378475455335,0.912654173279373,NaN,NaN,0
狭窄,FMT*,5,20262908,1,250.330435809447,0.6190563,0.0346786,0.6189029,0,NaN,NaN,2002,2000,7.04277246622874,0.894498517447081,0.813511758261559,NaN,NaN,0
狭窄,BIT*,5,20262908,1,233.52225257889,1.1212764,0.0424825,1.1211233,0,NaN,NaN,1238,2000,7.3895961946028,0.35161555210458,0.872065727067824,NaN,NaN,0
狭窄,RRT#,5,20262908,1,215.019818104577,0.0929699,0.00944,0.0928122,0,NaN,NaN,1508,2000,4.70938312941098,0.0869782264709684,0.947106898224053,NaN,NaN,0
狭窄,APF-only,5,20262908,1,279.791130115633,0.0082379,0.0081433,0.0082379,NaN,NaN,NaN,NaN,64,46.4502175583217,0.0632608111899984,0.727852783959099,3,5,0
狭窄,AB-IRRT*,5,20262908,1,212.885243942151,0.0306245,0.0091496,0.0209717,0,0.0091496,0.0213694,186,2000,2.34656541775505,0.316946328405102,0.956603422626436,3,5,0
狭窄,RRT*,6,20262909,1,214.602468986018,0.0965154,0.0083531,0.0964008,0,NaN,NaN,1523,2000,5.49931723962383,0.336371331112929,0.948948788632037,NaN,NaN,0
狭窄,Informed-RRT*,6,20262909,1,216.363687600858,0.0881854,0.0091867,0.0880199,0,NaN,NaN,1306,2000,5.56439426746551,0.107728925967137,0.941224265679033,NaN,NaN,0
狭窄,PRM*,6,20262909,1,222.180371391634,0.2963674,0.0001273,0.2962516,0,NaN,NaN,2002,2000,3.77760350483756,0.418222231268438,0.916583007338485,NaN,NaN,0
狭窄,FMT*,6,20262909,1,254.9232781424,0.160909,0.0529913,0.1607619,0,NaN,NaN,2002,2000,13.6710318002537,0.171216623902623,0.798855069123852,NaN,NaN,0
狭窄,BIT*,6,20262909,0,Inf,1.1357116,NaN,1.1348449,0,NaN,NaN,1653,2000,NaN,NaN,NaN,NaN,NaN,0
狭窄,RRT#,6,20262909,1,214.045773755798,0.1223582,0.0118301,0.1221724,0,NaN,NaN,1523,2000,5.25313874274944,0.195387439559587,0.951416836727941,NaN,NaN,0
狭窄,APF-only,6,20262909,1,279.791130115633,0.0134566,0.013333,0.0134566,NaN,NaN,NaN,NaN,64,46.4502175583217,0.0632608111899984,0.727852783959099,3,5,0
狭窄,AB-IRRT*,6,20262909,1,212.885243942151,0.0285697,0.0085093,0.0196745,0,0.0085093,0.0199404,166,2000,2.34656541775505,0.316946328405102,0.956603422626436,3,5,0
狭窄,RRT*,7,20262910,1,217.260594013767,0.0851845,0.0085614,0.0850546,0,NaN,NaN,1467,2000,5.57106611850039,0.158208415303868,0.937338655020069,NaN,NaN,0
狭窄,Informed-RRT*,7,20262910,1,218.920478278374,0.0972618,0.0089159,0.097081,0,NaN,NaN,1309,2000,6.61468633454901,0.196111311461784,0.930231628321099,NaN,NaN,0
狭窄,PRM*,7,20262910,1,217.942934716662,0.2899091,0.0110144,0.2897882,0,NaN,NaN,2002,2000,4.93512337129331,0.190784420421583,0.934404013814339,NaN,NaN,0
狭窄,FMT*,7,20262910,1,252.249178879998,0.5457825,0.0081371,0.5456598,0,NaN,NaN,2002,2000,2.89395854418946,0.587316092217129,0.807323749817264,NaN,NaN,0
狭窄,BIT*,7,20262910,1,238.920502473002,0.9350324,0.0288786,0.933722,0,NaN,NaN,1164,2000,2.72254282343556,0.188837870252545,0.852361981804963,NaN,NaN,0
狭窄,RRT#,7,20262910,1,215.914318744131,0.1041369,0.009378,0.1039617,0,NaN,NaN,1467,2000,5.04064311105559,0.0922086246145639,0.943183176392561,NaN,NaN,0
狭窄,APF-only,7,20262910,1,279.791130115633,0.008751,0.0086359,0.008751,NaN,NaN,NaN,NaN,64,46.4502175583217,0.0632608111899984,0.727852783959099,3,5,0
狭窄,AB-IRRT*,7,20262910,1,212.885243942151,0.0678824,0.0097234,0.0578814,0,0.0097234,0.0580614,1218,2000,2.34656541775505,0.316946328405102,0.956603422626436,3,5,0
狭窄,RRT*,8,20262911,1,214.858876820127,0.0848954,0.0059669,0.0847972,0,NaN,NaN,1556,2000,6.33778906638507,0.167675462415259,0.947816334124337,NaN,NaN,0
狭窄,Informed-RRT*,8,20262911,1,214.512412144604,0.082074,0.0066969,0.0819338,0,NaN,NaN,1332,2000,4.01380231057189,0.418577370508984,0.9493471773766,NaN,NaN,0
狭窄,PRM*,8,20262911,1,224.296518141222,0.3056835,0.0016551,0.3055644,0,NaN,NaN,2002,2000,5.1832236170892,0.232811542034261,0.907935418121405,NaN,NaN,0
狭窄,FMT*,8,20262911,1,235.232672652113,0.2466509,0.0541146,0.2465167,0,NaN,NaN,2002,2000,14.0462849123841,0.0813027668525024,0.865724776604056,NaN,NaN,0
狭窄,BIT*,8,20262911,0,Inf,1.534371,NaN,1.5342461,0,NaN,NaN,1655,2000,NaN,NaN,NaN,NaN,NaN,0
狭窄,RRT#,8,20262911,1,214.660580306709,0.1188394,0.0096649,0.1186527,0,NaN,NaN,1556,2000,6.00707509002714,0.169094122711094,0.948691896251995,NaN,NaN,0
狭窄,APF-only,8,20262911,1,279.791130115633,0.0085411,0.0084198,0.0085411,NaN,NaN,NaN,NaN,64,46.4502175583217,0.0632608111899984,0.727852783959099,3,5,0
狭窄,AB-IRRT*,8,20262911,1,212.885243942151,0.0734259,0.0089877,0.0641801,0,0.0089877,0.0643245,1111,2000,2.34656541775505,0.316946328405102,0.956603422626436,3,5,0
狭窄,RRT*,9,20262912,1,214.478039716863,0.1104148,0.0081116,0.1102924,0,NaN,NaN,1470,2000,5.18865554326602,0.0479277828307829,0.949499320539129,NaN,NaN,0
狭窄,Informed-RRT*,9,20262912,1,214.255398141008,0.0828819,0.0063979,0.0826684,0,NaN,NaN,1290,2000,5.62700074673174,0.0266755212928871,0.950485984244374,NaN,NaN,0
狭窄,PRM*,9,20262912,1,222.82294005803,0.3495346,0.0807689,0.3493574,0,NaN,NaN,2002,2000,5.29772939876554,0.17687764720521,0.913939798697073,NaN,NaN,0
狭窄,FMT*,9,20262912,1,225.90121973707,0.1944008,0.0566176,0.1933084,0,NaN,NaN,2002,2000,6.94541481436649,0.390768281228219,0.901485849517563,NaN,NaN,0
狭窄,BIT*,9,20262912,0,Inf,1.5040569,NaN,1.5039299,0,NaN,NaN,1665,2000,NaN,NaN,NaN,NaN,NaN,0
狭窄,RRT#,9,20262912,1,213.57461346344,0.1212463,0.0129843,0.1210828,0,NaN,NaN,1470,2000,4.94056683213106,0.0432946306331843,0.953515727732248,NaN,NaN,0
狭窄,APF-only,9,20262912,1,279.791130115633,0.0089776,0.008839,0.0089776,NaN,NaN,NaN,NaN,64,46.4502175583217,0.0632608111899984,0.727852783959099,3,5,0
狭窄,AB-IRRT*,9,20262912,1,212.885243942151,0.0570069,0.0097531,0.0469912,0,0.0097531,0.0471453,640,2000,2.34656541775505,0.316946328405102,0.956603422626436,3,5,0
狭窄,RRT*,10,20262913,1,222.559466268528,0.0585171,0.0095383,0.0584227,0,NaN,NaN,1169,2000,3.49332601094749,0.0878723530068797,0.915021753044722,NaN,NaN,0
狭窄,Informed-RRT*,10,20262913,1,222.90715774967,0.0592268,0.0068182,0.0590791,0,NaN,NaN,990,2000,3.17736428898079,0.426345469334921,0.913594498434302,NaN,NaN,0
狭窄,PRM*,10,20262913,1,223.167882665665,0.3128311,0.000808,0.3127039,0,NaN,NaN,2002,2000,3.68936933732964,0.197831115552612,0.91252715466596,NaN,NaN,0
狭窄,FMT*,10,20262913,1,259.328138950394,0.7672353,0.0125221,0.7670908,0,NaN,NaN,2002,2000,5.909853942598,0.903977393996826,0.785285984798897,NaN,NaN,0
狭窄,BIT*,10,20262913,0,Inf,1.6663226,NaN,1.6662015,0,NaN,NaN,1654,2000,NaN,NaN,NaN,NaN,NaN,0
狭窄,RRT#,10,20262913,1,221.365617061792,0.0886056,0.0112209,0.0884,0,NaN,NaN,1169,2000,2.71229165172255,0.0780356336961319,0.919956566357277,NaN,NaN,0
狭窄,APF-only,10,20262913,1,279.791130115633,0.0092847,0.00917,0.0092847,NaN,NaN,NaN,NaN,64,46.4502175583217,0.0632608111899984,0.727852783959099,3,5,0
狭窄,AB-IRRT*,10,20262913,1,212.885243942151,0.0796371,0.0093503,0.0700425,0,0.0093503,0.0701773,1175,2000,2.34656541775505,0.316946328405102,0.956603422626436,3,5,0
狭窄,RRT*,11,20262914,1,223.401122222452,0.0701289,0.0303726,0.0700343,0,NaN,NaN,1066,2000,4.21523298010472,0.0495185951043782,0.911574440431611,NaN,NaN,0
狭窄,Informed-RRT*,11,20262914,1,225.812956404867,0.05378,0.018887,0.0536367,0,NaN,NaN,967,2000,5.6928796661169,0.537923259382703,0.901838212580687,NaN,NaN,0
狭窄,PRM*,11,20262914,1,238.570366412518,0.2998891,0.002652,0.2997723,0,NaN,NaN,2002,2000,4.52064456466818,1,0.85361294465883,NaN,NaN,0
狭窄,FMT*,11,20262914,1,241.831914894954,0.0980339,0.0073818,0.0978878,0,NaN,NaN,2002,2000,4.04387795188292,0.125718510713621,0.8421004029604,NaN,NaN,0
狭窄,BIT*,11,20262914,1,235.298482018725,1.1790276,0.0575908,1.178872,0,NaN,NaN,1316,2000,6.61573037595942,0.278743414473884,0.865482646698587,NaN,NaN,0
狭窄,RRT#,11,20262914,1,222.131152345512,0.069468,0.029383,0.0692931,0,NaN,NaN,1066,2000,3.61555118861165,0.049160965273618,0.916786100604948,NaN,NaN,0
狭窄,APF-only,11,20262914,1,279.791130115633,0.0092615,0.0091359,0.0092615,NaN,NaN,NaN,NaN,64,46.4502175583217,0.0632608111899984,0.727852783959099,3,5,0
狭窄,AB-IRRT*,11,20262914,1,212.885243942151,0.0300385,0.0099127,0.0198713,0,0.0099127,0.0200106,191,2000,2.34656541775505,0.316946328405102,0.956603422626436,3,5,0
狭窄,RRT*,12,20262915,1,222.47521509831,0.0811031,0.0110265,0.0810078,0,NaN,NaN,1289,2000,2.24124080051361,0.242108923125244,0.915368270985764,NaN,NaN,0
狭窄,Informed-RRT*,12,20262915,1,221.522102168896,0.0665121,0.0079199,0.066372,0,NaN,NaN,1119,2000,3.35712801268766,0.0138589124511235,0.919306701172684,NaN,NaN,0
狭窄,PRM*,12,20262915,1,226.108877035721,0.3076732,0.0283404,0.3075583,0,NaN,NaN,2002,2000,6.37098063756653,0.0442508276714717,0.900657929275167,NaN,NaN,0
狭窄,FMT*,12,20262915,1,241.684377273069,0.5126089,0.0194806,0.512477,0,NaN,NaN,2002,2000,9.14664710837954,0.442446403834899,0.842614468007726,NaN,NaN,0
狭窄,BIT*,12,20262915,0,Inf,1.6338799,NaN,1.6328414,0,NaN,NaN,1652,2000,NaN,NaN,NaN,NaN,NaN,0
狭窄,RRT#,12,20262915,1,221.447754320327,0.0950349,0.0154917,0.0948634,0,NaN,NaN,1289,2000,2.03249055672068,0.23888518346996,0.919615344968224,NaN,NaN,0
狭窄,APF-only,12,20262915,1,279.791130115633,0.0095342,0.0094164,0.0095342,NaN,NaN,NaN,NaN,64,46.4502175583217,0.0632608111899984,0.727852783959099,3,5,0
狭窄,AB-IRRT*,12,20262915,1,212.885243942151,0.0300944,0.0094475,0.0204141,0,0.0094475,0.0205407,189,2000,2.34656541775505,0.316946328405102,0.956603422626436,3,5,0
狭窄,RRT*,13,20262916,1,214.052393135705,0.1020307,0.0088928,0.1019225,0,NaN,NaN,1478,2000,4.4206103109134,0.15375425064429,0.951387415008333,NaN,NaN,0
狭窄,Informed-RRT*,13,20262916,1,214.388096349106,0.0799686,0.0093398,0.0798227,0,NaN,NaN,1296,2000,5.72169957200362,0.0759125568354904,0.94989766899236,NaN,NaN,0
狭窄,PRM*,13,20262916,1,239.162632679482,0.3143483,0.0015928,0.3142388,0,NaN,NaN,2002,2000,3.72572966815953,0.245441338766575,0.851499043559396,NaN,NaN,0
狭窄,FMT*,13,20262916,1,259.792021053853,0.7306116,0.0064913,0.7304519,0,NaN,NaN,2002,2000,3.53821543583464,1,0.783883785789985,NaN,NaN,0
狭窄,BIT*,13,20262916,1,242.775967519688,0.8802653,0.0378709,0.8801053,0,NaN,NaN,1165,2000,3.19757292239158,0.578154285822673,0.838825832154127,NaN,NaN,0
狭窄,RRT#,13,20262916,1,212.593730689012,0.1092135,0.0119012,0.1090437,0,NaN,NaN,1478,2000,3.81768019604304,0.034499817231648,0.957915138521303,NaN,NaN,0
狭窄,APF-only,13,20262916,1,279.791130115633,0.0085795,0.0084592,0.0085795,NaN,NaN,NaN,NaN,64,46.4502175583217,0.0632608111899984,0.727852783959099,3,5,0
狭窄,AB-IRRT*,13,20262916,1,212.885243942151,0.0278171,0.0087957,0.0187891,0,0.0087957,0.0189136,172,2000,2.34656541775505,0.316946328405102,0.956603422626436,3,5,0
狭窄,RRT*,14,20262917,1,217.607695882014,0.1102566,0.0066202,0.1101371,0,NaN,NaN,1448,2000,5.45028057491188,0.0586653448376708,0.935843524082632,NaN,NaN,0
狭窄,Informed-RRT*,14,20262917,1,216.450675858694,0.0889662,0.0062342,0.0887742,0,NaN,NaN,1206,2000,5.63137191016885,0.0830078012355528,0.940846001860823,NaN,NaN,0
狭窄,PRM*,14,20262917,1,224.738607359128,0.338402,0.0021141,0.3382717,0,NaN,NaN,2002,2000,5.36000158741936,0.388824789732896,0.906149394511029,NaN,NaN,0
狭窄,FMT*,14,20262917,1,257.462269761535,0.6546943,0.0161582,0.6545513,0,NaN,NaN,2002,2000,7.93348156045989,0.190679393068802,0.790977074700483,NaN,NaN,0
狭窄,BIT*,14,20262917,1,246.721777785684,1.249258,0.062901,1.2478775,0,NaN,NaN,1266,2000,3.65088028172528,0.440363786831234,0.825410528448058,NaN,NaN,0
狭窄,RRT#,14,20262917,1,216.387595877655,0.1205205,0.0093602,0.1203531,0,NaN,NaN,1448,2000,5.01889518075744,0.0171091762654338,0.94112027150053,NaN,NaN,0
狭窄,APF-only,14,20262917,1,279.791130115633,0.0076139,0.0075232,0.0076139,NaN,NaN,NaN,NaN,64,46.4502175583217,0.0632608111899984,0.727852783959099,3,5,0
狭窄,AB-IRRT*,14,20262917,1,212.885243942151,0.0613099,0.0080909,0.052991,0,0.0080909,0.0531173,1102,2000,2.34656541775505,0.316946328405102,0.956603422626436,3,5,0
狭窄,RRT*,15,20262918,1,215.014391324897,0.1073231,0.0065823,0.107217,0,NaN,NaN,1550,2000,5.21847333521457,0.04556834747126,0.94713080239362,NaN,NaN,0
狭窄,Informed-RRT*,15,20262918,1,214.036593321218,0.0947354,0.0085938,0.0945688,0,NaN,NaN,1305,2000,3.98081284028392,0.183121327521622,0.951457644796749,NaN,NaN,0
狭窄,PRM*,15,20262918,1,221.940436224942,0.330843,0.0062334,0.3307109,0,NaN,NaN,2002,2000,3.01898033166515,0.106113606425929,0.917573906069667,NaN,NaN,0
狭窄,FMT*,15,20262918,1,232.377496775748,0.2285465,0.0321787,0.228408,0,NaN,NaN,2002,2000,8.66749397957915,0.132025087628973,0.876361763971715,NaN,NaN,0
狭窄,BIT*,15,20262918,1,241.072563744412,0.9415621,0.0522247,0.9413908,0,NaN,NaN,1174,2000,6.10329497322066,0.464296936241027,0.844752923429457,NaN,NaN,0
狭窄,RRT#,15,20262918,1,214.926739101849,0.1334327,0.012218,0.1332345,0,NaN,NaN,1550,2000,4.70698548781285,0.0421023832188254,0.947517064804219,NaN,NaN,0
狭窄,APF-only,15,20262918,1,279.791130115633,0.0086103,0.0084979,0.0086103,NaN,NaN,NaN,NaN,64,46.4502175583217,0.0632608111899984,0.727852783959099,3,5,0
狭窄,AB-IRRT*,15,20262918,1,212.885243942151,0.0284713,0.0093912,0.0188529,0,0.0093912,0.0189832,168,2000,2.34656541775505,0.316946328405102,0.956603422626436,3,5,0
狭窄,RRT*,16,20262919,1,269.448556867226,0.0199532,0.0198275,0.0198722,0,NaN,NaN,365,2000,7.08019183648828,0.820952365259877,0.755790846866829,NaN,NaN,0
狭窄,Informed-RRT*,16,20262919,1,269.448556867226,0.0237709,0.0230294,0.0230782,0,NaN,NaN,364,2000,7.08019183648828,0.820952365259877,0.755790846866829,NaN,NaN,0
狭窄,PRM*,16,20262919,1,222.268481930151,0.3037864,0.0013803,0.3036624,0,NaN,NaN,2002,2000,2.8466584504503,0.191001831297186,0.916219660175315,NaN,NaN,0
狭窄,FMT*,16,20262919,1,234.443077148992,0.2620373,0.0062536,0.2619112,0,NaN,NaN,2002,2000,4.99766781463385,0.687018441876758,0.868640505227225,NaN,NaN,0
狭窄,BIT*,16,20262919,0,Inf,1.509728,NaN,1.5096182,0,NaN,NaN,1658,2000,NaN,NaN,NaN,NaN,NaN,0
狭窄,RRT#,16,20262919,1,269.448556867226,0.0275669,0.0273569,0.0274281,0,NaN,NaN,365,2000,7.08019183648828,0.820952365259877,0.755790846866829,NaN,NaN,0
狭窄,APF-only,16,20262919,1,279.791130115633,0.0097107,0.0095954,0.0097107,NaN,NaN,NaN,NaN,64,46.4502175583217,0.0632608111899984,0.727852783959099,3,5,0
狭窄,AB-IRRT*,16,20262919,1,212.885243942151,0.0790738,0.0108031,0.0680263,0,0.0108031,0.0681617,1206,2000,2.34656541775505,0.316946328405102,0.956603422626436,3,5,0
狭窄,RRT*,17,20262920,1,250.11990866843,0.0481228,0.0152695,0.0480153,0,NaN,NaN,865,2000,7.18030403177213,0.105075348775316,0.814196495056651,NaN,NaN,0
狭窄,Informed-RRT*,17,20262920,1,252.085049536965,0.0387228,0.0143592,0.0385697,0,NaN,NaN,686,2000,6.93061973856148,0.146978069538376,0.807849387957708,NaN,NaN,0
狭窄,PRM*,17,20262920,1,221.713041142495,0.2799512,0.0009043,0.2798184,0,NaN,NaN,2002,2000,5.40367174444629,0.0122532009425971,0.918514995474902,NaN,NaN,0
狭窄,FMT*,17,20262920,1,238.042842192098,0.4252285,0.0109781,0.4249562,0,NaN,NaN,2002,2000,6.7640504481291,0.135451585073369,0.855504627261108,NaN,NaN,0
狭窄,BIT*,17,20262920,1,220.653189156205,1.5202755,0.0366297,1.5201224,0,NaN,NaN,1221,2000,5.46487021749274,0.206514320980176,0.922926850776493,NaN,NaN,0
狭窄,RRT#,17,20262920,1,245.256805996474,0.0486764,0.0167173,0.0485334,0,NaN,NaN,865,2000,5.43957922558374,0.0622065687307973,0.830340883525381,NaN,NaN,0
狭窄,APF-only,17,20262920,1,279.791130115633,0.0068931,0.0068011,0.0068931,NaN,NaN,NaN,NaN,64,46.4502175583217,0.0632608111899984,0.727852783959099,3,5,0
狭窄,AB-IRRT*,17,20262920,1,212.885243942151,0.0537422,0.0068832,0.0466401,0,0.0068832,0.0467672,1074,2000,2.34656541775505,0.316946328405102,0.956603422626436,3,5,0
狭窄,RRT*,18,20262921,1,222.56607606714,0.0936202,0.0073718,0.0935077,0,NaN,NaN,1501,2000,6.25333772864192,0.0132047149231909,0.914994578600077,NaN,NaN,0
狭窄,Informed-RRT*,18,20262921,1,213.435412609263,0.087951,0.0090164,0.087789,0,NaN,NaN,1301,2000,4.50675544517345,0.0676825434611956,0.954137602997222,NaN,NaN,0
狭窄,PRM*,18,20262921,1,223.292978668134,0.3084146,0.0083429,0.3082911,0,NaN,NaN,2002,2000,4.89438825197542,0.427197382872154,0.912015927219961,NaN,NaN,0
狭窄,FMT*,18,20262921,1,234.503132833463,0.2424296,0.0253383,0.2422817,0,NaN,NaN,2002,2000,8.90807041842977,1,0.868418048497243,NaN,NaN,0
狭窄,BIT*,18,20262921,0,Inf,1.2829464,NaN,1.2821342,0,NaN,NaN,1633,2000,NaN,NaN,NaN,NaN,NaN,0
狭窄,RRT#,18,20262921,1,218.497950304872,0.1040415,0.0125468,0.10386,0,NaN,NaN,1501,2000,5.84130658312758,0.0172105314655084,0.932030495927195,NaN,NaN,0
狭窄,APF-only,18,20262921,1,279.791130115633,0.0082181,0.0080987,0.0082181,NaN,NaN,NaN,NaN,64,46.4502175583217,0.0632608111899984,0.727852783959099,3,5,0
狭窄,AB-IRRT*,18,20262921,1,212.885243942151,0.0650603,0.0098677,0.0549517,0,0.0098677,0.0550859,982,2000,2.34656541775505,0.316946328405102,0.956603422626436,3,5,0
狭窄,RRT*,19,20262922,1,223.607059667334,0.0768415,0.0117907,0.0767406,0,NaN,NaN,1204,2000,4.21971097734294,0.0663117488062541,0.910734899357365,NaN,NaN,0
狭窄,Informed-RRT*,19,20262922,1,223.031526043181,0.0674408,0.0112794,0.0672785,0,NaN,NaN,1015,2000,3.85928946055535,0.140017189875287,0.913085053914297,NaN,NaN,0
狭窄,PRM*,19,20262922,1,222.06717503756,0.3215083,0.0037061,0.3213833,0,NaN,NaN,2002,2000,2.45995815819125,0.0952746653072705,0.917050225668342,NaN,NaN,0
狭窄,FMT*,19,20262922,1,253.624289325936,0.6749455,0.0262049,0.6739913,0,NaN,NaN,2002,2000,6.74365565114671,1,0.802946569206613,NaN,NaN,0
狭窄,BIT*,19,20262922,1,223.475857020436,0.9510713,0.0326583,0.9509197,0,NaN,NaN,1063,2000,3.67504277309809,1,0.911269591699578,NaN,NaN,0
狭窄,RRT#,19,20262922,1,223.413013973466,0.0814635,0.0131562,0.0813155,0,NaN,NaN,1204,2000,4.99930223395623,0.190462552629788,0.91152591946104,NaN,NaN,0
狭窄,APF-only,19,20262922,1,279.791130115633,0.0093992,0.0093017,0.0093992,NaN,NaN,NaN,NaN,64,46.4502175583217,0.0632608111899984,0.727852783959099,3,5,0
狭窄,AB-IRRT*,19,20262922,1,212.885243942151,0.0673218,0.0058778,0.0612441,0,0.0058778,0.0613531,1107,2000,2.34656541775505,0.316946328405102,0.956603422626436,3,5,0
狭窄,RRT*,20,20262923,1,216.223297667697,0.0988926,0.0152183,0.0987799,0,NaN,NaN,1465,2000,6.73241581979209,0.0180972982736733,0.941835385818139,NaN,NaN,0
狭窄,Informed-RRT*,20,20262923,1,218.094055359975,0.0933894,0.0149702,0.0932266,0,NaN,NaN,1225,2000,5.95078344569843,0.111925162298675,0.933756551253068,NaN,NaN,0
狭窄,PRM*,20,20262923,1,222.797680183086,0.3319533,0.0027902,0.3318132,0,NaN,NaN,2002,2000,4.84398837204853,0.304407250331924,0.914043417392754,NaN,NaN,0
狭窄,FMT*,20,20262923,1,251.466393435637,0.5639457,0.007701,0.5638136,0,NaN,NaN,2002,2000,10.0943329807047,0.294960713956072,0.809836854139514,NaN,NaN,0
狭窄,BIT*,20,20262923,0,Inf,1.6291876,NaN,1.6290665,0,NaN,NaN,1665,2000,NaN,NaN,NaN,NaN,NaN,0
狭窄,RRT#,20,20262923,1,216.223297667697,0.1043471,0.0231161,0.1040467,0,NaN,NaN,1465,2000,6.73241581979209,0.0180972982736733,0.941835385818139,NaN,NaN,0
狭窄,APF-only,20,20262923,1,279.791130115633,0.0078569,0.0077448,0.0078569,NaN,NaN,NaN,NaN,64,46.4502175583217,0.0632608111899984,0.727852783959099,3,5,0
狭窄,AB-IRRT*,20,20262923,1,212.885243942151,0.0656903,0.0086747,0.0567929,0,0.0086747,0.0569215,1086,2000,2.34656541775505,0.316946328405102,0.956603422626436,3,5,0
狭窄,RRT*,21,20262924,1,216.826042659308,0.0883265,0.0088797,0.0882265,0,NaN,NaN,1488,2000,5.4380868485511,0.177610486770696,0.939217219869246,NaN,NaN,0
狭窄,Informed-RRT*,21,20262924,1,221.560850321248,0.0902117,0.0115447,0.0900769,0,NaN,NaN,1271,2000,7.48440015453902,0.112943162821793,0.91914592621599,NaN,NaN,0
狭窄,PRM*,21,20262924,1,224.26290601247,0.3091454,0.0072228,0.3090273,0,NaN,NaN,2002,2000,3.90824884457952,0.0430553817985988,0.908071497880267,NaN,NaN,0
狭窄,FMT*,21,20262924,1,227.945513244323,0.2760956,0.0366539,0.2759443,0,NaN,NaN,2002,2000,8.9497020785257,0.243462782484301,0.893401015370927,NaN,NaN,0
狭窄,BIT*,21,20262924,0,Inf,1.4133755,NaN,1.4132518,0,NaN,NaN,1644,2000,NaN,NaN,NaN,NaN,NaN,0
狭窄,RRT#,21,20262924,1,215.064556946352,0.1136147,0.0120812,0.1134267,0,NaN,NaN,1488,2000,4.33385166927968,0.123952752912595,0.946909876147214,NaN,NaN,0
狭窄,APF-only,21,20262924,1,279.791130115633,0.009605,0.009406,0.009605,NaN,NaN,NaN,NaN,64,46.4502175583217,0.0632608111899984,0.727852783959099,3,5,0
狭窄,AB-IRRT*,21,20262924,1,212.885243942151,0.0813625,0.008317,0.0727571,0,0.008317,0.072919,1218,2000,2.34656541775505,0.316946328405102,0.956603422626436,3,5,0
狭窄,RRT*,22,20262925,1,221.839976635359,0.0805086,0.0122869,0.080407,0,NaN,NaN,1225,2000,3.71009762105273,0.148064653475323,0.917989426749997,NaN,NaN,0
狭窄,Informed-RRT*,22,20262925,1,215.356274613154,0.0613306,0.0084602,0.0611901,0,NaN,NaN,1027,2000,6.43426605871381,0.019144278754009,0.945627209365213,NaN,NaN,0
狭窄,PRM*,22,20262925,1,226.86952907217,0.3134368,0.0136727,0.3133076,0,NaN,NaN,2002,2000,5.02180589848977,0.28165869356063,0.897638187969011,NaN,NaN,0
狭窄,FMT*,22,20262925,1,255.353129012325,0.527278,0.0072458,0.527141,0,NaN,NaN,2002,2000,6.44644065158658,0.120849919516569,0.797510309622627,NaN,NaN,0
狭窄,BIT*,22,20262925,0,Inf,1.495724,NaN,1.4955667,0,NaN,NaN,1674,2000,NaN,NaN,NaN,NaN,NaN,0
狭窄,RRT#,22,20262925,1,217.738287445125,0.0893782,0.0157927,0.0892145,0,NaN,NaN,1225,2000,6.17620305305889,0.227666933598591,0.935282238926628,NaN,NaN,0
狭窄,APF-only,22,20262925,1,279.791130115633,0.0085093,0.0084048,0.0085093,NaN,NaN,NaN,NaN,64,46.4502175583217,0.0632608111899984,0.727852783959099,3,5,0
狭窄,AB-IRRT*,22,20262925,1,212.885243942151,0.0314001,0.0084016,0.0227516,0,0.0084016,0.0228869,182,2000,2.34656541775505,0.316946328405102,0.956603422626436,3,5,0
狭窄,RRT*,23,20262926,1,216.290062049961,0.0811917,0.0065185,0.0811011,0,NaN,NaN,1441,2000,5.49386671324483,0.0503619799312212,0.941544660219687,NaN,NaN,0
狭窄,Informed-RRT*,23,20262926,1,214.850248766364,0.0810774,0.0080887,0.0808829,0,NaN,NaN,1293,2000,5.07429259192245,0.116889429228451,0.947854396962691,NaN,NaN,0
狭窄,PRM*,23,20262926,1,238.837544830636,0.3267614,0.0147242,0.3266206,0,NaN,NaN,2002,2000,2.72716241295186,0.123998011343593,0.852658040536026,NaN,NaN,0
狭窄,FMT*,23,20262926,1,242.212666575332,0.5268257,0.0350163,0.5266432,0,NaN,NaN,2002,2000,10.8899221892057,1,0.840776644182595,NaN,NaN,0
狭窄,BIT*,23,20262926,0,Inf,1.7006448,NaN,1.7005145,0,NaN,NaN,1630,2000,NaN,NaN,NaN,NaN,NaN,0
狭窄,RRT#,23,20262926,1,214.548245584245,0.102521,0.0112583,0.1023216,0,NaN,NaN,1441,2000,4.43523095227971,0.117428264805781,0.949188619217867,NaN,NaN,0
狭窄,APF-only,23,20262926,1,279.791130115633,0.0085627,0.0084409,0.0085627,NaN,NaN,NaN,NaN,64,46.4502175583217,0.0632608111899984,0.727852783959099,3,5,0
狭窄,AB-IRRT*,23,20262926,1,212.885243942151,0.0285585,0.0081199,0.0201604,0,0.0081199,0.0203262,189,2000,2.34656541775505,0.316946328405102,0.956603422626436,3,5,0
狭窄,RRT*,24,20262927,1,222.115801308752,0.0947226,0.0119508,0.0945918,0,NaN,NaN,1291,2000,3.77332690104411,0.0934995972557573,0.916849462225547,NaN,NaN,0
狭窄,Informed-RRT*,24,20262927,1,224.414132419764,0.0785551,0.0132467,0.0783802,0,NaN,NaN,1103,2000,5.40083120888224,0.174805160112591,0.907459573895314,NaN,NaN,0
狭窄,PRM*,24,20262927,1,237.639417464701,0.3392872,0.0281802,0.3391499,0,NaN,NaN,2002,2000,3.57726108587517,0.741210322459587,0.856956960904751,NaN,NaN,0
狭窄,FMT*,24,20262927,1,230.265695261573,0.2088905,0.0542823,0.2087212,0,NaN,NaN,2002,2000,11.6078610932659,0.249072721765948,0.884399010240716,NaN,NaN,0
狭窄,BIT*,24,20262927,0,Inf,1.2293984,NaN,1.2292614,0,NaN,NaN,1653,2000,NaN,NaN,NaN,NaN,NaN,0
狭窄,RRT#,24,20262927,1,222.786816290745,0.1121657,0.0185586,0.1119989,0,NaN,NaN,1291,2000,4.76170509989085,0.157940326208454,0.914087989461456,NaN,NaN,0
狭窄,APF-only,24,20262927,1,279.791130115633,0.0093741,0.0092601,0.0093741,NaN,NaN,NaN,NaN,64,46.4502175583217,0.0632608111899984,0.727852783959099,3,5,0
狭窄,AB-IRRT*,24,20262927,1,212.885243942151,0.0313511,0.0134563,0.0176076,0,0.0134563,0.0177741,152,2000,2.34656541775505,0.316946328405102,0.956603422626436,3,5,0
狭窄,RRT*,25,20262928,1,248.414892861086,0.0727702,0.0124824,0.0726493,0,NaN,NaN,1139,2000,7.57334200177653,0.0235432754837124,0.819784798875185,NaN,NaN,0
狭窄,Informed-RRT*,25,20262928,1,248.140374364719,0.0457069,0.0141884,0.0454929,0,NaN,NaN,858,2000,7.54024684120282,0.224790871471061,0.820691729441835,NaN,NaN,0
狭窄,PRM*,25,20262928,1,222.944916793876,0.3173349,0.0145661,0.3171955,0,NaN,NaN,2002,2000,4.28471178440461,0.0441823655715616,0.913439767590697,NaN,NaN,0
狭窄,FMT*,25,20262928,1,230.508337598713,0.2190576,0.0126765,0.2189053,0,NaN,NaN,2002,2000,9.82238593360789,0.184231608919617,0.883468056310613,NaN,NaN,0
狭窄,BIT*,25,20262928,1,218.403829419685,1.3481623,0.0744587,1.3480011,0,NaN,NaN,1278,2000,5.0843575216535,0.0169917666838444,0.932432153423454,NaN,NaN,0
狭窄,RRT#,25,20262928,1,239.705942391489,0.0806995,0.0128087,0.0805476,0,NaN,NaN,1139,2000,5.10160345365216,0.017652324616062,0.849569063453289,NaN,NaN,0
狭窄,APF-only,25,20262928,1,279.791130115633,0.0063718,0.006277,0.0063718,NaN,NaN,NaN,NaN,64,46.4502175583217,0.0632608111899984,0.727852783959099,3,5,0
狭窄,AB-IRRT*,25,20262928,1,212.885243942151,0.0336437,0.0178706,0.0154109,0,0.0178706,0.0155557,179,2000,2.34656541775505,0.316946328405102,0.956603422626436,3,5,0
狭窄,RRT*,26,20262929,1,252.076582961969,0.0320792,0.0165635,0.0319622,0,NaN,NaN,564,2000,9.44048840566798,0.0798065766122846,0.80787652144765,NaN,NaN,0
狭窄,Informed-RRT*,26,20262929,1,250.923960108332,0.0307374,0.0163576,0.030561,0,NaN,NaN,495,2000,7.30540414875652,0.0729867686541912,0.811587513977561,NaN,NaN,0
狭窄,PRM*,26,20262929,1,228.385271815506,0.4197933,0.0011078,0.4195431,0,NaN,NaN,2002,2000,3.5305767022242,0.903077230587936,0.891680761035394,NaN,NaN,0
狭窄,FMT*,26,20262929,1,251.17021211389,0.711375,0.0135962,0.7111136,0,NaN,NaN,2002,2000,4.18429689570146,1,0.810791818296449,NaN,NaN,0
狭窄,BIT*,26,20262929,1,237.577947873606,1.5287321,0.1012801,1.5285423,0,NaN,NaN,1251,2000,2.82400194527268,0.31383309207351,0.857178685161755,NaN,NaN,0
狭窄,RRT#,26,20262929,1,250.070949750972,0.0332374,0.0185268,0.03308,0,NaN,NaN,564,2000,9.53989192480996,0.0790735440025969,0.81435589853409,NaN,NaN,0
狭窄,APF-only,26,20262929,1,279.791130115633,0.0106729,0.0105444,0.0106729,NaN,NaN,NaN,NaN,64,46.4502175583217,0.0632608111899984,0.727852783959099,3,5,0
狭窄,AB-IRRT*,26,20262929,1,212.885243942151,0.0650394,0.007482,0.057286,0,0.007482,0.0574409,1002,2000,2.34656541775505,0.316946328405102,0.956603422626436,3,5,0
狭窄,RRT*,27,20262930,1,223.105773532789,0.0920035,0.0116441,0.0917858,0,NaN,NaN,1361,2000,5.21515612605038,0.431052480443364,0.912781187851227,NaN,NaN,0
狭窄,Informed-RRT*,27,20262930,1,227.097080318733,0.077113,0.0086208,0.0769434,0,NaN,NaN,1150,2000,5.30081256885742,0.353551204532378,0.896738754615009,NaN,NaN,0
狭窄,PRM*,27,20262930,1,222.501739541938,0.3728397,0.0034395,0.3726507,0,NaN,NaN,2002,2000,3.5468390412903,0.134173731488429,0.915259149887866,NaN,NaN,0
狭窄,FMT*,27,20262930,1,243.59605840021,0.4157882,0.0100867,0.4156062,0,NaN,NaN,2002,2000,5.2095334042599,1,0.836001839763553,NaN,NaN,0
狭窄,BIT*,27,20262930,1,239.00293517664,1.4982866,0.0552484,1.4971253,0,NaN,NaN,1296,2000,3.73687322450063,1,0.852068000048687,NaN,NaN,0
狭窄,RRT#,27,20262930,1,222.350364265359,0.0998255,0.0155456,0.0996595,0,NaN,NaN,1361,2000,3.54445251752687,0.184459978079886,0.915882254812445,NaN,NaN,0
狭窄,APF-only,27,20262930,1,279.791130115633,0.0085453,0.0084421,0.0085453,NaN,NaN,NaN,NaN,64,46.4502175583217,0.0632608111899984,0.727852783959099,3,5,0
狭窄,AB-IRRT*,27,20262930,1,212.885243942151,0.0280162,0.0100569,0.017664,0,0.0100569,0.0178259,164,2000,2.34656541775505,0.316946328405102,0.956603422626436,3,5,0
狭窄,RRT*,28,20262931,1,250.895026285724,0.0879318,0.0132101,0.0877898,0,NaN,NaN,1221,2000,9.05773626382028,0.0606075793137713,0.811681108216983,NaN,NaN,0
狭窄,Informed-RRT*,28,20262931,1,251.785917962186,0.0532057,0.0106227,0.0530261,0,NaN,NaN,878,2000,8.82155297018039,0.113626311636751,0.808809144808131,NaN,NaN,0
狭窄,PRM*,28,20262931,1,224.055198138724,0.3736152,0.0071294,0.3733948,0,NaN,NaN,2002,2000,3.44736693506243,0.0431434420359995,0.908913315439518,NaN,NaN,0
狭窄,FMT*,28,20262931,1,244.952401523998,0.5818765,0.0260181,0.5816835,0,NaN,NaN,2002,2000,6.83948188300606,0.708435362524967,0.831372755338242,NaN,NaN,0
狭窄,BIT*,28,20262931,0,Inf,2.0207534,NaN,2.020589,0,NaN,NaN,1654,2000,NaN,NaN,NaN,NaN,NaN,0
狭窄,RRT#,28,20262931,1,244.461385573319,0.098781,0.0171038,0.0986107,0,NaN,NaN,1221,2000,6.49993450112372,0.0589123497343476,0.833042619406442,NaN,NaN,0
狭窄,APF-only,28,20262931,1,279.791130115633,0.010101,0.0099644,0.010101,NaN,NaN,NaN,NaN,64,46.4502175583217,0.0632608111899984,0.727852783959099,3,5,0
狭窄,AB-IRRT*,28,20262931,1,212.885243942151,0.0306187,0.0101673,0.0201172,0,0.0101673,0.0203182,176,2000,2.34656541775505,0.316946328405102,0.956603422626436,3,5,0
狭窄,RRT*,29,20262932,1,221.613750947705,0.1115499,0.0086582,0.1113959,0,NaN,NaN,1476,2000,6.81781563607535,0.0153292559579299,0.918926520176903,NaN,NaN,0
狭窄,Informed-RRT*,29,20262932,1,216.687815182107,0.0945186,0.0073477,0.0943035,0,NaN,NaN,1213,2000,6.44005355801589,0.00847984123025469,0.939816356589217,NaN,NaN,0
狭窄,PRM*,29,20262932,1,228.415841106612,0.3658728,0.0039404,0.3657061,0,NaN,NaN,2002,2000,2.75759730980604,1,0.891561425841192,NaN,NaN,0
狭窄,FMT*,29,20262932,1,240.056993908016,0.447923,0.0126149,0.4477123,0,NaN,NaN,2002,2000,8.01009790570494,0.0608692181514687,0.848326681370334,NaN,NaN,0
狭窄,BIT*,29,20262932,1,218.948757944047,1.6502422,0.0404578,1.6494716,0,NaN,NaN,1197,2000,4.86250946186633,0.125044115057037,0.930111478566908,NaN,NaN,0
狭窄,RRT#,29,20262932,1,217.211601930091,0.1274136,0.0072052,0.1272188,0,NaN,NaN,1476,2000,5.94503292172127,0.013603935730309,0.937550071783315,NaN,NaN,0
狭窄,APF-only,29,20262932,1,279.791130115633,0.0075759,0.007458,0.0075759,NaN,NaN,NaN,NaN,64,46.4502175583217,0.0632608111899984,0.727852783959099,3,5,0
狭窄,AB-IRRT*,29,20262932,1,212.885243942151,0.0347833,0.006766,0.0277821,0,0.006766,0.027921,166,2000,2.34656541775505,0.316946328405102,0.956603422626436,3,5,0
狭窄,RRT*,30,20262933,1,220.454213011486,0.1014385,0.0085308,0.1013009,0,NaN,NaN,1493,2000,6.5937952754589,0.066429196285166,0.923759860153436,NaN,NaN,0
狭窄,Informed-RRT*,30,20262933,1,223.645702435879,0.1030632,0.0101053,0.1028826,0,NaN,NaN,1246,2000,8.2147270010077,0.158880767868197,0.910577537433846,NaN,NaN,0
狭窄,PRM*,30,20262933,1,224.958246573332,0.4201125,0.0034496,0.4198961,0,NaN,NaN,2002,2000,6.92432693828763,0.0639884160924034,0.905264670594508,NaN,NaN,0
狭窄,FMT*,30,20262933,1,262.354257796852,0.7908087,0.0212246,0.7906128,0,NaN,NaN,2002,2000,9.70512377166489,0.261600077000209,0.776228122584596,NaN,NaN,0
狭窄,BIT*,30,20262933,1,236.314028066137,1.1788653,0.0666067,1.1786775,0,NaN,NaN,1263,2000,3.24047764196084,0.260703644208305,0.861763284423941,NaN,NaN,0
狭窄,RRT#,30,20262933,1,219.732486590061,0.1153776,0.0150795,0.1152009,0,NaN,NaN,1493,2000,6.23686526928037,0.108566133520055,0.926794012765418,NaN,NaN,0
狭窄,APF-only,30,20262933,1,279.791130115633,0.006378,0.0062746,0.006378,NaN,NaN,NaN,NaN,64,46.4502175583217,0.0632608111899984,0.727852783959099,3,5,0
狭窄,AB-IRRT*,30,20262933,1,212.885243942151,0.0295413,0.0100569,0.0192291,0,0.0100569,0.0193738,181,2000,2.34656541775505,0.316946328405102,0.956603422626436,3,5,0
狭窄,RRT*,31,20262934,1,237.508352062695,0.0522905,0.0098056,0.0521729,0,NaN,NaN,887,2000,4.7693900561447,0.0585936163949299,0.857429859679077,NaN,NaN,0
狭窄,Informed-RRT*,31,20262934,1,247.218283619599,0.0272486,0.0086896,0.0271124,0,NaN,NaN,615,2000,9.23370211101772,0.131689273849204,0.823752798539293,NaN,NaN,0
狭窄,PRM*,31,20262934,1,223.28495693107,0.3150589,0.0493331,0.3149331,0,NaN,NaN,2002,2000,3.79598281192143,0.185895597187695,0.912048692311111,NaN,NaN,0
狭窄,FMT*,31,20262934,1,254.279611069482,0.607345,0.0044237,0.6071955,0,NaN,NaN,2002,2000,4.83698875999448,0.192728223375534,0.800877239528572,NaN,NaN,0
狭窄,BIT*,31,20262934,1,244.475770976374,1.1796568,0.0368724,1.1787772,0,NaN,NaN,1211,2000,4.86479254088742,0.0532603940634268,0.832993601649818,NaN,NaN,0
狭窄,RRT#,31,20262934,1,244.089483894501,0.060668,0.0146639,0.0605121,0,NaN,NaN,887,2000,6.5345800674106,0.0899158410820036,0.834311866830545,NaN,NaN,0
狭窄,APF-only,31,20262934,1,279.791130115633,0.0054976,0.0054134,0.0054976,NaN,NaN,NaN,NaN,64,46.4502175583217,0.0632608111899984,0.727852783959099,3,5,0
狭窄,AB-IRRT*,31,20262934,1,212.885243942151,0.0258872,0.0067554,0.0189418,0,0.0067554,0.0190493,171,2000,2.34656541775505,0.316946328405102,0.956603422626436,3,5,0
狭窄,RRT*,32,20262935,1,225.431985888291,0.0327258,0.0157428,0.0325867,0,NaN,NaN,535,2000,4.9251347258206,0.0846597058979217,0.90336228099698,NaN,NaN,0
狭窄,Informed-RRT*,32,20262935,1,223.055162972734,0.027726,0.0123543,0.0275508,0,NaN,NaN,459,2000,3.37808936662965,0.817018962168933,0.91298829521655,NaN,NaN,0
狭窄,PRM*,32,20262935,1,222.739934994751,0.300227,0.0008902,0.3000379,0,NaN,NaN,2002,2000,4.02694612663764,0.583645212995206,0.914280382574974,NaN,NaN,0
狭窄,FMT*,32,20262935,1,248.293750348605,0.5269252,0.0155136,0.526747,0,NaN,NaN,2002,2000,6.00462464897156,1,0.820184771851104,NaN,NaN,0
狭窄,BIT*,32,20262935,0,Inf,1.592083,NaN,1.5919526,0,NaN,NaN,1655,2000,NaN,NaN,NaN,NaN,NaN,0
狭窄,RRT#,32,20262935,1,225.373877067661,0.0385077,0.0182358,0.0383573,0,NaN,NaN,535,2000,4.46680919726479,0.0845110947320418,0.903595197595094,NaN,NaN,0
狭窄,APF-only,32,20262935,1,279.791130115633,0.0091482,0.0090206,0.0091482,NaN,NaN,NaN,NaN,64,46.4502175583217,0.0632608111899984,0.727852783959099,3,5,0
狭窄,AB-IRRT*,32,20262935,1,212.885243942151,0.0314819,0.0091505,0.0220729,0,0.0091505,0.0222204,158,2000,2.34656541775505,0.316946328405102,0.956603422626436,3,5,0
狭窄,RRT*,33,20262936,1,214.797287401346,0.1031138,0.0075102,0.1029947,0,NaN,NaN,1521,2000,4.9481547412417,0.0686545900742388,0.948088104116576,NaN,NaN,0
狭窄,Informed-RRT*,33,20262936,1,213.513882805381,0.131267,0.0155926,0.13105,0,NaN,NaN,1281,2000,3.79288555703887,0.127330899651268,0.953786940249456,NaN,NaN,0
狭窄,PRM*,33,20262936,1,223.45995528839,0.4062466,0.0011785,0.4061029,0,NaN,NaN,2002,2000,2.38273951193859,0.266982794705656,0.911334438955319,NaN,NaN,0
狭窄,FMT*,33,20262936,1,252.414171317879,0.3963009,0.0081402,0.3961735,0,NaN,NaN,2002,2000,7.99047792826689,0.0201100200253723,0.806796036523885,NaN,NaN,0
狭窄,BIT*,33,20262936,1,226.214949284678,1.3725799,0.0436987,1.3724191,0,NaN,NaN,1270,2000,5.05914835080838,0.643751246589018,0.900235610536279,NaN,NaN,0
狭窄,RRT#,33,20262936,1,213.569692357704,0.1085554,0.0088034,0.1083794,0,NaN,NaN,1521,2000,4.17505939369037,0.0448483861522746,0.953537698788466,NaN,NaN,0
狭窄,APF-only,33,20262936,1,279.791130115633,0.0081241,0.0080139,0.0081241,NaN,NaN,NaN,NaN,64,46.4502175583217,0.0632608111899984,0.727852783959099,3,5,0
狭窄,AB-IRRT*,33,20262936,1,212.885243942151,0.0731712,0.0095191,0.0634219,0,0.0095191,0.0635541,1155,2000,2.34656541775505,0.316946328405102,0.956603422626436,3,5,0
狭窄,RRT*,34,20262937,1,223.233612210859,0.0639101,0.0077714,0.0638154,0,NaN,NaN,997,2000,4.06910733044518,0.0687128811322424,0.912258467552671,NaN,NaN,0
狭窄,Informed-RRT*,34,20262937,1,224.153551222214,0.0637941,0.0135802,0.0636302,0,NaN,NaN,849,2000,4.46214892191424,0.11269048488055,0.908514506557341,NaN,NaN,0
狭窄,PRM*,34,20262937,1,223.049819028412,0.3305186,0.0249636,0.3304028,0,NaN,NaN,2002,2000,5.18402994191657,0.0577577469002506,0.913010169068036,NaN,NaN,0
狭窄,FMT*,34,20262937,1,250.785679066424,0.7217845,0.0458289,0.7216008,0,NaN,NaN,2002,2000,7.96824600005933,1,0.812035016272948,NaN,NaN,0
狭窄,BIT*,34,20262937,0,Inf,1.6414777,NaN,1.6413641,0,NaN,NaN,1664,2000,NaN,NaN,NaN,NaN,NaN,0
狭窄,RRT#,34,20262937,1,221.887525488076,0.1191135,0.0122705,0.118867,0,NaN,NaN,997,2000,3.86662523183413,0.252598393004047,0.917792708417354,NaN,NaN,0
狭窄,APF-only,34,20262937,1,279.791130115633,0.0114698,0.0112216,0.0114698,NaN,NaN,NaN,NaN,64,46.4502175583217,0.0632608111899984,0.727852783959099,3,5,0
狭窄,AB-IRRT*,34,20262937,1,212.885243942151,0.027587,0.0130645,0.0142707,0,0.0130645,0.0144002,174,2000,2.34656541775505,0.316946328405102,0.956603422626436,3,5,0
狭窄,RRT*,35,20262938,1,241.054410495317,0.0541465,0.0122878,0.0540559,0,NaN,NaN,1008,2000,6.48768789874141,0.219812922570901,0.844816539814699,NaN,NaN,0
狭窄,Informed-RRT*,35,20262938,1,264.360280274342,0.0347425,0.0110496,0.0346192,0,NaN,NaN,736,2000,9.63397563368731,0.498345300677175,0.770337937190828,NaN,NaN,0
狭窄,PRM*,35,20262938,1,221.309705422853,0.2991885,0.0207864,0.29907,0,NaN,NaN,2002,2000,1.84886508897339,0.680711990564698,0.920188983996978,NaN,NaN,0
狭窄,FMT*,35,20262938,1,238.780825263556,0.5641216,0.0389537,0.5639885,0,NaN,NaN,2002,2000,6.72862536263044,0.762792947145857,0.852860579390951,NaN,NaN,0
狭窄,BIT*,35,20262938,0,Inf,1.4974972,NaN,1.4973407,0,NaN,NaN,1657,2000,NaN,NaN,NaN,NaN,NaN,0
狭窄,RRT#,35,20262938,1,237.288143946427,0.0769409,0.0193456,0.0767782,0,NaN,NaN,1008,2000,4.40245657293933,0.395100473373202,0.858225571639617,NaN,NaN,0
狭窄,APF-only,35,20262938,1,279.791130115633,0.0086936,0.0085856,0.0086936,NaN,NaN,NaN,NaN,64,46.4502175583217,0.0632608111899984,0.727852783959099,3,5,0
狭窄,AB-IRRT*,35,20262938,1,212.885243942151,0.028515,0.0094032,0.0188807,0,0.0094032,0.0190067,177,2000,2.34656541775505,0.316946328405102,0.956603422626436,3,5,0
狭窄,RRT*,36,20262939,1,232.627301111684,0.0571465,0.0112772,0.0570217,0,NaN,NaN,892,2000,6.25718458522659,0.196233302864321,0.875420692277022,NaN,NaN,0
狭窄,Informed-RRT*,36,20262939,1,223.807875853832,0.0483434,0.0131854,0.0481793,0,NaN,NaN,701,2000,6.17555342135594,0.22129043004613,0.909917723872801,NaN,NaN,0
狭窄,PRM*,36,20262939,1,222.85971928271,0.3021882,0.0290007,0.3020488,0,NaN,NaN,2002,2000,5.10371259744436,0.0991337756207571,0.913788968402086,NaN,NaN,0
狭窄,FMT*,36,20262939,1,252.371954689202,0.5536249,0.0074915,0.5535026,0,NaN,NaN,2002,2000,4.43321506866037,1,0.806930996879261,NaN,NaN,0
狭窄,BIT*,36,20262939,1,238.415157226253,1.0483897,0.0377246,1.0482448,0,NaN,NaN,1171,2000,5.01962726565468,0.649771627238232,0.854168649975837,NaN,NaN,0
狭窄,RRT#,36,20262939,1,221.526878580548,0.0678507,0.0143896,0.0677002,0,NaN,NaN,892,2000,3.0110865630168,0.178993695486462,0.919286879707824,NaN,NaN,0
狭窄,APF-only,36,20262939,1,279.791130115633,0.0084323,0.0083216,0.0084323,NaN,NaN,NaN,NaN,64,46.4502175583217,0.0632608111899984,0.727852783959099,3,5,0
狭窄,AB-IRRT*,36,20262939,1,212.885243942151,0.0255557,0.0075678,0.0177495,0,0.0075678,0.0178856,165,2000,2.34656541775505,0.316946328405102,0.956603422626436,3,5,0
狭窄,RRT*,37,20262940,1,241.612354643116,0.0192066,0.0135564,0.0191227,0,NaN,NaN,402,2000,6.18572616089231,0.0848513797875654,0.842865644360493,NaN,NaN,0
狭窄,Informed-RRT*,37,20262940,1,240.717477181066,0.0250025,0.0183243,0.0248609,0,NaN,NaN,356,2000,5.46709107112867,0.0845416563489501,0.845999033250684,NaN,NaN,0
狭窄,PRM*,37,20262940,1,218.810834384378,0.3480495,0.0216451,0.3479009,0,NaN,NaN,2002,2000,5.09120970092957,0.0715211492893774,0.930697757972925,NaN,NaN,0
狭窄,FMT*,37,20262940,1,253.600703900867,0.5771611,0.0108894,0.576992,0,NaN,NaN,2002,2000,9.40823768389706,0.762977607647928,0.803021245009366,NaN,NaN,0
狭窄,BIT*,37,20262940,1,240.292800799061,1.379611,0.0369036,1.3793095,0,NaN,NaN,1216,2000,4.33036191379465,1,0.847494191688331,NaN,NaN,0
狭窄,RRT#,37,20262940,1,241.466851246247,0.0295019,0.01914,0.0293616,0,NaN,NaN,402,2000,5.43671902322842,0.0630458623124373,0.843373539393396,NaN,NaN,0
狭窄,APF-only,37,20262940,1,279.791130115633,0.0086702,0.0085483,0.0086702,NaN,NaN,NaN,NaN,64,46.4502175583217,0.0632608111899984,0.727852783959099,3,5,0
狭窄,AB-IRRT*,37,20262940,1,212.885243942151,0.0640711,0.0085181,0.0553137,0,0.0085181,0.055445,1126,2000,2.34656541775505,0.316946328405102,0.956603422626436,3,5,0
狭窄,RRT*,38,20262941,1,242.045388212253,0.070205,0.0076257,0.0700929,0,NaN,NaN,1194,2000,7.51987499028475,0.033367544605035,0.841357707683921,NaN,NaN,0
狭窄,Informed-RRT*,38,20262941,1,241.686023835936,0.0550471,0.0073888,0.0548934,0,NaN,NaN,950,2000,5.01366980885259,0.313940035225857,0.842608727428805,NaN,NaN,0
狭窄,PRM*,38,20262941,1,225.078924418209,0.312602,0.0147124,0.312478,0,NaN,NaN,2002,2000,4.04130391921793,0.107046804381106,0.90477930578404,NaN,NaN,0
狭窄,FMT*,38,20262941,1,246.570154797255,0.5095005,0.0128817,0.5093531,0,NaN,NaN,2002,2000,6.87423339704356,0.125659990462486,0.825918096815798,NaN,NaN,0
狭窄,BIT*,38,20262941,0,Inf,1.5381228,NaN,1.5379966,0,NaN,NaN,1659,2000,NaN,NaN,NaN,NaN,NaN,0
狭窄,RRT#,38,20262941,1,239.557982605116,0.0857006,0.0137826,0.0855392,0,NaN,NaN,1194,2000,5.55601453474043,0.312379068836986,0.85009378843123,NaN,NaN,0
狭窄,APF-only,38,20262941,1,279.791130115633,0.0079999,0.0078937,0.0079999,NaN,NaN,NaN,NaN,64,46.4502175583217,0.0632608111899984,0.727852783959099,3,5,0
狭窄,AB-IRRT*,38,20262941,1,212.885243942151,0.0758255,0.0096356,0.0659344,0,0.0096356,0.0660802,1174,2000,2.34656541775505,0.316946328405102,0.956603422626436,3,5,0
狭窄,RRT*,39,20262942,1,252.342501167717,0.0441096,0.0129669,0.0440061,0,NaN,NaN,806,2000,6.17363399474168,0.169274229684021,0.80702518220018,NaN,NaN,0
狭窄,Informed-RRT*,39,20262942,1,240.850554921063,0.0342179,0.0109007,0.0340695,0,NaN,NaN,614,2000,5.59993943643167,0.315886464631687,0.845531591357426,NaN,NaN,0
狭窄,PRM*,39,20262942,1,225.624579162781,0.3125783,0.0005952,0.3124567,0,NaN,NaN,2002,2000,4.24793310524349,0.100848343124816,0.902591170418543,NaN,NaN,0
狭窄,FMT*,39,20262942,1,246.972308655833,0.5679197,0.0172258,0.5677899,0,NaN,NaN,2002,2000,8.52969149759773,1,0.824573224788196,NaN,NaN,0
狭窄,BIT*,39,20262942,0,Inf,1.5205979,NaN,1.5204257,0,NaN,NaN,1664,2000,NaN,NaN,NaN,NaN,NaN,0
狭窄,RRT#,39,20262942,1,250.586796078187,0.0555783,0.0171543,0.0554286,0,NaN,NaN,806,2000,5.71917026681509,0.0171427869912293,0.81267950334536,NaN,NaN,0
狭窄,APF-only,39,20262942,1,279.791130115633,0.0083115,0.0081988,0.0083115,NaN,NaN,NaN,NaN,64,46.4502175583217,0.0632608111899984,0.727852783959099,3,5,0
狭窄,AB-IRRT*,39,20262942,1,212.885243942151,0.0311117,0.0089471,0.0219275,0,0.0089471,0.0220691,176,2000,2.34656541775505,0.316946328405102,0.956603422626436,3,5,0
狭窄,RRT*,40,20262943,1,240.902474795308,0.0850418,0.0096222,0.0849305,0,NaN,NaN,1232,2000,4.96569088957869,0.231246848899827,0.845349360378145,NaN,NaN,0
狭窄,Informed-RRT*,40,20262943,1,238.561270192471,0.0530039,0.0070032,0.0528767,0,NaN,NaN,976,2000,5.79564784857961,0.28727639924163,0.85364549248679,NaN,NaN,0
狭窄,PRM*,40,20262943,1,222.26304354757,0.304834,0.0079043,0.304713,0,NaN,NaN,2002,2000,3.6185646340549,0.110585169020364,0.916242078445847,NaN,NaN,0
狭窄,FMT*,40,20262943,1,254.346718514389,0.5203072,0.011088,0.5201671,0,NaN,NaN,2002,2000,7.90668801075188,0.413349918920838,0.800665934167358,NaN,NaN,0
狭窄,BIT*,40,20262943,1,240.451373992887,0.5468183,0.0614123,0.5466843,0,NaN,NaN,791,2000,3.83065376236117,0.413715681318216,0.846935285084918,NaN,NaN,0
狭窄,RRT#,40,20262943,1,239.001373290959,0.0751327,0.0094265,0.0749853,0,NaN,NaN,1232,2000,5.31948087712907,0.256308347608275,0.852073568354803,NaN,NaN,0
狭窄,APF-only,40,20262943,1,279.791130115633,0.0061902,0.0061102,0.0061902,NaN,NaN,NaN,NaN,64,46.4502175583217,0.0632608111899984,0.727852783959099,3,5,0
狭窄,AB-IRRT*,40,20262943,1,212.885243942151,0.0611071,0.0086832,0.0521991,0,0.0086832,0.0523246,1103,2000,2.34656541775505,0.316946328405102,0.956603422626436,3,5,0
狭窄,RRT*,41,20262944,1,222.270776752245,0.0334832,0.0149067,0.0333876,0,NaN,NaN,703,2000,4.95994689857377,0.113688401135434,0.916210200717124,NaN,NaN,0
狭窄,Informed-RRT*,41,20262944,1,223.432354844534,0.0306092,0.0122642,0.030461,0,NaN,NaN,610,2000,3.54414677673743,0.0812121126129899,0.911447015466603,NaN,NaN,0
狭窄,PRM*,41,20262944,1,222.629383617793,0.3058653,0.0089093,0.3057463,0,NaN,NaN,2002,2000,3.42237814286371,0.165102987595438,0.914734388032729,NaN,NaN,0
狭窄,FMT*,41,20262944,1,246.025299892831,0.5978222,0.0123651,0.5976956,0,NaN,NaN,2002,2000,7.64396274808111,0.215535877591947,0.827747199456457,NaN,NaN,0
狭窄,BIT*,41,20262944,0,Inf,1.5550028,NaN,1.5548783,0,NaN,NaN,1647,2000,NaN,NaN,NaN,NaN,NaN,0
狭窄,RRT#,41,20262944,1,221.09654715712,0.0525709,0.0263313,0.0524014,0,NaN,NaN,703,2000,3.93334431001509,0.16741467692881,0.921076134386694,NaN,NaN,0
狭窄,APF-only,41,20262944,1,279.791130115633,0.0093316,0.0092131,0.0093316,NaN,NaN,NaN,NaN,64,46.4502175583217,0.0632608111899984,0.727852783959099,3,5,0
狭窄,AB-IRRT*,41,20262944,1,212.885243942151,0.0453174,0.0094947,0.0356092,0,0.0094947,0.0357246,622,2000,2.34656541775505,0.316946328405102,0.956603422626436,3,5,0
狭窄,RRT*,42,20262945,1,214.211068919106,0.0989648,0.0092727,0.0988522,0,NaN,NaN,1494,2000,4.67519348078773,0.377840027808844,0.950682679514708,NaN,NaN,0
狭窄,Informed-RRT*,42,20262945,1,214.654590425008,0.0921955,0.0094121,0.0919823,0,NaN,NaN,1274,2000,4.50595059411647,0.00799092134272428,0.948718369257852,NaN,NaN,0
狭窄,PRM*,42,20262945,1,223.267272121063,0.3146186,0.0067574,0.3144959,0,NaN,NaN,2002,2000,4.40477827985769,0.230033387464788,0.912120934909358,NaN,NaN,0
狭窄,FMT*,42,20262945,1,271.56476115007,0.6948322,0.0155087,0.6946857,0,NaN,NaN,2002,2000,5.97493638369582,1,0.749901246830726,NaN,NaN,0
狭窄,BIT*,42,20262945,0,Inf,1.5862596,NaN,1.5861301,0,NaN,NaN,1651,2000,NaN,NaN,NaN,NaN,NaN,0
狭窄,RRT#,42,20262945,1,214.076779510717,0.1047633,0.0098177,0.1045883,0,NaN,NaN,1494,2000,4.86297952660036,0.378560769722005,0.951279038516789,NaN,NaN,0
狭窄,APF-only,42,20262945,1,279.791130115633,0.0110101,0.0108836,0.0110101,NaN,NaN,NaN,NaN,64,46.4502175583217,0.0632608111899984,0.727852783959099,3,5,0
狭窄,AB-IRRT*,42,20262945,1,212.885243942151,0.0771059,0.0091447,0.0676984,0,0.0091447,0.0678388,1179,2000,2.34656541775505,0.316946328405102,0.956603422626436,3,5,0
狭窄,RRT*,43,20262946,1,240.472275295464,0.0322682,0.0170868,0.0321516,0,NaN,NaN,506,2000,4.45475861899518,0.225200864250182,0.846861671398537,NaN,NaN,0
狭窄,Informed-RRT*,43,20262946,1,240.503935113734,0.0263672,0.0156331,0.0262142,0,NaN,NaN,417,2000,4.36580257614905,0.13655862924872,0.84675019094977,NaN,NaN,0
狭窄,PRM*,43,20262946,1,224.051470663507,0.3268638,0.0158422,0.3267311,0,NaN,NaN,2002,2000,5.49322972491559,0.339099754326075,0.908928436750025,NaN,NaN,0
狭窄,FMT*,43,20262946,1,254.214463029587,0.6241988,0.0110505,0.6240743,0,NaN,NaN,2002,2000,6.76679735422026,0.158226053778414,0.801082481912227,NaN,NaN,0
狭窄,BIT*,43,20262946,1,230.63699435898,1.2869302,0.0393797,1.2867903,0,NaN,NaN,1179,2000,6.41781733101225,0.410121281648308,0.882975229311023,NaN,NaN,0
狭窄,RRT#,43,20262946,1,240.469054676942,0.0374531,0.0192571,0.0372647,0,NaN,NaN,506,2000,4.35589760691277,0.225208049333329,0.846873013474914,NaN,NaN,0
狭窄,APF-only,43,20262946,1,279.791130115633,0.0092699,0.009151,0.0092699,NaN,NaN,NaN,NaN,64,46.4502175583217,0.0632608111899984,0.727852783959099,3,5,0
狭窄,AB-IRRT*,43,20262946,1,212.885243942151,0.0478151,0.0093073,0.0381805,0,0.0093073,0.0383885,639,2000,2.34656541775505,0.316946328405102,0.956603422626436,3,5,0
狭窄,RRT*,44,20262947,1,219.14472349374,0.0764448,0.009576,0.0763095,0,NaN,NaN,1363,2000,7.63196837537396,0.3007462034696,0.929279745982765,NaN,NaN,0
狭窄,Informed-RRT*,44,20262947,1,216.390023718129,0.0859024,0.0090152,0.0857203,0,NaN,NaN,1182,2000,7.4236327629797,0.0399382801118975,0.941109712372866,NaN,NaN,0
狭窄,PRM*,44,20262947,1,238.968818326563,0.2785413,0.0541497,0.2783738,0,NaN,NaN,2002,2000,3.81057357533475,0.516746285213769,0.852189647200883,NaN,NaN,0
狭窄,FMT*,44,20262947,1,244.170994023097,0.4171324,0.0161668,0.4169657,0,NaN,NaN,2002,2000,3.70382731859944,0.470963020583136,0.834033353537735,NaN,NaN,0
狭窄,BIT*,44,20262947,1,242.630050294719,0.9986154,0.071485,0.9983801,0,NaN,NaN,1253,2000,7.22628348962914,0.232754500273881,0.839330300324955,NaN,NaN,0
狭窄,RRT#,44,20262947,1,216.449730226209,0.1030097,0.0128245,0.1028013,0,NaN,NaN,1363,2000,5.82872357822459,0.0714087666744661,0.940850112258848,NaN,NaN,0
狭窄,APF-only,44,20262947,1,279.791130115633,0.0074198,0.0073012,0.0074198,NaN,NaN,NaN,NaN,64,46.4502175583217,0.0632608111899984,0.727852783959099,3,5,0
狭窄,AB-IRRT*,44,20262947,1,212.885243942151,0.0299204,0.0100959,0.0195894,0,0.0100959,0.0197222,190,2000,2.34656541775505,0.316946328405102,0.956603422626436,3,5,0
狭窄,RRT*,45,20262948,1,214.097997466148,0.0775919,0.0067163,0.0775001,0,NaN,NaN,1422,2000,4.26043972440827,0.268211575615986,0.951184763014539,NaN,NaN,0
狭窄,Informed-RRT*,45,20262948,1,216.556457730172,0.0808772,0.0093753,0.0806675,0,NaN,NaN,1226,2000,5.57444402311674,0.0522048464022191,0.940386424474434,NaN,NaN,0
狭窄,PRM*,45,20262948,1,222.464084862693,0.2931709,0.0011726,0.2930434,0,NaN,NaN,2002,2000,3.4616687989873,0.120368144643948,0.915414068331159,NaN,NaN,0
狭窄,FMT*,45,20262948,1,244.133520672665,0.3922255,0.0119027,0.3920945,0,NaN,NaN,2002,2000,10.6344615171841,0.177346267366425,0.83416137374587,NaN,NaN,0
狭窄,BIT*,45,20262948,0,Inf,1.5074038,NaN,1.5072817,0,NaN,NaN,1642,2000,NaN,NaN,NaN,NaN,NaN,0
狭窄,RRT#,45,20262948,1,214.287176586292,0.1081256,0.0080526,0.1079589,0,NaN,NaN,1422,2000,4.48298435666442,0.268264848091249,0.950345028694327,NaN,NaN,0
狭窄,APF-only,45,20262948,1,279.791130115633,0.0083373,0.0082254,0.0083373,NaN,NaN,NaN,NaN,64,46.4502175583217,0.0632608111899984,0.727852783959099,3,5,0
狭窄,AB-IRRT*,45,20262948,1,212.885243942151,0.0607235,0.0092813,0.0509815,0,0.0092813,0.051357,1155,2000,2.34656541775505,0.316946328405102,0.956603422626436,3,5,0
狭窄,RRT*,46,20262949,1,224.220317520577,0.0766503,0.0072577,0.076553,0,NaN,NaN,1272,2000,5.81720468942855,0.0987063703857842,0.908243977323939,NaN,NaN,0
狭窄,Informed-RRT*,46,20262949,1,220.636781127214,0.0626501,0.0074483,0.0625085,0,NaN,NaN,1083,2000,3.12013183194344,0.256332600338355,0.922995485799387,NaN,NaN,0
狭窄,PRM*,46,20262949,1,223.035349881902,0.2992709,0.013793,0.2991494,0,NaN,NaN,2002,2000,3.90706961107029,0.102992341217437,0.913069399490071,NaN,NaN,0
狭窄,FMT*,46,20262949,1,250.748226321733,0.4220732,0.0174617,0.4219497,0,NaN,NaN,2002,2000,4.59198764344269,0.00060505259318866,0.812156305027769,NaN,NaN,0
狭窄,BIT*,46,20262949,1,243.363916021493,0.4556069,0.069114,0.4554642,0,NaN,NaN,802,2000,4.25771955567349,0.000744293387988648,0.836799293465267,NaN,NaN,0
狭窄,RRT#,46,20262949,1,223.515300181362,0.1116101,0.0127011,0.1113957,0,NaN,NaN,1272,2000,4.35894539082392,0.0681910070613156,0.911108782336085,NaN,NaN,0
狭窄,APF-only,46,20262949,1,279.791130115633,0.0088526,0.0086859,0.0088526,NaN,NaN,NaN,NaN,64,46.4502175583217,0.0632608111899984,0.727852783959099,3,5,0
狭窄,AB-IRRT*,46,20262949,1,212.885243942151,0.0309537,0.0104172,0.020117,0,0.0104172,0.0203066,143,2000,2.34656541775505,0.316946328405102,0.956603422626436,3,5,0
狭窄,RRT*,47,20262950,1,217.628317798361,0.1466467,0.0123748,0.1465182,0,NaN,NaN,1502,2000,5.18651055998944,0.106548396881223,0.935754845885497,NaN,NaN,0
狭窄,Informed-RRT*,47,20262950,1,214.190162249421,0.1051317,0.0162971,0.1049303,0,NaN,NaN,1319,2000,4.94434377650494,0.210272192288315,0.950775473733395,NaN,NaN,0
狭窄,PRM*,47,20262950,1,227.346707213833,0.350382,0.0016336,0.3501061,0,NaN,NaN,2002,2000,4.69990764253563,0.0844461099935003,0.895754134631841,NaN,NaN,0
狭窄,FMT*,47,20262950,1,244.646935841999,0.5379891,0.0101085,0.5378148,0,NaN,NaN,2002,2000,4.6181759045625,0.188649047782696,0.832410805722281,NaN,NaN,0
狭窄,BIT*,47,20262950,1,242.022953028633,1.0844651,0.0638918,1.0843021,0,NaN,NaN,1294,2000,3.22556925040207,0.749458548574488,0.841435700347119,NaN,NaN,0
狭窄,RRT#,47,20262950,1,215.714257088303,0.1260399,0.0116973,0.1258583,0,NaN,NaN,1502,2000,4.96389486337989,0.10648414234093,0.94405792055906,NaN,NaN,0
狭窄,APF-only,47,20262950,1,279.791130115633,0.0087842,0.0086662,0.0087842,NaN,NaN,NaN,NaN,64,46.4502175583217,0.0632608111899984,0.727852783959099,3,5,0
狭窄,AB-IRRT*,47,20262950,1,212.885243942151,0.0273681,0.0074272,0.0197137,0,0.0074272,0.0198445,157,2000,2.34656541775505,0.316946328405102,0.956603422626436,3,5,0
狭窄,RRT*,48,20262951,1,220.856019614149,0.073492,0.0093853,0.073388,0,NaN,NaN,1160,2000,3.28515141459331,0.0600509771654458,0.92207925026228,NaN,NaN,0
狭窄,Informed-RRT*,48,20262951,1,221.184775957837,0.0697324,0.0098626,0.0695772,0,NaN,NaN,1007,2000,4.13601829508433,0.22470544498974,0.920708724639104,NaN,NaN,0
狭窄,PRM*,48,20262951,1,222.51483495928,0.3278461,0.0013467,0.3277231,0,NaN,NaN,2002,2000,3.82299069527441,0.355444813822285,0.915205285162189,NaN,NaN,0
狭窄,FMT*,48,20262951,1,251.454586918275,0.4179485,0.0443428,0.4177817,0,NaN,NaN,2002,2000,11.1043440965823,0.333992201404935,0.809874878313166,NaN,NaN,0
狭窄,BIT*,48,20262951,0,Inf,1.5836522,NaN,1.5835194,0,NaN,NaN,1637,2000,NaN,NaN,NaN,NaN,NaN,0
狭窄,RRT#,48,20262951,1,220.764262737825,0.0817476,0.0111732,0.0815828,0,NaN,NaN,1160,2000,3.55639014709817,0.0594397513500109,0.922462496674893,NaN,NaN,0
狭窄,APF-only,48,20262951,1,279.791130115633,0.0089956,0.0088893,0.0089956,NaN,NaN,NaN,NaN,64,46.4502175583217,0.0632608111899984,0.727852783959099,3,5,0
狭窄,AB-IRRT*,48,20262951,1,212.885243942151,0.0820038,0.0088089,0.0729599,0,0.0088089,0.0730981,1237,2000,2.34656541775505,0.316946328405102,0.956603422626436,3,5,0
狭窄,RRT*,49,20262952,1,239.212510308334,0.065864,0.0132904,0.0656027,0,NaN,NaN,1011,2000,9.76378865603955,0.253385606400232,0.851321499528742,NaN,NaN,0
狭窄,Informed-RRT*,49,20262952,1,248.062922526596,0.0521809,0.0190618,0.0520335,0,NaN,NaN,775,2000,7.0499225791494,0.0320853743463765,0.820947971214406,NaN,NaN,0
狭窄,PRM*,49,20262952,1,223.784163351821,0.3286717,0.0059103,0.3285391,0,NaN,NaN,2002,2000,4.5081879534799,0.259890043874314,0.910014140105008,NaN,NaN,0
狭窄,FMT*,49,20262952,1,247.939236544621,0.2103803,0.0053788,0.2102333,0,NaN,NaN,2002,2000,6.17679145013959,1,0.82135750605603,NaN,NaN,0
狭窄,BIT*,49,20262952,1,238.792177997278,0.3906911,0.0396544,0.3905132,0,NaN,NaN,621,2000,3.55858575534484,0.587003968097566,0.852820032421863,NaN,NaN,0
狭窄,RRT#,49,20262952,1,227.936684492104,0.0746318,0.0136018,0.0743513,0,NaN,NaN,1011,2000,7.13441978033078,0.252416946265525,0.893435619788442,NaN,NaN,0
狭窄,APF-only,49,20262952,1,279.791130115633,0.0067452,0.0066546,0.0067452,NaN,NaN,NaN,NaN,64,46.4502175583217,0.0632608111899984,0.727852783959099,3,5,0
狭窄,AB-IRRT*,49,20262952,1,212.885243942151,0.0213368,0.008301,0.0128448,0,0.008301,0.0129509,151,2000,2.34656541775505,0.316946328405102,0.956603422626436,3,5,0
狭窄,RRT*,50,20262953,1,216.839973695662,0.1216145,0.0124922,0.1214885,0,NaN,NaN,1461,2000,6.14791389863713,0.019087884226515,0.93915687919953,NaN,NaN,0
狭窄,Informed-RRT*,50,20262953,1,230.637988561547,0.0809115,0.0170028,0.0807327,0,NaN,NaN,1131,2000,7.95813629041904,0.0858431569043228,0.882971423102668,NaN,NaN,0
狭窄,PRM*,50,20262953,1,223.110295999303,0.347175,0.0073956,0.3470238,0,NaN,NaN,2002,2000,4.22253194173695,0.673482489190838,0.912762685691395,NaN,NaN,0
狭窄,FMT*,50,20262953,1,254.723022050567,0.2430933,0.0211753,0.2429487,0,NaN,NaN,2002,2000,7.95861277364912,0.302123991679826,0.79948310656152,NaN,NaN,0
狭窄,BIT*,50,20262953,0,Inf,1.4338796,NaN,1.4337466,0,NaN,NaN,1664,2000,NaN,NaN,NaN,NaN,NaN,0
狭窄,RRT#,50,20262953,1,214.068380255994,0.1187423,0.018858,0.1185716,0,NaN,NaN,1461,2000,5.014859662281,0.0822075720267605,0.951316363202235,NaN,NaN,0
狭窄,APF-only,50,20262953,1,279.791130115633,0.0092929,0.0091825,0.0092929,NaN,NaN,NaN,NaN,64,46.4502175583217,0.0632608111899984,0.727852783959099,3,5,0
狭窄,AB-IRRT*,50,20262953,1,212.885243942151,0.0700079,0.0163675,0.0533757,0,0.0163675,0.0535217,886,2000,2.34656541775505,0.316946328405102,0.956603422626436,3,5,0
广阔,RRT*,1,20263904,1,212.828999385866,0.084891,0.0076395,0.0847756,0,NaN,NaN,1752,2000,2.76646483838127,0.0719364667126392,0.956856225276458,NaN,NaN,0
广阔,Informed-RRT*,1,20263904,1,209.915142657507,0.1011002,0.0074282,0.1009266,0,NaN,NaN,1412,2000,2.8187938568244,0.134918944719912,0.970138458824725,NaN,NaN,0
广阔,PRM*,1,20263904,1,220.943339987449,0.4000779,0.0001843,0.3999532,0,NaN,NaN,2002,2000,3.14021115206935,0.0644917243448617,0.921714829663088,NaN,NaN,0
广阔,FMT*,1,20263904,1,219.698255246229,0.0549155,0.0111171,0.0547756,0,NaN,NaN,2002,2000,2.00179776319555,0.236980589379613,0.926938417209943,NaN,NaN,0
广阔,BIT*,1,20263904,1,208.882446411966,15.0655278,0.0701702,15.0653662,0,NaN,NaN,1315,2000,0.790704166746498,0.261313073409676,0.974934737120445,NaN,NaN,0
广阔,RRT#,1,20263904,1,213.175539854851,0.0864423,0.0075895,0.0862751,0,NaN,NaN,1752,2000,3.31056771486912,0.0719428086876057,0.955300749421752,NaN,NaN,0
广阔,APF-only,1,20263904,1,301.840641895898,0.0033117,0.0032296,0.0033117,NaN,NaN,NaN,NaN,72,53.671042473467,0.127432159127466,0.6746830105535,1,8,0
广阔,AB-IRRT*,1,20263904,1,211.230573660274,0.0798624,0.0024289,0.0771551,0,0.0024289,0.0773113,1309,2000,4.40219556941853,0.289744505669374,0.964096955534733,1,8,0
广阔,RRT*,2,20263905,1,260.882412458119,0.0775768,0.0074026,0.077465,0,NaN,NaN,1729,2000,8.46804497338663,0.826661210086409,0.780607443264955,NaN,NaN,0
广阔,Informed-RRT*,2,20263905,1,212.758107250174,0.1016636,0.0072728,0.1015096,0,NaN,NaN,1550,2000,3.35649737099745,0.122550366344324,0.957175054872366,NaN,NaN,0
广阔,PRM*,2,20263905,1,211.577897376043,0.3472943,0.0004321,0.3471325,0,NaN,NaN,2002,2000,0.887390449958953,0.564468271316517,0.962514305640248,NaN,NaN,0
广阔,FMT*,2,20263905,1,212.573187886309,0.060807,0.0087351,0.0606713,0,NaN,NaN,2002,2000,0.952106434588724,0.030249076442038,0.958007710222807,NaN,NaN,0
广阔,BIT*,2,20263905,1,208.872959991912,19.7363729,0.0292279,19.7362267,0,NaN,NaN,1358,2000,0.816414522942406,0.0784278199747632,0.974979015903308,NaN,NaN,0
广阔,RRT#,2,20263905,1,255.48804628872,0.0697499,0.0056198,0.069553,0,NaN,NaN,1729,2000,6.99219783574969,0.854570122150598,0.79708916303501,NaN,NaN,0
广阔,APF-only,2,20263905,1,301.840641895898,0.0021619,0.0020469,0.0021619,NaN,NaN,NaN,NaN,72,53.671042473467,0.127432159127466,0.6746830105535,1,8,0
广阔,AB-IRRT*,2,20263905,1,212.040283138917,0.083498,0.0019683,0.0812371,0,0.0019683,0.0814105,1321,2000,4.56867536001549,1.49817455762377,0.960415398277446,1,8,0
广阔,RRT*,3,20263906,1,222.629130749408,0.0751926,0.0071961,0.0750794,0,NaN,NaN,1783,2000,4.99376139153507,0.409807197985851,0.914735427013597,NaN,NaN,0
广阔,Informed-RRT*,3,20263906,1,212.062681860162,0.1064352,0.0073698,0.1062882,0,NaN,NaN,1536,2000,3.81608219759511,0.934346863380934,0.960313956210427,NaN,NaN,0
广阔,PRM*,3,20263906,1,211.640632405983,0.3296166,0.0002526,0.3294995,0,NaN,NaN,2002,2000,0.908601196639643,0.52084340118221,0.96222899481361,NaN,NaN,0
广阔,FMT*,3,20263906,1,215.662505460102,0.0432737,0.0034288,0.0431614,0,NaN,NaN,2002,2000,2.80523102351267,0.132666203137385,0.944284462184366,NaN,NaN,0
广阔,BIT*,3,20263906,1,208.832926199414,22.3017927,0.0222347,22.3016248,0,NaN,NaN,1361,2000,0.776822054833587,0.195316669285076,0.975165921810931,NaN,NaN,0
广阔,RRT#,3,20263906,1,221.965639848288,0.082476,0.0074083,0.0822857,0,NaN,NaN,1783,2000,4.12572199474867,0.409449219983063,0.917469717929843,NaN,NaN,0
广阔,APF-only,3,20263906,1,301.840641895898,0.0018665,0.0017808,0.0018665,NaN,NaN,NaN,NaN,72,53.671042473467,0.127432159127466,0.6746830105535,1,8,0
广阔,AB-IRRT*,3,20263906,1,210.052782759859,0.0825897,0.0023055,0.0799851,0,0.0023055,0.0801516,1356,2000,3.3480414654818,0.258657634308577,0.969502761667971,1,8,0
广阔,RRT*,4,20263907,1,213.811888142898,0.0711776,0.005096,0.0710717,0,NaN,NaN,1781,2000,4.84034970477305,0.936639086294858,0.952457577314979,NaN,NaN,0
广阔,Informed-RRT*,4,20263907,1,210.391798091881,0.0909407,0.0059596,0.0907692,0,NaN,NaN,1456,2000,2.81991382457243,0.0776047072232977,0.967940551051285,NaN,NaN,0
广阔,PRM*,4,20263907,1,212.05255711611,0.3192124,0.0003047,0.3190726,0,NaN,NaN,2002,2000,2.21760246796754,1.246478101146,0.960359807734919,NaN,NaN,0
广阔,FMT*,4,20263907,1,219.29426113591,0.0776437,0.0047144,0.0775161,0,NaN,NaN,2002,2000,1.82293118932293,1.28854956834527,0.928646066371585,NaN,NaN,0
广阔,BIT*,4,20263907,1,209.696012135259,29.0619453,0.0163618,29.0618148,0,NaN,NaN,1391,2000,0.878881452736956,0.101573070538316,0.9711522451384,NaN,NaN,0
广阔,RRT#,4,20263907,1,213.122638440262,0.0838056,0.0046284,0.0836345,0,NaN,NaN,1781,2000,5.27712138049032,0.198223638032147,0.95553787468152,NaN,NaN,0
广阔,APF-only,4,20263907,1,301.840641895898,0.0025869,0.0024857,0.0025869,NaN,NaN,NaN,NaN,72,53.671042473467,0.127432159127466,0.6746830105535,1,8,0
广阔,AB-IRRT*,4,20263907,1,211.890531615021,0.0791547,0.0018291,0.076611,0,0.0018291,0.0767645,1368,2000,4.06556441166991,1.08700758822911,0.96109416229946,1,8,0
广阔,RRT*,5,20263908,1,215.237637641365,0.0735715,0.0073286,0.073475,0,NaN,NaN,1766,2000,3.60863436732906,1.44303248685633,0.946148430234342,NaN,NaN,0
广阔,Informed-RRT*,5,20263908,1,210.585541828231,0.1102196,0.0042124,0.1100757,0,NaN,NaN,1494,2000,3.72418600101571,0.0244456358113041,0.967050022588135,NaN,NaN,0
广阔,PRM*,5,20263908,1,212.327627729529,0.3312353,0.0003096,0.3310818,0,NaN,NaN,2002,2000,1.22381444446297,0.0603136089467888,0.95911566082742,NaN,NaN,0
广阔,FMT*,5,20263908,1,216.755112516557,0.0439208,0.0065905,0.0437908,0,NaN,NaN,2002,2000,1.03923718779846,0.230859861026914,0.939524565844646,NaN,NaN,0
广阔,BIT*,5,20263908,1,208.915673863823,27.2986888,0.0181884,27.2985423,0,NaN,NaN,1342,2000,0.738737777688822,0.0585039511466903,0.974779676485491,NaN,NaN,0
广阔,RRT#,5,20263908,1,215.462027309784,0.0868844,0.0059682,0.086721,0,NaN,NaN,1766,2000,3.94353536576027,1.43653789340403,0.945163078266824,NaN,NaN,0
广阔,APF-only,5,20263908,1,301.840641895898,0.0017624,0.0016822,0.0017624,NaN,NaN,NaN,NaN,72,53.671042473467,0.127432159127466,0.6746830105535,1,8,0
广阔,AB-IRRT*,5,20263908,1,210.050249801297,0.0714769,0.0028462,0.0683777,0,0.0028462,0.0685294,1293,2000,4.01687179743035,0.263123018396968,0.969514452729149,1,8,0
广阔,RRT*,6,20263909,1,218.004891183127,0.075117,0.0033928,0.0750057,0,NaN,NaN,1775,2000,7.09982970062845,0.110390731374068,0.93413845843789,NaN,NaN,0
广阔,Informed-RRT*,6,20263909,1,209.40024665012,0.11982,0.0039097,0.1196617,0,NaN,NaN,1458,2000,2.12382426307914,0.0129123389597705,0.972523940346606,NaN,NaN,0
广阔,PRM*,6,20263909,1,214.77572919757,0.3629451,0.0009428,0.362827,0,NaN,NaN,2002,2000,1.80771348233296,1.65164761137162,0.948183268857129,NaN,NaN,0
广阔,FMT*,6,20263909,1,216.740061379519,0.0453813,0.0036111,0.045231,0,NaN,NaN,2002,2000,1.48733002903466,0.146326597794923,0.939589809495964,NaN,NaN,0
广阔,BIT*,6,20263909,1,209.563991119692,22.3173846,0.0187241,22.3172471,0,NaN,NaN,1411,2000,1.00832368307998,0.199712363084501,0.971764051131347,NaN,NaN,0
广阔,RRT#,6,20263909,1,217.225877331225,0.0791873,0.0034777,0.0790208,0,NaN,NaN,1775,2000,4.57471224166374,0.687206977977267,0.937488458942697,NaN,NaN,0
广阔,APF-only,6,20263909,1,301.840641895898,0.0022839,0.0021688,0.0022839,NaN,NaN,NaN,NaN,72,53.671042473467,0.127432159127466,0.6746830105535,1,8,0
广阔,AB-IRRT*,6,20263909,1,209.189103468758,0.082808,0.0028428,0.0796754,0,0.0028428,0.0798578,1331,2000,2.08256639358866,0.00449234322884529,0.973505548830557,1,8,0
广阔,RRT*,7,20263910,1,225.738222449667,0.0751595,0.0068864,0.0750335,0,NaN,NaN,1655,2000,6.20319280476836,0.55583827628169,0.902136779371216,NaN,NaN,0
广阔,Informed-RRT*,7,20263910,1,212.280223592047,0.1145211,0.005738,0.1143264,0,NaN,NaN,1467,2000,4.15965840702783,0.803562524397814,0.95932984022613,NaN,NaN,0
广阔,PRM*,7,20263910,1,213.929926893092,0.3232001,0.0003723,0.3230644,0,NaN,NaN,2002,2000,1.64377930673085,0.0863421106657523,0.951932045877314,NaN,NaN,0
广阔,FMT*,7,20263910,1,219.318937638932,0.0690164,0.0051608,0.0688777,0,NaN,NaN,2002,2000,4.36819622108106,0.152437675597962,0.928541580467587,NaN,NaN,0
广阔,BIT*,7,20263910,1,208.79386020339,20.605217,0.0230422,20.6050311,0,NaN,NaN,1400,2000,0.66460799761714,0.0887526943008298,0.97534837845974,NaN,NaN,0
广阔,RRT#,7,20263910,1,224.588251256391,0.0750594,0.0057787,0.0749046,0,NaN,NaN,1655,2000,5.69885652985316,0.557336370607109,0.906756038405772,NaN,NaN,0
广阔,APF-only,7,20263910,1,301.840641895898,0.0015793,0.0015086,0.0015793,NaN,NaN,NaN,NaN,72,53.671042473467,0.127432159127466,0.6746830105535,1,8,0
广阔,AB-IRRT*,7,20263910,1,209.635701465987,0.0738937,0.0029599,0.0706824,0,0.0029599,0.0708366,1263,2000,3.21515496318633,0.204932044369599,0.97143163858837,1,8,0
广阔,RRT*,8,20263911,1,214.302524800482,0.0763047,0.0037946,0.0761852,0,NaN,NaN,1744,2000,3.66854048127219,0.294963238449933,0.950276965571559,NaN,NaN,0
广阔,Informed-RRT*,8,20263911,1,212.322895138615,0.0980992,0.0051441,0.0979444,0,NaN,NaN,1407,2000,3.67338441952087,0.62850250755245,0.959137039125127,NaN,NaN,0
广阔,PRM*,8,20263911,1,213.794594632915,0.3248382,0.0007651,0.3247147,0,NaN,NaN,2002,2000,2.31013428578297,2.21370447367405,0.952534620116972,NaN,NaN,0
广阔,FMT*,8,20263911,1,216.54834266714,0.0414851,0.002615,0.0413378,0,NaN,NaN,2002,2000,1.24041277012592,0.358329881834347,0.940421665081755,NaN,NaN,0
广阔,BIT*,8,20263911,1,208.750799112562,17.4254692,0.0137275,17.4253125,0,NaN,NaN,1396,2000,0.718300692816538,0.39845934774705,0.975549573211053,NaN,NaN,0
广阔,RRT#,8,20263911,1,214.054403087107,0.0736866,0.0042114,0.0735481,0,NaN,NaN,1744,2000,3.37323778948347,0.29386034052628,0.95137848156692,NaN,NaN,0
广阔,APF-only,8,20263911,1,301.840641895898,0.0014453,0.0013723,0.0014453,NaN,NaN,NaN,NaN,72,53.671042473467,0.127432159127466,0.6746830105535,1,8,0
广阔,AB-IRRT*,8,20263911,1,210.091257758104,0.0543025,0.0020105,0.0521047,0,0.0020105,0.0522208,1254,2000,3.27216127669472,0.130722747134087,0.969325212076179,1,8,0
广阔,RRT*,9,20263912,1,261.273536428455,0.0656625,0.0074856,0.0655274,0,NaN,NaN,1776,2000,9.83438076228136,0.289514248777367,0.779438881432565,NaN,NaN,0
广阔,Informed-RRT*,9,20263912,1,216.739851536073,0.0872633,0.0078591,0.0871271,0,NaN,NaN,1710,2000,6.09554329551769,0.262671213063697,0.939590719189139,NaN,NaN,0
广阔,PRM*,9,20263912,1,214.735021510936,0.2938249,0.0001474,0.2936965,0,NaN,NaN,2002,2000,3.34410863949331,0.200880189954711,0.948363017587022,NaN,NaN,0
广阔,FMT*,9,20263912,1,222.777092476336,0.0840388,0.0094624,0.0839118,0,NaN,NaN,2002,2000,2.15728014479317,0.36544529657313,0.914127887737638,NaN,NaN,0
广阔,BIT*,9,20263912,1,208.905048322627,20.3617429,0.0172927,20.3615927,0,NaN,NaN,1391,2000,0.861509642682493,0.194901772010434,0.974829256721547,NaN,NaN,0
广阔,RRT#,9,20263912,1,259.92093464209,0.0760676,0.0092846,0.0759208,0,NaN,NaN,1776,2000,7.32729032375145,0.303979535446952,0.783495001132349,NaN,NaN,0
广阔,APF-only,9,20263912,1,301.840641895898,0.0015291,0.0014432,0.0015291,NaN,NaN,NaN,NaN,72,53.671042473467,0.127432159127466,0.6746830105535,1,8,0
广阔,AB-IRRT*,9,20263912,1,209.953222210914,0.0723572,0.0018986,0.0702626,0,0.0018986,0.0703827,1337,2000,4.04697632322869,0.240077004959488,0.969962503252972,1,8,0
广阔,RRT*,10,20263913,1,233.762167081308,0.0772124,0.0118832,0.0770891,0,NaN,NaN,1765,2000,8.20083710194563,0.119886562619669,0.871170709633662,NaN,NaN,0
广阔,Informed-RRT*,10,20263913,1,214.72539825755,0.1097901,0.016009,0.109563,0,NaN,NaN,1561,2000,5.46138008815892,0.110809599616275,0.948405519953739,NaN,NaN,0
广阔,PRM*,10,20263913,1,215.134185867603,0.3366996,0.000179,0.3365767,0,NaN,NaN,2002,2000,2.8548392625524,0.522555701750436,0.946603405499918,NaN,NaN,0
广阔,FMT*,10,20263913,1,211.880053972661,0.0501636,0.0037175,0.0500216,0,NaN,NaN,2002,2000,0.819080364007324,0.249479545343156,0.961141689193655,NaN,NaN,0
广阔,BIT*,10,20263913,1,215.161474890713,19.4928805,0.0174515,19.4927409,0,NaN,NaN,1529,2000,0.828980393043144,0.130676100464312,0.946483347379747,NaN,NaN,0
广阔,RRT#,10,20263913,1,229.028674327603,0.0768223,0.0091059,0.0766727,0,NaN,NaN,1765,2000,5.32162274091676,0.000963277149960362,0.889175792418155,NaN,NaN,0
广阔,APF-only,10,20263913,1,301.840641895898,0.0017268,0.0016339,0.0017268,NaN,NaN,NaN,NaN,72,53.671042473467,0.127432159127466,0.6746830105535,1,8,0
广阔,AB-IRRT*,10,20263913,1,211.529249455593,0.0662246,0.002008,0.0639873,0,0.002008,0.0641282,1323,2000,5.57009839572897,0.205281962435319,0.962735666608025,1,8,0
广阔,RRT*,11,20263914,1,249.449938119081,0.0742283,0.0054056,0.0741069,0,NaN,NaN,1729,2000,10.0006850427304,0.0950044843442303,0.816383257166855,NaN,NaN,0
广阔,Informed-RRT*,11,20263914,1,218.70749378707,0.0975374,0.0074126,0.097403,0,NaN,NaN,1566,2000,5.85636668771246,0.137392797161949,0.931137518223278,NaN,NaN,0
广阔,PRM*,11,20263914,1,212.342901159246,0.3335898,0.0003231,0.3334187,0,NaN,NaN,2002,2000,1.01280616671635,0.602967168284646,0.959046673422822,NaN,NaN,0
广阔,FMT*,11,20263914,1,218.597497971588,0.0648644,0.0061015,0.0647429,0,NaN,NaN,2002,2000,1.62411627743502,0.118620565868961,0.931606056205613,NaN,NaN,0
广阔,BIT*,11,20263914,1,209.120237721697,26.365263,0.032514,26.3649127,0,NaN,NaN,1358,2000,0.648428978762082,0.0588238705985051,0.973826135626073,NaN,NaN,0
广阔,RRT#,11,20263914,1,245.649745064041,0.1214362,0.0116618,0.1211908,0,NaN,NaN,1729,2000,7.54599870320285,0.00786638192746913,0.829012677902981,NaN,NaN,0
广阔,APF-only,11,20263914,1,301.840641895898,0.0024147,0.0022868,0.0024147,NaN,NaN,NaN,NaN,72,53.671042473467,0.127432159127466,0.6746830105535,1,8,0
广阔,AB-IRRT*,11,20263914,1,210.13380054143,0.1121876,0.0056035,0.1061407,0,0.0056035,0.1064137,1365,2000,4.16121790867766,0.0723416636764966,0.969128966672713,1,8,0
广阔,RRT*,12,20263915,1,261.930092395828,0.0944829,0.0077216,0.0943431,0,NaN,NaN,1710,2000,5.26698705510685,0.352003188973569,0.777485133987489,NaN,NaN,0
广阔,Informed-RRT*,12,20263915,1,256.849204559182,0.1252405,0.0081176,0.1250267,0,NaN,NaN,1600,2000,11.7241428115881,0.64773247918234,0.792865032738703,NaN,NaN,0
广阔,PRM*,12,20263915,1,215.059720471915,0.4656907,0.00061,0.4654267,0,NaN,NaN,2002,2000,2.26091076246672,0.0302397786565365,0.946931171187493,NaN,NaN,0
广阔,FMT*,12,20263915,1,219.036174559999,0.0992194,0.0058077,0.0989884,0,NaN,NaN,2002,2000,2.84621838566757,0.0616490636257776,0.929740274138792,NaN,NaN,0
广阔,BIT*,12,20263915,1,210.297488611401,28.5350798,0.0285768,28.5349037,0,NaN,NaN,1356,2000,0.632183639688849,0.339767008631066,0.968374631225556,NaN,NaN,0
广阔,RRT#,12,20263915,1,261.585827004158,0.0969143,0.0088925,0.0966478,0,NaN,NaN,1710,2000,4.88191795411879,0.35334155435015,0.778508359241071,NaN,NaN,0
广阔,APF-only,12,20263915,1,301.840641895898,0.002369,0.0022371,0.002369,NaN,NaN,NaN,NaN,72,53.671042473467,0.127432159127466,0.6746830105535,1,8,0
广阔,AB-IRRT*,12,20263915,1,210.07119408186,0.0861797,0.002973,0.0828756,0,0.002973,0.08308,1321,2000,4.40058440279239,0.401413271037784,0.969417791295882,1,8,0
广阔,RRT*,13,20263916,1,218.360096059245,0.0647753,0.0048264,0.0646762,0,NaN,NaN,1773,2000,5.80433564238673,0.254399540403838,0.932618901790889,NaN,NaN,0
广阔,Informed-RRT*,13,20263916,1,211.248984406878,0.0966005,0.0056403,0.0964206,0,NaN,NaN,1443,2000,3.4990587328841,0.240537125238115,0.964012932670438,NaN,NaN,0
广阔,PRM*,13,20263916,1,217.044280082361,0.3599995,0.0002615,0.3598532,0,NaN,NaN,2002,2000,3.686364678844,2.22359382046126,0.938272839553515,NaN,NaN,0
广阔,FMT*,13,20263916,1,219.342550683704,0.032543,0.0045726,0.0323849,0,NaN,NaN,2002,2000,2.57682754554354,0.0907624061463732,0.928441619498573,NaN,NaN,0
广阔,BIT*,13,20263916,1,208.70034590271,25.4341887,0.0147631,25.4340245,0,NaN,NaN,1339,2000,0.706279708486924,0.100708318185273,0.975785411858686,NaN,NaN,0
广阔,RRT#,13,20263916,1,218.335904414178,0.084699,0.0053465,0.084515,0,NaN,NaN,1773,2000,5.96759424867421,0.254994029049101,0.932722236079929,NaN,NaN,0
广阔,APF-only,13,20263916,1,301.840641895898,0.0029812,0.0027474,0.0029812,NaN,NaN,NaN,NaN,72,53.671042473467,0.127432159127466,0.6746830105535,1,8,0
广阔,AB-IRRT*,13,20263916,1,210.891488112162,0.1002091,0.0026253,0.097302,0,0.0026253,0.0974809,1330,2000,4.83177586909074,1.31909386318747,0.965647095597415,1,8,0
广阔,RRT*,14,20263917,1,268.384524513765,0.0852531,0.0071109,0.0851232,0,NaN,NaN,1756,2000,4.47514334370358,0.766502928851576,0.758787241368237,NaN,NaN,0
广阔,Informed-RRT*,14,20263917,1,236.787547965226,0.1108647,0.0098382,0.1106942,0,NaN,NaN,1667,2000,7.9925972348145,0.0415189318252516,0.860039958738171,NaN,NaN,0
广阔,PRM*,14,20263917,1,222.169644987743,0.366333,0.0006139,0.3661458,0,NaN,NaN,2002,2000,3.74827193881637,0.14267600317759,0.916627260186515,NaN,NaN,0
广阔,FMT*,14,20263917,1,218.234333277124,0.0565811,0.0037718,0.0563631,0,NaN,NaN,2002,2000,1.75673247686937,0.293903747631042,0.933156345858401,NaN,NaN,0
广阔,BIT*,14,20263917,1,210.373257457564,14.4496662,0.0194309,14.4494838,0,NaN,NaN,1490,2000,0.744658441211794,0.157651797155555,0.968025857672546,NaN,NaN,0
广阔,RRT#,14,20263917,1,264.759709422866,0.0940469,0.0107623,0.0938514,0,NaN,NaN,1756,2000,4.71175862366152,0.766323009560647,0.769175768570088,NaN,NaN,0
广阔,APF-only,14,20263917,1,301.840641895898,0.0027755,0.0026423,0.0027755,NaN,NaN,NaN,NaN,72,53.671042473467,0.127432159127466,0.6746830105535,1,8,0
广阔,AB-IRRT*,14,20263917,1,209.845640536696,0.0876428,0.0029631,0.0843175,0,0.0029631,0.0845688,1328,2000,3.74220798618543,0.0970242111198729,0.970459774436503,1,8,0
广阔,RRT*,15,20263918,1,252.431940360141,0.0799682,0.0064664,0.0798041,0,NaN,NaN,1749,2000,9.58574234798006,0.29368446232489,0.806739245006737,NaN,NaN,0
广阔,Informed-RRT*,15,20263918,1,210.014440645905,0.1028622,0.0074792,0.1027127,0,NaN,NaN,1573,2000,2.93877797974995,0.209280937742804,0.969679762760147,NaN,NaN,0
广阔,PRM*,15,20263918,1,214.356927446202,0.3685111,0.0002373,0.3683485,0,NaN,NaN,2002,2000,1.84763322476519,1.43693167499038,0.950035790342421,NaN,NaN,0
广阔,FMT*,15,20263918,1,212.319408505788,0.0402662,0.0077709,0.0401226,0,NaN,NaN,2002,2000,2.58732624858519,0.1741192020394,0.959152789727999,NaN,NaN,0
广阔,BIT*,15,20263918,1,208.673396071942,32.6181212,0.0222446,32.6179176,0,NaN,NaN,1361,2000,0.935648075815693,0.155116528773419,0.975911432962527,NaN,NaN,0
广阔,RRT#,15,20263918,1,252.553366435299,0.1071135,0.0083506,0.1068476,0,NaN,NaN,1749,2000,8.71776876395162,0.267280872288663,0.80635136983572,NaN,NaN,0
广阔,APF-only,15,20263918,1,301.840641895898,0.0018862,0.001788,0.0018862,NaN,NaN,NaN,NaN,72,53.671042473467,0.127432159127466,0.6746830105535,1,8,0
广阔,AB-IRRT*,15,20263918,1,218.470617583095,0.0914873,0.0019112,0.0893439,0,0.0019112,0.0894953,1375,2000,8.84078277461149,0.0703375752852774,0.932147101677271,1,8,0
广阔,RRT*,16,20263919,1,243.417431612563,0.072996,0.0124791,0.0727423,0,NaN,NaN,1733,2000,8.03530836865857,0.1596078301563,0.83661532221678,NaN,NaN,0
广阔,Informed-RRT*,16,20263919,1,218.723854201525,0.1020045,0.0102111,0.1018036,0,NaN,NaN,1602,2000,5.06110962360582,0.237294923472504,0.931067869689658,NaN,NaN,0
广阔,PRM*,16,20263919,1,214.113871650014,0.3259287,0.0003349,0.3257254,0,NaN,NaN,2002,2000,3.54701263915184,0.753418926173829,0.951114243147227,NaN,NaN,0
广阔,FMT*,16,20263919,1,216.203000489009,0.0644297,0.0044788,0.0640735,0,NaN,NaN,2002,2000,3.49088312114125,0.136694468881272,0.941923805502773,NaN,NaN,0
广阔,BIT*,16,20263919,1,208.872375684191,27.4570394,0.0223014,27.4568096,0,NaN,NaN,1343,2000,0.903208455418762,0.0514606561876469,0.97498174334759,NaN,NaN,0
广阔,RRT#,16,20263919,1,241.577286116967,0.0985236,0.0103139,0.098301,0,NaN,NaN,1733,2000,7.0137913247975,0.158301557976323,0.842987998810137,NaN,NaN,0
广阔,APF-only,16,20263919,1,301.840641895898,0.001771,0.00167,0.001771,NaN,NaN,NaN,NaN,72,53.671042473467,0.127432159127466,0.6746830105535,1,8,0
广阔,AB-IRRT*,16,20263919,1,209.185958402146,0.0802799,0.0018894,0.0779816,0,0.0018894,0.0782794,1270,2000,2.20514694899089,0.318481626541598,0.973520185280452,1,8,0
广阔,RRT*,17,20263920,1,219.413101937003,0.0929087,0.0047488,0.0927748,0,NaN,NaN,1775,2000,5.74203243985643,0.140453274597277,0.928143083452671,NaN,NaN,0
广阔,Informed-RRT*,17,20263920,1,210.041466547079,0.1461531,0.0050811,0.1459675,0,NaN,NaN,1451,2000,3.3984024289132,0.484860954918545,0.969554994685204,NaN,NaN,0
广阔,PRM*,17,20263920,1,210.581901393479,0.4919512,0.0001365,0.4917627,0,NaN,NaN,2002,2000,2.96015530395798,0.607930045175891,0.967066740466008,NaN,NaN,0
广阔,FMT*,17,20263920,1,214.152327807432,0.0818501,0.007845,0.0816056,0,NaN,NaN,2002,2000,1.595755570472,0.12368913051063,0.95094344790334,NaN,NaN,0
广阔,BIT*,17,20263920,1,210.255634067989,33.8226329,0.037419,33.8224139,0,NaN,NaN,1383,2000,0.780182065396719,0.0416357733951997,0.968567400747388,NaN,NaN,0
广阔,RRT#,17,20263920,1,219.316365659355,0.0970156,0.0061737,0.0968118,0,NaN,NaN,1775,2000,7.3619512299942,0.219248784521096,0.92855246971415,NaN,NaN,0
广阔,APF-only,17,20263920,1,301.840641895898,0.0021443,0.0020349,0.0021443,NaN,NaN,NaN,NaN,72,53.671042473467,0.127432159127466,0.6746830105535,1,8,0
广阔,AB-IRRT*,17,20263920,1,211.0803201101,0.0857254,0.0025556,0.0828448,0,0.0025556,0.0830375,1345,2000,5.76340304329512,0.0667712087090138,0.964783229793772,1,8,0
广阔,RRT*,18,20263921,1,236.232058408321,0.0773283,0.0098941,0.0771668,0,NaN,NaN,1745,2000,5.66845082284876,0.0960366168712312,0.862062305826957,NaN,NaN,0
广阔,Informed-RRT*,18,20263921,1,214.326285738808,0.1203847,0.0103035,0.1202061,0,NaN,NaN,1563,2000,7.36920208874977,0.308769230631993,0.950171614646947,NaN,NaN,0
广阔,PRM*,18,20263921,1,219.626033652266,0.384988,0.0007672,0.3848228,0,NaN,NaN,2002,2000,3.59520238085686,0.871856076008061,0.927243230664358,NaN,NaN,0
广阔,FMT*,18,20263921,1,218.898265321192,0.0564424,0.0049599,0.0562715,0,NaN,NaN,2002,2000,1.72336008723983,0.368484809357824,0.930326024662244,NaN,NaN,0
广阔,BIT*,18,20263921,1,210.998971611782,28.5383659,0.0181834,28.5382069,0,NaN,NaN,1541,2000,1.60134747869243,0.147336277293655,0.965155192113526,NaN,NaN,0
广阔,RRT#,18,20263921,1,234.423888312755,0.0892099,0.008997,0.0890304,0,NaN,NaN,1745,2000,4.74840495332573,0.0960910008444884,0.868711608050932,NaN,NaN,0
广阔,APF-only,18,20263921,1,301.840641895898,0.0031555,0.0030469,0.0031555,NaN,NaN,NaN,NaN,72,53.671042473467,0.127432159127466,0.6746830105535,1,8,0
广阔,AB-IRRT*,18,20263921,1,210.606106308764,0.0917773,0.0024044,0.0890932,0,0.0024044,0.0892783,1288,2000,4.27009642051901,0.300436305462702,0.966955595689922,1,8,0
广阔,RRT*,19,20263922,1,214.135636572135,0.080482,0.0075812,0.0803455,0,NaN,NaN,1719,2000,5.31687485978226,0.260023273282313,0.951017571113737,NaN,NaN,0
广阔,Informed-RRT*,19,20263922,1,211.50384971371,0.1117325,0.0067267,0.1115595,0,NaN,NaN,1393,2000,4.23031935648648,0.623293598248166,0.962851282647479,NaN,NaN,0
广阔,PRM*,19,20263922,1,216.30546902249,0.3889283,0.0003477,0.3887499,0,NaN,NaN,2002,2000,2.6685427324037,0.397108952650973,0.941477596022097,NaN,NaN,0
广阔,FMT*,19,20263922,1,218.972651703298,0.0422856,0.0055623,0.0421436,0,NaN,NaN,2002,2000,1.76503132512885,0.400326727391612,0.930009987081225,NaN,NaN,0
广阔,BIT*,19,20263922,1,209.044908402694,26.4583251,0.0178005,26.4581629,0,NaN,NaN,1349,2000,0.996233705362574,0.0949400933036912,0.974177053810037,NaN,NaN,0
广阔,RRT#,19,20263922,1,214.135636572135,0.0837049,0.0063797,0.0835342,0,NaN,NaN,1719,2000,5.31687485978226,0.260023273282313,0.951017571113737,NaN,NaN,0
广阔,APF-only,19,20263922,1,301.840641895898,0.0031522,0.0029614,0.0031522,NaN,NaN,NaN,NaN,72,53.671042473467,0.127432159127466,0.6746830105535,1,8,0
广阔,AB-IRRT*,19,20263922,1,209.786166935766,0.0811232,0.0030227,0.0777968,0,0.0030227,0.0780083,1279,2000,3.2321672590126,0.162693147622321,0.970734896186361,1,8,0
广阔,RRT*,20,20263923,1,213.077073914309,0.0829623,0.0057509,0.0828372,0,NaN,NaN,1733,2000,4.62110571428033,0.210849197516024,0.955742207458808,NaN,NaN,0
广阔,Informed-RRT*,20,20263923,1,209.901032076583,0.1077665,0.0045974,0.1076033,0,NaN,NaN,1385,2000,2.35718876858649,0.0862587439403452,0.970203676308865,NaN,NaN,0
广阔,PRM*,20,20263923,1,213.155833428632,0.4168851,0.0002604,0.4167231,0,NaN,NaN,2002,2000,2.56601036655012,1.07487448906205,0.955389067735318,NaN,NaN,0
广阔,FMT*,20,20263923,1,213.492833928847,0.1232689,0.0062809,0.1230835,0,NaN,NaN,2002,2000,1.22841528332178,0.318871326878918,0.953880976865001,NaN,NaN,0
广阔,BIT*,20,20263923,1,209.136804618301,24.2270724,0.0190636,24.2269445,0,NaN,NaN,1311,2000,0.752973390347218,0.389035430012817,0.973748993408428,NaN,NaN,0
广阔,RRT#,20,20263923,1,212.595478919641,0.0752178,0.0040831,0.0750224,0,NaN,NaN,1733,2000,4.45533970519828,0.210868335701248,0.957907261323755,NaN,NaN,0
广阔,APF-only,20,20263923,1,301.840641895898,0.002,0.0019042,0.002,NaN,NaN,NaN,NaN,72,53.671042473467,0.127432159127466,0.6746830105535,1,8,0
广阔,AB-IRRT*,20,20263923,1,210.647776145653,0.0723264,0.0024535,0.0696373,0,0.0024535,0.0697949,1317,2000,6.4257648502815,0.0623709115966456,0.966764314857582,1,8,0
广阔,RRT*,21,20263924,1,232.802930455867,0.0771666,0.0043754,0.0770628,0,NaN,NaN,1743,2000,6.87216536783304,0.848368583950325,0.874760264327222,NaN,NaN,0
广阔,Informed-RRT*,21,20263924,1,220.864593825042,0.1057694,0.004108,0.1055634,0,NaN,NaN,1560,2000,8.20957922002997,1.83733449179406,0.922043454113085,NaN,NaN,0
广阔,PRM*,21,20263924,1,220.04537078838,0.2939947,0.0047008,0.2938648,0,NaN,NaN,2002,2000,4.53371363024345,0.109761772544573,0.925476197259225,NaN,NaN,0
广阔,FMT*,21,20263924,1,219.68148240978,0.0466195,0.0045724,0.0464998,0,NaN,NaN,2002,2000,1.90469594080945,0.0891702872841265,0.927009189613242,NaN,NaN,0
广阔,BIT*,21,20263924,1,210.57770817846,22.3722419,0.0186271,22.3721183,0,NaN,NaN,1424,2000,0.652176798550847,0.219391486396265,0.967085997579285,NaN,NaN,0
广阔,RRT#,21,20263924,1,232.939311345177,0.0805044,0.0046787,0.0803471,0,NaN,NaN,1743,2000,6.27414900349523,0.279431074785258,0.874248111259997,NaN,NaN,0
广阔,APF-only,21,20263924,1,301.840641895898,0.0020914,0.0019976,0.0020914,NaN,NaN,NaN,NaN,72,53.671042473467,0.127432159127466,0.6746830105535,1,8,0
广阔,AB-IRRT*,21,20263924,1,209.974504097449,0.0760854,0.0023831,0.0734555,0,0.0023831,0.0736113,1280,2000,2.87849632053282,0.0823852378574606,0.969864193069902,1,8,0
广阔,RRT*,22,20263925,1,215.121338968298,0.0730958,0.0057463,0.0729886,0,NaN,NaN,1765,2000,3.63733134303657,0.937546334475078,0.946659936008193,NaN,NaN,0
广阔,Informed-RRT*,22,20263925,1,209.380671097631,0.1000938,0.0056919,0.0999379,0,NaN,NaN,1432,2000,2.48904846000489,0.0221569506080694,0.972614864180889,NaN,NaN,0
广阔,PRM*,22,20263925,1,228.312413463338,0.3221877,0.000493,0.3220613,0,NaN,NaN,2002,2000,3.75178236868001,0.0509796887003748,0.891965311445614,NaN,NaN,0
广阔,FMT*,22,20263925,1,210.481542775492,0.0362223,0.0056829,0.0361157,0,NaN,NaN,2002,2000,1.23725537146776,0.337027465673392,0.967527842566907,NaN,NaN,0
广阔,BIT*,22,20263925,1,208.650556817818,26.0998288,0.0157557,26.0996328,0,NaN,NaN,1300,2000,0.846990487031545,0.0273145332242066,0.976018257931317,NaN,NaN,0
广阔,RRT#,22,20263925,1,215.121338968298,0.0767121,0.0050158,0.0765554,0,NaN,NaN,1765,2000,3.63733134303657,0.937546334475078,0.946659936008193,NaN,NaN,0
广阔,APF-only,22,20263925,1,301.840641895898,0.0019733,0.0018657,0.0019733,NaN,NaN,NaN,NaN,72,53.671042473467,0.127432159127466,0.6746830105535,1,8,0
广阔,AB-IRRT*,22,20263925,1,214.404865757811,0.0685029,0.0019982,0.0662745,0,0.0019982,0.0664168,1343,2000,7.73260651783672,0.495454504062614,0.949823373932952,1,8,0
广阔,RRT*,23,20263926,1,217.121937168396,0.0706245,0.0037912,0.0704942,0,NaN,NaN,1792,2000,5.78321882144955,0.159854315933757,0.937937251470729,NaN,NaN,0
广阔,Informed-RRT*,23,20263926,1,211.264691616072,0.1076098,0.0066963,0.1074449,0,NaN,NaN,1523,2000,3.31358918457917,0.365355006492522,0.963941259771933,NaN,NaN,0
广阔,PRM*,23,20263926,1,213.66457724021,0.3086293,0.0001998,0.3084982,0,NaN,NaN,2002,2000,3.00247109527264,0.103542625661802,0.953114248567176,NaN,NaN,0
广阔,FMT*,23,20263926,1,214.605147303857,0.0490144,0.0050703,0.0489018,0,NaN,NaN,2002,2000,2.45951632669113,0.120380626178545,0.948936945549514,NaN,NaN,0
广阔,BIT*,23,20263926,1,208.767915159948,21.9716651,0.0259151,21.9715312,0,NaN,NaN,1398,2000,0.62154997133229,0.0415482788110353,0.975469591798629,NaN,NaN,0
广阔,RRT#,23,20263926,1,215.810942088169,0.0750575,0.0045979,0.0748678,0,NaN,NaN,1792,2000,4.60118875137515,0.185409196546317,0.943634975183631,NaN,NaN,0
广阔,APF-only,23,20263926,1,301.840641895898,0.0018489,0.0017575,0.0018489,NaN,NaN,NaN,NaN,72,53.671042473467,0.127432159127466,0.6746830105535,1,8,0
广阔,AB-IRRT*,23,20263926,1,210.50778297898,0.0673758,0.0020803,0.0650629,0,0.0020803,0.0652118,1374,2000,4.59029579994452,0.0636246270478171,0.967407238344534,1,8,0
广阔,RRT*,24,20263927,1,219.620511402065,0.0709326,0.0054156,0.0708328,0,NaN,NaN,1797,2000,4.80065769204606,0.203224345303756,0.927266545741277,NaN,NaN,0
广阔,Informed-RRT*,24,20263927,1,209.44741355778,0.0958185,0.0071219,0.0956763,0,NaN,NaN,1503,2000,2.34627884154993,0.206974821505644,0.972304930972785,NaN,NaN,0
广阔,PRM*,24,20263927,1,217.98296385725,0.3132101,0.0004107,0.3130674,0,NaN,NaN,2002,2000,3.11051761317749,1.18637945914036,0.934232425223319,NaN,NaN,0
广阔,FMT*,24,20263927,1,218.543560815147,0.0854603,0.0107617,0.0853422,0,NaN,NaN,2002,2000,3.33716562382437,0.416630735142965,0.931835979161969,NaN,NaN,0
广阔,BIT*,24,20263927,1,208.785192303836,23.7325139,0.0194223,23.7323821,0,NaN,NaN,1385,2000,0.837568718822097,0.05124095757973,0.975388870899269,NaN,NaN,0
广阔,RRT#,24,20263927,1,219.756616418317,0.0751819,0.0064488,0.0750178,0,NaN,NaN,1797,2000,4.96827904082729,0.25055000381325,0.926692248455783,NaN,NaN,0
广阔,APF-only,24,20263927,1,301.840641895898,0.0016019,0.0015081,0.0016019,NaN,NaN,NaN,NaN,72,53.671042473467,0.127432159127466,0.6746830105535,1,8,0
广阔,AB-IRRT*,24,20263927,1,210.180115746146,0.0748654,0.0033486,0.0712916,0,0.0033486,0.0714347,1395,2000,3.05096277680801,0.0807061693572848,0.968915409808265,1,8,0
广阔,RRT*,25,20263928,1,228.857964431873,0.0737383,0.0140328,0.0736353,0,NaN,NaN,1786,2000,4.69571763595852,0.346701679210292,0.889839047058149,NaN,NaN,0
广阔,Informed-RRT*,25,20263928,1,218.725196353106,0.0936907,0.0059437,0.0935411,0,NaN,NaN,1557,2000,7.14768882405305,0.971228910405458,0.931062156428297,NaN,NaN,0
广阔,PRM*,25,20263928,1,211.566792915204,0.3197885,0.0001395,0.3196704,0,NaN,NaN,2002,2000,2.06656804890353,0.247251687377974,0.96256482492197,NaN,NaN,0
广阔,FMT*,25,20263928,1,221.631884392939,0.0414938,0.0052706,0.0413807,0,NaN,NaN,2002,2000,1.42494469671548,0.195805234561773,0.918851335580728,NaN,NaN,0
广阔,BIT*,25,20263928,1,208.884399287559,22.6757699,0.0219326,22.6756245,0,NaN,NaN,1386,2000,0.777621290043544,0.219636820977872,0.974925622383973,NaN,NaN,0
广阔,RRT#,25,20263928,1,228.606410885345,0.0793955,0.0092689,0.0792187,0,NaN,NaN,1786,2000,4.22326745617374,0.375721213819844,0.890818206685649,NaN,NaN,0
广阔,APF-only,25,20263928,1,301.840641895898,0.0020119,0.0019016,0.0020119,NaN,NaN,NaN,NaN,72,53.671042473467,0.127432159127466,0.6746830105535,1,8,0
广阔,AB-IRRT*,25,20263928,1,211.461207747941,0.0778555,0.0022418,0.0753988,0,0.0022418,0.0755272,1340,2000,6.07464350550016,0.0316600169244268,0.963045445311512,1,8,0
广阔,RRT*,26,20263929,1,244.665409415609,0.0742106,0.0068433,0.0740966,0,NaN,NaN,1771,2000,6.59617029152777,0.493114224542042,0.83234795416378,NaN,NaN,0
广阔,Informed-RRT*,26,20263929,1,210.947311686225,0.0851886,0.0066359,0.0850544,0,NaN,NaN,1573,2000,3.00596243157313,0.630768554475032,0.965391553719543,NaN,NaN,0
广阔,PRM*,26,20263929,1,215.483866989755,0.3091464,7.86e-05,0.3090368,0,NaN,NaN,2002,2000,2.99920327469531,0.616246546445055,0.945067284277981,NaN,NaN,0
广阔,FMT*,26,20263929,1,224.909917284983,0.1525784,0.00366,0.1524474,0,NaN,NaN,2002,2000,1.76268118589608,0.013474914831729,0.905459196464357,NaN,NaN,0
广阔,BIT*,26,20263929,1,209.339121464929,26.5210708,0.0219239,26.5209185,0,NaN,NaN,1388,2000,0.599179824641554,0.288752515994989,0.97280790879713,NaN,NaN,0
广阔,RRT#,26,20263929,1,244.665409415609,0.0870083,0.0073216,0.0868363,0,NaN,NaN,1771,2000,6.59617029152777,0.493114224542042,0.83234795416378,NaN,NaN,0
广阔,APF-only,26,20263929,1,301.840641895898,0.0019429,0.0018528,0.0019429,NaN,NaN,NaN,NaN,72,53.671042473467,0.127432159127466,0.6746830105535,1,8,0
广阔,AB-IRRT*,26,20263929,1,211.596966370164,0.0849735,0.0024382,0.0822886,0,0.0024382,0.0824398,1385,2000,4.02332732481553,1.03945187329698,0.962427564417299,1,8,0
广阔,RRT*,27,20263930,1,215.008924695921,0.0707316,0.0035556,0.0706124,0,NaN,NaN,1769,2000,4.32599860193305,0.121111336021474,0.947154883313498,NaN,NaN,0
广阔,Informed-RRT*,27,20263930,1,209.183653489453,0.0996482,0.0040212,0.0994886,0,NaN,NaN,1411,2000,2.03748946089774,0.148657217029815,0.973530912117821,NaN,NaN,0
广阔,PRM*,27,20263930,1,212.206705098706,0.3281808,0.0004315,0.3280673,0,NaN,NaN,2002,2000,1.45930935559745,0.115096176193768,0.959662197700119,NaN,NaN,0
广阔,FMT*,27,20263930,1,212.003297365029,0.1090349,0.0053227,0.1088953,0,NaN,NaN,2002,2000,1.15796428793795,0.349175049671416,0.960582950891963,NaN,NaN,0
广阔,BIT*,27,20263930,1,212.295110744146,20.5407836,0.0177204,20.5406155,0,NaN,NaN,1455,2000,0.712417482527927,0.101066996269012,0.959262567413327,NaN,NaN,0
广阔,RRT#,27,20263930,1,214.704650678292,0.0764359,0.0034286,0.0762643,0,NaN,NaN,1769,2000,4.19957285044355,0.0971146214316095,0.948497167333672,NaN,NaN,0
广阔,APF-only,27,20263930,1,301.840641895898,0.0017234,0.0016315,0.0017234,NaN,NaN,NaN,NaN,72,53.671042473467,0.127432159127466,0.6746830105535,1,8,0
广阔,AB-IRRT*,27,20263930,1,210.138804832412,0.0834066,0.0029783,0.0801409,0,0.0029783,0.0803037,1375,2000,4.01353748101848,0.107595355434375,0.969105887625736,1,8,0
广阔,RRT*,28,20263931,1,240.852055260734,0.071606,0.0114837,0.0715007,0,NaN,NaN,1726,2000,5.57810227573828,0.174541924450661,0.845526324287613,NaN,NaN,0
广阔,Informed-RRT*,28,20263931,1,211.859709763298,0.1026265,0.0099158,0.1024748,0,NaN,NaN,1576,2000,3.34901422041268,0.605967361680157,0.961233984551623,NaN,NaN,0
广阔,PRM*,28,20263931,1,209.969208594292,0.3153099,0.0001726,0.3151915,0,NaN,NaN,2002,2000,1.56130961095746,0.171689498226993,0.969888653413069,NaN,NaN,0
广阔,FMT*,28,20263931,1,213.3291846657,0.0493008,0.0030938,0.0491945,0,NaN,NaN,2002,2000,1.67293562804951,0.0987574808707468,0.954612718840381,NaN,NaN,0
广阔,BIT*,28,20263931,1,211.985219406753,26.9982447,0.0155331,26.9981055,0,NaN,NaN,1473,2000,0.702920515508877,0.247258014326443,0.960664868766027,NaN,NaN,0
广阔,RRT#,28,20263931,1,239.531226120477,0.090587,0.0106717,0.0904025,0,NaN,NaN,1726,2000,4.66437179702727,0.174103943995902,0.85018874691226,NaN,NaN,0
广阔,APF-only,28,20263931,1,301.840641895898,0.0021064,0.0020029,0.0021064,NaN,NaN,NaN,NaN,72,53.671042473467,0.127432159127466,0.6746830105535,1,8,0
广阔,AB-IRRT*,28,20263931,1,209.088581655837,0.0829308,0.002955,0.0795144,0,0.002955,0.0797717,1318,2000,2.19149365483911,0.0995676416353746,0.97397357315729,1,8,0
广阔,RRT*,29,20263932,1,230.750767625971,0.0823612,0.0045844,0.0822502,0,NaN,NaN,1775,2000,5.61842742853198,1.1023584681545,0.882539872247883,NaN,NaN,0
广阔,Informed-RRT*,29,20263932,1,210.557236192334,0.1085536,0.0055258,0.1082906,0,NaN,NaN,1555,2000,2.67434503185618,0.184324898932189,0.967180025082129,NaN,NaN,0
广阔,PRM*,29,20263932,1,211.013410256426,0.3713425,0.0003718,0.3711489,0,NaN,NaN,2002,2000,2.33979940976929,0.30422322093101,0.965089151131444,NaN,NaN,0
广阔,FMT*,29,20263932,1,215.937797793491,0.0760937,0.0050397,0.0759533,0,NaN,NaN,2002,2000,1.67295242298343,0.389853762930001,0.943080623506589,NaN,NaN,0
广阔,BIT*,29,20263932,1,208.718418074327,19.341317,0.0280795,19.3411303,0,NaN,NaN,1394,2000,0.73587844605571,0.152064176859291,0.975700922135222,NaN,NaN,0
广阔,RRT#,29,20263932,1,230.439695416283,0.0864872,0.0046318,0.0863239,0,NaN,NaN,1775,2000,5.0116838353251,1.10172414269032,0.883731219197471,NaN,NaN,0
广阔,APF-only,29,20263932,1,301.840641895898,0.0018938,0.0018059,0.0018938,NaN,NaN,NaN,NaN,72,53.671042473467,0.127432159127466,0.6746830105535,1,8,0
广阔,AB-IRRT*,29,20263932,1,212.688941973987,0.0980554,0.0026219,0.0950524,0,0.0026219,0.0953056,1338,2000,5.7921739277209,0.172049281872773,0.957486322944957,1,8,0
广阔,RRT*,30,20263933,1,233.179804175212,0.106992,0.0090947,0.1068614,0,NaN,NaN,1732,2000,6.48769856344621,0.658702110425029,0.87334644482635,NaN,NaN,0
广阔,Informed-RRT*,30,20263933,1,213.459727490113,0.1489293,0.0068195,0.148767,0,NaN,NaN,1526,2000,4.66387820828143,0.367956218567889,0.954028918598513,NaN,NaN,0
广阔,PRM*,30,20263933,1,223.529643417601,0.3747211,0.0011006,0.3745644,0,NaN,NaN,2002,2000,2.62001128183726,2.02877992468881,0.911050319179681,NaN,NaN,0
广阔,FMT*,30,20263933,1,216.609702534579,0.1118486,0.0160523,0.1116765,0,NaN,NaN,2002,2000,2.21385059134673,0.338618949264117,0.940155268202799,NaN,NaN,0
广阔,BIT*,30,20263933,1,209.450255945658,25.4779238,0.0395707,25.4777428,0,NaN,NaN,1426,2000,0.729422157450946,0.136783707285366,0.972291736108273,NaN,NaN,0
广阔,RRT#,30,20263933,1,235.882563788263,0.0892283,0.0066771,0.0889327,0,NaN,NaN,1732,2000,7.57668304414059,0.613189721718482,0.863339577589661,NaN,NaN,0
广阔,APF-only,30,20263933,1,301.840641895898,0.0023458,0.0022326,0.0023458,NaN,NaN,NaN,NaN,72,53.671042473467,0.127432159127466,0.6746830105535,1,8,0
广阔,AB-IRRT*,30,20263933,1,211.944262397574,0.0858962,0.0025005,0.083106,0,0.0025005,0.0832862,1327,2000,4.55233232806301,0.46585279509278,0.960850511724242,1,8,0
广阔,RRT*,31,20263934,1,260.298959287652,0.0695034,0.0061419,0.0693739,0,NaN,NaN,1733,2000,4.93996445455057,2.19894587917476,0.782357154016429,NaN,NaN,0
广阔,Informed-RRT*,31,20263934,1,219.176204669306,0.1145281,0.008041,0.1143591,0,NaN,NaN,1672,2000,6.2755874673588,1.07280746331354,0.929146269728452,NaN,NaN,0
广阔,PRM*,31,20263934,1,223.411467555887,0.3800873,0.0004499,0.3799474,0,NaN,NaN,2002,2000,1.95767947989641,0.307461099548817,0.911532228894129,NaN,NaN,0
广阔,FMT*,31,20263934,1,214.713149462307,0.080378,0.0049731,0.0802315,0,NaN,NaN,2002,2000,2.03049997452703,0.337417989800016,0.948459623882868,NaN,NaN,0
广阔,BIT*,31,20263934,1,209.02594011948,24.8183467,0.021646,24.818198,0,NaN,NaN,1384,2000,0.800021406888446,0.141693193574048,0.974265456552044,NaN,NaN,0
广阔,RRT#,31,20263934,1,260.298959287652,0.0876518,0.006736,0.0874741,0,NaN,NaN,1733,2000,4.93996445455057,2.19894587917476,0.782357154016429,NaN,NaN,0
广阔,APF-only,31,20263934,1,301.840641895898,0.0021157,0.0020235,0.0021157,NaN,NaN,NaN,NaN,72,53.671042473467,0.127432159127466,0.6746830105535,1,8,0
广阔,AB-IRRT*,31,20263934,1,213.05857254196,0.088659,0.0019133,0.0865203,0,0.0019133,0.0866651,1329,2000,7.95317179805661,0.037816607451802,0.955825201267689,1,8,0
广阔,RRT*,32,20263935,1,216.656827389635,0.0650067,0.0043945,0.0648284,0,NaN,NaN,1747,2000,5.20444152351925,0.235096300032582,0.939950775774482,NaN,NaN,0
广阔,Informed-RRT*,32,20263935,1,209.789954736127,0.1104516,0.0042976,0.1103044,0,NaN,NaN,1439,2000,2.6187298158588,0.00627055671962395,0.970717369370101,NaN,NaN,0
广阔,PRM*,32,20263935,1,222.041509921771,0.3357138,0.0001422,0.3355904,0,NaN,NaN,2002,2000,3.98306597404971,1.39629512983632,0.917156224768397,NaN,NaN,0
广阔,FMT*,32,20263935,1,214.673504772237,0.055747,0.0053907,0.0555983,0,NaN,NaN,2002,2000,2.57953797699586,0.384873055971255,0.948634780047913,NaN,NaN,0
广阔,BIT*,32,20263935,1,210.466804936484,25.8505309,0.0166527,25.8504044,0,NaN,NaN,1351,2000,0.658089206581248,0.171978033298133,0.967595593248937,NaN,NaN,0
广阔,RRT#,32,20263935,1,216.656827389635,0.0757773,0.0048206,0.0756257,0,NaN,NaN,1747,2000,5.20444152351925,0.235096300032582,0.939950775774482,NaN,NaN,0
广阔,APF-only,32,20263935,1,301.840641895898,0.0021262,0.0020326,0.0021262,NaN,NaN,NaN,NaN,72,53.671042473467,0.127432159127466,0.6746830105535,1,8,0
广阔,AB-IRRT*,32,20263935,1,211.207708542479,0.0763793,0.0024084,0.0736617,0,0.0024084,0.0738635,1307,2000,4.08813912625706,0.17762568738592,0.964201327627051,1,8,0
广阔,RRT*,33,20263936,1,222.377393505304,0.0711021,0.0044992,0.0709605,0,NaN,NaN,1699,2000,4.54527545448571,0.953354500067517,0.915770932340156,NaN,NaN,0
广阔,Informed-RRT*,33,20263936,1,214.437668423017,0.0974247,0.0033549,0.0972607,0,NaN,NaN,1414,2000,3.44240528501183,0.0233577954559674,0.949678078853177,NaN,NaN,0
广阔,PRM*,33,20263936,1,215.703128738505,0.3386713,0.00024,0.3385469,0,NaN,NaN,2002,2000,4.43710807846082,1.50565542139737,0.944106625493618,NaN,NaN,0
广阔,FMT*,33,20263936,1,217.552660161423,0.0403714,0.003749,0.0402238,0,NaN,NaN,2002,2000,2.07143901325557,0.238669366695929,0.936080270545166,NaN,NaN,0
广阔,BIT*,33,20263936,1,209.506793448419,21.6892735,0.0211991,21.6891061,0,NaN,NaN,1350,2000,0.617830888587309,0.0681843876438535,0.972029353462773,NaN,NaN,0
广阔,RRT#,33,20263936,1,222.250679309313,0.0777972,0.00312,0.0776401,0,NaN,NaN,1699,2000,3.92501029397932,0.95313242550362,0.916293050777605,NaN,NaN,0
广阔,APF-only,33,20263936,1,301.840641895898,0.0020774,0.0019876,0.0020774,NaN,NaN,NaN,NaN,72,53.671042473467,0.127432159127466,0.6746830105535,1,8,0
广阔,AB-IRRT*,33,20263936,1,210.790624903436,0.0817897,0.0028707,0.078664,0,0.0028707,0.078819,1350,2000,3.98340166238108,0.263989785389924,0.966109157250313,1,8,0
广阔,RRT*,34,20263937,1,227.594374854715,0.0764851,0.0042723,0.0763901,0,NaN,NaN,1798,2000,4.82007366485663,0.55265181129826,0.894779377178032,NaN,NaN,0
广阔,Informed-RRT*,34,20263937,1,223.327877895251,0.1008997,0.0032932,0.100755,0,NaN,NaN,1545,2000,6.95110948166188,0.306874046703902,0.911873407390921,NaN,NaN,0
广阔,PRM*,34,20263937,1,221.989378009329,0.3396814,0.0001425,0.3395441,0,NaN,NaN,2002,2000,4.53217735971996,0.762321820252485,0.917371609434247,NaN,NaN,0
广阔,FMT*,34,20263937,1,212.509121002199,0.0609985,0.0076855,0.0608528,0,NaN,NaN,2002,2000,0.750233540206919,0.133025296552747,0.958296528738728,NaN,NaN,0
广阔,BIT*,34,20263937,1,208.73237377024,18.6619349,0.0144642,18.6618049,0,NaN,NaN,1316,2000,0.770646876906014,0.0187174908255336,0.975635687475521,NaN,NaN,0
广阔,RRT#,34,20263937,1,227.021122683342,0.0752624,0.003768,0.0751176,0,NaN,NaN,1798,2000,5.64163863143626,0.552414371394612,0.897038789054798,NaN,NaN,0
广阔,APF-only,34,20263937,1,301.840641895898,0.0024872,0.0023699,0.0024872,NaN,NaN,NaN,NaN,72,53.671042473467,0.127432159127466,0.6746830105535,1,8,0
广阔,AB-IRRT*,34,20263937,1,210.001307666705,0.0639254,0.0025887,0.0611154,0,0.0025887,0.0612562,1289,2000,3.04549064239487,0.207270154553353,0.969740404211842,1,8,0
广阔,RRT*,35,20263938,1,243.721285340291,0.0648549,0.0087793,0.0647411,0,NaN,NaN,1706,2000,6.00944482429538,0.202897973441992,0.835572291921027,NaN,NaN,0
广阔,Informed-RRT*,35,20263938,1,233.041824281047,0.099582,0.013094,0.0994405,0,NaN,NaN,1608,2000,7.44725435802035,1.90133902377581,0.873863537628891,NaN,NaN,0
广阔,PRM*,35,20263938,1,213.20823020554,0.3131143,0.000396,0.3129787,0,NaN,NaN,2002,2000,2.39512739484427,0.0352826812771383,0.955154277043637,NaN,NaN,0
广阔,FMT*,35,20263938,1,224.405115095082,0.0207856,0.0051167,0.0206722,0,NaN,NaN,2002,2000,2.83488502960212,0.0641447252042724,0.907496038561507,NaN,NaN,0
广阔,BIT*,35,20263938,1,209.052954853543,14.6725633,0.0204437,14.672437,0,NaN,NaN,1406,2000,0.842908656556661,0.327260055603499,0.974139557723041,NaN,NaN,0
广阔,RRT#,35,20263938,1,247.372862538328,0.0759523,0.0129623,0.0757995,0,NaN,NaN,1706,2000,7.65561955055216,0.179952870905908,0.823238050011136,NaN,NaN,0
广阔,APF-only,35,20263938,1,301.840641895898,0.0014499,0.0013741,0.0014499,NaN,NaN,NaN,NaN,72,53.671042473467,0.127432159127466,0.6746830105535,1,8,0
广阔,AB-IRRT*,35,20263938,1,210.993159766594,0.0641078,0.0018746,0.0620328,0,0.0018746,0.0621589,1349,2000,4.99959774285047,0.203004045973593,0.96518177748987,1,8,0
广阔,RRT*,36,20263939,1,218.80609562857,0.06532,0.0042826,0.065187,0,NaN,NaN,1800,2000,5.7817380345205,1.15274570186693,0.930717914401352,NaN,NaN,0
广阔,Informed-RRT*,36,20263939,1,210.203731521473,0.094917,0.004228,0.0947732,0,NaN,NaN,1510,2000,3.85174142461723,0.0649238916787453,0.968806554991733,NaN,NaN,0
广阔,PRM*,36,20263939,1,212.908991073768,0.3038283,0.0003841,0.3036861,0,NaN,NaN,2002,2000,2.16553119753663,0.0618029150109027,0.956496726393141,NaN,NaN,0
广阔,FMT*,36,20263939,1,210.934346690143,0.0873345,0.0049778,0.0871848,0,NaN,NaN,2002,2000,1.69881664347369,0.240732211597926,0.965450891129064,NaN,NaN,0
广阔,BIT*,36,20263939,1,208.612213220009,30.3042198,0.0298899,30.3040553,0,NaN,NaN,1442,2000,0.767105398143333,0.106534079047344,0.976197653235927,NaN,NaN,0
广阔,RRT#,36,20263939,1,217.520645649775,0.0741649,0.004873,0.0740103,0,NaN,NaN,1800,2000,4.93873745628953,0.881408804919376,0.936218042077774,NaN,NaN,0
广阔,APF-only,36,20263939,1,301.840641895898,0.001654,0.0015646,0.001654,NaN,NaN,NaN,NaN,72,53.671042473467,0.127432159127466,0.6746830105535,1,8,0
广阔,AB-IRRT*,36,20263939,1,210.745398760371,0.081375,0.0031244,0.0778733,0,0.0031244,0.0781221,1375,2000,3.91621259276906,0.345314195002867,0.966316485102878,1,8,0
广阔,RRT*,37,20263940,1,226.321937425177,0.0707304,0.004931,0.0706132,0,NaN,NaN,1748,2000,6.88590931519475,0.787799614595885,0.899810046249063,NaN,NaN,0
广阔,Informed-RRT*,37,20263940,1,212.203539569806,0.1009112,0.0038959,0.1007677,0,NaN,NaN,1492,2000,3.61903021623605,1.54688272280777,0.95967651338226,NaN,NaN,0
广阔,PRM*,37,20263940,1,223.339104298551,0.3114624,0.0001205,0.3113324,0,NaN,NaN,2002,2000,3.7929118534355,0.454356887469912,0.911827570999385,NaN,NaN,0
广阔,FMT*,37,20263940,1,210.783745938164,0.0262445,0.0046045,0.0261183,0,NaN,NaN,2002,2000,0.965628602652094,0.0814866514934796,0.966140686395561,NaN,NaN,0
广阔,BIT*,37,20263940,1,208.761870805761,23.9260517,0.0166831,23.925832,0,NaN,NaN,1296,2000,0.725519020696356,0.233314953951947,0.975497834904944,NaN,NaN,0
广阔,RRT#,37,20263940,1,223.237294735115,0.08449,0.0044343,0.0842953,0,NaN,NaN,1748,2000,5.35817642737394,0.165563198580998,0.912243418929462,NaN,NaN,0
广阔,APF-only,37,20263940,1,301.840641895898,0.0017992,0.0017032,0.0017992,NaN,NaN,NaN,NaN,72,53.671042473467,0.127432159127466,0.6746830105535,1,8,0
广阔,AB-IRRT*,37,20263940,1,209.629211009442,0.0689981,0.0030523,0.0656834,0,0.0030523,0.0658394,1362,2000,3.22674050905467,0.0551177027988388,0.971461715669736,1,8,0
广阔,RRT*,38,20263941,1,214.012766568727,0.0619976,0.0040251,0.0619074,0,NaN,NaN,1753,2000,4.52754411521112,0.138890098287437,0.951563573738145,NaN,NaN,0
广阔,Informed-RRT*,38,20263941,1,209.281897047281,0.0828682,0.0037484,0.0827133,0,NaN,NaN,1415,2000,1.85996841984194,0.0695465905349373,0.973073905841542,NaN,NaN,0
广阔,PRM*,38,20263941,1,210.335963771518,0.3078679,0.0001584,0.30773,0,NaN,NaN,2002,2000,1.98255123772501,0.174227465204914,0.968197493810146,NaN,NaN,0
广阔,FMT*,38,20263941,1,214.044550890845,0.0382296,0.0061818,0.038111,0,NaN,NaN,2002,2000,2.06411496548151,0.205255072575481,0.951422272298716,NaN,NaN,0
广阔,BIT*,38,20263941,1,209.002794477925,18.7856071,0.0138102,18.7854661,0,NaN,NaN,1327,2000,0.752970363863373,0.173654450095692,0.974373349841671,NaN,NaN,0
广阔,RRT#,38,20263941,1,214.403689777635,0.0785545,0.0052935,0.0783908,0,NaN,NaN,1753,2000,4.75736859442763,0.0986294432635333,0.94982858360756,NaN,NaN,0
广阔,APF-only,38,20263941,1,301.840641895898,0.0017001,0.001606,0.0017001,NaN,NaN,NaN,NaN,72,53.671042473467,0.127432159127466,0.6746830105535,1,8,0
广阔,AB-IRRT*,38,20263941,1,210.133285935191,0.074412,0.0040408,0.0700643,0,0.0040408,0.0702472,1257,2000,4.54168037297382,0.195969910791518,0.969131340022607,1,8,0
广阔,RRT*,39,20263942,1,243.546799007413,0.069922,0.0042313,0.0698069,0,NaN,NaN,1762,2000,6.16492022961698,0.136301123815906,0.836170928181763,NaN,NaN,0
广阔,Informed-RRT*,39,20263942,1,210.873349760658,0.1019206,0.0056675,0.1017649,0,NaN,NaN,1604,2000,2.81994991564228,0.0752420579607307,0.965730156100169,NaN,NaN,0
广阔,PRM*,39,20263942,1,212.986455157406,0.3158057,0.0004663,0.3156846,0,NaN,NaN,2002,2000,2.2368991602897,0.557344530419769,0.956148844447513,NaN,NaN,0
广阔,FMT*,39,20263942,1,214.885885359308,0.0565005,0.0040092,0.0563742,0,NaN,NaN,2002,2000,2.97932917058091,0.0689193276767242,0.947697205152449,NaN,NaN,0
广阔,BIT*,39,20263942,1,209.32073039747,41.9512127,0.0234783,41.9510408,0,NaN,NaN,1384,2000,1.192569714915,0.179962945600963,0.972893380388218,NaN,NaN,0
广阔,RRT#,39,20263942,1,242.210975609404,0.0761049,0.0066734,0.0759491,0,NaN,NaN,1762,2000,6.07175188212029,0.136321843735312,0.840782513960606,NaN,NaN,0
广阔,APF-only,39,20263942,1,301.840641895898,0.0017381,0.001659,0.0017381,NaN,NaN,NaN,NaN,72,53.671042473467,0.127432159127466,0.6746830105535,1,8,0
广阔,AB-IRRT*,39,20263942,1,213.66311899816,0.0729689,0.0021045,0.0706489,0,0.0021045,0.0707826,1396,2000,5.57490623594067,0.173555961465381,0.953120753532944,1,8,0
广阔,RRT*,40,20263943,1,222.453819025925,0.0737927,0.0058553,0.0736925,0,NaN,NaN,1735,2000,3.07599841951704,0.00506758521704853,0.915456313015656,NaN,NaN,0
广阔,Informed-RRT*,40,20263943,1,212.033693675657,0.1022349,0.0075895,0.1020464,0,NaN,NaN,1462,2000,4.30380578315109,0.509927019802438,0.960445245524231,NaN,NaN,0
广阔,PRM*,40,20263943,1,211.520906744916,0.2894206,0.0006254,0.2893013,0,NaN,NaN,2002,2000,2.01645881941018,0.381352483876042,0.962773638387028,NaN,NaN,0
广阔,FMT*,40,20263943,1,213.870270040766,0.0736983,0.0048409,0.0735852,0,NaN,NaN,2002,2000,2.33860141510009,0.477416592519782,0.95219757726452,NaN,NaN,0
广阔,BIT*,40,20263943,1,209.522715393154,26.7774835,0.0186809,26.7773461,0,NaN,NaN,1389,2000,1.00209339828848,0.0232434437690561,0.971955487497368,NaN,NaN,0
广阔,RRT#,40,20263943,1,222.184411807149,0.0682798,0.0051707,0.0681451,0,NaN,NaN,1735,2000,3.0584124869277,0.00427377308265342,0.916566339309557,NaN,NaN,0
广阔,APF-only,40,20263943,1,301.840641895898,0.001706,0.0016205,0.001706,NaN,NaN,NaN,NaN,72,53.671042473467,0.127432159127466,0.6746830105535,1,8,0
广阔,AB-IRRT*,40,20263943,1,211.446775542238,0.074956,0.0017811,0.0729785,0,0.0017811,0.0731041,1399,2000,3.74272884127416,0.345142544805295,0.963111177550426,1,8,0
广阔,RRT*,41,20263944,1,262.196076719259,0.0641194,0.0111633,0.0639934,0,NaN,NaN,1706,2000,10.3936397321861,1.56224893299128,0.776696415636213,NaN,NaN,0
广阔,Informed-RRT*,41,20263944,1,244.593356420271,0.0793219,0.0080165,0.0791941,0,NaN,NaN,1656,2000,10.5571135201163,0.248690367715495,0.832593149553135,NaN,NaN,0
广阔,PRM*,41,20263944,1,211.205973247362,0.3143183,0.0004961,0.314173,0,NaN,NaN,2002,2000,1.27102029990985,0.402668931876898,0.964209249627693,NaN,NaN,0
广阔,FMT*,41,20263944,1,233.18977910252,0.1009512,0.0075877,0.1008206,0,NaN,NaN,2002,2000,6.23156970908547,0.032915784974147,0.873309086553891,NaN,NaN,0
广阔,BIT*,41,20263944,1,209.009206425588,25.5882481,0.0207041,25.5880997,0,NaN,NaN,1431,2000,0.834921740530512,0.0262127959770595,0.974343458187468,NaN,NaN,0
广阔,RRT#,41,20263944,1,252.001617426931,0.0809816,0.0121462,0.0808274,0,NaN,NaN,1706,2000,6.65873370200678,1.56437914709589,0.808116848856233,NaN,NaN,0
广阔,APF-only,41,20263944,1,301.840641895898,0.0031115,0.0029287,0.0031115,NaN,NaN,NaN,NaN,72,53.671042473467,0.127432159127466,0.6746830105535,1,8,0
广阔,AB-IRRT*,41,20263944,1,209.093307014377,0.0702367,0.0026904,0.0673152,0,0.0026904,0.0674555,1306,2000,2.84187085181304,0.137129886826569,0.973951562054176,1,8,0
广阔,RRT*,42,20263945,1,218.816449329331,0.0652174,0.0041089,0.0651067,0,NaN,NaN,1704,2000,6.35598719293888,0.185353957491046,0.930673875779903,NaN,NaN,0
广阔,Informed-RRT*,42,20263945,1,210.848965501735,0.1093287,0.0054471,0.1091769,0,NaN,NaN,1458,2000,3.38484340628823,0.00953777505932152,0.965841840851006,NaN,NaN,0
广阔,PRM*,42,20263945,1,214.288805951153,0.3272432,0.0002352,0.3271207,0,NaN,NaN,2002,2000,2.33931358741689,0.811138080520406,0.950337802657533,NaN,NaN,0
广阔,FMT*,42,20263945,1,213.556960867286,0.1458458,0.0032824,0.1456979,0,NaN,NaN,2002,2000,3.02238094303841,0.844273119961599,0.953594545243043,NaN,NaN,0
广阔,BIT*,42,20263945,1,209.125463907484,27.2024837,0.0151457,27.202337,0,NaN,NaN,1350,2000,0.914294054482482,0.170524955814997,0.973801799056942,NaN,NaN,0
广阔,RRT#,42,20263945,1,216.936037274771,0.0756698,0.0044124,0.0754805,0,NaN,NaN,1704,2000,5.64798498029572,0.185128725010202,0.938741001910102,NaN,NaN,0
广阔,APF-only,42,20263945,1,301.840641895898,0.0018572,0.0017683,0.0018572,NaN,NaN,NaN,NaN,72,53.671042473467,0.127432159127466,0.6746830105535,1,8,0
广阔,AB-IRRT*,42,20263945,1,211.187308849369,0.0726242,0.0024048,0.0699903,0,0.0024048,0.0701289,1352,2000,4.74803300451493,0.580080988870891,0.964294464905459,1,8,0
广阔,RRT*,43,20263946,1,211.893449753636,0.0747049,0.0053186,0.0745873,0,NaN,NaN,1741,2000,3.54685813195969,1.02907233605005,0.961080926373614,NaN,NaN,0
广阔,Informed-RRT*,43,20263946,1,209.058563265103,0.0992629,0.0042239,0.0991154,0,NaN,NaN,1401,2000,2.07769420348537,0.135605304697378,0.974113424492853,NaN,NaN,0
广阔,PRM*,43,20263946,1,221.986710426352,0.3267318,0.0001595,0.3266072,0,NaN,NaN,2002,2000,3.0927344988177,0.0749799147807302,0.917382633359437,NaN,NaN,0
广阔,FMT*,43,20263946,1,215.001380410737,0.0711388,0.0029957,0.0710028,0,NaN,NaN,2002,2000,1.24349575508223,0.405415001520343,0.947188118479428,NaN,NaN,0
广阔,BIT*,43,20263946,1,209.090006877003,20.1108111,0.0156108,20.1106203,0,NaN,NaN,1527,2000,1.07393318547052,0.00583155604206276,0.973966934256791,NaN,NaN,0
广阔,RRT#,43,20263946,1,211.232769111489,0.1010191,0.0057284,0.1005827,0,NaN,NaN,1741,2000,3.27173268286571,0.0896205495426727,0.964086935177376,NaN,NaN,0
广阔,APF-only,43,20263946,1,301.840641895898,0.0021789,0.0020787,0.0021789,NaN,NaN,NaN,NaN,72,53.671042473467,0.127432159127466,0.6746830105535,1,8,0
广阔,AB-IRRT*,43,20263946,1,211.498789505094,0.0947443,0.0022642,0.0921989,0,0.0022642,0.0923771,1362,2000,3.18914018335824,0.144308572773414,0.962874319320019,1,8,0
广阔,RRT*,44,20263947,1,215.897855683296,0.0697529,0.007003,0.0696312,0,NaN,NaN,1693,2000,5.54634993684033,0.400560304493399,0.943255097820232,NaN,NaN,0
广阔,Informed-RRT*,44,20263947,1,211.179679471876,0.1134517,0.0070219,0.1132688,0,NaN,NaN,1427,2000,2.58224631615271,0.191165428948622,0.964329302378954,NaN,NaN,0
广阔,PRM*,44,20263947,1,211.895378571376,0.3688709,0.0003875,0.3687196,0,NaN,NaN,2002,2000,1.98136371812299,0.73003860389993,0.961072177952803,NaN,NaN,0
广阔,FMT*,44,20263947,1,217.123530491972,0.0433176,0.0053684,0.0431784,0,NaN,NaN,2002,2000,2.1524770324233,0.389930440678453,0.937930368579999,NaN,NaN,0
广阔,BIT*,44,20263947,1,209.487593395611,25.2567545,0.028807,25.2566087,0,NaN,NaN,1361,2000,0.967197037821557,0.174808464405885,0.972118442342047,NaN,NaN,0
广阔,RRT#,44,20263947,1,213.843903784167,0.0795451,0.0093354,0.0793982,0,NaN,NaN,1693,2000,5.24443372250424,0.0967979678577375,0.952314980123385,NaN,NaN,0
广阔,APF-only,44,20263947,1,301.840641895898,0.0019569,0.0018748,0.0019569,NaN,NaN,NaN,NaN,72,53.671042473467,0.127432159127466,0.6746830105535,1,8,0
广阔,AB-IRRT*,44,20263947,1,210.858722489376,0.0685316,0.0027389,0.065547,0,0.0027389,0.0657015,1269,2000,3.80281232120487,0.287346809943255,0.965797148808895,1,8,0
广阔,RRT*,45,20263948,1,210.679180997595,0.0730664,0.003496,0.0729602,0,NaN,NaN,1789,2000,3.11364230111403,0.126517799713355,0.966620204319335,NaN,NaN,0
广阔,Informed-RRT*,45,20263948,1,209.389386050239,0.0988024,0.0067085,0.0986433,0,NaN,NaN,1390,2000,2.01835432279751,0.14241424862962,0.972574383177495,NaN,NaN,0
广阔,PRM*,45,20263948,1,214.386915537221,0.3307099,0.0001504,0.3305799,0,NaN,NaN,2002,2000,2.55151638488538,1.44347150003676,0.949902900890279,NaN,NaN,0
广阔,FMT*,45,20263948,1,211.277804641092,0.0456754,0.0048402,0.0455487,0,NaN,NaN,2002,2000,1.29260514561544,0.260263323006624,0.96388143244706,NaN,NaN,0
广阔,BIT*,45,20263948,1,209.15541273182,23.9792158,0.0145313,23.9790421,0,NaN,NaN,1412,2000,0.774572757646913,0.0052845485321118,0.973662361025496,NaN,NaN,0
广阔,RRT#,45,20263948,1,210.682070226402,0.0832847,0.0048504,0.0831143,0,NaN,NaN,1789,2000,3.13959377822245,0.1269190614275,0.966606948388553,NaN,NaN,0
广阔,APF-only,45,20263948,1,301.840641895898,0.0024906,0.0023904,0.0024906,NaN,NaN,NaN,NaN,72,53.671042473467,0.127432159127466,0.6746830105535,1,8,0
广阔,AB-IRRT*,45,20263948,1,211.015396089408,0.0714923,0.0022247,0.0690349,0,0.0022247,0.0691881,1410,2000,4.96837306312077,0.19131130381681,0.965080068827963,1,8,0
广阔,RRT*,46,20263949,1,217.439314691403,0.0672418,0.0050172,0.0671514,0,NaN,NaN,1756,2000,5.50975195673815,0.532740968582871,0.936568224889542,NaN,NaN,0
广阔,Informed-RRT*,46,20263949,1,216.388248347622,0.1081771,0.0046498,0.1080233,0,NaN,NaN,1552,2000,7.25754059230509,0.51503474883199,0.941117433764578,NaN,NaN,0
广阔,PRM*,46,20263949,1,211.506199345303,0.3267451,0.0002941,0.3266158,0,NaN,NaN,2002,2000,2.81335483979119,0.132850598609743,0.96284058629059,NaN,NaN,0
广阔,FMT*,46,20263949,1,209.637142869493,0.0699912,0.0090882,0.0698551,0,NaN,NaN,2002,2000,0.781781134223146,0.140232702057546,0.97142495930935,NaN,NaN,0
广阔,BIT*,46,20263949,1,210.058330421558,23.0147381,0.0239365,23.0145922,0,NaN,NaN,1389,2000,0.629970682015329,0.132522971254611,0.969477157002224,NaN,NaN,0
广阔,RRT#,46,20263949,1,217.858003086606,0.0762033,0.0051046,0.0760234,0,NaN,NaN,1756,2000,6.05121017884826,0.536230441760611,0.934768289879021,NaN,NaN,0
广阔,APF-only,46,20263949,1,301.840641895898,0.0020925,0.0018693,0.0020925,NaN,NaN,NaN,NaN,72,53.671042473467,0.127432159127466,0.6746830105535,1,8,0
广阔,AB-IRRT*,46,20263949,1,213.046180739321,0.0811245,0.0025638,0.0782856,0,0.0025638,0.0784659,1360,2000,4.07015141468997,0.194044193424304,0.955880796712822,1,8,0
广阔,RRT*,47,20263950,1,210.828763692128,0.0727546,0.0032199,0.0726589,0,NaN,NaN,1741,2000,2.39205867394748,0.582091070559906,0.965934388720836,NaN,NaN,0
广阔,Informed-RRT*,47,20263950,1,209.894767134722,0.1085531,0.0028586,0.1083928,0,NaN,NaN,1393,2000,2.08327674005719,0.0964249362555504,0.970232634961375,NaN,NaN,0
广阔,PRM*,47,20263950,1,213.35877938735,0.3400794,0.0002908,0.3398611,0,NaN,NaN,2002,2000,2.98046902757077,2.51299739999027,0.954480305738945,NaN,NaN,0
广阔,FMT*,47,20263950,1,218.210787471211,0.0802134,0.0101397,0.0800456,0,NaN,NaN,2002,2000,3.98289513543741,0.166672107328935,0.933257037114138,NaN,NaN,0
广阔,BIT*,47,20263950,1,208.7858156973,32.6820389,0.0223929,32.6818875,0,NaN,NaN,1362,2000,0.790397562987237,0.138240093439447,0.975385958579556,NaN,NaN,0
广阔,RRT#,47,20263950,1,210.860721625653,0.0814006,0.0037495,0.0812298,0,NaN,NaN,1741,2000,2.43677558865154,0.582136413943561,0.965787992242889,NaN,NaN,0
广阔,APF-only,47,20263950,1,301.840641895898,0.0019801,0.001887,0.0019801,NaN,NaN,NaN,NaN,72,53.671042473467,0.127432159127466,0.6746830105535,1,8,0
广阔,AB-IRRT*,47,20263950,1,209.089998219203,0.0745505,0.0023666,0.0719557,0,0.0023666,0.0720998,1312,2000,2.5647370582533,0.277308314941702,0.973966974585886,1,8,0
广阔,RRT*,48,20263951,1,222.412305409176,0.0672268,0.0035712,0.067119,0,NaN,NaN,1769,2000,7.21978928908571,0.499094258074434,0.915627184418026,NaN,NaN,0
广阔,Informed-RRT*,48,20263951,1,213.26378655134,0.1002123,0.0049658,0.0999329,0,NaN,NaN,1533,2000,3.07957319042851,0.333160691481345,0.954905454296154,NaN,NaN,0
广阔,PRM*,48,20263951,1,211.31596530459,0.3289798,0.0002171,0.3288629,0,NaN,NaN,2002,2000,1.68562249465372,0.347522801375928,0.963707369143593,NaN,NaN,0
广阔,FMT*,48,20263951,1,221.909931640212,0.0446435,0.0038428,0.0445249,0,NaN,NaN,2002,2000,2.31438610881279,0.0754221077075918,0.917700039274957,NaN,NaN,0
广阔,BIT*,48,20263951,1,208.903974411184,24.4324878,0.0191574,24.4323247,0,NaN,NaN,1390,2000,0.82563288693841,0.231938358987506,0.974834268020622,NaN,NaN,0
广阔,RRT#,48,20263951,1,221.98003149479,0.0831201,0.0041141,0.0829707,0,NaN,NaN,1769,2000,6.8340344041077,0.170569329271382,0.917410235553124,NaN,NaN,0
广阔,APF-only,48,20263951,1,301.840641895898,0.0015099,0.0014262,0.0015099,NaN,NaN,NaN,NaN,72,53.671042473467,0.127432159127466,0.6746830105535,1,8,0
广阔,AB-IRRT*,48,20263951,1,210.713123157214,0.0754132,0.0017709,0.0734173,0,0.0017709,0.0735582,1369,2000,3.91858906972934,0.213379377297185,0.966464498890199,1,8,0
广阔,RRT*,49,20263952,1,222.654372582216,0.0769617,0.0084203,0.0768492,0,NaN,NaN,1741,2000,6.1021756789679,0.0346160755635623,0.91463172548533,NaN,NaN,0
广阔,Informed-RRT*,49,20263952,1,210.682580083545,0.0942589,0.0074647,0.0940803,0,NaN,NaN,1461,2000,4.93585180348523,0.617604296820231,0.966604609175427,NaN,NaN,0
广阔,PRM*,49,20263952,1,210.273134262766,0.345977,9.3e-05,0.3458442,0,NaN,NaN,2002,2000,1.7845519859711,0.388197018606924,0.96848679074351,NaN,NaN,0
广阔,FMT*,49,20263952,1,212.561746778277,0.0782472,0.0036514,0.0780824,0,NaN,NaN,2002,2000,2.17081673756642,0.0664761959171312,0.958059274861669,NaN,NaN,0
广阔,BIT*,49,20263952,1,208.714950141267,16.5177804,0.0140625,16.5176352,0,NaN,NaN,1337,2000,1.07878171655717,0.0801863139588637,0.975717134033231,NaN,NaN,0
广阔,RRT#,49,20263952,1,221.63262373222,0.079689,0.0086595,0.0795015,0,NaN,NaN,1741,2000,5.50922160636632,0.135268628063647,0.918848270405239,NaN,NaN,0
广阔,APF-only,49,20263952,1,301.840641895898,0.0019818,0.001885,0.0019818,NaN,NaN,NaN,NaN,72,53.671042473467,0.127432159127466,0.6746830105535,1,8,0
广阔,AB-IRRT*,49,20263952,1,210.584515348511,0.0750219,0.0027622,0.0720188,0,0.0027622,0.0721667,1328,2000,2.72478661618923,0.922285155460474,0.967054736406883,1,8,0
广阔,RRT*,50,20263953,1,218.479645681542,0.0714903,0.0054078,0.0712074,0,NaN,NaN,1763,2000,5.23365268905039,0.185136338657529,0.932108583142627,NaN,NaN,0
广阔,Informed-RRT*,50,20263953,1,210.734976743572,0.0900397,0.0041915,0.0898869,0,NaN,NaN,1443,2000,2.12872025719395,0.00514023753337334,0.966364274828134,NaN,NaN,0
广阔,PRM*,50,20263953,1,212.809844368927,0.3038794,0.0005939,0.3037425,0,NaN,NaN,2002,2000,2.17878062467683,0.0160987492407632,0.956942351918101,NaN,NaN,0
广阔,FMT*,50,20263953,1,215.158164766753,0.0413792,0.0033979,0.0412604,0,NaN,NaN,2002,2000,1.15039226186422,0.023036537891862,0.94649790865475,NaN,NaN,0
广阔,BIT*,50,20263953,1,209.930312398426,19.7647275,0.0152402,19.7645795,0,NaN,NaN,1403,2000,0.689024327303783,0.120779678853394,0.97006835580383,NaN,NaN,0
广阔,RRT#,50,20263953,1,218.479645681542,0.0767439,0.0042937,0.0765891,0,NaN,NaN,1763,2000,5.23365268905039,0.185136338657529,0.932108583142627,NaN,NaN,0
广阔,APF-only,50,20263953,1,301.840641895898,0.0015411,0.0014677,0.0015411,NaN,NaN,NaN,NaN,72,53.671042473467,0.127432159127466,0.6746830105535,1,8,0
广阔,AB-IRRT*,50,20263953,1,209.473691446342,0.0698784,0.002126,0.0674927,0,0.002126,0.067665,1262,2000,3.54896328224331,0.0404120150518796,0.972182958039343,1,8,0
